input_image,prompt
cat_ids/00_短毛橘猫鱼骨纹.png,"For the target video, at 0.00 seconds into the target video, <Picture 1> (from [Shot 1]) is fully referenced.

integrated_multimodal_description: [Shot 1] Live-action, photorealistic studio pet footage. A static medium full-body shot begins with the seated cat and scene in <Picture 1>. This is one continuous four-second shot. The cat makes one small forward-and-upward hop, lands softly and returns to a comfortable upright seated pose. From 0.00 to 0.30 seconds, it holds the initial seated pose. At 0.30 seconds, one quiet off-screen tongue click draws its gaze slightly above the camera. From 0.30 to 0.85 seconds, the cat leans its chest slightly forward, raises the hindquarters out of the seated position and folds the hind legs into a compact crouch, with both front paws still touching the floor. From 0.85 to 1.10 seconds, the hind legs extend to push against the floor while both front paws lift and reach a short distance forward. From 1.10 to 1.35 seconds, the body travels through one low, compact arc, with all four paws visibly clear of the floor together for a brief moment. The head and chest stay low enough to preserve the available headroom, and the paws remain beneath or just ahead of the body. From 1.35 to 1.65 seconds, the front paws touch down first, followed closely by the hind paws; the elbows and hind legs bend to absorb the landing. The landing is no more than one front-paw length ahead of the starting position. The shadow stays on the floor, visibly separating from the paws during the hop and reconnecting at landing. From 1.65 to 2.50 seconds, the cat lowers its hindquarters, makes a small front-paw placement adjustment beneath the shoulders and raises its chest into an upright, front-facing seated pose near the starting position. By 2.70 seconds, it is comfortably balanced with both front paws on the floor and a relaxed, attentive gaze. This seated posture continues through 3.00 seconds. From 3.00 to 4.00 seconds, the cat maintains the posture reached by 2.70 seconds, with only faint breathing and tiny settling movements. Preserve the individual cat's facial proportions, each anatomical eye's reference color, body proportions, paw anatomy, coat or bare-skin appearance, markings, ear type and existing tail anatomy as the pose changes. Keep the camera position, perspective, focal length, crop, focus, exposure, white balance, reference background, floor and lighting consistent. The entire cat, including the ears, paws and any visible tail, remains inside the original frame with clear margins throughout. Only the cat is visible, and the surrounding floor stays clear.

overall_soundscape: Quiet studio room tone continues throughout. One soft off-screen tongue click at 0.30 seconds is followed by faint paw movement during the crouch, a muted push-off and closely spaced soft paw-pad impacts during the landing between 1.35 and 1.65 seconds. The final paw adjustment finishes by 2.70 seconds, leaving only room tone and faint breathing.

non_diegetic_music: N/A
"
cat_ids/00_短毛橘猫鱼骨纹.png,"For the target video, at 0.00 seconds into the target video, <Picture 1> (from [Shot 1]) is fully referenced.

integrated_multimodal_description: [Shot 1] Live-action, photorealistic studio pet footage. A static medium full-body shot begins with the seated cat and scene in <Picture 1>. This is one continuous four-second shot. The cat stays seated while playing with one feather teaser wand, making two light alternating front-paw taps before settling. From 0.00 to 0.20 seconds, it holds the initial seated pose. From 0.20 to 0.60 seconds, one small feather tuft attached directly to the tip of a slender flexible rod enters smoothly from the viewer's right. The tuft stops just ahead of the cat's lower chest, slightly toward the viewer's right and within easy paw reach. The visible rod extends continuously from the tuft through the right edge to an off-screen holder; the holder and hand remain outside the frame. The cat's eyes track the tuft and its head follows with a small turn. From 0.60 to 1.15 seconds, the tuft makes one short sideways sway. Keeping the hindquarters seated and the anatomical right front paw, on the viewer's left, planted for support, the cat lifts its anatomical left front paw, on the viewer's right, taps the tuft once and returns that paw to the floor. From 1.15 to 1.95 seconds, the rod guides the tuft through a short arc toward the viewer's left, just in front of the chest. The cat transfers support onto the now-planted left front paw, lifts the anatomical right front paw, taps the tuft once and returns that paw to the floor. Each paw contact briefly bends the feathers and deflects the rod tip; the tuft remains attached and visibly distinct from the paw. Only one front paw is raised at a time, and the hindquarters stay on the floor throughout. From 1.95 to 2.15 seconds, the wand pauses while the cat watches with both front paws down. From 2.15 to 2.60 seconds, the wand withdraws smoothly along a short path toward the viewer's right and exits completely through the same edge. The cat follows with its eyes and a small head turn, keeping both front paws on the floor. By 2.70 seconds, it rests in a comfortable upright seated pose, looking slightly toward the departed toy. This attentive posture continues through 3.00 seconds. From 3.00 to 4.00 seconds, the toy stays outside the frame and the cat maintains this posture with only faint breathing and tiny settling movements. Preserve the individual cat's facial proportions, each anatomical eye's reference color, body proportions, paw anatomy, coat or bare-skin appearance, markings, ear type and existing tail anatomy as the pose changes. Keep the reference framing, background, floor and lighting consistent, with a locked camera and grounded shadows following the paw movements. The entire cat remains inside the original frame with clear margins throughout. Only the cat and this single connected wand occupy the scene; the feather tuft moves below the chin, keeping the eyes and face unobstructed.

overall_soundscape: Quiet studio ambience continues beneath a faint feather rustle and two soft paw-to-feather contacts during the alternating taps between 0.60 and 1.95 seconds. Light paw-pad landings accompany each paw's return to the floor. A final soft feather rustle ends as the wand leaves by 2.60 seconds; after 2.70 seconds, only room tone and faint breathing remain.

non_diegetic_music: N/A
"
cat_ids/01_短毛橘猫经典虎斑.png,"For the target video, at 0.00 seconds into the target video, <Picture 1> (from [Shot 1]) is fully referenced.

integrated_multimodal_description: [Shot 1] Live-action, photorealistic studio pet footage. A static medium full-body shot begins with the seated cat and scene in <Picture 1>. This is one continuous four-second shot. The cat makes one small forward-and-upward hop, lands softly and returns to a comfortable upright seated pose. From 0.00 to 0.30 seconds, it holds the initial seated pose. At 0.30 seconds, one quiet off-screen tongue click draws its gaze slightly above the camera. From 0.30 to 0.85 seconds, the cat leans its chest slightly forward, raises the hindquarters out of the seated position and folds the hind legs into a compact crouch, with both front paws still touching the floor. From 0.85 to 1.10 seconds, the hind legs extend to push against the floor while both front paws lift and reach a short distance forward. From 1.10 to 1.35 seconds, the body travels through one low, compact arc, with all four paws visibly clear of the floor together for a brief moment. The head and chest stay low enough to preserve the available headroom, and the paws remain beneath or just ahead of the body. From 1.35 to 1.65 seconds, the front paws touch down first, followed closely by the hind paws; the elbows and hind legs bend to absorb the landing. The landing is no more than one front-paw length ahead of the starting position. The shadow stays on the floor, visibly separating from the paws during the hop and reconnecting at landing. From 1.65 to 2.50 seconds, the cat lowers its hindquarters, makes a small front-paw placement adjustment beneath the shoulders and raises its chest into an upright, front-facing seated pose near the starting position. By 2.70 seconds, it is comfortably balanced with both front paws on the floor and a relaxed, attentive gaze. This seated posture continues through 3.00 seconds. From 3.00 to 4.00 seconds, the cat maintains the posture reached by 2.70 seconds, with only faint breathing and tiny settling movements. Preserve the individual cat's facial proportions, each anatomical eye's reference color, body proportions, paw anatomy, coat or bare-skin appearance, markings, ear type and existing tail anatomy as the pose changes. Keep the camera position, perspective, focal length, crop, focus, exposure, white balance, reference background, floor and lighting consistent. The entire cat, including the ears, paws and any visible tail, remains inside the original frame with clear margins throughout. Only the cat is visible, and the surrounding floor stays clear.

overall_soundscape: Quiet studio room tone continues throughout. One soft off-screen tongue click at 0.30 seconds is followed by faint paw movement during the crouch, a muted push-off and closely spaced soft paw-pad impacts during the landing between 1.35 and 1.65 seconds. The final paw adjustment finishes by 2.70 seconds, leaving only room tone and faint breathing.

non_diegetic_music: N/A
"
cat_ids/01_短毛橘猫经典虎斑.png,"For the target video, at 0.00 seconds into the target video, <Picture 1> (from [Shot 1]) is fully referenced.

integrated_multimodal_description: [Shot 1] Live-action, photorealistic studio pet footage. A static medium full-body shot begins with the seated cat and scene in <Picture 1>. This is one continuous four-second shot. The cat stays seated while playing with one feather teaser wand, making two light alternating front-paw taps before settling. From 0.00 to 0.20 seconds, it holds the initial seated pose. From 0.20 to 0.60 seconds, one small feather tuft attached directly to the tip of a slender flexible rod enters smoothly from the viewer's right. The tuft stops just ahead of the cat's lower chest, slightly toward the viewer's right and within easy paw reach. The visible rod extends continuously from the tuft through the right edge to an off-screen holder; the holder and hand remain outside the frame. The cat's eyes track the tuft and its head follows with a small turn. From 0.60 to 1.15 seconds, the tuft makes one short sideways sway. Keeping the hindquarters seated and the anatomical right front paw, on the viewer's left, planted for support, the cat lifts its anatomical left front paw, on the viewer's right, taps the tuft once and returns that paw to the floor. From 1.15 to 1.95 seconds, the rod guides the tuft through a short arc toward the viewer's left, just in front of the chest. The cat transfers support onto the now-planted left front paw, lifts the anatomical right front paw, taps the tuft once and returns that paw to the floor. Each paw contact briefly bends the feathers and deflects the rod tip; the tuft remains attached and visibly distinct from the paw. Only one front paw is raised at a time, and the hindquarters stay on the floor throughout. From 1.95 to 2.15 seconds, the wand pauses while the cat watches with both front paws down. From 2.15 to 2.60 seconds, the wand withdraws smoothly along a short path toward the viewer's right and exits completely through the same edge. The cat follows with its eyes and a small head turn, keeping both front paws on the floor. By 2.70 seconds, it rests in a comfortable upright seated pose, looking slightly toward the departed toy. This attentive posture continues through 3.00 seconds. From 3.00 to 4.00 seconds, the toy stays outside the frame and the cat maintains this posture with only faint breathing and tiny settling movements. Preserve the individual cat's facial proportions, each anatomical eye's reference color, body proportions, paw anatomy, coat or bare-skin appearance, markings, ear type and existing tail anatomy as the pose changes. Keep the reference framing, background, floor and lighting consistent, with a locked camera and grounded shadows following the paw movements. The entire cat remains inside the original frame with clear margins throughout. Only the cat and this single connected wand occupy the scene; the feather tuft moves below the chin, keeping the eyes and face unobstructed.

overall_soundscape: Quiet studio ambience continues beneath a faint feather rustle and two soft paw-to-feather contacts during the alternating taps between 0.60 and 1.95 seconds. Light paw-pad landings accompany each paw's return to the floor. A final soft feather rustle ends as the wand leaves by 2.60 seconds; after 2.70 seconds, only room tone and faint breathing remain.

non_diegetic_music: N/A
"
cat_ids/02_长毛橘猫.png,"For the target video, at 0.00 seconds into the target video, <Picture 1> (from [Shot 1]) is fully referenced.

integrated_multimodal_description: [Shot 1] Live-action, photorealistic studio pet footage. A static medium full-body shot begins with the seated cat and scene in <Picture 1>. This is one continuous four-second shot. The cat makes one small forward-and-upward hop, lands softly and returns to a comfortable upright seated pose. From 0.00 to 0.30 seconds, it holds the initial seated pose. At 0.30 seconds, one quiet off-screen tongue click draws its gaze slightly above the camera. From 0.30 to 0.85 seconds, the cat leans its chest slightly forward, raises the hindquarters out of the seated position and folds the hind legs into a compact crouch, with both front paws still touching the floor. From 0.85 to 1.10 seconds, the hind legs extend to push against the floor while both front paws lift and reach a short distance forward. From 1.10 to 1.35 seconds, the body travels through one low, compact arc, with all four paws visibly clear of the floor together for a brief moment. The head and chest stay low enough to preserve the available headroom, and the paws remain beneath or just ahead of the body. From 1.35 to 1.65 seconds, the front paws touch down first, followed closely by the hind paws; the elbows and hind legs bend to absorb the landing. The landing is no more than one front-paw length ahead of the starting position. The shadow stays on the floor, visibly separating from the paws during the hop and reconnecting at landing. From 1.65 to 2.50 seconds, the cat lowers its hindquarters, makes a small front-paw placement adjustment beneath the shoulders and raises its chest into an upright, front-facing seated pose near the starting position. By 2.70 seconds, it is comfortably balanced with both front paws on the floor and a relaxed, attentive gaze. This seated posture continues through 3.00 seconds. From 3.00 to 4.00 seconds, the cat maintains the posture reached by 2.70 seconds, with only faint breathing and tiny settling movements. Preserve the individual cat's facial proportions, each anatomical eye's reference color, body proportions, paw anatomy, coat or bare-skin appearance, markings, ear type and existing tail anatomy as the pose changes. Keep the camera position, perspective, focal length, crop, focus, exposure, white balance, reference background, floor and lighting consistent. The entire cat, including the ears, paws and any visible tail, remains inside the original frame with clear margins throughout. Only the cat is visible, and the surrounding floor stays clear.

overall_soundscape: Quiet studio room tone continues throughout. One soft off-screen tongue click at 0.30 seconds is followed by faint paw movement during the crouch, a muted push-off and closely spaced soft paw-pad impacts during the landing between 1.35 and 1.65 seconds. The final paw adjustment finishes by 2.70 seconds, leaving only room tone and faint breathing.

non_diegetic_music: N/A
"
cat_ids/02_长毛橘猫.png,"For the target video, at 0.00 seconds into the target video, <Picture 1> (from [Shot 1]) is fully referenced.

integrated_multimodal_description: [Shot 1] Live-action, photorealistic studio pet footage. A static medium full-body shot begins with the seated cat and scene in <Picture 1>. This is one continuous four-second shot. The cat stays seated while playing with one feather teaser wand, making two light alternating front-paw taps before settling. From 0.00 to 0.20 seconds, it holds the initial seated pose. From 0.20 to 0.60 seconds, one small feather tuft attached directly to the tip of a slender flexible rod enters smoothly from the viewer's right. The tuft stops just ahead of the cat's lower chest, slightly toward the viewer's right and within easy paw reach. The visible rod extends continuously from the tuft through the right edge to an off-screen holder; the holder and hand remain outside the frame. The cat's eyes track the tuft and its head follows with a small turn. From 0.60 to 1.15 seconds, the tuft makes one short sideways sway. Keeping the hindquarters seated and the anatomical right front paw, on the viewer's left, planted for support, the cat lifts its anatomical left front paw, on the viewer's right, taps the tuft once and returns that paw to the floor. From 1.15 to 1.95 seconds, the rod guides the tuft through a short arc toward the viewer's left, just in front of the chest. The cat transfers support onto the now-planted left front paw, lifts the anatomical right front paw, taps the tuft once and returns that paw to the floor. Each paw contact briefly bends the feathers and deflects the rod tip; the tuft remains attached and visibly distinct from the paw. Only one front paw is raised at a time, and the hindquarters stay on the floor throughout. From 1.95 to 2.15 seconds, the wand pauses while the cat watches with both front paws down. From 2.15 to 2.60 seconds, the wand withdraws smoothly along a short path toward the viewer's right and exits completely through the same edge. The cat follows with its eyes and a small head turn, keeping both front paws on the floor. By 2.70 seconds, it rests in a comfortable upright seated pose, looking slightly toward the departed toy. This attentive posture continues through 3.00 seconds. From 3.00 to 4.00 seconds, the toy stays outside the frame and the cat maintains this posture with only faint breathing and tiny settling movements. Preserve the individual cat's facial proportions, each anatomical eye's reference color, body proportions, paw anatomy, coat or bare-skin appearance, markings, ear type and existing tail anatomy as the pose changes. Keep the reference framing, background, floor and lighting consistent, with a locked camera and grounded shadows following the paw movements. The entire cat remains inside the original frame with clear margins throughout. Only the cat and this single connected wand occupy the scene; the feather tuft moves below the chin, keeping the eyes and face unobstructed.

overall_soundscape: Quiet studio ambience continues beneath a faint feather rustle and two soft paw-to-feather contacts during the alternating taps between 0.60 and 1.95 seconds. Light paw-pad landings accompany each paw's return to the floor. A final soft feather rustle ends as the wand leaves by 2.60 seconds; after 2.70 seconds, only room tone and faint breathing remain.

non_diegetic_music: N/A
"
cat_ids/03_短毛奶油虎斑猫.png,"For the target video, at 0.00 seconds into the target video, <Picture 1> (from [Shot 1]) is fully referenced.

integrated_multimodal_description: [Shot 1] Live-action, photorealistic studio pet footage. A static medium full-body shot begins with the seated cat and scene in <Picture 1>. This is one continuous four-second shot. The cat makes one small forward-and-upward hop, lands softly and returns to a comfortable upright seated pose. From 0.00 to 0.30 seconds, it holds the initial seated pose. At 0.30 seconds, one quiet off-screen tongue click draws its gaze slightly above the camera. From 0.30 to 0.85 seconds, the cat leans its chest slightly forward, raises the hindquarters out of the seated position and folds the hind legs into a compact crouch, with both front paws still touching the floor. From 0.85 to 1.10 seconds, the hind legs extend to push against the floor while both front paws lift and reach a short distance forward. From 1.10 to 1.35 seconds, the body travels through one low, compact arc, with all four paws visibly clear of the floor together for a brief moment. The head and chest stay low enough to preserve the available headroom, and the paws remain beneath or just ahead of the body. From 1.35 to 1.65 seconds, the front paws touch down first, followed closely by the hind paws; the elbows and hind legs bend to absorb the landing. The landing is no more than one front-paw length ahead of the starting position. The shadow stays on the floor, visibly separating from the paws during the hop and reconnecting at landing. From 1.65 to 2.50 seconds, the cat lowers its hindquarters, makes a small front-paw placement adjustment beneath the shoulders and raises its chest into an upright, front-facing seated pose near the starting position. By 2.70 seconds, it is comfortably balanced with both front paws on the floor and a relaxed, attentive gaze. This seated posture continues through 3.00 seconds. From 3.00 to 4.00 seconds, the cat maintains the posture reached by 2.70 seconds, with only faint breathing and tiny settling movements. Preserve the individual cat's facial proportions, each anatomical eye's reference color, body proportions, paw anatomy, coat or bare-skin appearance, markings, ear type and existing tail anatomy as the pose changes. Keep the camera position, perspective, focal length, crop, focus, exposure, white balance, reference background, floor and lighting consistent. The entire cat, including the ears, paws and any visible tail, remains inside the original frame with clear margins throughout. Only the cat is visible, and the surrounding floor stays clear.

overall_soundscape: Quiet studio room tone continues throughout. One soft off-screen tongue click at 0.30 seconds is followed by faint paw movement during the crouch, a muted push-off and closely spaced soft paw-pad impacts during the landing between 1.35 and 1.65 seconds. The final paw adjustment finishes by 2.70 seconds, leaving only room tone and faint breathing.

non_diegetic_music: N/A
"
cat_ids/03_短毛奶油虎斑猫.png,"For the target video, at 0.00 seconds into the target video, <Picture 1> (from [Shot 1]) is fully referenced.

integrated_multimodal_description: [Shot 1] Live-action, photorealistic studio pet footage. A static medium full-body shot begins with the seated cat and scene in <Picture 1>. This is one continuous four-second shot. The cat stays seated while playing with one feather teaser wand, making two light alternating front-paw taps before settling. From 0.00 to 0.20 seconds, it holds the initial seated pose. From 0.20 to 0.60 seconds, one small feather tuft attached directly to the tip of a slender flexible rod enters smoothly from the viewer's right. The tuft stops just ahead of the cat's lower chest, slightly toward the viewer's right and within easy paw reach. The visible rod extends continuously from the tuft through the right edge to an off-screen holder; the holder and hand remain outside the frame. The cat's eyes track the tuft and its head follows with a small turn. From 0.60 to 1.15 seconds, the tuft makes one short sideways sway. Keeping the hindquarters seated and the anatomical right front paw, on the viewer's left, planted for support, the cat lifts its anatomical left front paw, on the viewer's right, taps the tuft once and returns that paw to the floor. From 1.15 to 1.95 seconds, the rod guides the tuft through a short arc toward the viewer's left, just in front of the chest. The cat transfers support onto the now-planted left front paw, lifts the anatomical right front paw, taps the tuft once and returns that paw to the floor. Each paw contact briefly bends the feathers and deflects the rod tip; the tuft remains attached and visibly distinct from the paw. Only one front paw is raised at a time, and the hindquarters stay on the floor throughout. From 1.95 to 2.15 seconds, the wand pauses while the cat watches with both front paws down. From 2.15 to 2.60 seconds, the wand withdraws smoothly along a short path toward the viewer's right and exits completely through the same edge. The cat follows with its eyes and a small head turn, keeping both front paws on the floor. By 2.70 seconds, it rests in a comfortable upright seated pose, looking slightly toward the departed toy. This attentive posture continues through 3.00 seconds. From 3.00 to 4.00 seconds, the toy stays outside the frame and the cat maintains this posture with only faint breathing and tiny settling movements. Preserve the individual cat's facial proportions, each anatomical eye's reference color, body proportions, paw anatomy, coat or bare-skin appearance, markings, ear type and existing tail anatomy as the pose changes. Keep the reference framing, background, floor and lighting consistent, with a locked camera and grounded shadows following the paw movements. The entire cat remains inside the original frame with clear margins throughout. Only the cat and this single connected wand occupy the scene; the feather tuft moves below the chin, keeping the eyes and face unobstructed.

overall_soundscape: Quiet studio ambience continues beneath a faint feather rustle and two soft paw-to-feather contacts during the alternating taps between 0.60 and 1.95 seconds. Light paw-pad landings accompany each paw's return to the floor. A final soft feather rustle ends as the wand leaves by 2.60 seconds; after 2.70 seconds, only room tone and faint breathing remain.

non_diegetic_music: N/A
"
cat_ids/04_长毛奶油加白猫.png,"For the target video, at 0.00 seconds into the target video, <Picture 1> (from [Shot 1]) is fully referenced.

integrated_multimodal_description: [Shot 1] Live-action, photorealistic studio pet footage. A static medium full-body shot begins with the seated cat and scene in <Picture 1>. This is one continuous four-second shot. The cat makes one small forward-and-upward hop, lands softly and returns to a comfortable upright seated pose. From 0.00 to 0.30 seconds, it holds the initial seated pose. At 0.30 seconds, one quiet off-screen tongue click draws its gaze slightly above the camera. From 0.30 to 0.85 seconds, the cat leans its chest slightly forward, raises the hindquarters out of the seated position and folds the hind legs into a compact crouch, with both front paws still touching the floor. From 0.85 to 1.10 seconds, the hind legs extend to push against the floor while both front paws lift and reach a short distance forward. From 1.10 to 1.35 seconds, the body travels through one low, compact arc, with all four paws visibly clear of the floor together for a brief moment. The head and chest stay low enough to preserve the available headroom, and the paws remain beneath or just ahead of the body. From 1.35 to 1.65 seconds, the front paws touch down first, followed closely by the hind paws; the elbows and hind legs bend to absorb the landing. The landing is no more than one front-paw length ahead of the starting position. The shadow stays on the floor, visibly separating from the paws during the hop and reconnecting at landing. From 1.65 to 2.50 seconds, the cat lowers its hindquarters, makes a small front-paw placement adjustment beneath the shoulders and raises its chest into an upright, front-facing seated pose near the starting position. By 2.70 seconds, it is comfortably balanced with both front paws on the floor and a relaxed, attentive gaze. This seated posture continues through 3.00 seconds. From 3.00 to 4.00 seconds, the cat maintains the posture reached by 2.70 seconds, with only faint breathing and tiny settling movements. Preserve the individual cat's facial proportions, each anatomical eye's reference color, body proportions, paw anatomy, coat or bare-skin appearance, markings, ear type and existing tail anatomy as the pose changes. Keep the camera position, perspective, focal length, crop, focus, exposure, white balance, reference background, floor and lighting consistent. The entire cat, including the ears, paws and any visible tail, remains inside the original frame with clear margins throughout. Only the cat is visible, and the surrounding floor stays clear.

overall_soundscape: Quiet studio room tone continues throughout. One soft off-screen tongue click at 0.30 seconds is followed by faint paw movement during the crouch, a muted push-off and closely spaced soft paw-pad impacts during the landing between 1.35 and 1.65 seconds. The final paw adjustment finishes by 2.70 seconds, leaving only room tone and faint breathing.

non_diegetic_music: N/A
"
cat_ids/04_长毛奶油加白猫.png,"For the target video, at 0.00 seconds into the target video, <Picture 1> (from [Shot 1]) is fully referenced.

integrated_multimodal_description: [Shot 1] Live-action, photorealistic studio pet footage. A static medium full-body shot begins with the seated cat and scene in <Picture 1>. This is one continuous four-second shot. The cat stays seated while playing with one feather teaser wand, making two light alternating front-paw taps before settling. From 0.00 to 0.20 seconds, it holds the initial seated pose. From 0.20 to 0.60 seconds, one small feather tuft attached directly to the tip of a slender flexible rod enters smoothly from the viewer's right. The tuft stops just ahead of the cat's lower chest, slightly toward the viewer's right and within easy paw reach. The visible rod extends continuously from the tuft through the right edge to an off-screen holder; the holder and hand remain outside the frame. The cat's eyes track the tuft and its head follows with a small turn. From 0.60 to 1.15 seconds, the tuft makes one short sideways sway. Keeping the hindquarters seated and the anatomical right front paw, on the viewer's left, planted for support, the cat lifts its anatomical left front paw, on the viewer's right, taps the tuft once and returns that paw to the floor. From 1.15 to 1.95 seconds, the rod guides the tuft through a short arc toward the viewer's left, just in front of the chest. The cat transfers support onto the now-planted left front paw, lifts the anatomical right front paw, taps the tuft once and returns that paw to the floor. Each paw contact briefly bends the feathers and deflects the rod tip; the tuft remains attached and visibly distinct from the paw. Only one front paw is raised at a time, and the hindquarters stay on the floor throughout. From 1.95 to 2.15 seconds, the wand pauses while the cat watches with both front paws down. From 2.15 to 2.60 seconds, the wand withdraws smoothly along a short path toward the viewer's right and exits completely through the same edge. The cat follows with its eyes and a small head turn, keeping both front paws on the floor. By 2.70 seconds, it rests in a comfortable upright seated pose, looking slightly toward the departed toy. This attentive posture continues through 3.00 seconds. From 3.00 to 4.00 seconds, the toy stays outside the frame and the cat maintains this posture with only faint breathing and tiny settling movements. Preserve the individual cat's facial proportions, each anatomical eye's reference color, body proportions, paw anatomy, coat or bare-skin appearance, markings, ear type and existing tail anatomy as the pose changes. Keep the reference framing, background, floor and lighting consistent, with a locked camera and grounded shadows following the paw movements. The entire cat remains inside the original frame with clear margins throughout. Only the cat and this single connected wand occupy the scene; the feather tuft moves below the chin, keeping the eyes and face unobstructed.

overall_soundscape: Quiet studio ambience continues beneath a faint feather rustle and two soft paw-to-feather contacts during the alternating taps between 0.60 and 1.95 seconds. Light paw-pad landings accompany each paw's return to the floor. A final soft feather rustle ends as the wand leaves by 2.60 seconds; after 2.70 seconds, only room tone and faint breathing remain.

non_diegetic_music: N/A
"
cat_ids/05_短毛橘白梵花猫.png,"For the target video, at 0.00 seconds into the target video, <Picture 1> (from [Shot 1]) is fully referenced.

integrated_multimodal_description: [Shot 1] Live-action, photorealistic studio pet footage. A static medium full-body shot begins with the seated cat and scene in <Picture 1>. This is one continuous four-second shot. The cat makes one small forward-and-upward hop, lands softly and returns to a comfortable upright seated pose. From 0.00 to 0.30 seconds, it holds the initial seated pose. At 0.30 seconds, one quiet off-screen tongue click draws its gaze slightly above the camera. From 0.30 to 0.85 seconds, the cat leans its chest slightly forward, raises the hindquarters out of the seated position and folds the hind legs into a compact crouch, with both front paws still touching the floor. From 0.85 to 1.10 seconds, the hind legs extend to push against the floor while both front paws lift and reach a short distance forward. From 1.10 to 1.35 seconds, the body travels through one low, compact arc, with all four paws visibly clear of the floor together for a brief moment. The head and chest stay low enough to preserve the available headroom, and the paws remain beneath or just ahead of the body. From 1.35 to 1.65 seconds, the front paws touch down first, followed closely by the hind paws; the elbows and hind legs bend to absorb the landing. The landing is no more than one front-paw length ahead of the starting position. The shadow stays on the floor, visibly separating from the paws during the hop and reconnecting at landing. From 1.65 to 2.50 seconds, the cat lowers its hindquarters, makes a small front-paw placement adjustment beneath the shoulders and raises its chest into an upright, front-facing seated pose near the starting position. By 2.70 seconds, it is comfortably balanced with both front paws on the floor and a relaxed, attentive gaze. This seated posture continues through 3.00 seconds. From 3.00 to 4.00 seconds, the cat maintains the posture reached by 2.70 seconds, with only faint breathing and tiny settling movements. Preserve the individual cat's facial proportions, each anatomical eye's reference color, body proportions, paw anatomy, coat or bare-skin appearance, markings, ear type and existing tail anatomy as the pose changes. Keep the camera position, perspective, focal length, crop, focus, exposure, white balance, reference background, floor and lighting consistent. The entire cat, including the ears, paws and any visible tail, remains inside the original frame with clear margins throughout. Only the cat is visible, and the surrounding floor stays clear.

overall_soundscape: Quiet studio room tone continues throughout. One soft off-screen tongue click at 0.30 seconds is followed by faint paw movement during the crouch, a muted push-off and closely spaced soft paw-pad impacts during the landing between 1.35 and 1.65 seconds. The final paw adjustment finishes by 2.70 seconds, leaving only room tone and faint breathing.

non_diegetic_music: N/A
"
cat_ids/05_短毛橘白梵花猫.png,"For the target video, at 0.00 seconds into the target video, <Picture 1> (from [Shot 1]) is fully referenced.

integrated_multimodal_description: [Shot 1] Live-action, photorealistic studio pet footage. A static medium full-body shot begins with the seated cat and scene in <Picture 1>. This is one continuous four-second shot. The cat stays seated while playing with one feather teaser wand, making two light alternating front-paw taps before settling. From 0.00 to 0.20 seconds, it holds the initial seated pose. From 0.20 to 0.60 seconds, one small feather tuft attached directly to the tip of a slender flexible rod enters smoothly from the viewer's right. The tuft stops just ahead of the cat's lower chest, slightly toward the viewer's right and within easy paw reach. The visible rod extends continuously from the tuft through the right edge to an off-screen holder; the holder and hand remain outside the frame. The cat's eyes track the tuft and its head follows with a small turn. From 0.60 to 1.15 seconds, the tuft makes one short sideways sway. Keeping the hindquarters seated and the anatomical right front paw, on the viewer's left, planted for support, the cat lifts its anatomical left front paw, on the viewer's right, taps the tuft once and returns that paw to the floor. From 1.15 to 1.95 seconds, the rod guides the tuft through a short arc toward the viewer's left, just in front of the chest. The cat transfers support onto the now-planted left front paw, lifts the anatomical right front paw, taps the tuft once and returns that paw to the floor. Each paw contact briefly bends the feathers and deflects the rod tip; the tuft remains attached and visibly distinct from the paw. Only one front paw is raised at a time, and the hindquarters stay on the floor throughout. From 1.95 to 2.15 seconds, the wand pauses while the cat watches with both front paws down. From 2.15 to 2.60 seconds, the wand withdraws smoothly along a short path toward the viewer's right and exits completely through the same edge. The cat follows with its eyes and a small head turn, keeping both front paws on the floor. By 2.70 seconds, it rests in a comfortable upright seated pose, looking slightly toward the departed toy. This attentive posture continues through 3.00 seconds. From 3.00 to 4.00 seconds, the toy stays outside the frame and the cat maintains this posture with only faint breathing and tiny settling movements. Preserve the individual cat's facial proportions, each anatomical eye's reference color, body proportions, paw anatomy, coat or bare-skin appearance, markings, ear type and existing tail anatomy as the pose changes. Keep the reference framing, background, floor and lighting consistent, with a locked camera and grounded shadows following the paw movements. The entire cat remains inside the original frame with clear margins throughout. Only the cat and this single connected wand occupy the scene; the feather tuft moves below the chin, keeping the eyes and face unobstructed.

overall_soundscape: Quiet studio ambience continues beneath a faint feather rustle and two soft paw-to-feather contacts during the alternating taps between 0.60 and 1.95 seconds. Light paw-pad landings accompany each paw's return to the floor. A final soft feather rustle ends as the wand leaves by 2.60 seconds; after 2.70 seconds, only room tone and faint breathing remain.

non_diegetic_music: N/A
"
cat_ids/06_短毛黑猫.png,"For the target video, at 0.00 seconds into the target video, <Picture 1> (from [Shot 1]) is fully referenced.

integrated_multimodal_description: [Shot 1] Live-action, photorealistic studio pet footage. A static medium full-body shot begins with the seated cat and scene in <Picture 1>. This is one continuous four-second shot. The cat makes one small forward-and-upward hop, lands softly and returns to a comfortable upright seated pose. From 0.00 to 0.30 seconds, it holds the initial seated pose. At 0.30 seconds, one quiet off-screen tongue click draws its gaze slightly above the camera. From 0.30 to 0.85 seconds, the cat leans its chest slightly forward, raises the hindquarters out of the seated position and folds the hind legs into a compact crouch, with both front paws still touching the floor. From 0.85 to 1.10 seconds, the hind legs extend to push against the floor while both front paws lift and reach a short distance forward. From 1.10 to 1.35 seconds, the body travels through one low, compact arc, with all four paws visibly clear of the floor together for a brief moment. The head and chest stay low enough to preserve the available headroom, and the paws remain beneath or just ahead of the body. From 1.35 to 1.65 seconds, the front paws touch down first, followed closely by the hind paws; the elbows and hind legs bend to absorb the landing. The landing is no more than one front-paw length ahead of the starting position. The shadow stays on the floor, visibly separating from the paws during the hop and reconnecting at landing. From 1.65 to 2.50 seconds, the cat lowers its hindquarters, makes a small front-paw placement adjustment beneath the shoulders and raises its chest into an upright, front-facing seated pose near the starting position. By 2.70 seconds, it is comfortably balanced with both front paws on the floor and a relaxed, attentive gaze. This seated posture continues through 3.00 seconds. From 3.00 to 4.00 seconds, the cat maintains the posture reached by 2.70 seconds, with only faint breathing and tiny settling movements. Preserve the individual cat's facial proportions, each anatomical eye's reference color, body proportions, paw anatomy, coat or bare-skin appearance, markings, ear type and existing tail anatomy as the pose changes. Keep the camera position, perspective, focal length, crop, focus, exposure, white balance, reference background, floor and lighting consistent. The entire cat, including the ears, paws and any visible tail, remains inside the original frame with clear margins throughout. Only the cat is visible, and the surrounding floor stays clear.

overall_soundscape: Quiet studio room tone continues throughout. One soft off-screen tongue click at 0.30 seconds is followed by faint paw movement during the crouch, a muted push-off and closely spaced soft paw-pad impacts during the landing between 1.35 and 1.65 seconds. The final paw adjustment finishes by 2.70 seconds, leaving only room tone and faint breathing.

non_diegetic_music: N/A
"
cat_ids/06_短毛黑猫.png,"For the target video, at 0.00 seconds into the target video, <Picture 1> (from [Shot 1]) is fully referenced.

integrated_multimodal_description: [Shot 1] Live-action, photorealistic studio pet footage. A static medium full-body shot begins with the seated cat and scene in <Picture 1>. This is one continuous four-second shot. The cat stays seated while playing with one feather teaser wand, making two light alternating front-paw taps before settling. From 0.00 to 0.20 seconds, it holds the initial seated pose. From 0.20 to 0.60 seconds, one small feather tuft attached directly to the tip of a slender flexible rod enters smoothly from the viewer's right. The tuft stops just ahead of the cat's lower chest, slightly toward the viewer's right and within easy paw reach. The visible rod extends continuously from the tuft through the right edge to an off-screen holder; the holder and hand remain outside the frame. The cat's eyes track the tuft and its head follows with a small turn. From 0.60 to 1.15 seconds, the tuft makes one short sideways sway. Keeping the hindquarters seated and the anatomical right front paw, on the viewer's left, planted for support, the cat lifts its anatomical left front paw, on the viewer's right, taps the tuft once and returns that paw to the floor. From 1.15 to 1.95 seconds, the rod guides the tuft through a short arc toward the viewer's left, just in front of the chest. The cat transfers support onto the now-planted left front paw, lifts the anatomical right front paw, taps the tuft once and returns that paw to the floor. Each paw contact briefly bends the feathers and deflects the rod tip; the tuft remains attached and visibly distinct from the paw. Only one front paw is raised at a time, and the hindquarters stay on the floor throughout. From 1.95 to 2.15 seconds, the wand pauses while the cat watches with both front paws down. From 2.15 to 2.60 seconds, the wand withdraws smoothly along a short path toward the viewer's right and exits completely through the same edge. The cat follows with its eyes and a small head turn, keeping both front paws on the floor. By 2.70 seconds, it rests in a comfortable upright seated pose, looking slightly toward the departed toy. This attentive posture continues through 3.00 seconds. From 3.00 to 4.00 seconds, the toy stays outside the frame and the cat maintains this posture with only faint breathing and tiny settling movements. Preserve the individual cat's facial proportions, each anatomical eye's reference color, body proportions, paw anatomy, coat or bare-skin appearance, markings, ear type and existing tail anatomy as the pose changes. Keep the reference framing, background, floor and lighting consistent, with a locked camera and grounded shadows following the paw movements. The entire cat remains inside the original frame with clear margins throughout. Only the cat and this single connected wand occupy the scene; the feather tuft moves below the chin, keeping the eyes and face unobstructed.

overall_soundscape: Quiet studio ambience continues beneath a faint feather rustle and two soft paw-to-feather contacts during the alternating taps between 0.60 and 1.95 seconds. Light paw-pad landings accompany each paw's return to the floor. A final soft feather rustle ends as the wand leaves by 2.60 seconds; after 2.70 seconds, only room tone and faint breathing remain.

non_diegetic_music: N/A
"
cat_ids/07_长毛异瞳白猫.png,"For the target video, at 0.00 seconds into the target video, <Picture 1> (from [Shot 1]) is fully referenced.

integrated_multimodal_description: [Shot 1] Live-action, photorealistic studio pet footage. A static medium full-body shot begins with the seated cat and scene in <Picture 1>. This is one continuous four-second shot. The cat makes one small forward-and-upward hop, lands softly and returns to a comfortable upright seated pose. From 0.00 to 0.30 seconds, it holds the initial seated pose. At 0.30 seconds, one quiet off-screen tongue click draws its gaze slightly above the camera. From 0.30 to 0.85 seconds, the cat leans its chest slightly forward, raises the hindquarters out of the seated position and folds the hind legs into a compact crouch, with both front paws still touching the floor. From 0.85 to 1.10 seconds, the hind legs extend to push against the floor while both front paws lift and reach a short distance forward. From 1.10 to 1.35 seconds, the body travels through one low, compact arc, with all four paws visibly clear of the floor together for a brief moment. The head and chest stay low enough to preserve the available headroom, and the paws remain beneath or just ahead of the body. From 1.35 to 1.65 seconds, the front paws touch down first, followed closely by the hind paws; the elbows and hind legs bend to absorb the landing. The landing is no more than one front-paw length ahead of the starting position. The shadow stays on the floor, visibly separating from the paws during the hop and reconnecting at landing. From 1.65 to 2.50 seconds, the cat lowers its hindquarters, makes a small front-paw placement adjustment beneath the shoulders and raises its chest into an upright, front-facing seated pose near the starting position. By 2.70 seconds, it is comfortably balanced with both front paws on the floor and a relaxed, attentive gaze. This seated posture continues through 3.00 seconds. From 3.00 to 4.00 seconds, the cat maintains the posture reached by 2.70 seconds, with only faint breathing and tiny settling movements. Preserve the individual cat's facial proportions, each anatomical eye's reference color, body proportions, paw anatomy, coat or bare-skin appearance, markings, ear type and existing tail anatomy as the pose changes. Keep the camera position, perspective, focal length, crop, focus, exposure, white balance, reference background, floor and lighting consistent. The entire cat, including the ears, paws and any visible tail, remains inside the original frame with clear margins throughout. Only the cat is visible, and the surrounding floor stays clear.

overall_soundscape: Quiet studio room tone continues throughout. One soft off-screen tongue click at 0.30 seconds is followed by faint paw movement during the crouch, a muted push-off and closely spaced soft paw-pad impacts during the landing between 1.35 and 1.65 seconds. The final paw adjustment finishes by 2.70 seconds, leaving only room tone and faint breathing.

non_diegetic_music: N/A
"
cat_ids/07_长毛异瞳白猫.png,"For the target video, at 0.00 seconds into the target video, <Picture 1> (from [Shot 1]) is fully referenced.

integrated_multimodal_description: [Shot 1] Live-action, photorealistic studio pet footage. A static medium full-body shot begins with the seated cat and scene in <Picture 1>. This is one continuous four-second shot. The cat stays seated while playing with one feather teaser wand, making two light alternating front-paw taps before settling. From 0.00 to 0.20 seconds, it holds the initial seated pose. From 0.20 to 0.60 seconds, one small feather tuft attached directly to the tip of a slender flexible rod enters smoothly from the viewer's right. The tuft stops just ahead of the cat's lower chest, slightly toward the viewer's right and within easy paw reach. The visible rod extends continuously from the tuft through the right edge to an off-screen holder; the holder and hand remain outside the frame. The cat's eyes track the tuft and its head follows with a small turn. From 0.60 to 1.15 seconds, the tuft makes one short sideways sway. Keeping the hindquarters seated and the anatomical right front paw, on the viewer's left, planted for support, the cat lifts its anatomical left front paw, on the viewer's right, taps the tuft once and returns that paw to the floor. From 1.15 to 1.95 seconds, the rod guides the tuft through a short arc toward the viewer's left, just in front of the chest. The cat transfers support onto the now-planted left front paw, lifts the anatomical right front paw, taps the tuft once and returns that paw to the floor. Each paw contact briefly bends the feathers and deflects the rod tip; the tuft remains attached and visibly distinct from the paw. Only one front paw is raised at a time, and the hindquarters stay on the floor throughout. From 1.95 to 2.15 seconds, the wand pauses while the cat watches with both front paws down. From 2.15 to 2.60 seconds, the wand withdraws smoothly along a short path toward the viewer's right and exits completely through the same edge. The cat follows with its eyes and a small head turn, keeping both front paws on the floor. By 2.70 seconds, it rests in a comfortable upright seated pose, looking slightly toward the departed toy. This attentive posture continues through 3.00 seconds. From 3.00 to 4.00 seconds, the toy stays outside the frame and the cat maintains this posture with only faint breathing and tiny settling movements. Preserve the individual cat's facial proportions, each anatomical eye's reference color, body proportions, paw anatomy, coat or bare-skin appearance, markings, ear type and existing tail anatomy as the pose changes. Keep the reference framing, background, floor and lighting consistent, with a locked camera and grounded shadows following the paw movements. The entire cat remains inside the original frame with clear margins throughout. Only the cat and this single connected wand occupy the scene; the feather tuft moves below the chin, keeping the eyes and face unobstructed.

overall_soundscape: Quiet studio ambience continues beneath a faint feather rustle and two soft paw-to-feather contacts during the alternating taps between 0.60 and 1.95 seconds. Light paw-pad landings accompany each paw's return to the floor. A final soft feather rustle ends as the wand leaves by 2.60 seconds; after 2.70 seconds, only room tone and faint breathing remain.

non_diegetic_music: N/A
"
cat_ids/08_短毛棕色鱼骨纹猫.png,"For the target video, at 0.00 seconds into the target video, <Picture 1> (from [Shot 1]) is fully referenced.

integrated_multimodal_description: [Shot 1] Live-action, photorealistic studio pet footage. A static medium full-body shot begins with the seated cat and scene in <Picture 1>. This is one continuous four-second shot. The cat makes one small forward-and-upward hop, lands softly and returns to a comfortable upright seated pose. From 0.00 to 0.30 seconds, it holds the initial seated pose. At 0.30 seconds, one quiet off-screen tongue click draws its gaze slightly above the camera. From 0.30 to 0.85 seconds, the cat leans its chest slightly forward, raises the hindquarters out of the seated position and folds the hind legs into a compact crouch, with both front paws still touching the floor. From 0.85 to 1.10 seconds, the hind legs extend to push against the floor while both front paws lift and reach a short distance forward. From 1.10 to 1.35 seconds, the body travels through one low, compact arc, with all four paws visibly clear of the floor together for a brief moment. The head and chest stay low enough to preserve the available headroom, and the paws remain beneath or just ahead of the body. From 1.35 to 1.65 seconds, the front paws touch down first, followed closely by the hind paws; the elbows and hind legs bend to absorb the landing. The landing is no more than one front-paw length ahead of the starting position. The shadow stays on the floor, visibly separating from the paws during the hop and reconnecting at landing. From 1.65 to 2.50 seconds, the cat lowers its hindquarters, makes a small front-paw placement adjustment beneath the shoulders and raises its chest into an upright, front-facing seated pose near the starting position. By 2.70 seconds, it is comfortably balanced with both front paws on the floor and a relaxed, attentive gaze. This seated posture continues through 3.00 seconds. From 3.00 to 4.00 seconds, the cat maintains the posture reached by 2.70 seconds, with only faint breathing and tiny settling movements. Preserve the individual cat's facial proportions, each anatomical eye's reference color, body proportions, paw anatomy, coat or bare-skin appearance, markings, ear type and existing tail anatomy as the pose changes. Keep the camera position, perspective, focal length, crop, focus, exposure, white balance, reference background, floor and lighting consistent. The entire cat, including the ears, paws and any visible tail, remains inside the original frame with clear margins throughout. Only the cat is visible, and the surrounding floor stays clear.

overall_soundscape: Quiet studio room tone continues throughout. One soft off-screen tongue click at 0.30 seconds is followed by faint paw movement during the crouch, a muted push-off and closely spaced soft paw-pad impacts during the landing between 1.35 and 1.65 seconds. The final paw adjustment finishes by 2.70 seconds, leaving only room tone and faint breathing.

non_diegetic_music: N/A
"
cat_ids/08_短毛棕色鱼骨纹猫.png,"For the target video, at 0.00 seconds into the target video, <Picture 1> (from [Shot 1]) is fully referenced.

integrated_multimodal_description: [Shot 1] Live-action, photorealistic studio pet footage. A static medium full-body shot begins with the seated cat and scene in <Picture 1>. This is one continuous four-second shot. The cat stays seated while playing with one feather teaser wand, making two light alternating front-paw taps before settling. From 0.00 to 0.20 seconds, it holds the initial seated pose. From 0.20 to 0.60 seconds, one small feather tuft attached directly to the tip of a slender flexible rod enters smoothly from the viewer's right. The tuft stops just ahead of the cat's lower chest, slightly toward the viewer's right and within easy paw reach. The visible rod extends continuously from the tuft through the right edge to an off-screen holder; the holder and hand remain outside the frame. The cat's eyes track the tuft and its head follows with a small turn. From 0.60 to 1.15 seconds, the tuft makes one short sideways sway. Keeping the hindquarters seated and the anatomical right front paw, on the viewer's left, planted for support, the cat lifts its anatomical left front paw, on the viewer's right, taps the tuft once and returns that paw to the floor. From 1.15 to 1.95 seconds, the rod guides the tuft through a short arc toward the viewer's left, just in front of the chest. The cat transfers support onto the now-planted left front paw, lifts the anatomical right front paw, taps the tuft once and returns that paw to the floor. Each paw contact briefly bends the feathers and deflects the rod tip; the tuft remains attached and visibly distinct from the paw. Only one front paw is raised at a time, and the hindquarters stay on the floor throughout. From 1.95 to 2.15 seconds, the wand pauses while the cat watches with both front paws down. From 2.15 to 2.60 seconds, the wand withdraws smoothly along a short path toward the viewer's right and exits completely through the same edge. The cat follows with its eyes and a small head turn, keeping both front paws on the floor. By 2.70 seconds, it rests in a comfortable upright seated pose, looking slightly toward the departed toy. This attentive posture continues through 3.00 seconds. From 3.00 to 4.00 seconds, the toy stays outside the frame and the cat maintains this posture with only faint breathing and tiny settling movements. Preserve the individual cat's facial proportions, each anatomical eye's reference color, body proportions, paw anatomy, coat or bare-skin appearance, markings, ear type and existing tail anatomy as the pose changes. Keep the reference framing, background, floor and lighting consistent, with a locked camera and grounded shadows following the paw movements. The entire cat remains inside the original frame with clear margins throughout. Only the cat and this single connected wand occupy the scene; the feather tuft moves below the chin, keeping the eyes and face unobstructed.

overall_soundscape: Quiet studio ambience continues beneath a faint feather rustle and two soft paw-to-feather contacts during the alternating taps between 0.60 and 1.95 seconds. Light paw-pad landings accompany each paw's return to the floor. A final soft feather rustle ends as the wand leaves by 2.60 seconds; after 2.70 seconds, only room tone and faint breathing remain.

non_diegetic_music: N/A
"
cat_ids/09_短毛棕色经典虎斑猫.png,"For the target video, at 0.00 seconds into the target video, <Picture 1> (from [Shot 1]) is fully referenced.

integrated_multimodal_description: [Shot 1] Live-action, photorealistic studio pet footage. A static medium full-body shot begins with the seated cat and scene in <Picture 1>. This is one continuous four-second shot. The cat makes one small forward-and-upward hop, lands softly and returns to a comfortable upright seated pose. From 0.00 to 0.30 seconds, it holds the initial seated pose. At 0.30 seconds, one quiet off-screen tongue click draws its gaze slightly above the camera. From 0.30 to 0.85 seconds, the cat leans its chest slightly forward, raises the hindquarters out of the seated position and folds the hind legs into a compact crouch, with both front paws still touching the floor. From 0.85 to 1.10 seconds, the hind legs extend to push against the floor while both front paws lift and reach a short distance forward. From 1.10 to 1.35 seconds, the body travels through one low, compact arc, with all four paws visibly clear of the floor together for a brief moment. The head and chest stay low enough to preserve the available headroom, and the paws remain beneath or just ahead of the body. From 1.35 to 1.65 seconds, the front paws touch down first, followed closely by the hind paws; the elbows and hind legs bend to absorb the landing. The landing is no more than one front-paw length ahead of the starting position. The shadow stays on the floor, visibly separating from the paws during the hop and reconnecting at landing. From 1.65 to 2.50 seconds, the cat lowers its hindquarters, makes a small front-paw placement adjustment beneath the shoulders and raises its chest into an upright, front-facing seated pose near the starting position. By 2.70 seconds, it is comfortably balanced with both front paws on the floor and a relaxed, attentive gaze. This seated posture continues through 3.00 seconds. From 3.00 to 4.00 seconds, the cat maintains the posture reached by 2.70 seconds, with only faint breathing and tiny settling movements. Preserve the individual cat's facial proportions, each anatomical eye's reference color, body proportions, paw anatomy, coat or bare-skin appearance, markings, ear type and existing tail anatomy as the pose changes. Keep the camera position, perspective, focal length, crop, focus, exposure, white balance, reference background, floor and lighting consistent. The entire cat, including the ears, paws and any visible tail, remains inside the original frame with clear margins throughout. Only the cat is visible, and the surrounding floor stays clear.

overall_soundscape: Quiet studio room tone continues throughout. One soft off-screen tongue click at 0.30 seconds is followed by faint paw movement during the crouch, a muted push-off and closely spaced soft paw-pad impacts during the landing between 1.35 and 1.65 seconds. The final paw adjustment finishes by 2.70 seconds, leaving only room tone and faint breathing.

non_diegetic_music: N/A
"
cat_ids/09_短毛棕色经典虎斑猫.png,"For the target video, at 0.00 seconds into the target video, <Picture 1> (from [Shot 1]) is fully referenced.

integrated_multimodal_description: [Shot 1] Live-action, photorealistic studio pet footage. A static medium full-body shot begins with the seated cat and scene in <Picture 1>. This is one continuous four-second shot. The cat stays seated while playing with one feather teaser wand, making two light alternating front-paw taps before settling. From 0.00 to 0.20 seconds, it holds the initial seated pose. From 0.20 to 0.60 seconds, one small feather tuft attached directly to the tip of a slender flexible rod enters smoothly from the viewer's right. The tuft stops just ahead of the cat's lower chest, slightly toward the viewer's right and within easy paw reach. The visible rod extends continuously from the tuft through the right edge to an off-screen holder; the holder and hand remain outside the frame. The cat's eyes track the tuft and its head follows with a small turn. From 0.60 to 1.15 seconds, the tuft makes one short sideways sway. Keeping the hindquarters seated and the anatomical right front paw, on the viewer's left, planted for support, the cat lifts its anatomical left front paw, on the viewer's right, taps the tuft once and returns that paw to the floor. From 1.15 to 1.95 seconds, the rod guides the tuft through a short arc toward the viewer's left, just in front of the chest. The cat transfers support onto the now-planted left front paw, lifts the anatomical right front paw, taps the tuft once and returns that paw to the floor. Each paw contact briefly bends the feathers and deflects the rod tip; the tuft remains attached and visibly distinct from the paw. Only one front paw is raised at a time, and the hindquarters stay on the floor throughout. From 1.95 to 2.15 seconds, the wand pauses while the cat watches with both front paws down. From 2.15 to 2.60 seconds, the wand withdraws smoothly along a short path toward the viewer's right and exits completely through the same edge. The cat follows with its eyes and a small head turn, keeping both front paws on the floor. By 2.70 seconds, it rests in a comfortable upright seated pose, looking slightly toward the departed toy. This attentive posture continues through 3.00 seconds. From 3.00 to 4.00 seconds, the toy stays outside the frame and the cat maintains this posture with only faint breathing and tiny settling movements. Preserve the individual cat's facial proportions, each anatomical eye's reference color, body proportions, paw anatomy, coat or bare-skin appearance, markings, ear type and existing tail anatomy as the pose changes. Keep the reference framing, background, floor and lighting consistent, with a locked camera and grounded shadows following the paw movements. The entire cat remains inside the original frame with clear margins throughout. Only the cat and this single connected wand occupy the scene; the feather tuft moves below the chin, keeping the eyes and face unobstructed.

overall_soundscape: Quiet studio ambience continues beneath a faint feather rustle and two soft paw-to-feather contacts during the alternating taps between 0.60 and 1.95 seconds. Light paw-pad landings accompany each paw's return to the floor. A final soft feather rustle ends as the wand leaves by 2.60 seconds; after 2.70 seconds, only room tone and faint breathing remain.

non_diegetic_music: N/A
"
cat_ids/10_短毛银色斑点猫.png,"For the target video, at 0.00 seconds into the target video, <Picture 1> (from [Shot 1]) is fully referenced.

integrated_multimodal_description: [Shot 1] Live-action, photorealistic studio pet footage. A static medium full-body shot begins with the seated cat and scene in <Picture 1>. This is one continuous four-second shot. The cat makes one small forward-and-upward hop, lands softly and returns to a comfortable upright seated pose. From 0.00 to 0.30 seconds, it holds the initial seated pose. At 0.30 seconds, one quiet off-screen tongue click draws its gaze slightly above the camera. From 0.30 to 0.85 seconds, the cat leans its chest slightly forward, raises the hindquarters out of the seated position and folds the hind legs into a compact crouch, with both front paws still touching the floor. From 0.85 to 1.10 seconds, the hind legs extend to push against the floor while both front paws lift and reach a short distance forward. From 1.10 to 1.35 seconds, the body travels through one low, compact arc, with all four paws visibly clear of the floor together for a brief moment. The head and chest stay low enough to preserve the available headroom, and the paws remain beneath or just ahead of the body. From 1.35 to 1.65 seconds, the front paws touch down first, followed closely by the hind paws; the elbows and hind legs bend to absorb the landing. The landing is no more than one front-paw length ahead of the starting position. The shadow stays on the floor, visibly separating from the paws during the hop and reconnecting at landing. From 1.65 to 2.50 seconds, the cat lowers its hindquarters, makes a small front-paw placement adjustment beneath the shoulders and raises its chest into an upright, front-facing seated pose near the starting position. By 2.70 seconds, it is comfortably balanced with both front paws on the floor and a relaxed, attentive gaze. This seated posture continues through 3.00 seconds. From 3.00 to 4.00 seconds, the cat maintains the posture reached by 2.70 seconds, with only faint breathing and tiny settling movements. Preserve the individual cat's facial proportions, each anatomical eye's reference color, body proportions, paw anatomy, coat or bare-skin appearance, markings, ear type and existing tail anatomy as the pose changes. Keep the camera position, perspective, focal length, crop, focus, exposure, white balance, reference background, floor and lighting consistent. The entire cat, including the ears, paws and any visible tail, remains inside the original frame with clear margins throughout. Only the cat is visible, and the surrounding floor stays clear.

overall_soundscape: Quiet studio room tone continues throughout. One soft off-screen tongue click at 0.30 seconds is followed by faint paw movement during the crouch, a muted push-off and closely spaced soft paw-pad impacts during the landing between 1.35 and 1.65 seconds. The final paw adjustment finishes by 2.70 seconds, leaving only room tone and faint breathing.

non_diegetic_music: N/A
"
cat_ids/10_短毛银色斑点猫.png,"For the target video, at 0.00 seconds into the target video, <Picture 1> (from [Shot 1]) is fully referenced.

integrated_multimodal_description: [Shot 1] Live-action, photorealistic studio pet footage. A static medium full-body shot begins with the seated cat and scene in <Picture 1>. This is one continuous four-second shot. The cat stays seated while playing with one feather teaser wand, making two light alternating front-paw taps before settling. From 0.00 to 0.20 seconds, it holds the initial seated pose. From 0.20 to 0.60 seconds, one small feather tuft attached directly to the tip of a slender flexible rod enters smoothly from the viewer's right. The tuft stops just ahead of the cat's lower chest, slightly toward the viewer's right and within easy paw reach. The visible rod extends continuously from the tuft through the right edge to an off-screen holder; the holder and hand remain outside the frame. The cat's eyes track the tuft and its head follows with a small turn. From 0.60 to 1.15 seconds, the tuft makes one short sideways sway. Keeping the hindquarters seated and the anatomical right front paw, on the viewer's left, planted for support, the cat lifts its anatomical left front paw, on the viewer's right, taps the tuft once and returns that paw to the floor. From 1.15 to 1.95 seconds, the rod guides the tuft through a short arc toward the viewer's left, just in front of the chest. The cat transfers support onto the now-planted left front paw, lifts the anatomical right front paw, taps the tuft once and returns that paw to the floor. Each paw contact briefly bends the feathers and deflects the rod tip; the tuft remains attached and visibly distinct from the paw. Only one front paw is raised at a time, and the hindquarters stay on the floor throughout. From 1.95 to 2.15 seconds, the wand pauses while the cat watches with both front paws down. From 2.15 to 2.60 seconds, the wand withdraws smoothly along a short path toward the viewer's right and exits completely through the same edge. The cat follows with its eyes and a small head turn, keeping both front paws on the floor. By 2.70 seconds, it rests in a comfortable upright seated pose, looking slightly toward the departed toy. This attentive posture continues through 3.00 seconds. From 3.00 to 4.00 seconds, the toy stays outside the frame and the cat maintains this posture with only faint breathing and tiny settling movements. Preserve the individual cat's facial proportions, each anatomical eye's reference color, body proportions, paw anatomy, coat or bare-skin appearance, markings, ear type and existing tail anatomy as the pose changes. Keep the reference framing, background, floor and lighting consistent, with a locked camera and grounded shadows following the paw movements. The entire cat remains inside the original frame with clear margins throughout. Only the cat and this single connected wand occupy the scene; the feather tuft moves below the chin, keeping the eyes and face unobstructed.

overall_soundscape: Quiet studio ambience continues beneath a faint feather rustle and two soft paw-to-feather contacts during the alternating taps between 0.60 and 1.95 seconds. Light paw-pad landings accompany each paw's return to the floor. A final soft feather rustle ends as the wand leaves by 2.60 seconds; after 2.70 seconds, only room tone and faint breathing remain.

non_diegetic_music: N/A
"
cat_ids/11_黑白燕尾服猫.png,"For the target video, at 0.00 seconds into the target video, <Picture 1> (from [Shot 1]) is fully referenced.

integrated_multimodal_description: [Shot 1] Live-action, photorealistic studio pet footage. A static medium full-body shot begins with the seated cat and scene in <Picture 1>. This is one continuous four-second shot. The cat makes one small forward-and-upward hop, lands softly and returns to a comfortable upright seated pose. From 0.00 to 0.30 seconds, it holds the initial seated pose. At 0.30 seconds, one quiet off-screen tongue click draws its gaze slightly above the camera. From 0.30 to 0.85 seconds, the cat leans its chest slightly forward, raises the hindquarters out of the seated position and folds the hind legs into a compact crouch, with both front paws still touching the floor. From 0.85 to 1.10 seconds, the hind legs extend to push against the floor while both front paws lift and reach a short distance forward. From 1.10 to 1.35 seconds, the body travels through one low, compact arc, with all four paws visibly clear of the floor together for a brief moment. The head and chest stay low enough to preserve the available headroom, and the paws remain beneath or just ahead of the body. From 1.35 to 1.65 seconds, the front paws touch down first, followed closely by the hind paws; the elbows and hind legs bend to absorb the landing. The landing is no more than one front-paw length ahead of the starting position. The shadow stays on the floor, visibly separating from the paws during the hop and reconnecting at landing. From 1.65 to 2.50 seconds, the cat lowers its hindquarters, makes a small front-paw placement adjustment beneath the shoulders and raises its chest into an upright, front-facing seated pose near the starting position. By 2.70 seconds, it is comfortably balanced with both front paws on the floor and a relaxed, attentive gaze. This seated posture continues through 3.00 seconds. From 3.00 to 4.00 seconds, the cat maintains the posture reached by 2.70 seconds, with only faint breathing and tiny settling movements. Preserve the individual cat's facial proportions, each anatomical eye's reference color, body proportions, paw anatomy, coat or bare-skin appearance, markings, ear type and existing tail anatomy as the pose changes. Keep the camera position, perspective, focal length, crop, focus, exposure, white balance, reference background, floor and lighting consistent. The entire cat, including the ears, paws and any visible tail, remains inside the original frame with clear margins throughout. Only the cat is visible, and the surrounding floor stays clear.

overall_soundscape: Quiet studio room tone continues throughout. One soft off-screen tongue click at 0.30 seconds is followed by faint paw movement during the crouch, a muted push-off and closely spaced soft paw-pad impacts during the landing between 1.35 and 1.65 seconds. The final paw adjustment finishes by 2.70 seconds, leaving only room tone and faint breathing.

non_diegetic_music: N/A
"
cat_ids/11_黑白燕尾服猫.png,"For the target video, at 0.00 seconds into the target video, <Picture 1> (from [Shot 1]) is fully referenced.

integrated_multimodal_description: [Shot 1] Live-action, photorealistic studio pet footage. A static medium full-body shot begins with the seated cat and scene in <Picture 1>. This is one continuous four-second shot. The cat stays seated while playing with one feather teaser wand, making two light alternating front-paw taps before settling. From 0.00 to 0.20 seconds, it holds the initial seated pose. From 0.20 to 0.60 seconds, one small feather tuft attached directly to the tip of a slender flexible rod enters smoothly from the viewer's right. The tuft stops just ahead of the cat's lower chest, slightly toward the viewer's right and within easy paw reach. The visible rod extends continuously from the tuft through the right edge to an off-screen holder; the holder and hand remain outside the frame. The cat's eyes track the tuft and its head follows with a small turn. From 0.60 to 1.15 seconds, the tuft makes one short sideways sway. Keeping the hindquarters seated and the anatomical right front paw, on the viewer's left, planted for support, the cat lifts its anatomical left front paw, on the viewer's right, taps the tuft once and returns that paw to the floor. From 1.15 to 1.95 seconds, the rod guides the tuft through a short arc toward the viewer's left, just in front of the chest. The cat transfers support onto the now-planted left front paw, lifts the anatomical right front paw, taps the tuft once and returns that paw to the floor. Each paw contact briefly bends the feathers and deflects the rod tip; the tuft remains attached and visibly distinct from the paw. Only one front paw is raised at a time, and the hindquarters stay on the floor throughout. From 1.95 to 2.15 seconds, the wand pauses while the cat watches with both front paws down. From 2.15 to 2.60 seconds, the wand withdraws smoothly along a short path toward the viewer's right and exits completely through the same edge. The cat follows with its eyes and a small head turn, keeping both front paws on the floor. By 2.70 seconds, it rests in a comfortable upright seated pose, looking slightly toward the departed toy. This attentive posture continues through 3.00 seconds. From 3.00 to 4.00 seconds, the toy stays outside the frame and the cat maintains this posture with only faint breathing and tiny settling movements. Preserve the individual cat's facial proportions, each anatomical eye's reference color, body proportions, paw anatomy, coat or bare-skin appearance, markings, ear type and existing tail anatomy as the pose changes. Keep the reference framing, background, floor and lighting consistent, with a locked camera and grounded shadows following the paw movements. The entire cat remains inside the original frame with clear margins throughout. Only the cat and this single connected wand occupy the scene; the feather tuft moves below the chin, keeping the eyes and face unobstructed.

overall_soundscape: Quiet studio ambience continues beneath a faint feather rustle and two soft paw-to-feather contacts during the alternating taps between 0.60 and 1.95 seconds. Light paw-pad landings accompany each paw's return to the floor. A final soft feather rustle ends as the wand leaves by 2.60 seconds; after 2.70 seconds, only room tone and faint breathing remain.

non_diegetic_music: N/A
"
cat_ids/12_短毛三花猫.png,"For the target video, at 0.00 seconds into the target video, <Picture 1> (from [Shot 1]) is fully referenced.

integrated_multimodal_description: [Shot 1] Live-action, photorealistic studio pet footage. A static medium full-body shot begins with the seated cat and scene in <Picture 1>. This is one continuous four-second shot. The cat makes one small forward-and-upward hop, lands softly and returns to a comfortable upright seated pose. From 0.00 to 0.30 seconds, it holds the initial seated pose. At 0.30 seconds, one quiet off-screen tongue click draws its gaze slightly above the camera. From 0.30 to 0.85 seconds, the cat leans its chest slightly forward, raises the hindquarters out of the seated position and folds the hind legs into a compact crouch, with both front paws still touching the floor. From 0.85 to 1.10 seconds, the hind legs extend to push against the floor while both front paws lift and reach a short distance forward. From 1.10 to 1.35 seconds, the body travels through one low, compact arc, with all four paws visibly clear of the floor together for a brief moment. The head and chest stay low enough to preserve the available headroom, and the paws remain beneath or just ahead of the body. From 1.35 to 1.65 seconds, the front paws touch down first, followed closely by the hind paws; the elbows and hind legs bend to absorb the landing. The landing is no more than one front-paw length ahead of the starting position. The shadow stays on the floor, visibly separating from the paws during the hop and reconnecting at landing. From 1.65 to 2.50 seconds, the cat lowers its hindquarters, makes a small front-paw placement adjustment beneath the shoulders and raises its chest into an upright, front-facing seated pose near the starting position. By 2.70 seconds, it is comfortably balanced with both front paws on the floor and a relaxed, attentive gaze. This seated posture continues through 3.00 seconds. From 3.00 to 4.00 seconds, the cat maintains the posture reached by 2.70 seconds, with only faint breathing and tiny settling movements. Preserve the individual cat's facial proportions, each anatomical eye's reference color, body proportions, paw anatomy, coat or bare-skin appearance, markings, ear type and existing tail anatomy as the pose changes. Keep the camera position, perspective, focal length, crop, focus, exposure, white balance, reference background, floor and lighting consistent. The entire cat, including the ears, paws and any visible tail, remains inside the original frame with clear margins throughout. Only the cat is visible, and the surrounding floor stays clear.

overall_soundscape: Quiet studio room tone continues throughout. One soft off-screen tongue click at 0.30 seconds is followed by faint paw movement during the crouch, a muted push-off and closely spaced soft paw-pad impacts during the landing between 1.35 and 1.65 seconds. The final paw adjustment finishes by 2.70 seconds, leaving only room tone and faint breathing.

non_diegetic_music: N/A
"
cat_ids/12_短毛三花猫.png,"For the target video, at 0.00 seconds into the target video, <Picture 1> (from [Shot 1]) is fully referenced.

integrated_multimodal_description: [Shot 1] Live-action, photorealistic studio pet footage. A static medium full-body shot begins with the seated cat and scene in <Picture 1>. This is one continuous four-second shot. The cat stays seated while playing with one feather teaser wand, making two light alternating front-paw taps before settling. From 0.00 to 0.20 seconds, it holds the initial seated pose. From 0.20 to 0.60 seconds, one small feather tuft attached directly to the tip of a slender flexible rod enters smoothly from the viewer's right. The tuft stops just ahead of the cat's lower chest, slightly toward the viewer's right and within easy paw reach. The visible rod extends continuously from the tuft through the right edge to an off-screen holder; the holder and hand remain outside the frame. The cat's eyes track the tuft and its head follows with a small turn. From 0.60 to 1.15 seconds, the tuft makes one short sideways sway. Keeping the hindquarters seated and the anatomical right front paw, on the viewer's left, planted for support, the cat lifts its anatomical left front paw, on the viewer's right, taps the tuft once and returns that paw to the floor. From 1.15 to 1.95 seconds, the rod guides the tuft through a short arc toward the viewer's left, just in front of the chest. The cat transfers support onto the now-planted left front paw, lifts the anatomical right front paw, taps the tuft once and returns that paw to the floor. Each paw contact briefly bends the feathers and deflects the rod tip; the tuft remains attached and visibly distinct from the paw. Only one front paw is raised at a time, and the hindquarters stay on the floor throughout. From 1.95 to 2.15 seconds, the wand pauses while the cat watches with both front paws down. From 2.15 to 2.60 seconds, the wand withdraws smoothly along a short path toward the viewer's right and exits completely through the same edge. The cat follows with its eyes and a small head turn, keeping both front paws on the floor. By 2.70 seconds, it rests in a comfortable upright seated pose, looking slightly toward the departed toy. This attentive posture continues through 3.00 seconds. From 3.00 to 4.00 seconds, the toy stays outside the frame and the cat maintains this posture with only faint breathing and tiny settling movements. Preserve the individual cat's facial proportions, each anatomical eye's reference color, body proportions, paw anatomy, coat or bare-skin appearance, markings, ear type and existing tail anatomy as the pose changes. Keep the reference framing, background, floor and lighting consistent, with a locked camera and grounded shadows following the paw movements. The entire cat remains inside the original frame with clear margins throughout. Only the cat and this single connected wand occupy the scene; the feather tuft moves below the chin, keeping the eyes and face unobstructed.

overall_soundscape: Quiet studio ambience continues beneath a faint feather rustle and two soft paw-to-feather contacts during the alternating taps between 0.60 and 1.95 seconds. Light paw-pad landings accompany each paw's return to the floor. A final soft feather rustle ends as the wand leaves by 2.60 seconds; after 2.70 seconds, only room tone and faint breathing remain.

non_diegetic_music: N/A
"
cat_ids/13_短毛淡三花猫.png,"For the target video, at 0.00 seconds into the target video, <Picture 1> (from [Shot 1]) is fully referenced.

integrated_multimodal_description: [Shot 1] Live-action, photorealistic studio pet footage. A static medium full-body shot begins with the seated cat and scene in <Picture 1>. This is one continuous four-second shot. The cat makes one small forward-and-upward hop, lands softly and returns to a comfortable upright seated pose. From 0.00 to 0.30 seconds, it holds the initial seated pose. At 0.30 seconds, one quiet off-screen tongue click draws its gaze slightly above the camera. From 0.30 to 0.85 seconds, the cat leans its chest slightly forward, raises the hindquarters out of the seated position and folds the hind legs into a compact crouch, with both front paws still touching the floor. From 0.85 to 1.10 seconds, the hind legs extend to push against the floor while both front paws lift and reach a short distance forward. From 1.10 to 1.35 seconds, the body travels through one low, compact arc, with all four paws visibly clear of the floor together for a brief moment. The head and chest stay low enough to preserve the available headroom, and the paws remain beneath or just ahead of the body. From 1.35 to 1.65 seconds, the front paws touch down first, followed closely by the hind paws; the elbows and hind legs bend to absorb the landing. The landing is no more than one front-paw length ahead of the starting position. The shadow stays on the floor, visibly separating from the paws during the hop and reconnecting at landing. From 1.65 to 2.50 seconds, the cat lowers its hindquarters, makes a small front-paw placement adjustment beneath the shoulders and raises its chest into an upright, front-facing seated pose near the starting position. By 2.70 seconds, it is comfortably balanced with both front paws on the floor and a relaxed, attentive gaze. This seated posture continues through 3.00 seconds. From 3.00 to 4.00 seconds, the cat maintains the posture reached by 2.70 seconds, with only faint breathing and tiny settling movements. Preserve the individual cat's facial proportions, each anatomical eye's reference color, body proportions, paw anatomy, coat or bare-skin appearance, markings, ear type and existing tail anatomy as the pose changes. Keep the camera position, perspective, focal length, crop, focus, exposure, white balance, reference background, floor and lighting consistent. The entire cat, including the ears, paws and any visible tail, remains inside the original frame with clear margins throughout. Only the cat is visible, and the surrounding floor stays clear.

overall_soundscape: Quiet studio room tone continues throughout. One soft off-screen tongue click at 0.30 seconds is followed by faint paw movement during the crouch, a muted push-off and closely spaced soft paw-pad impacts during the landing between 1.35 and 1.65 seconds. The final paw adjustment finishes by 2.70 seconds, leaving only room tone and faint breathing.

non_diegetic_music: N/A
"
cat_ids/13_短毛淡三花猫.png,"For the target video, at 0.00 seconds into the target video, <Picture 1> (from [Shot 1]) is fully referenced.

integrated_multimodal_description: [Shot 1] Live-action, photorealistic studio pet footage. A static medium full-body shot begins with the seated cat and scene in <Picture 1>. This is one continuous four-second shot. The cat stays seated while playing with one feather teaser wand, making two light alternating front-paw taps before settling. From 0.00 to 0.20 seconds, it holds the initial seated pose. From 0.20 to 0.60 seconds, one small feather tuft attached directly to the tip of a slender flexible rod enters smoothly from the viewer's right. The tuft stops just ahead of the cat's lower chest, slightly toward the viewer's right and within easy paw reach. The visible rod extends continuously from the tuft through the right edge to an off-screen holder; the holder and hand remain outside the frame. The cat's eyes track the tuft and its head follows with a small turn. From 0.60 to 1.15 seconds, the tuft makes one short sideways sway. Keeping the hindquarters seated and the anatomical right front paw, on the viewer's left, planted for support, the cat lifts its anatomical left front paw, on the viewer's right, taps the tuft once and returns that paw to the floor. From 1.15 to 1.95 seconds, the rod guides the tuft through a short arc toward the viewer's left, just in front of the chest. The cat transfers support onto the now-planted left front paw, lifts the anatomical right front paw, taps the tuft once and returns that paw to the floor. Each paw contact briefly bends the feathers and deflects the rod tip; the tuft remains attached and visibly distinct from the paw. Only one front paw is raised at a time, and the hindquarters stay on the floor throughout. From 1.95 to 2.15 seconds, the wand pauses while the cat watches with both front paws down. From 2.15 to 2.60 seconds, the wand withdraws smoothly along a short path toward the viewer's right and exits completely through the same edge. The cat follows with its eyes and a small head turn, keeping both front paws on the floor. By 2.70 seconds, it rests in a comfortable upright seated pose, looking slightly toward the departed toy. This attentive posture continues through 3.00 seconds. From 3.00 to 4.00 seconds, the toy stays outside the frame and the cat maintains this posture with only faint breathing and tiny settling movements. Preserve the individual cat's facial proportions, each anatomical eye's reference color, body proportions, paw anatomy, coat or bare-skin appearance, markings, ear type and existing tail anatomy as the pose changes. Keep the reference framing, background, floor and lighting consistent, with a locked camera and grounded shadows following the paw movements. The entire cat remains inside the original frame with clear margins throughout. Only the cat and this single connected wand occupy the scene; the feather tuft moves below the chin, keeping the eyes and face unobstructed.

overall_soundscape: Quiet studio ambience continues beneath a faint feather rustle and two soft paw-to-feather contacts during the alternating taps between 0.60 and 1.95 seconds. Light paw-pad landings accompany each paw's return to the floor. A final soft feather rustle ends as the wand leaves by 2.60 seconds; after 2.70 seconds, only room tone and faint breathing remain.

non_diegetic_music: N/A
"
cat_ids/14_短毛黑玳瑁猫.png,"For the target video, at 0.00 seconds into the target video, <Picture 1> (from [Shot 1]) is fully referenced.

integrated_multimodal_description: [Shot 1] Live-action, photorealistic studio pet footage. A static medium full-body shot begins with the seated cat and scene in <Picture 1>. This is one continuous four-second shot. The cat makes one small forward-and-upward hop, lands softly and returns to a comfortable upright seated pose. From 0.00 to 0.30 seconds, it holds the initial seated pose. At 0.30 seconds, one quiet off-screen tongue click draws its gaze slightly above the camera. From 0.30 to 0.85 seconds, the cat leans its chest slightly forward, raises the hindquarters out of the seated position and folds the hind legs into a compact crouch, with both front paws still touching the floor. From 0.85 to 1.10 seconds, the hind legs extend to push against the floor while both front paws lift and reach a short distance forward. From 1.10 to 1.35 seconds, the body travels through one low, compact arc, with all four paws visibly clear of the floor together for a brief moment. The head and chest stay low enough to preserve the available headroom, and the paws remain beneath or just ahead of the body. From 1.35 to 1.65 seconds, the front paws touch down first, followed closely by the hind paws; the elbows and hind legs bend to absorb the landing. The landing is no more than one front-paw length ahead of the starting position. The shadow stays on the floor, visibly separating from the paws during the hop and reconnecting at landing. From 1.65 to 2.50 seconds, the cat lowers its hindquarters, makes a small front-paw placement adjustment beneath the shoulders and raises its chest into an upright, front-facing seated pose near the starting position. By 2.70 seconds, it is comfortably balanced with both front paws on the floor and a relaxed, attentive gaze. This seated posture continues through 3.00 seconds. From 3.00 to 4.00 seconds, the cat maintains the posture reached by 2.70 seconds, with only faint breathing and tiny settling movements. Preserve the individual cat's facial proportions, each anatomical eye's reference color, body proportions, paw anatomy, coat or bare-skin appearance, markings, ear type and existing tail anatomy as the pose changes. Keep the camera position, perspective, focal length, crop, focus, exposure, white balance, reference background, floor and lighting consistent. The entire cat, including the ears, paws and any visible tail, remains inside the original frame with clear margins throughout. Only the cat is visible, and the surrounding floor stays clear.

overall_soundscape: Quiet studio room tone continues throughout. One soft off-screen tongue click at 0.30 seconds is followed by faint paw movement during the crouch, a muted push-off and closely spaced soft paw-pad impacts during the landing between 1.35 and 1.65 seconds. The final paw adjustment finishes by 2.70 seconds, leaving only room tone and faint breathing.

non_diegetic_music: N/A
"
cat_ids/14_短毛黑玳瑁猫.png,"For the target video, at 0.00 seconds into the target video, <Picture 1> (from [Shot 1]) is fully referenced.

integrated_multimodal_description: [Shot 1] Live-action, photorealistic studio pet footage. A static medium full-body shot begins with the seated cat and scene in <Picture 1>. This is one continuous four-second shot. The cat stays seated while playing with one feather teaser wand, making two light alternating front-paw taps before settling. From 0.00 to 0.20 seconds, it holds the initial seated pose. From 0.20 to 0.60 seconds, one small feather tuft attached directly to the tip of a slender flexible rod enters smoothly from the viewer's right. The tuft stops just ahead of the cat's lower chest, slightly toward the viewer's right and within easy paw reach. The visible rod extends continuously from the tuft through the right edge to an off-screen holder; the holder and hand remain outside the frame. The cat's eyes track the tuft and its head follows with a small turn. From 0.60 to 1.15 seconds, the tuft makes one short sideways sway. Keeping the hindquarters seated and the anatomical right front paw, on the viewer's left, planted for support, the cat lifts its anatomical left front paw, on the viewer's right, taps the tuft once and returns that paw to the floor. From 1.15 to 1.95 seconds, the rod guides the tuft through a short arc toward the viewer's left, just in front of the chest. The cat transfers support onto the now-planted left front paw, lifts the anatomical right front paw, taps the tuft once and returns that paw to the floor. Each paw contact briefly bends the feathers and deflects the rod tip; the tuft remains attached and visibly distinct from the paw. Only one front paw is raised at a time, and the hindquarters stay on the floor throughout. From 1.95 to 2.15 seconds, the wand pauses while the cat watches with both front paws down. From 2.15 to 2.60 seconds, the wand withdraws smoothly along a short path toward the viewer's right and exits completely through the same edge. The cat follows with its eyes and a small head turn, keeping both front paws on the floor. By 2.70 seconds, it rests in a comfortable upright seated pose, looking slightly toward the departed toy. This attentive posture continues through 3.00 seconds. From 3.00 to 4.00 seconds, the toy stays outside the frame and the cat maintains this posture with only faint breathing and tiny settling movements. Preserve the individual cat's facial proportions, each anatomical eye's reference color, body proportions, paw anatomy, coat or bare-skin appearance, markings, ear type and existing tail anatomy as the pose changes. Keep the reference framing, background, floor and lighting consistent, with a locked camera and grounded shadows following the paw movements. The entire cat remains inside the original frame with clear margins throughout. Only the cat and this single connected wand occupy the scene; the feather tuft moves below the chin, keeping the eyes and face unobstructed.

overall_soundscape: Quiet studio ambience continues beneath a faint feather rustle and two soft paw-to-feather contacts during the alternating taps between 0.60 and 1.95 seconds. Light paw-pad landings accompany each paw's return to the floor. A final soft feather rustle ends as the wand leaves by 2.60 seconds; after 2.70 seconds, only room tone and faint breathing remain.

non_diegetic_music: N/A
"
cat_ids/15_短毛蓝奶油玳瑁猫.png,"For the target video, at 0.00 seconds into the target video, <Picture 1> (from [Shot 1]) is fully referenced.

integrated_multimodal_description: [Shot 1] Live-action, photorealistic studio pet footage. A static medium full-body shot begins with the seated cat and scene in <Picture 1>. This is one continuous four-second shot. The cat makes one small forward-and-upward hop, lands softly and returns to a comfortable upright seated pose. From 0.00 to 0.30 seconds, it holds the initial seated pose. At 0.30 seconds, one quiet off-screen tongue click draws its gaze slightly above the camera. From 0.30 to 0.85 seconds, the cat leans its chest slightly forward, raises the hindquarters out of the seated position and folds the hind legs into a compact crouch, with both front paws still touching the floor. From 0.85 to 1.10 seconds, the hind legs extend to push against the floor while both front paws lift and reach a short distance forward. From 1.10 to 1.35 seconds, the body travels through one low, compact arc, with all four paws visibly clear of the floor together for a brief moment. The head and chest stay low enough to preserve the available headroom, and the paws remain beneath or just ahead of the body. From 1.35 to 1.65 seconds, the front paws touch down first, followed closely by the hind paws; the elbows and hind legs bend to absorb the landing. The landing is no more than one front-paw length ahead of the starting position. The shadow stays on the floor, visibly separating from the paws during the hop and reconnecting at landing. From 1.65 to 2.50 seconds, the cat lowers its hindquarters, makes a small front-paw placement adjustment beneath the shoulders and raises its chest into an upright, front-facing seated pose near the starting position. By 2.70 seconds, it is comfortably balanced with both front paws on the floor and a relaxed, attentive gaze. This seated posture continues through 3.00 seconds. From 3.00 to 4.00 seconds, the cat maintains the posture reached by 2.70 seconds, with only faint breathing and tiny settling movements. Preserve the individual cat's facial proportions, each anatomical eye's reference color, body proportions, paw anatomy, coat or bare-skin appearance, markings, ear type and existing tail anatomy as the pose changes. Keep the camera position, perspective, focal length, crop, focus, exposure, white balance, reference background, floor and lighting consistent. The entire cat, including the ears, paws and any visible tail, remains inside the original frame with clear margins throughout. Only the cat is visible, and the surrounding floor stays clear.

overall_soundscape: Quiet studio room tone continues throughout. One soft off-screen tongue click at 0.30 seconds is followed by faint paw movement during the crouch, a muted push-off and closely spaced soft paw-pad impacts during the landing between 1.35 and 1.65 seconds. The final paw adjustment finishes by 2.70 seconds, leaving only room tone and faint breathing.

non_diegetic_music: N/A
"
cat_ids/15_短毛蓝奶油玳瑁猫.png,"For the target video, at 0.00 seconds into the target video, <Picture 1> (from [Shot 1]) is fully referenced.

integrated_multimodal_description: [Shot 1] Live-action, photorealistic studio pet footage. A static medium full-body shot begins with the seated cat and scene in <Picture 1>. This is one continuous four-second shot. The cat stays seated while playing with one feather teaser wand, making two light alternating front-paw taps before settling. From 0.00 to 0.20 seconds, it holds the initial seated pose. From 0.20 to 0.60 seconds, one small feather tuft attached directly to the tip of a slender flexible rod enters smoothly from the viewer's right. The tuft stops just ahead of the cat's lower chest, slightly toward the viewer's right and within easy paw reach. The visible rod extends continuously from the tuft through the right edge to an off-screen holder; the holder and hand remain outside the frame. The cat's eyes track the tuft and its head follows with a small turn. From 0.60 to 1.15 seconds, the tuft makes one short sideways sway. Keeping the hindquarters seated and the anatomical right front paw, on the viewer's left, planted for support, the cat lifts its anatomical left front paw, on the viewer's right, taps the tuft once and returns that paw to the floor. From 1.15 to 1.95 seconds, the rod guides the tuft through a short arc toward the viewer's left, just in front of the chest. The cat transfers support onto the now-planted left front paw, lifts the anatomical right front paw, taps the tuft once and returns that paw to the floor. Each paw contact briefly bends the feathers and deflects the rod tip; the tuft remains attached and visibly distinct from the paw. Only one front paw is raised at a time, and the hindquarters stay on the floor throughout. From 1.95 to 2.15 seconds, the wand pauses while the cat watches with both front paws down. From 2.15 to 2.60 seconds, the wand withdraws smoothly along a short path toward the viewer's right and exits completely through the same edge. The cat follows with its eyes and a small head turn, keeping both front paws on the floor. By 2.70 seconds, it rests in a comfortable upright seated pose, looking slightly toward the departed toy. This attentive posture continues through 3.00 seconds. From 3.00 to 4.00 seconds, the toy stays outside the frame and the cat maintains this posture with only faint breathing and tiny settling movements. Preserve the individual cat's facial proportions, each anatomical eye's reference color, body proportions, paw anatomy, coat or bare-skin appearance, markings, ear type and existing tail anatomy as the pose changes. Keep the reference framing, background, floor and lighting consistent, with a locked camera and grounded shadows following the paw movements. The entire cat remains inside the original frame with clear margins throughout. Only the cat and this single connected wand occupy the scene; the feather tuft moves below the chin, keeping the eyes and face unobstructed.

overall_soundscape: Quiet studio ambience continues beneath a faint feather rustle and two soft paw-to-feather contacts during the alternating taps between 0.60 and 1.95 seconds. Light paw-pad landings accompany each paw's return to the floor. A final soft feather rustle ends as the wand leaves by 2.60 seconds; after 2.70 seconds, only room tone and faint breathing remain.

non_diegetic_music: N/A
"
cat_ids/16_阿比西尼亚猫原色.png,"For the target video, at 0.00 seconds into the target video, <Picture 1> (from [Shot 1]) is fully referenced.

integrated_multimodal_description: [Shot 1] Live-action, photorealistic studio pet footage. A static medium full-body shot begins with the seated cat and scene in <Picture 1>. This is one continuous four-second shot. The cat makes one small forward-and-upward hop, lands softly and returns to a comfortable upright seated pose. From 0.00 to 0.30 seconds, it holds the initial seated pose. At 0.30 seconds, one quiet off-screen tongue click draws its gaze slightly above the camera. From 0.30 to 0.85 seconds, the cat leans its chest slightly forward, raises the hindquarters out of the seated position and folds the hind legs into a compact crouch, with both front paws still touching the floor. From 0.85 to 1.10 seconds, the hind legs extend to push against the floor while both front paws lift and reach a short distance forward. From 1.10 to 1.35 seconds, the body travels through one low, compact arc, with all four paws visibly clear of the floor together for a brief moment. The head and chest stay low enough to preserve the available headroom, and the paws remain beneath or just ahead of the body. From 1.35 to 1.65 seconds, the front paws touch down first, followed closely by the hind paws; the elbows and hind legs bend to absorb the landing. The landing is no more than one front-paw length ahead of the starting position. The shadow stays on the floor, visibly separating from the paws during the hop and reconnecting at landing. From 1.65 to 2.50 seconds, the cat lowers its hindquarters, makes a small front-paw placement adjustment beneath the shoulders and raises its chest into an upright, front-facing seated pose near the starting position. By 2.70 seconds, it is comfortably balanced with both front paws on the floor and a relaxed, attentive gaze. This seated posture continues through 3.00 seconds. From 3.00 to 4.00 seconds, the cat maintains the posture reached by 2.70 seconds, with only faint breathing and tiny settling movements. Preserve the individual cat's facial proportions, each anatomical eye's reference color, body proportions, paw anatomy, coat or bare-skin appearance, markings, ear type and existing tail anatomy as the pose changes. Keep the camera position, perspective, focal length, crop, focus, exposure, white balance, reference background, floor and lighting consistent. The entire cat, including the ears, paws and any visible tail, remains inside the original frame with clear margins throughout. Only the cat is visible, and the surrounding floor stays clear.

overall_soundscape: Quiet studio room tone continues throughout. One soft off-screen tongue click at 0.30 seconds is followed by faint paw movement during the crouch, a muted push-off and closely spaced soft paw-pad impacts during the landing between 1.35 and 1.65 seconds. The final paw adjustment finishes by 2.70 seconds, leaving only room tone and faint breathing.

non_diegetic_music: N/A
"
cat_ids/16_阿比西尼亚猫原色.png,"For the target video, at 0.00 seconds into the target video, <Picture 1> (from [Shot 1]) is fully referenced.

integrated_multimodal_description: [Shot 1] Live-action, photorealistic studio pet footage. A static medium full-body shot begins with the seated cat and scene in <Picture 1>. This is one continuous four-second shot. The cat stays seated while playing with one feather teaser wand, making two light alternating front-paw taps before settling. From 0.00 to 0.20 seconds, it holds the initial seated pose. From 0.20 to 0.60 seconds, one small feather tuft attached directly to the tip of a slender flexible rod enters smoothly from the viewer's right. The tuft stops just ahead of the cat's lower chest, slightly toward the viewer's right and within easy paw reach. The visible rod extends continuously from the tuft through the right edge to an off-screen holder; the holder and hand remain outside the frame. The cat's eyes track the tuft and its head follows with a small turn. From 0.60 to 1.15 seconds, the tuft makes one short sideways sway. Keeping the hindquarters seated and the anatomical right front paw, on the viewer's left, planted for support, the cat lifts its anatomical left front paw, on the viewer's right, taps the tuft once and returns that paw to the floor. From 1.15 to 1.95 seconds, the rod guides the tuft through a short arc toward the viewer's left, just in front of the chest. The cat transfers support onto the now-planted left front paw, lifts the anatomical right front paw, taps the tuft once and returns that paw to the floor. Each paw contact briefly bends the feathers and deflects the rod tip; the tuft remains attached and visibly distinct from the paw. Only one front paw is raised at a time, and the hindquarters stay on the floor throughout. From 1.95 to 2.15 seconds, the wand pauses while the cat watches with both front paws down. From 2.15 to 2.60 seconds, the wand withdraws smoothly along a short path toward the viewer's right and exits completely through the same edge. The cat follows with its eyes and a small head turn, keeping both front paws on the floor. By 2.70 seconds, it rests in a comfortable upright seated pose, looking slightly toward the departed toy. This attentive posture continues through 3.00 seconds. From 3.00 to 4.00 seconds, the toy stays outside the frame and the cat maintains this posture with only faint breathing and tiny settling movements. Preserve the individual cat's facial proportions, each anatomical eye's reference color, body proportions, paw anatomy, coat or bare-skin appearance, markings, ear type and existing tail anatomy as the pose changes. Keep the reference framing, background, floor and lighting consistent, with a locked camera and grounded shadows following the paw movements. The entire cat remains inside the original frame with clear margins throughout. Only the cat and this single connected wand occupy the scene; the feather tuft moves below the chin, keeping the eyes and face unobstructed.

overall_soundscape: Quiet studio ambience continues beneath a faint feather rustle and two soft paw-to-feather contacts during the alternating taps between 0.60 and 1.95 seconds. Light paw-pad landings accompany each paw's return to the floor. A final soft feather rustle ends as the wand leaves by 2.60 seconds; after 2.70 seconds, only room tone and faint breathing remain.

non_diegetic_music: N/A
"
cat_ids/17_索马里猫索雷尔色.png,"For the target video, at 0.00 seconds into the target video, <Picture 1> (from [Shot 1]) is fully referenced.

integrated_multimodal_description: [Shot 1] Live-action, photorealistic studio pet footage. A static medium full-body shot begins with the seated cat and scene in <Picture 1>. This is one continuous four-second shot. The cat makes one small forward-and-upward hop, lands softly and returns to a comfortable upright seated pose. From 0.00 to 0.30 seconds, it holds the initial seated pose. At 0.30 seconds, one quiet off-screen tongue click draws its gaze slightly above the camera. From 0.30 to 0.85 seconds, the cat leans its chest slightly forward, raises the hindquarters out of the seated position and folds the hind legs into a compact crouch, with both front paws still touching the floor. From 0.85 to 1.10 seconds, the hind legs extend to push against the floor while both front paws lift and reach a short distance forward. From 1.10 to 1.35 seconds, the body travels through one low, compact arc, with all four paws visibly clear of the floor together for a brief moment. The head and chest stay low enough to preserve the available headroom, and the paws remain beneath or just ahead of the body. From 1.35 to 1.65 seconds, the front paws touch down first, followed closely by the hind paws; the elbows and hind legs bend to absorb the landing. The landing is no more than one front-paw length ahead of the starting position. The shadow stays on the floor, visibly separating from the paws during the hop and reconnecting at landing. From 1.65 to 2.50 seconds, the cat lowers its hindquarters, makes a small front-paw placement adjustment beneath the shoulders and raises its chest into an upright, front-facing seated pose near the starting position. By 2.70 seconds, it is comfortably balanced with both front paws on the floor and a relaxed, attentive gaze. This seated posture continues through 3.00 seconds. From 3.00 to 4.00 seconds, the cat maintains the posture reached by 2.70 seconds, with only faint breathing and tiny settling movements. Preserve the individual cat's facial proportions, each anatomical eye's reference color, body proportions, paw anatomy, coat or bare-skin appearance, markings, ear type and existing tail anatomy as the pose changes. Keep the camera position, perspective, focal length, crop, focus, exposure, white balance, reference background, floor and lighting consistent. The entire cat, including the ears, paws and any visible tail, remains inside the original frame with clear margins throughout. Only the cat is visible, and the surrounding floor stays clear.

overall_soundscape: Quiet studio room tone continues throughout. One soft off-screen tongue click at 0.30 seconds is followed by faint paw movement during the crouch, a muted push-off and closely spaced soft paw-pad impacts during the landing between 1.35 and 1.65 seconds. The final paw adjustment finishes by 2.70 seconds, leaving only room tone and faint breathing.

non_diegetic_music: N/A
"
cat_ids/17_索马里猫索雷尔色.png,"For the target video, at 0.00 seconds into the target video, <Picture 1> (from [Shot 1]) is fully referenced.

integrated_multimodal_description: [Shot 1] Live-action, photorealistic studio pet footage. A static medium full-body shot begins with the seated cat and scene in <Picture 1>. This is one continuous four-second shot. The cat stays seated while playing with one feather teaser wand, making two light alternating front-paw taps before settling. From 0.00 to 0.20 seconds, it holds the initial seated pose. From 0.20 to 0.60 seconds, one small feather tuft attached directly to the tip of a slender flexible rod enters smoothly from the viewer's right. The tuft stops just ahead of the cat's lower chest, slightly toward the viewer's right and within easy paw reach. The visible rod extends continuously from the tuft through the right edge to an off-screen holder; the holder and hand remain outside the frame. The cat's eyes track the tuft and its head follows with a small turn. From 0.60 to 1.15 seconds, the tuft makes one short sideways sway. Keeping the hindquarters seated and the anatomical right front paw, on the viewer's left, planted for support, the cat lifts its anatomical left front paw, on the viewer's right, taps the tuft once and returns that paw to the floor. From 1.15 to 1.95 seconds, the rod guides the tuft through a short arc toward the viewer's left, just in front of the chest. The cat transfers support onto the now-planted left front paw, lifts the anatomical right front paw, taps the tuft once and returns that paw to the floor. Each paw contact briefly bends the feathers and deflects the rod tip; the tuft remains attached and visibly distinct from the paw. Only one front paw is raised at a time, and the hindquarters stay on the floor throughout. From 1.95 to 2.15 seconds, the wand pauses while the cat watches with both front paws down. From 2.15 to 2.60 seconds, the wand withdraws smoothly along a short path toward the viewer's right and exits completely through the same edge. The cat follows with its eyes and a small head turn, keeping both front paws on the floor. By 2.70 seconds, it rests in a comfortable upright seated pose, looking slightly toward the departed toy. This attentive posture continues through 3.00 seconds. From 3.00 to 4.00 seconds, the toy stays outside the frame and the cat maintains this posture with only faint breathing and tiny settling movements. Preserve the individual cat's facial proportions, each anatomical eye's reference color, body proportions, paw anatomy, coat or bare-skin appearance, markings, ear type and existing tail anatomy as the pose changes. Keep the reference framing, background, floor and lighting consistent, with a locked camera and grounded shadows following the paw movements. The entire cat remains inside the original frame with clear margins throughout. Only the cat and this single connected wand occupy the scene; the feather tuft moves below the chin, keeping the eyes and face unobstructed.

overall_soundscape: Quiet studio ambience continues beneath a faint feather rustle and two soft paw-to-feather contacts during the alternating taps between 0.60 and 1.95 seconds. Light paw-pad landings accompany each paw's return to the floor. A final soft feather rustle ends as the wand leaves by 2.60 seconds; after 2.70 seconds, only room tone and faint breathing remain.

non_diegetic_music: N/A
"
cat_ids/18_孟加拉猫玫瑰斑.png,"For the target video, at 0.00 seconds into the target video, <Picture 1> (from [Shot 1]) is fully referenced.

integrated_multimodal_description: [Shot 1] Live-action, photorealistic studio pet footage. A static medium full-body shot begins with the seated cat and scene in <Picture 1>. This is one continuous four-second shot. The cat makes one small forward-and-upward hop, lands softly and returns to a comfortable upright seated pose. From 0.00 to 0.30 seconds, it holds the initial seated pose. At 0.30 seconds, one quiet off-screen tongue click draws its gaze slightly above the camera. From 0.30 to 0.85 seconds, the cat leans its chest slightly forward, raises the hindquarters out of the seated position and folds the hind legs into a compact crouch, with both front paws still touching the floor. From 0.85 to 1.10 seconds, the hind legs extend to push against the floor while both front paws lift and reach a short distance forward. From 1.10 to 1.35 seconds, the body travels through one low, compact arc, with all four paws visibly clear of the floor together for a brief moment. The head and chest stay low enough to preserve the available headroom, and the paws remain beneath or just ahead of the body. From 1.35 to 1.65 seconds, the front paws touch down first, followed closely by the hind paws; the elbows and hind legs bend to absorb the landing. The landing is no more than one front-paw length ahead of the starting position. The shadow stays on the floor, visibly separating from the paws during the hop and reconnecting at landing. From 1.65 to 2.50 seconds, the cat lowers its hindquarters, makes a small front-paw placement adjustment beneath the shoulders and raises its chest into an upright, front-facing seated pose near the starting position. By 2.70 seconds, it is comfortably balanced with both front paws on the floor and a relaxed, attentive gaze. This seated posture continues through 3.00 seconds. From 3.00 to 4.00 seconds, the cat maintains the posture reached by 2.70 seconds, with only faint breathing and tiny settling movements. Preserve the individual cat's facial proportions, each anatomical eye's reference color, body proportions, paw anatomy, coat or bare-skin appearance, markings, ear type and existing tail anatomy as the pose changes. Keep the camera position, perspective, focal length, crop, focus, exposure, white balance, reference background, floor and lighting consistent. The entire cat, including the ears, paws and any visible tail, remains inside the original frame with clear margins throughout. Only the cat is visible, and the surrounding floor stays clear.

overall_soundscape: Quiet studio room tone continues throughout. One soft off-screen tongue click at 0.30 seconds is followed by faint paw movement during the crouch, a muted push-off and closely spaced soft paw-pad impacts during the landing between 1.35 and 1.65 seconds. The final paw adjustment finishes by 2.70 seconds, leaving only room tone and faint breathing.

non_diegetic_music: N/A
"
cat_ids/18_孟加拉猫玫瑰斑.png,"For the target video, at 0.00 seconds into the target video, <Picture 1> (from [Shot 1]) is fully referenced.

integrated_multimodal_description: [Shot 1] Live-action, photorealistic studio pet footage. A static medium full-body shot begins with the seated cat and scene in <Picture 1>. This is one continuous four-second shot. The cat stays seated while playing with one feather teaser wand, making two light alternating front-paw taps before settling. From 0.00 to 0.20 seconds, it holds the initial seated pose. From 0.20 to 0.60 seconds, one small feather tuft attached directly to the tip of a slender flexible rod enters smoothly from the viewer's right. The tuft stops just ahead of the cat's lower chest, slightly toward the viewer's right and within easy paw reach. The visible rod extends continuously from the tuft through the right edge to an off-screen holder; the holder and hand remain outside the frame. The cat's eyes track the tuft and its head follows with a small turn. From 0.60 to 1.15 seconds, the tuft makes one short sideways sway. Keeping the hindquarters seated and the anatomical right front paw, on the viewer's left, planted for support, the cat lifts its anatomical left front paw, on the viewer's right, taps the tuft once and returns that paw to the floor. From 1.15 to 1.95 seconds, the rod guides the tuft through a short arc toward the viewer's left, just in front of the chest. The cat transfers support onto the now-planted left front paw, lifts the anatomical right front paw, taps the tuft once and returns that paw to the floor. Each paw contact briefly bends the feathers and deflects the rod tip; the tuft remains attached and visibly distinct from the paw. Only one front paw is raised at a time, and the hindquarters stay on the floor throughout. From 1.95 to 2.15 seconds, the wand pauses while the cat watches with both front paws down. From 2.15 to 2.60 seconds, the wand withdraws smoothly along a short path toward the viewer's right and exits completely through the same edge. The cat follows with its eyes and a small head turn, keeping both front paws on the floor. By 2.70 seconds, it rests in a comfortable upright seated pose, looking slightly toward the departed toy. This attentive posture continues through 3.00 seconds. From 3.00 to 4.00 seconds, the toy stays outside the frame and the cat maintains this posture with only faint breathing and tiny settling movements. Preserve the individual cat's facial proportions, each anatomical eye's reference color, body proportions, paw anatomy, coat or bare-skin appearance, markings, ear type and existing tail anatomy as the pose changes. Keep the reference framing, background, floor and lighting consistent, with a locked camera and grounded shadows following the paw movements. The entire cat remains inside the original frame with clear margins throughout. Only the cat and this single connected wand occupy the scene; the feather tuft moves below the chin, keeping the eyes and face unobstructed.

overall_soundscape: Quiet studio ambience continues beneath a faint feather rustle and two soft paw-to-feather contacts during the alternating taps between 0.60 and 1.95 seconds. Light paw-pad landings accompany each paw's return to the floor. A final soft feather rustle ends as the wand leaves by 2.60 seconds; after 2.70 seconds, only room tone and faint breathing remain.

non_diegetic_music: N/A
"
cat_ids/19_孟加拉猫雪色大理石纹.png,"For the target video, at 0.00 seconds into the target video, <Picture 1> (from [Shot 1]) is fully referenced.

integrated_multimodal_description: [Shot 1] Live-action, photorealistic studio pet footage. A static medium full-body shot begins with the seated cat and scene in <Picture 1>. This is one continuous four-second shot. The cat makes one small forward-and-upward hop, lands softly and returns to a comfortable upright seated pose. From 0.00 to 0.30 seconds, it holds the initial seated pose. At 0.30 seconds, one quiet off-screen tongue click draws its gaze slightly above the camera. From 0.30 to 0.85 seconds, the cat leans its chest slightly forward, raises the hindquarters out of the seated position and folds the hind legs into a compact crouch, with both front paws still touching the floor. From 0.85 to 1.10 seconds, the hind legs extend to push against the floor while both front paws lift and reach a short distance forward. From 1.10 to 1.35 seconds, the body travels through one low, compact arc, with all four paws visibly clear of the floor together for a brief moment. The head and chest stay low enough to preserve the available headroom, and the paws remain beneath or just ahead of the body. From 1.35 to 1.65 seconds, the front paws touch down first, followed closely by the hind paws; the elbows and hind legs bend to absorb the landing. The landing is no more than one front-paw length ahead of the starting position. The shadow stays on the floor, visibly separating from the paws during the hop and reconnecting at landing. From 1.65 to 2.50 seconds, the cat lowers its hindquarters, makes a small front-paw placement adjustment beneath the shoulders and raises its chest into an upright, front-facing seated pose near the starting position. By 2.70 seconds, it is comfortably balanced with both front paws on the floor and a relaxed, attentive gaze. This seated posture continues through 3.00 seconds. From 3.00 to 4.00 seconds, the cat maintains the posture reached by 2.70 seconds, with only faint breathing and tiny settling movements. Preserve the individual cat's facial proportions, each anatomical eye's reference color, body proportions, paw anatomy, coat or bare-skin appearance, markings, ear type and existing tail anatomy as the pose changes. Keep the camera position, perspective, focal length, crop, focus, exposure, white balance, reference background, floor and lighting consistent. The entire cat, including the ears, paws and any visible tail, remains inside the original frame with clear margins throughout. Only the cat is visible, and the surrounding floor stays clear.

overall_soundscape: Quiet studio room tone continues throughout. One soft off-screen tongue click at 0.30 seconds is followed by faint paw movement during the crouch, a muted push-off and closely spaced soft paw-pad impacts during the landing between 1.35 and 1.65 seconds. The final paw adjustment finishes by 2.70 seconds, leaving only room tone and faint breathing.

non_diegetic_music: N/A
"
cat_ids/19_孟加拉猫雪色大理石纹.png,"For the target video, at 0.00 seconds into the target video, <Picture 1> (from [Shot 1]) is fully referenced.

integrated_multimodal_description: [Shot 1] Live-action, photorealistic studio pet footage. A static medium full-body shot begins with the seated cat and scene in <Picture 1>. This is one continuous four-second shot. The cat stays seated while playing with one feather teaser wand, making two light alternating front-paw taps before settling. From 0.00 to 0.20 seconds, it holds the initial seated pose. From 0.20 to 0.60 seconds, one small feather tuft attached directly to the tip of a slender flexible rod enters smoothly from the viewer's right. The tuft stops just ahead of the cat's lower chest, slightly toward the viewer's right and within easy paw reach. The visible rod extends continuously from the tuft through the right edge to an off-screen holder; the holder and hand remain outside the frame. The cat's eyes track the tuft and its head follows with a small turn. From 0.60 to 1.15 seconds, the tuft makes one short sideways sway. Keeping the hindquarters seated and the anatomical right front paw, on the viewer's left, planted for support, the cat lifts its anatomical left front paw, on the viewer's right, taps the tuft once and returns that paw to the floor. From 1.15 to 1.95 seconds, the rod guides the tuft through a short arc toward the viewer's left, just in front of the chest. The cat transfers support onto the now-planted left front paw, lifts the anatomical right front paw, taps the tuft once and returns that paw to the floor. Each paw contact briefly bends the feathers and deflects the rod tip; the tuft remains attached and visibly distinct from the paw. Only one front paw is raised at a time, and the hindquarters stay on the floor throughout. From 1.95 to 2.15 seconds, the wand pauses while the cat watches with both front paws down. From 2.15 to 2.60 seconds, the wand withdraws smoothly along a short path toward the viewer's right and exits completely through the same edge. The cat follows with its eyes and a small head turn, keeping both front paws on the floor. By 2.70 seconds, it rests in a comfortable upright seated pose, looking slightly toward the departed toy. This attentive posture continues through 3.00 seconds. From 3.00 to 4.00 seconds, the toy stays outside the frame and the cat maintains this posture with only faint breathing and tiny settling movements. Preserve the individual cat's facial proportions, each anatomical eye's reference color, body proportions, paw anatomy, coat or bare-skin appearance, markings, ear type and existing tail anatomy as the pose changes. Keep the reference framing, background, floor and lighting consistent, with a locked camera and grounded shadows following the paw movements. The entire cat remains inside the original frame with clear margins throughout. Only the cat and this single connected wand occupy the scene; the feather tuft moves below the chin, keeping the eyes and face unobstructed.

overall_soundscape: Quiet studio ambience continues beneath a faint feather rustle and two soft paw-to-feather contacts during the alternating taps between 0.60 and 1.95 seconds. Light paw-pad landings accompany each paw's return to the floor. A final soft feather rustle ends as the wand leaves by 2.60 seconds; after 2.70 seconds, only room tone and faint breathing remain.

non_diegetic_music: N/A
"
cat_ids/20_埃及猫.png,"For the target video, at 0.00 seconds into the target video, <Picture 1> (from [Shot 1]) is fully referenced.

integrated_multimodal_description: [Shot 1] Live-action, photorealistic studio pet footage. A static medium full-body shot begins with the seated cat and scene in <Picture 1>. This is one continuous four-second shot. The cat makes one small forward-and-upward hop, lands softly and returns to a comfortable upright seated pose. From 0.00 to 0.30 seconds, it holds the initial seated pose. At 0.30 seconds, one quiet off-screen tongue click draws its gaze slightly above the camera. From 0.30 to 0.85 seconds, the cat leans its chest slightly forward, raises the hindquarters out of the seated position and folds the hind legs into a compact crouch, with both front paws still touching the floor. From 0.85 to 1.10 seconds, the hind legs extend to push against the floor while both front paws lift and reach a short distance forward. From 1.10 to 1.35 seconds, the body travels through one low, compact arc, with all four paws visibly clear of the floor together for a brief moment. The head and chest stay low enough to preserve the available headroom, and the paws remain beneath or just ahead of the body. From 1.35 to 1.65 seconds, the front paws touch down first, followed closely by the hind paws; the elbows and hind legs bend to absorb the landing. The landing is no more than one front-paw length ahead of the starting position. The shadow stays on the floor, visibly separating from the paws during the hop and reconnecting at landing. From 1.65 to 2.50 seconds, the cat lowers its hindquarters, makes a small front-paw placement adjustment beneath the shoulders and raises its chest into an upright, front-facing seated pose near the starting position. By 2.70 seconds, it is comfortably balanced with both front paws on the floor and a relaxed, attentive gaze. This seated posture continues through 3.00 seconds. From 3.00 to 4.00 seconds, the cat maintains the posture reached by 2.70 seconds, with only faint breathing and tiny settling movements. Preserve the individual cat's facial proportions, each anatomical eye's reference color, body proportions, paw anatomy, coat or bare-skin appearance, markings, ear type and existing tail anatomy as the pose changes. Keep the camera position, perspective, focal length, crop, focus, exposure, white balance, reference background, floor and lighting consistent. The entire cat, including the ears, paws and any visible tail, remains inside the original frame with clear margins throughout. Only the cat is visible, and the surrounding floor stays clear.

overall_soundscape: Quiet studio room tone continues throughout. One soft off-screen tongue click at 0.30 seconds is followed by faint paw movement during the crouch, a muted push-off and closely spaced soft paw-pad impacts during the landing between 1.35 and 1.65 seconds. The final paw adjustment finishes by 2.70 seconds, leaving only room tone and faint breathing.

non_diegetic_music: N/A
"
cat_ids/20_埃及猫.png,"For the target video, at 0.00 seconds into the target video, <Picture 1> (from [Shot 1]) is fully referenced.

integrated_multimodal_description: [Shot 1] Live-action, photorealistic studio pet footage. A static medium full-body shot begins with the seated cat and scene in <Picture 1>. This is one continuous four-second shot. The cat stays seated while playing with one feather teaser wand, making two light alternating front-paw taps before settling. From 0.00 to 0.20 seconds, it holds the initial seated pose. From 0.20 to 0.60 seconds, one small feather tuft attached directly to the tip of a slender flexible rod enters smoothly from the viewer's right. The tuft stops just ahead of the cat's lower chest, slightly toward the viewer's right and within easy paw reach. The visible rod extends continuously from the tuft through the right edge to an off-screen holder; the holder and hand remain outside the frame. The cat's eyes track the tuft and its head follows with a small turn. From 0.60 to 1.15 seconds, the tuft makes one short sideways sway. Keeping the hindquarters seated and the anatomical right front paw, on the viewer's left, planted for support, the cat lifts its anatomical left front paw, on the viewer's right, taps the tuft once and returns that paw to the floor. From 1.15 to 1.95 seconds, the rod guides the tuft through a short arc toward the viewer's left, just in front of the chest. The cat transfers support onto the now-planted left front paw, lifts the anatomical right front paw, taps the tuft once and returns that paw to the floor. Each paw contact briefly bends the feathers and deflects the rod tip; the tuft remains attached and visibly distinct from the paw. Only one front paw is raised at a time, and the hindquarters stay on the floor throughout. From 1.95 to 2.15 seconds, the wand pauses while the cat watches with both front paws down. From 2.15 to 2.60 seconds, the wand withdraws smoothly along a short path toward the viewer's right and exits completely through the same edge. The cat follows with its eyes and a small head turn, keeping both front paws on the floor. By 2.70 seconds, it rests in a comfortable upright seated pose, looking slightly toward the departed toy. This attentive posture continues through 3.00 seconds. From 3.00 to 4.00 seconds, the toy stays outside the frame and the cat maintains this posture with only faint breathing and tiny settling movements. Preserve the individual cat's facial proportions, each anatomical eye's reference color, body proportions, paw anatomy, coat or bare-skin appearance, markings, ear type and existing tail anatomy as the pose changes. Keep the reference framing, background, floor and lighting consistent, with a locked camera and grounded shadows following the paw movements. The entire cat remains inside the original frame with clear margins throughout. Only the cat and this single connected wand occupy the scene; the feather tuft moves below the chin, keeping the eyes and face unobstructed.

overall_soundscape: Quiet studio ambience continues beneath a faint feather rustle and two soft paw-to-feather contacts during the alternating taps between 0.60 and 1.95 seconds. Light paw-pad landings accompany each paw's return to the floor. A final soft feather rustle ends as the wand leaves by 2.60 seconds; after 2.70 seconds, only room tone and faint breathing remain.

non_diegetic_music: N/A
"
cat_ids/21_奥西猫黄褐色.png,"For the target video, at 0.00 seconds into the target video, <Picture 1> (from [Shot 1]) is fully referenced.

integrated_multimodal_description: [Shot 1] Live-action, photorealistic studio pet footage. A static medium full-body shot begins with the seated cat and scene in <Picture 1>. This is one continuous four-second shot. The cat makes one small forward-and-upward hop, lands softly and returns to a comfortable upright seated pose. From 0.00 to 0.30 seconds, it holds the initial seated pose. At 0.30 seconds, one quiet off-screen tongue click draws its gaze slightly above the camera. From 0.30 to 0.85 seconds, the cat leans its chest slightly forward, raises the hindquarters out of the seated position and folds the hind legs into a compact crouch, with both front paws still touching the floor. From 0.85 to 1.10 seconds, the hind legs extend to push against the floor while both front paws lift and reach a short distance forward. From 1.10 to 1.35 seconds, the body travels through one low, compact arc, with all four paws visibly clear of the floor together for a brief moment. The head and chest stay low enough to preserve the available headroom, and the paws remain beneath or just ahead of the body. From 1.35 to 1.65 seconds, the front paws touch down first, followed closely by the hind paws; the elbows and hind legs bend to absorb the landing. The landing is no more than one front-paw length ahead of the starting position. The shadow stays on the floor, visibly separating from the paws during the hop and reconnecting at landing. From 1.65 to 2.50 seconds, the cat lowers its hindquarters, makes a small front-paw placement adjustment beneath the shoulders and raises its chest into an upright, front-facing seated pose near the starting position. By 2.70 seconds, it is comfortably balanced with both front paws on the floor and a relaxed, attentive gaze. This seated posture continues through 3.00 seconds. From 3.00 to 4.00 seconds, the cat maintains the posture reached by 2.70 seconds, with only faint breathing and tiny settling movements. Preserve the individual cat's facial proportions, each anatomical eye's reference color, body proportions, paw anatomy, coat or bare-skin appearance, markings, ear type and existing tail anatomy as the pose changes. Keep the camera position, perspective, focal length, crop, focus, exposure, white balance, reference background, floor and lighting consistent. The entire cat, including the ears, paws and any visible tail, remains inside the original frame with clear margins throughout. Only the cat is visible, and the surrounding floor stays clear.

overall_soundscape: Quiet studio room tone continues throughout. One soft off-screen tongue click at 0.30 seconds is followed by faint paw movement during the crouch, a muted push-off and closely spaced soft paw-pad impacts during the landing between 1.35 and 1.65 seconds. The final paw adjustment finishes by 2.70 seconds, leaving only room tone and faint breathing.

non_diegetic_music: N/A
"
cat_ids/21_奥西猫黄褐色.png,"For the target video, at 0.00 seconds into the target video, <Picture 1> (from [Shot 1]) is fully referenced.

integrated_multimodal_description: [Shot 1] Live-action, photorealistic studio pet footage. A static medium full-body shot begins with the seated cat and scene in <Picture 1>. This is one continuous four-second shot. The cat stays seated while playing with one feather teaser wand, making two light alternating front-paw taps before settling. From 0.00 to 0.20 seconds, it holds the initial seated pose. From 0.20 to 0.60 seconds, one small feather tuft attached directly to the tip of a slender flexible rod enters smoothly from the viewer's right. The tuft stops just ahead of the cat's lower chest, slightly toward the viewer's right and within easy paw reach. The visible rod extends continuously from the tuft through the right edge to an off-screen holder; the holder and hand remain outside the frame. The cat's eyes track the tuft and its head follows with a small turn. From 0.60 to 1.15 seconds, the tuft makes one short sideways sway. Keeping the hindquarters seated and the anatomical right front paw, on the viewer's left, planted for support, the cat lifts its anatomical left front paw, on the viewer's right, taps the tuft once and returns that paw to the floor. From 1.15 to 1.95 seconds, the rod guides the tuft through a short arc toward the viewer's left, just in front of the chest. The cat transfers support onto the now-planted left front paw, lifts the anatomical right front paw, taps the tuft once and returns that paw to the floor. Each paw contact briefly bends the feathers and deflects the rod tip; the tuft remains attached and visibly distinct from the paw. Only one front paw is raised at a time, and the hindquarters stay on the floor throughout. From 1.95 to 2.15 seconds, the wand pauses while the cat watches with both front paws down. From 2.15 to 2.60 seconds, the wand withdraws smoothly along a short path toward the viewer's right and exits completely through the same edge. The cat follows with its eyes and a small head turn, keeping both front paws on the floor. By 2.70 seconds, it rests in a comfortable upright seated pose, looking slightly toward the departed toy. This attentive posture continues through 3.00 seconds. From 3.00 to 4.00 seconds, the toy stays outside the frame and the cat maintains this posture with only faint breathing and tiny settling movements. Preserve the individual cat's facial proportions, each anatomical eye's reference color, body proportions, paw anatomy, coat or bare-skin appearance, markings, ear type and existing tail anatomy as the pose changes. Keep the reference framing, background, floor and lighting consistent, with a locked camera and grounded shadows following the paw movements. The entire cat remains inside the original frame with clear margins throughout. Only the cat and this single connected wand occupy the scene; the feather tuft moves below the chin, keeping the eyes and face unobstructed.

overall_soundscape: Quiet studio ambience continues beneath a faint feather rustle and two soft paw-to-feather contacts during the alternating taps between 0.60 and 1.95 seconds. Light paw-pad landings accompany each paw's return to the floor. A final soft feather rustle ends as the wand leaves by 2.60 seconds; after 2.70 seconds, only room tone and faint breathing remain.

non_diegetic_music: N/A
"
cat_ids/22_萨凡纳猫.png,"For the target video, at 0.00 seconds into the target video, <Picture 1> (from [Shot 1]) is fully referenced.

integrated_multimodal_description: [Shot 1] Live-action, photorealistic studio pet footage. A static medium full-body shot begins with the seated cat and scene in <Picture 1>. This is one continuous four-second shot. The cat makes one small forward-and-upward hop, lands softly and returns to a comfortable upright seated pose. From 0.00 to 0.30 seconds, it holds the initial seated pose. At 0.30 seconds, one quiet off-screen tongue click draws its gaze slightly above the camera. From 0.30 to 0.85 seconds, the cat leans its chest slightly forward, raises the hindquarters out of the seated position and folds the hind legs into a compact crouch, with both front paws still touching the floor. From 0.85 to 1.10 seconds, the hind legs extend to push against the floor while both front paws lift and reach a short distance forward. From 1.10 to 1.35 seconds, the body travels through one low, compact arc, with all four paws visibly clear of the floor together for a brief moment. The head and chest stay low enough to preserve the available headroom, and the paws remain beneath or just ahead of the body. From 1.35 to 1.65 seconds, the front paws touch down first, followed closely by the hind paws; the elbows and hind legs bend to absorb the landing. The landing is no more than one front-paw length ahead of the starting position. The shadow stays on the floor, visibly separating from the paws during the hop and reconnecting at landing. From 1.65 to 2.50 seconds, the cat lowers its hindquarters, makes a small front-paw placement adjustment beneath the shoulders and raises its chest into an upright, front-facing seated pose near the starting position. By 2.70 seconds, it is comfortably balanced with both front paws on the floor and a relaxed, attentive gaze. This seated posture continues through 3.00 seconds. From 3.00 to 4.00 seconds, the cat maintains the posture reached by 2.70 seconds, with only faint breathing and tiny settling movements. Preserve the individual cat's facial proportions, each anatomical eye's reference color, body proportions, paw anatomy, coat or bare-skin appearance, markings, ear type and existing tail anatomy as the pose changes. Keep the camera position, perspective, focal length, crop, focus, exposure, white balance, reference background, floor and lighting consistent. The entire cat, including the ears, paws and any visible tail, remains inside the original frame with clear margins throughout. Only the cat is visible, and the surrounding floor stays clear.

overall_soundscape: Quiet studio room tone continues throughout. One soft off-screen tongue click at 0.30 seconds is followed by faint paw movement during the crouch, a muted push-off and closely spaced soft paw-pad impacts during the landing between 1.35 and 1.65 seconds. The final paw adjustment finishes by 2.70 seconds, leaving only room tone and faint breathing.

non_diegetic_music: N/A
"
cat_ids/22_萨凡纳猫.png,"For the target video, at 0.00 seconds into the target video, <Picture 1> (from [Shot 1]) is fully referenced.

integrated_multimodal_description: [Shot 1] Live-action, photorealistic studio pet footage. A static medium full-body shot begins with the seated cat and scene in <Picture 1>. This is one continuous four-second shot. The cat stays seated while playing with one feather teaser wand, making two light alternating front-paw taps before settling. From 0.00 to 0.20 seconds, it holds the initial seated pose. From 0.20 to 0.60 seconds, one small feather tuft attached directly to the tip of a slender flexible rod enters smoothly from the viewer's right. The tuft stops just ahead of the cat's lower chest, slightly toward the viewer's right and within easy paw reach. The visible rod extends continuously from the tuft through the right edge to an off-screen holder; the holder and hand remain outside the frame. The cat's eyes track the tuft and its head follows with a small turn. From 0.60 to 1.15 seconds, the tuft makes one short sideways sway. Keeping the hindquarters seated and the anatomical right front paw, on the viewer's left, planted for support, the cat lifts its anatomical left front paw, on the viewer's right, taps the tuft once and returns that paw to the floor. From 1.15 to 1.95 seconds, the rod guides the tuft through a short arc toward the viewer's left, just in front of the chest. The cat transfers support onto the now-planted left front paw, lifts the anatomical right front paw, taps the tuft once and returns that paw to the floor. Each paw contact briefly bends the feathers and deflects the rod tip; the tuft remains attached and visibly distinct from the paw. Only one front paw is raised at a time, and the hindquarters stay on the floor throughout. From 1.95 to 2.15 seconds, the wand pauses while the cat watches with both front paws down. From 2.15 to 2.60 seconds, the wand withdraws smoothly along a short path toward the viewer's right and exits completely through the same edge. The cat follows with its eyes and a small head turn, keeping both front paws on the floor. By 2.70 seconds, it rests in a comfortable upright seated pose, looking slightly toward the departed toy. This attentive posture continues through 3.00 seconds. From 3.00 to 4.00 seconds, the toy stays outside the frame and the cat maintains this posture with only faint breathing and tiny settling movements. Preserve the individual cat's facial proportions, each anatomical eye's reference color, body proportions, paw anatomy, coat or bare-skin appearance, markings, ear type and existing tail anatomy as the pose changes. Keep the reference framing, background, floor and lighting consistent, with a locked camera and grounded shadows following the paw movements. The entire cat remains inside the original frame with clear margins throughout. Only the cat and this single connected wand occupy the scene; the feather tuft moves below the chin, keeping the eyes and face unobstructed.

overall_soundscape: Quiet studio ambience continues beneath a faint feather rustle and two soft paw-to-feather contacts during the alternating taps between 0.60 and 1.95 seconds. Light paw-pad landings accompany each paw's return to the floor. A final soft feather rustle ends as the wand leaves by 2.60 seconds; after 2.70 seconds, only room tone and faint breathing remain.

non_diegetic_music: N/A
"
cat_ids/23_缅因猫.png,"For the target video, at 0.00 seconds into the target video, <Picture 1> (from [Shot 1]) is fully referenced.

integrated_multimodal_description: [Shot 1] Live-action, photorealistic studio pet footage. A static medium full-body shot begins with the seated cat and scene in <Picture 1>. This is one continuous four-second shot. The cat makes one small forward-and-upward hop, lands softly and returns to a comfortable upright seated pose. From 0.00 to 0.30 seconds, it holds the initial seated pose. At 0.30 seconds, one quiet off-screen tongue click draws its gaze slightly above the camera. From 0.30 to 0.85 seconds, the cat leans its chest slightly forward, raises the hindquarters out of the seated position and folds the hind legs into a compact crouch, with both front paws still touching the floor. From 0.85 to 1.10 seconds, the hind legs extend to push against the floor while both front paws lift and reach a short distance forward. From 1.10 to 1.35 seconds, the body travels through one low, compact arc, with all four paws visibly clear of the floor together for a brief moment. The head and chest stay low enough to preserve the available headroom, and the paws remain beneath or just ahead of the body. From 1.35 to 1.65 seconds, the front paws touch down first, followed closely by the hind paws; the elbows and hind legs bend to absorb the landing. The landing is no more than one front-paw length ahead of the starting position. The shadow stays on the floor, visibly separating from the paws during the hop and reconnecting at landing. From 1.65 to 2.50 seconds, the cat lowers its hindquarters, makes a small front-paw placement adjustment beneath the shoulders and raises its chest into an upright, front-facing seated pose near the starting position. By 2.70 seconds, it is comfortably balanced with both front paws on the floor and a relaxed, attentive gaze. This seated posture continues through 3.00 seconds. From 3.00 to 4.00 seconds, the cat maintains the posture reached by 2.70 seconds, with only faint breathing and tiny settling movements. Preserve the individual cat's facial proportions, each anatomical eye's reference color, body proportions, paw anatomy, coat or bare-skin appearance, markings, ear type and existing tail anatomy as the pose changes. Keep the camera position, perspective, focal length, crop, focus, exposure, white balance, reference background, floor and lighting consistent. The entire cat, including the ears, paws and any visible tail, remains inside the original frame with clear margins throughout. Only the cat is visible, and the surrounding floor stays clear.

overall_soundscape: Quiet studio room tone continues throughout. One soft off-screen tongue click at 0.30 seconds is followed by faint paw movement during the crouch, a muted push-off and closely spaced soft paw-pad impacts during the landing between 1.35 and 1.65 seconds. The final paw adjustment finishes by 2.70 seconds, leaving only room tone and faint breathing.

non_diegetic_music: N/A
"
cat_ids/23_缅因猫.png,"For the target video, at 0.00 seconds into the target video, <Picture 1> (from [Shot 1]) is fully referenced.

integrated_multimodal_description: [Shot 1] Live-action, photorealistic studio pet footage. A static medium full-body shot begins with the seated cat and scene in <Picture 1>. This is one continuous four-second shot. The cat stays seated while playing with one feather teaser wand, making two light alternating front-paw taps before settling. From 0.00 to 0.20 seconds, it holds the initial seated pose. From 0.20 to 0.60 seconds, one small feather tuft attached directly to the tip of a slender flexible rod enters smoothly from the viewer's right. The tuft stops just ahead of the cat's lower chest, slightly toward the viewer's right and within easy paw reach. The visible rod extends continuously from the tuft through the right edge to an off-screen holder; the holder and hand remain outside the frame. The cat's eyes track the tuft and its head follows with a small turn. From 0.60 to 1.15 seconds, the tuft makes one short sideways sway. Keeping the hindquarters seated and the anatomical right front paw, on the viewer's left, planted for support, the cat lifts its anatomical left front paw, on the viewer's right, taps the tuft once and returns that paw to the floor. From 1.15 to 1.95 seconds, the rod guides the tuft through a short arc toward the viewer's left, just in front of the chest. The cat transfers support onto the now-planted left front paw, lifts the anatomical right front paw, taps the tuft once and returns that paw to the floor. Each paw contact briefly bends the feathers and deflects the rod tip; the tuft remains attached and visibly distinct from the paw. Only one front paw is raised at a time, and the hindquarters stay on the floor throughout. From 1.95 to 2.15 seconds, the wand pauses while the cat watches with both front paws down. From 2.15 to 2.60 seconds, the wand withdraws smoothly along a short path toward the viewer's right and exits completely through the same edge. The cat follows with its eyes and a small head turn, keeping both front paws on the floor. By 2.70 seconds, it rests in a comfortable upright seated pose, looking slightly toward the departed toy. This attentive posture continues through 3.00 seconds. From 3.00 to 4.00 seconds, the toy stays outside the frame and the cat maintains this posture with only faint breathing and tiny settling movements. Preserve the individual cat's facial proportions, each anatomical eye's reference color, body proportions, paw anatomy, coat or bare-skin appearance, markings, ear type and existing tail anatomy as the pose changes. Keep the reference framing, background, floor and lighting consistent, with a locked camera and grounded shadows following the paw movements. The entire cat remains inside the original frame with clear margins throughout. Only the cat and this single connected wand occupy the scene; the feather tuft moves below the chin, keeping the eyes and face unobstructed.

overall_soundscape: Quiet studio ambience continues beneath a faint feather rustle and two soft paw-to-feather contacts during the alternating taps between 0.60 and 1.95 seconds. Light paw-pad landings accompany each paw's return to the floor. A final soft feather rustle ends as the wand leaves by 2.60 seconds; after 2.70 seconds, only room tone and faint breathing remain.

non_diegetic_music: N/A
"
cat_ids/24_挪威森林猫琥珀色.png,"For the target video, at 0.00 seconds into the target video, <Picture 1> (from [Shot 1]) is fully referenced.

integrated_multimodal_description: [Shot 1] Live-action, photorealistic studio pet footage. A static medium full-body shot begins with the seated cat and scene in <Picture 1>. This is one continuous four-second shot. The cat makes one small forward-and-upward hop, lands softly and returns to a comfortable upright seated pose. From 0.00 to 0.30 seconds, it holds the initial seated pose. At 0.30 seconds, one quiet off-screen tongue click draws its gaze slightly above the camera. From 0.30 to 0.85 seconds, the cat leans its chest slightly forward, raises the hindquarters out of the seated position and folds the hind legs into a compact crouch, with both front paws still touching the floor. From 0.85 to 1.10 seconds, the hind legs extend to push against the floor while both front paws lift and reach a short distance forward. From 1.10 to 1.35 seconds, the body travels through one low, compact arc, with all four paws visibly clear of the floor together for a brief moment. The head and chest stay low enough to preserve the available headroom, and the paws remain beneath or just ahead of the body. From 1.35 to 1.65 seconds, the front paws touch down first, followed closely by the hind paws; the elbows and hind legs bend to absorb the landing. The landing is no more than one front-paw length ahead of the starting position. The shadow stays on the floor, visibly separating from the paws during the hop and reconnecting at landing. From 1.65 to 2.50 seconds, the cat lowers its hindquarters, makes a small front-paw placement adjustment beneath the shoulders and raises its chest into an upright, front-facing seated pose near the starting position. By 2.70 seconds, it is comfortably balanced with both front paws on the floor and a relaxed, attentive gaze. This seated posture continues through 3.00 seconds. From 3.00 to 4.00 seconds, the cat maintains the posture reached by 2.70 seconds, with only faint breathing and tiny settling movements. Preserve the individual cat's facial proportions, each anatomical eye's reference color, body proportions, paw anatomy, coat or bare-skin appearance, markings, ear type and existing tail anatomy as the pose changes. Keep the camera position, perspective, focal length, crop, focus, exposure, white balance, reference background, floor and lighting consistent. The entire cat, including the ears, paws and any visible tail, remains inside the original frame with clear margins throughout. Only the cat is visible, and the surrounding floor stays clear.

overall_soundscape: Quiet studio room tone continues throughout. One soft off-screen tongue click at 0.30 seconds is followed by faint paw movement during the crouch, a muted push-off and closely spaced soft paw-pad impacts during the landing between 1.35 and 1.65 seconds. The final paw adjustment finishes by 2.70 seconds, leaving only room tone and faint breathing.

non_diegetic_music: N/A
"
cat_ids/24_挪威森林猫琥珀色.png,"For the target video, at 0.00 seconds into the target video, <Picture 1> (from [Shot 1]) is fully referenced.

integrated_multimodal_description: [Shot 1] Live-action, photorealistic studio pet footage. A static medium full-body shot begins with the seated cat and scene in <Picture 1>. This is one continuous four-second shot. The cat stays seated while playing with one feather teaser wand, making two light alternating front-paw taps before settling. From 0.00 to 0.20 seconds, it holds the initial seated pose. From 0.20 to 0.60 seconds, one small feather tuft attached directly to the tip of a slender flexible rod enters smoothly from the viewer's right. The tuft stops just ahead of the cat's lower chest, slightly toward the viewer's right and within easy paw reach. The visible rod extends continuously from the tuft through the right edge to an off-screen holder; the holder and hand remain outside the frame. The cat's eyes track the tuft and its head follows with a small turn. From 0.60 to 1.15 seconds, the tuft makes one short sideways sway. Keeping the hindquarters seated and the anatomical right front paw, on the viewer's left, planted for support, the cat lifts its anatomical left front paw, on the viewer's right, taps the tuft once and returns that paw to the floor. From 1.15 to 1.95 seconds, the rod guides the tuft through a short arc toward the viewer's left, just in front of the chest. The cat transfers support onto the now-planted left front paw, lifts the anatomical right front paw, taps the tuft once and returns that paw to the floor. Each paw contact briefly bends the feathers and deflects the rod tip; the tuft remains attached and visibly distinct from the paw. Only one front paw is raised at a time, and the hindquarters stay on the floor throughout. From 1.95 to 2.15 seconds, the wand pauses while the cat watches with both front paws down. From 2.15 to 2.60 seconds, the wand withdraws smoothly along a short path toward the viewer's right and exits completely through the same edge. The cat follows with its eyes and a small head turn, keeping both front paws on the floor. By 2.70 seconds, it rests in a comfortable upright seated pose, looking slightly toward the departed toy. This attentive posture continues through 3.00 seconds. From 3.00 to 4.00 seconds, the toy stays outside the frame and the cat maintains this posture with only faint breathing and tiny settling movements. Preserve the individual cat's facial proportions, each anatomical eye's reference color, body proportions, paw anatomy, coat or bare-skin appearance, markings, ear type and existing tail anatomy as the pose changes. Keep the reference framing, background, floor and lighting consistent, with a locked camera and grounded shadows following the paw movements. The entire cat remains inside the original frame with clear margins throughout. Only the cat and this single connected wand occupy the scene; the feather tuft moves below the chin, keeping the eyes and face unobstructed.

overall_soundscape: Quiet studio ambience continues beneath a faint feather rustle and two soft paw-to-feather contacts during the alternating taps between 0.60 and 1.95 seconds. Light paw-pad landings accompany each paw's return to the floor. A final soft feather rustle ends as the wand leaves by 2.60 seconds; after 2.70 seconds, only room tone and faint breathing remain.

non_diegetic_music: N/A
"
cat_ids/25_西伯利亚猫银色.png,"For the target video, at 0.00 seconds into the target video, <Picture 1> (from [Shot 1]) is fully referenced.

integrated_multimodal_description: [Shot 1] Live-action, photorealistic studio pet footage. A static medium full-body shot begins with the seated cat and scene in <Picture 1>. This is one continuous four-second shot. The cat makes one small forward-and-upward hop, lands softly and returns to a comfortable upright seated pose. From 0.00 to 0.30 seconds, it holds the initial seated pose. At 0.30 seconds, one quiet off-screen tongue click draws its gaze slightly above the camera. From 0.30 to 0.85 seconds, the cat leans its chest slightly forward, raises the hindquarters out of the seated position and folds the hind legs into a compact crouch, with both front paws still touching the floor. From 0.85 to 1.10 seconds, the hind legs extend to push against the floor while both front paws lift and reach a short distance forward. From 1.10 to 1.35 seconds, the body travels through one low, compact arc, with all four paws visibly clear of the floor together for a brief moment. The head and chest stay low enough to preserve the available headroom, and the paws remain beneath or just ahead of the body. From 1.35 to 1.65 seconds, the front paws touch down first, followed closely by the hind paws; the elbows and hind legs bend to absorb the landing. The landing is no more than one front-paw length ahead of the starting position. The shadow stays on the floor, visibly separating from the paws during the hop and reconnecting at landing. From 1.65 to 2.50 seconds, the cat lowers its hindquarters, makes a small front-paw placement adjustment beneath the shoulders and raises its chest into an upright, front-facing seated pose near the starting position. By 2.70 seconds, it is comfortably balanced with both front paws on the floor and a relaxed, attentive gaze. This seated posture continues through 3.00 seconds. From 3.00 to 4.00 seconds, the cat maintains the posture reached by 2.70 seconds, with only faint breathing and tiny settling movements. Preserve the individual cat's facial proportions, each anatomical eye's reference color, body proportions, paw anatomy, coat or bare-skin appearance, markings, ear type and existing tail anatomy as the pose changes. Keep the camera position, perspective, focal length, crop, focus, exposure, white balance, reference background, floor and lighting consistent. The entire cat, including the ears, paws and any visible tail, remains inside the original frame with clear margins throughout. Only the cat is visible, and the surrounding floor stays clear.

overall_soundscape: Quiet studio room tone continues throughout. One soft off-screen tongue click at 0.30 seconds is followed by faint paw movement during the crouch, a muted push-off and closely spaced soft paw-pad impacts during the landing between 1.35 and 1.65 seconds. The final paw adjustment finishes by 2.70 seconds, leaving only room tone and faint breathing.

non_diegetic_music: N/A
"
cat_ids/25_西伯利亚猫银色.png,"For the target video, at 0.00 seconds into the target video, <Picture 1> (from [Shot 1]) is fully referenced.

integrated_multimodal_description: [Shot 1] Live-action, photorealistic studio pet footage. A static medium full-body shot begins with the seated cat and scene in <Picture 1>. This is one continuous four-second shot. The cat stays seated while playing with one feather teaser wand, making two light alternating front-paw taps before settling. From 0.00 to 0.20 seconds, it holds the initial seated pose. From 0.20 to 0.60 seconds, one small feather tuft attached directly to the tip of a slender flexible rod enters smoothly from the viewer's right. The tuft stops just ahead of the cat's lower chest, slightly toward the viewer's right and within easy paw reach. The visible rod extends continuously from the tuft through the right edge to an off-screen holder; the holder and hand remain outside the frame. The cat's eyes track the tuft and its head follows with a small turn. From 0.60 to 1.15 seconds, the tuft makes one short sideways sway. Keeping the hindquarters seated and the anatomical right front paw, on the viewer's left, planted for support, the cat lifts its anatomical left front paw, on the viewer's right, taps the tuft once and returns that paw to the floor. From 1.15 to 1.95 seconds, the rod guides the tuft through a short arc toward the viewer's left, just in front of the chest. The cat transfers support onto the now-planted left front paw, lifts the anatomical right front paw, taps the tuft once and returns that paw to the floor. Each paw contact briefly bends the feathers and deflects the rod tip; the tuft remains attached and visibly distinct from the paw. Only one front paw is raised at a time, and the hindquarters stay on the floor throughout. From 1.95 to 2.15 seconds, the wand pauses while the cat watches with both front paws down. From 2.15 to 2.60 seconds, the wand withdraws smoothly along a short path toward the viewer's right and exits completely through the same edge. The cat follows with its eyes and a small head turn, keeping both front paws on the floor. By 2.70 seconds, it rests in a comfortable upright seated pose, looking slightly toward the departed toy. This attentive posture continues through 3.00 seconds. From 3.00 to 4.00 seconds, the toy stays outside the frame and the cat maintains this posture with only faint breathing and tiny settling movements. Preserve the individual cat's facial proportions, each anatomical eye's reference color, body proportions, paw anatomy, coat or bare-skin appearance, markings, ear type and existing tail anatomy as the pose changes. Keep the reference framing, background, floor and lighting consistent, with a locked camera and grounded shadows following the paw movements. The entire cat remains inside the original frame with clear margins throughout. Only the cat and this single connected wand occupy the scene; the feather tuft moves below the chin, keeping the eyes and face unobstructed.

overall_soundscape: Quiet studio ambience continues beneath a faint feather rustle and two soft paw-to-feather contacts during the alternating taps between 0.60 and 1.95 seconds. Light paw-pad landings accompany each paw's return to the floor. A final soft feather rustle ends as the wand leaves by 2.60 seconds; after 2.70 seconds, only room tone and faint breathing remain.

non_diegetic_music: N/A
"
cat_ids/26_涅瓦假面猫海豹山猫纹.png,"For the target video, at 0.00 seconds into the target video, <Picture 1> (from [Shot 1]) is fully referenced.

integrated_multimodal_description: [Shot 1] Live-action, photorealistic studio pet footage. A static medium full-body shot begins with the seated cat and scene in <Picture 1>. This is one continuous four-second shot. The cat makes one small forward-and-upward hop, lands softly and returns to a comfortable upright seated pose. From 0.00 to 0.30 seconds, it holds the initial seated pose. At 0.30 seconds, one quiet off-screen tongue click draws its gaze slightly above the camera. From 0.30 to 0.85 seconds, the cat leans its chest slightly forward, raises the hindquarters out of the seated position and folds the hind legs into a compact crouch, with both front paws still touching the floor. From 0.85 to 1.10 seconds, the hind legs extend to push against the floor while both front paws lift and reach a short distance forward. From 1.10 to 1.35 seconds, the body travels through one low, compact arc, with all four paws visibly clear of the floor together for a brief moment. The head and chest stay low enough to preserve the available headroom, and the paws remain beneath or just ahead of the body. From 1.35 to 1.65 seconds, the front paws touch down first, followed closely by the hind paws; the elbows and hind legs bend to absorb the landing. The landing is no more than one front-paw length ahead of the starting position. The shadow stays on the floor, visibly separating from the paws during the hop and reconnecting at landing. From 1.65 to 2.50 seconds, the cat lowers its hindquarters, makes a small front-paw placement adjustment beneath the shoulders and raises its chest into an upright, front-facing seated pose near the starting position. By 2.70 seconds, it is comfortably balanced with both front paws on the floor and a relaxed, attentive gaze. This seated posture continues through 3.00 seconds. From 3.00 to 4.00 seconds, the cat maintains the posture reached by 2.70 seconds, with only faint breathing and tiny settling movements. Preserve the individual cat's facial proportions, each anatomical eye's reference color, body proportions, paw anatomy, coat or bare-skin appearance, markings, ear type and existing tail anatomy as the pose changes. Keep the camera position, perspective, focal length, crop, focus, exposure, white balance, reference background, floor and lighting consistent. The entire cat, including the ears, paws and any visible tail, remains inside the original frame with clear margins throughout. Only the cat is visible, and the surrounding floor stays clear.

overall_soundscape: Quiet studio room tone continues throughout. One soft off-screen tongue click at 0.30 seconds is followed by faint paw movement during the crouch, a muted push-off and closely spaced soft paw-pad impacts during the landing between 1.35 and 1.65 seconds. The final paw adjustment finishes by 2.70 seconds, leaving only room tone and faint breathing.

non_diegetic_music: N/A
"
cat_ids/26_涅瓦假面猫海豹山猫纹.png,"For the target video, at 0.00 seconds into the target video, <Picture 1> (from [Shot 1]) is fully referenced.

integrated_multimodal_description: [Shot 1] Live-action, photorealistic studio pet footage. A static medium full-body shot begins with the seated cat and scene in <Picture 1>. This is one continuous four-second shot. The cat stays seated while playing with one feather teaser wand, making two light alternating front-paw taps before settling. From 0.00 to 0.20 seconds, it holds the initial seated pose. From 0.20 to 0.60 seconds, one small feather tuft attached directly to the tip of a slender flexible rod enters smoothly from the viewer's right. The tuft stops just ahead of the cat's lower chest, slightly toward the viewer's right and within easy paw reach. The visible rod extends continuously from the tuft through the right edge to an off-screen holder; the holder and hand remain outside the frame. The cat's eyes track the tuft and its head follows with a small turn. From 0.60 to 1.15 seconds, the tuft makes one short sideways sway. Keeping the hindquarters seated and the anatomical right front paw, on the viewer's left, planted for support, the cat lifts its anatomical left front paw, on the viewer's right, taps the tuft once and returns that paw to the floor. From 1.15 to 1.95 seconds, the rod guides the tuft through a short arc toward the viewer's left, just in front of the chest. The cat transfers support onto the now-planted left front paw, lifts the anatomical right front paw, taps the tuft once and returns that paw to the floor. Each paw contact briefly bends the feathers and deflects the rod tip; the tuft remains attached and visibly distinct from the paw. Only one front paw is raised at a time, and the hindquarters stay on the floor throughout. From 1.95 to 2.15 seconds, the wand pauses while the cat watches with both front paws down. From 2.15 to 2.60 seconds, the wand withdraws smoothly along a short path toward the viewer's right and exits completely through the same edge. The cat follows with its eyes and a small head turn, keeping both front paws on the floor. By 2.70 seconds, it rests in a comfortable upright seated pose, looking slightly toward the departed toy. This attentive posture continues through 3.00 seconds. From 3.00 to 4.00 seconds, the toy stays outside the frame and the cat maintains this posture with only faint breathing and tiny settling movements. Preserve the individual cat's facial proportions, each anatomical eye's reference color, body proportions, paw anatomy, coat or bare-skin appearance, markings, ear type and existing tail anatomy as the pose changes. Keep the reference framing, background, floor and lighting consistent, with a locked camera and grounded shadows following the paw movements. The entire cat remains inside the original frame with clear margins throughout. Only the cat and this single connected wand occupy the scene; the feather tuft moves below the chin, keeping the eyes and face unobstructed.

overall_soundscape: Quiet studio ambience continues beneath a faint feather rustle and two soft paw-to-feather contacts during the alternating taps between 0.60 and 1.95 seconds. Light paw-pad landings accompany each paw's return to the floor. A final soft feather rustle ends as the wand leaves by 2.60 seconds; after 2.70 seconds, only room tone and faint breathing remain.

non_diegetic_music: N/A
"
cat_ids/27_布偶猫蓝双色.png,"For the target video, at 0.00 seconds into the target video, <Picture 1> (from [Shot 1]) is fully referenced.

integrated_multimodal_description: [Shot 1] Live-action, photorealistic studio pet footage. A static medium full-body shot begins with the seated cat and scene in <Picture 1>. This is one continuous four-second shot. The cat makes one small forward-and-upward hop, lands softly and returns to a comfortable upright seated pose. From 0.00 to 0.30 seconds, it holds the initial seated pose. At 0.30 seconds, one quiet off-screen tongue click draws its gaze slightly above the camera. From 0.30 to 0.85 seconds, the cat leans its chest slightly forward, raises the hindquarters out of the seated position and folds the hind legs into a compact crouch, with both front paws still touching the floor. From 0.85 to 1.10 seconds, the hind legs extend to push against the floor while both front paws lift and reach a short distance forward. From 1.10 to 1.35 seconds, the body travels through one low, compact arc, with all four paws visibly clear of the floor together for a brief moment. The head and chest stay low enough to preserve the available headroom, and the paws remain beneath or just ahead of the body. From 1.35 to 1.65 seconds, the front paws touch down first, followed closely by the hind paws; the elbows and hind legs bend to absorb the landing. The landing is no more than one front-paw length ahead of the starting position. The shadow stays on the floor, visibly separating from the paws during the hop and reconnecting at landing. From 1.65 to 2.50 seconds, the cat lowers its hindquarters, makes a small front-paw placement adjustment beneath the shoulders and raises its chest into an upright, front-facing seated pose near the starting position. By 2.70 seconds, it is comfortably balanced with both front paws on the floor and a relaxed, attentive gaze. This seated posture continues through 3.00 seconds. From 3.00 to 4.00 seconds, the cat maintains the posture reached by 2.70 seconds, with only faint breathing and tiny settling movements. Preserve the individual cat's facial proportions, each anatomical eye's reference color, body proportions, paw anatomy, coat or bare-skin appearance, markings, ear type and existing tail anatomy as the pose changes. Keep the camera position, perspective, focal length, crop, focus, exposure, white balance, reference background, floor and lighting consistent. The entire cat, including the ears, paws and any visible tail, remains inside the original frame with clear margins throughout. Only the cat is visible, and the surrounding floor stays clear.

overall_soundscape: Quiet studio room tone continues throughout. One soft off-screen tongue click at 0.30 seconds is followed by faint paw movement during the crouch, a muted push-off and closely spaced soft paw-pad impacts during the landing between 1.35 and 1.65 seconds. The final paw adjustment finishes by 2.70 seconds, leaving only room tone and faint breathing.

non_diegetic_music: N/A
"
cat_ids/27_布偶猫蓝双色.png,"For the target video, at 0.00 seconds into the target video, <Picture 1> (from [Shot 1]) is fully referenced.

integrated_multimodal_description: [Shot 1] Live-action, photorealistic studio pet footage. A static medium full-body shot begins with the seated cat and scene in <Picture 1>. This is one continuous four-second shot. The cat stays seated while playing with one feather teaser wand, making two light alternating front-paw taps before settling. From 0.00 to 0.20 seconds, it holds the initial seated pose. From 0.20 to 0.60 seconds, one small feather tuft attached directly to the tip of a slender flexible rod enters smoothly from the viewer's right. The tuft stops just ahead of the cat's lower chest, slightly toward the viewer's right and within easy paw reach. The visible rod extends continuously from the tuft through the right edge to an off-screen holder; the holder and hand remain outside the frame. The cat's eyes track the tuft and its head follows with a small turn. From 0.60 to 1.15 seconds, the tuft makes one short sideways sway. Keeping the hindquarters seated and the anatomical right front paw, on the viewer's left, planted for support, the cat lifts its anatomical left front paw, on the viewer's right, taps the tuft once and returns that paw to the floor. From 1.15 to 1.95 seconds, the rod guides the tuft through a short arc toward the viewer's left, just in front of the chest. The cat transfers support onto the now-planted left front paw, lifts the anatomical right front paw, taps the tuft once and returns that paw to the floor. Each paw contact briefly bends the feathers and deflects the rod tip; the tuft remains attached and visibly distinct from the paw. Only one front paw is raised at a time, and the hindquarters stay on the floor throughout. From 1.95 to 2.15 seconds, the wand pauses while the cat watches with both front paws down. From 2.15 to 2.60 seconds, the wand withdraws smoothly along a short path toward the viewer's right and exits completely through the same edge. The cat follows with its eyes and a small head turn, keeping both front paws on the floor. By 2.70 seconds, it rests in a comfortable upright seated pose, looking slightly toward the departed toy. This attentive posture continues through 3.00 seconds. From 3.00 to 4.00 seconds, the toy stays outside the frame and the cat maintains this posture with only faint breathing and tiny settling movements. Preserve the individual cat's facial proportions, each anatomical eye's reference color, body proportions, paw anatomy, coat or bare-skin appearance, markings, ear type and existing tail anatomy as the pose changes. Keep the reference framing, background, floor and lighting consistent, with a locked camera and grounded shadows following the paw movements. The entire cat remains inside the original frame with clear margins throughout. Only the cat and this single connected wand occupy the scene; the feather tuft moves below the chin, keeping the eyes and face unobstructed.

overall_soundscape: Quiet studio ambience continues beneath a faint feather rustle and two soft paw-to-feather contacts during the alternating taps between 0.60 and 1.95 seconds. Light paw-pad landings accompany each paw's return to the floor. A final soft feather rustle ends as the wand leaves by 2.60 seconds; after 2.70 seconds, only room tone and faint breathing remain.

non_diegetic_music: N/A
"
cat_ids/28_伯曼猫海豹重点色.png,"For the target video, at 0.00 seconds into the target video, <Picture 1> (from [Shot 1]) is fully referenced.

integrated_multimodal_description: [Shot 1] Live-action, photorealistic studio pet footage. A static medium full-body shot begins with the seated cat and scene in <Picture 1>. This is one continuous four-second shot. The cat makes one small forward-and-upward hop, lands softly and returns to a comfortable upright seated pose. From 0.00 to 0.30 seconds, it holds the initial seated pose. At 0.30 seconds, one quiet off-screen tongue click draws its gaze slightly above the camera. From 0.30 to 0.85 seconds, the cat leans its chest slightly forward, raises the hindquarters out of the seated position and folds the hind legs into a compact crouch, with both front paws still touching the floor. From 0.85 to 1.10 seconds, the hind legs extend to push against the floor while both front paws lift and reach a short distance forward. From 1.10 to 1.35 seconds, the body travels through one low, compact arc, with all four paws visibly clear of the floor together for a brief moment. The head and chest stay low enough to preserve the available headroom, and the paws remain beneath or just ahead of the body. From 1.35 to 1.65 seconds, the front paws touch down first, followed closely by the hind paws; the elbows and hind legs bend to absorb the landing. The landing is no more than one front-paw length ahead of the starting position. The shadow stays on the floor, visibly separating from the paws during the hop and reconnecting at landing. From 1.65 to 2.50 seconds, the cat lowers its hindquarters, makes a small front-paw placement adjustment beneath the shoulders and raises its chest into an upright, front-facing seated pose near the starting position. By 2.70 seconds, it is comfortably balanced with both front paws on the floor and a relaxed, attentive gaze. This seated posture continues through 3.00 seconds. From 3.00 to 4.00 seconds, the cat maintains the posture reached by 2.70 seconds, with only faint breathing and tiny settling movements. Preserve the individual cat's facial proportions, each anatomical eye's reference color, body proportions, paw anatomy, coat or bare-skin appearance, markings, ear type and existing tail anatomy as the pose changes. Keep the camera position, perspective, focal length, crop, focus, exposure, white balance, reference background, floor and lighting consistent. The entire cat, including the ears, paws and any visible tail, remains inside the original frame with clear margins throughout. Only the cat is visible, and the surrounding floor stays clear.

overall_soundscape: Quiet studio room tone continues throughout. One soft off-screen tongue click at 0.30 seconds is followed by faint paw movement during the crouch, a muted push-off and closely spaced soft paw-pad impacts during the landing between 1.35 and 1.65 seconds. The final paw adjustment finishes by 2.70 seconds, leaving only room tone and faint breathing.

non_diegetic_music: N/A
"
cat_ids/28_伯曼猫海豹重点色.png,"For the target video, at 0.00 seconds into the target video, <Picture 1> (from [Shot 1]) is fully referenced.

integrated_multimodal_description: [Shot 1] Live-action, photorealistic studio pet footage. A static medium full-body shot begins with the seated cat and scene in <Picture 1>. This is one continuous four-second shot. The cat stays seated while playing with one feather teaser wand, making two light alternating front-paw taps before settling. From 0.00 to 0.20 seconds, it holds the initial seated pose. From 0.20 to 0.60 seconds, one small feather tuft attached directly to the tip of a slender flexible rod enters smoothly from the viewer's right. The tuft stops just ahead of the cat's lower chest, slightly toward the viewer's right and within easy paw reach. The visible rod extends continuously from the tuft through the right edge to an off-screen holder; the holder and hand remain outside the frame. The cat's eyes track the tuft and its head follows with a small turn. From 0.60 to 1.15 seconds, the tuft makes one short sideways sway. Keeping the hindquarters seated and the anatomical right front paw, on the viewer's left, planted for support, the cat lifts its anatomical left front paw, on the viewer's right, taps the tuft once and returns that paw to the floor. From 1.15 to 1.95 seconds, the rod guides the tuft through a short arc toward the viewer's left, just in front of the chest. The cat transfers support onto the now-planted left front paw, lifts the anatomical right front paw, taps the tuft once and returns that paw to the floor. Each paw contact briefly bends the feathers and deflects the rod tip; the tuft remains attached and visibly distinct from the paw. Only one front paw is raised at a time, and the hindquarters stay on the floor throughout. From 1.95 to 2.15 seconds, the wand pauses while the cat watches with both front paws down. From 2.15 to 2.60 seconds, the wand withdraws smoothly along a short path toward the viewer's right and exits completely through the same edge. The cat follows with its eyes and a small head turn, keeping both front paws on the floor. By 2.70 seconds, it rests in a comfortable upright seated pose, looking slightly toward the departed toy. This attentive posture continues through 3.00 seconds. From 3.00 to 4.00 seconds, the toy stays outside the frame and the cat maintains this posture with only faint breathing and tiny settling movements. Preserve the individual cat's facial proportions, each anatomical eye's reference color, body proportions, paw anatomy, coat or bare-skin appearance, markings, ear type and existing tail anatomy as the pose changes. Keep the reference framing, background, floor and lighting consistent, with a locked camera and grounded shadows following the paw movements. The entire cat remains inside the original frame with clear margins throughout. Only the cat and this single connected wand occupy the scene; the feather tuft moves below the chin, keeping the eyes and face unobstructed.

overall_soundscape: Quiet studio ambience continues beneath a faint feather rustle and two soft paw-to-feather contacts during the alternating taps between 0.60 and 1.95 seconds. Light paw-pad landings accompany each paw's return to the floor. A final soft feather rustle ends as the wand leaves by 2.60 seconds; after 2.70 seconds, only room tone and faint breathing remain.

non_diegetic_music: N/A
"
cat_ids/29_波斯猫金吉拉色.png,"For the target video, at 0.00 seconds into the target video, <Picture 1> (from [Shot 1]) is fully referenced.

integrated_multimodal_description: [Shot 1] Live-action, photorealistic studio pet footage. A static medium full-body shot begins with the seated cat and scene in <Picture 1>. This is one continuous four-second shot. The cat makes one small forward-and-upward hop, lands softly and returns to a comfortable upright seated pose. From 0.00 to 0.30 seconds, it holds the initial seated pose. At 0.30 seconds, one quiet off-screen tongue click draws its gaze slightly above the camera. From 0.30 to 0.85 seconds, the cat leans its chest slightly forward, raises the hindquarters out of the seated position and folds the hind legs into a compact crouch, with both front paws still touching the floor. From 0.85 to 1.10 seconds, the hind legs extend to push against the floor while both front paws lift and reach a short distance forward. From 1.10 to 1.35 seconds, the body travels through one low, compact arc, with all four paws visibly clear of the floor together for a brief moment. The head and chest stay low enough to preserve the available headroom, and the paws remain beneath or just ahead of the body. From 1.35 to 1.65 seconds, the front paws touch down first, followed closely by the hind paws; the elbows and hind legs bend to absorb the landing. The landing is no more than one front-paw length ahead of the starting position. The shadow stays on the floor, visibly separating from the paws during the hop and reconnecting at landing. From 1.65 to 2.50 seconds, the cat lowers its hindquarters, makes a small front-paw placement adjustment beneath the shoulders and raises its chest into an upright, front-facing seated pose near the starting position. By 2.70 seconds, it is comfortably balanced with both front paws on the floor and a relaxed, attentive gaze. This seated posture continues through 3.00 seconds. From 3.00 to 4.00 seconds, the cat maintains the posture reached by 2.70 seconds, with only faint breathing and tiny settling movements. Preserve the individual cat's facial proportions, each anatomical eye's reference color, body proportions, paw anatomy, coat or bare-skin appearance, markings, ear type and existing tail anatomy as the pose changes. Keep the camera position, perspective, focal length, crop, focus, exposure, white balance, reference background, floor and lighting consistent. The entire cat, including the ears, paws and any visible tail, remains inside the original frame with clear margins throughout. Only the cat is visible, and the surrounding floor stays clear.

overall_soundscape: Quiet studio room tone continues throughout. One soft off-screen tongue click at 0.30 seconds is followed by faint paw movement during the crouch, a muted push-off and closely spaced soft paw-pad impacts during the landing between 1.35 and 1.65 seconds. The final paw adjustment finishes by 2.70 seconds, leaving only room tone and faint breathing.

non_diegetic_music: N/A
"
cat_ids/29_波斯猫金吉拉色.png,"For the target video, at 0.00 seconds into the target video, <Picture 1> (from [Shot 1]) is fully referenced.

integrated_multimodal_description: [Shot 1] Live-action, photorealistic studio pet footage. A static medium full-body shot begins with the seated cat and scene in <Picture 1>. This is one continuous four-second shot. The cat stays seated while playing with one feather teaser wand, making two light alternating front-paw taps before settling. From 0.00 to 0.20 seconds, it holds the initial seated pose. From 0.20 to 0.60 seconds, one small feather tuft attached directly to the tip of a slender flexible rod enters smoothly from the viewer's right. The tuft stops just ahead of the cat's lower chest, slightly toward the viewer's right and within easy paw reach. The visible rod extends continuously from the tuft through the right edge to an off-screen holder; the holder and hand remain outside the frame. The cat's eyes track the tuft and its head follows with a small turn. From 0.60 to 1.15 seconds, the tuft makes one short sideways sway. Keeping the hindquarters seated and the anatomical right front paw, on the viewer's left, planted for support, the cat lifts its anatomical left front paw, on the viewer's right, taps the tuft once and returns that paw to the floor. From 1.15 to 1.95 seconds, the rod guides the tuft through a short arc toward the viewer's left, just in front of the chest. The cat transfers support onto the now-planted left front paw, lifts the anatomical right front paw, taps the tuft once and returns that paw to the floor. Each paw contact briefly bends the feathers and deflects the rod tip; the tuft remains attached and visibly distinct from the paw. Only one front paw is raised at a time, and the hindquarters stay on the floor throughout. From 1.95 to 2.15 seconds, the wand pauses while the cat watches with both front paws down. From 2.15 to 2.60 seconds, the wand withdraws smoothly along a short path toward the viewer's right and exits completely through the same edge. The cat follows with its eyes and a small head turn, keeping both front paws on the floor. By 2.70 seconds, it rests in a comfortable upright seated pose, looking slightly toward the departed toy. This attentive posture continues through 3.00 seconds. From 3.00 to 4.00 seconds, the toy stays outside the frame and the cat maintains this posture with only faint breathing and tiny settling movements. Preserve the individual cat's facial proportions, each anatomical eye's reference color, body proportions, paw anatomy, coat or bare-skin appearance, markings, ear type and existing tail anatomy as the pose changes. Keep the reference framing, background, floor and lighting consistent, with a locked camera and grounded shadows following the paw movements. The entire cat remains inside the original frame with clear margins throughout. Only the cat and this single connected wand occupy the scene; the feather tuft moves below the chin, keeping the eyes and face unobstructed.

overall_soundscape: Quiet studio ambience continues beneath a faint feather rustle and two soft paw-to-feather contacts during the alternating taps between 0.60 and 1.95 seconds. Light paw-pad landings accompany each paw's return to the floor. A final soft feather rustle ends as the wand leaves by 2.60 seconds; after 2.70 seconds, only room tone and faint breathing remain.

non_diegetic_music: N/A
"
cat_ids/30_异国短毛猫奶油色.png,"For the target video, at 0.00 seconds into the target video, <Picture 1> (from [Shot 1]) is fully referenced.

integrated_multimodal_description: [Shot 1] Live-action, photorealistic studio pet footage. A static medium full-body shot begins with the seated cat and scene in <Picture 1>. This is one continuous four-second shot. The cat makes one small forward-and-upward hop, lands softly and returns to a comfortable upright seated pose. From 0.00 to 0.30 seconds, it holds the initial seated pose. At 0.30 seconds, one quiet off-screen tongue click draws its gaze slightly above the camera. From 0.30 to 0.85 seconds, the cat leans its chest slightly forward, raises the hindquarters out of the seated position and folds the hind legs into a compact crouch, with both front paws still touching the floor. From 0.85 to 1.10 seconds, the hind legs extend to push against the floor while both front paws lift and reach a short distance forward. From 1.10 to 1.35 seconds, the body travels through one low, compact arc, with all four paws visibly clear of the floor together for a brief moment. The head and chest stay low enough to preserve the available headroom, and the paws remain beneath or just ahead of the body. From 1.35 to 1.65 seconds, the front paws touch down first, followed closely by the hind paws; the elbows and hind legs bend to absorb the landing. The landing is no more than one front-paw length ahead of the starting position. The shadow stays on the floor, visibly separating from the paws during the hop and reconnecting at landing. From 1.65 to 2.50 seconds, the cat lowers its hindquarters, makes a small front-paw placement adjustment beneath the shoulders and raises its chest into an upright, front-facing seated pose near the starting position. By 2.70 seconds, it is comfortably balanced with both front paws on the floor and a relaxed, attentive gaze. This seated posture continues through 3.00 seconds. From 3.00 to 4.00 seconds, the cat maintains the posture reached by 2.70 seconds, with only faint breathing and tiny settling movements. Preserve the individual cat's facial proportions, each anatomical eye's reference color, body proportions, paw anatomy, coat or bare-skin appearance, markings, ear type and existing tail anatomy as the pose changes. Keep the camera position, perspective, focal length, crop, focus, exposure, white balance, reference background, floor and lighting consistent. The entire cat, including the ears, paws and any visible tail, remains inside the original frame with clear margins throughout. Only the cat is visible, and the surrounding floor stays clear.

overall_soundscape: Quiet studio room tone continues throughout. One soft off-screen tongue click at 0.30 seconds is followed by faint paw movement during the crouch, a muted push-off and closely spaced soft paw-pad impacts during the landing between 1.35 and 1.65 seconds. The final paw adjustment finishes by 2.70 seconds, leaving only room tone and faint breathing.

non_diegetic_music: N/A
"
cat_ids/30_异国短毛猫奶油色.png,"For the target video, at 0.00 seconds into the target video, <Picture 1> (from [Shot 1]) is fully referenced.

integrated_multimodal_description: [Shot 1] Live-action, photorealistic studio pet footage. A static medium full-body shot begins with the seated cat and scene in <Picture 1>. This is one continuous four-second shot. The cat stays seated while playing with one feather teaser wand, making two light alternating front-paw taps before settling. From 0.00 to 0.20 seconds, it holds the initial seated pose. From 0.20 to 0.60 seconds, one small feather tuft attached directly to the tip of a slender flexible rod enters smoothly from the viewer's right. The tuft stops just ahead of the cat's lower chest, slightly toward the viewer's right and within easy paw reach. The visible rod extends continuously from the tuft through the right edge to an off-screen holder; the holder and hand remain outside the frame. The cat's eyes track the tuft and its head follows with a small turn. From 0.60 to 1.15 seconds, the tuft makes one short sideways sway. Keeping the hindquarters seated and the anatomical right front paw, on the viewer's left, planted for support, the cat lifts its anatomical left front paw, on the viewer's right, taps the tuft once and returns that paw to the floor. From 1.15 to 1.95 seconds, the rod guides the tuft through a short arc toward the viewer's left, just in front of the chest. The cat transfers support onto the now-planted left front paw, lifts the anatomical right front paw, taps the tuft once and returns that paw to the floor. Each paw contact briefly bends the feathers and deflects the rod tip; the tuft remains attached and visibly distinct from the paw. Only one front paw is raised at a time, and the hindquarters stay on the floor throughout. From 1.95 to 2.15 seconds, the wand pauses while the cat watches with both front paws down. From 2.15 to 2.60 seconds, the wand withdraws smoothly along a short path toward the viewer's right and exits completely through the same edge. The cat follows with its eyes and a small head turn, keeping both front paws on the floor. By 2.70 seconds, it rests in a comfortable upright seated pose, looking slightly toward the departed toy. This attentive posture continues through 3.00 seconds. From 3.00 to 4.00 seconds, the toy stays outside the frame and the cat maintains this posture with only faint breathing and tiny settling movements. Preserve the individual cat's facial proportions, each anatomical eye's reference color, body proportions, paw anatomy, coat or bare-skin appearance, markings, ear type and existing tail anatomy as the pose changes. Keep the reference framing, background, floor and lighting consistent, with a locked camera and grounded shadows following the paw movements. The entire cat remains inside the original frame with clear margins throughout. Only the cat and this single connected wand occupy the scene; the feather tuft moves below the chin, keeping the eyes and face unobstructed.

overall_soundscape: Quiet studio ambience continues beneath a faint feather rustle and two soft paw-to-feather contacts during the alternating taps between 0.60 and 1.95 seconds. Light paw-pad landings accompany each paw's return to the floor. A final soft feather rustle ends as the wand leaves by 2.60 seconds; after 2.70 seconds, only room tone and faint breathing remain.

non_diegetic_music: N/A
"
cat_ids/31_土耳其安哥拉猫.png,"For the target video, at 0.00 seconds into the target video, <Picture 1> (from [Shot 1]) is fully referenced.

integrated_multimodal_description: [Shot 1] Live-action, photorealistic studio pet footage. A static medium full-body shot begins with the seated cat and scene in <Picture 1>. This is one continuous four-second shot. The cat makes one small forward-and-upward hop, lands softly and returns to a comfortable upright seated pose. From 0.00 to 0.30 seconds, it holds the initial seated pose. At 0.30 seconds, one quiet off-screen tongue click draws its gaze slightly above the camera. From 0.30 to 0.85 seconds, the cat leans its chest slightly forward, raises the hindquarters out of the seated position and folds the hind legs into a compact crouch, with both front paws still touching the floor. From 0.85 to 1.10 seconds, the hind legs extend to push against the floor while both front paws lift and reach a short distance forward. From 1.10 to 1.35 seconds, the body travels through one low, compact arc, with all four paws visibly clear of the floor together for a brief moment. The head and chest stay low enough to preserve the available headroom, and the paws remain beneath or just ahead of the body. From 1.35 to 1.65 seconds, the front paws touch down first, followed closely by the hind paws; the elbows and hind legs bend to absorb the landing. The landing is no more than one front-paw length ahead of the starting position. The shadow stays on the floor, visibly separating from the paws during the hop and reconnecting at landing. From 1.65 to 2.50 seconds, the cat lowers its hindquarters, makes a small front-paw placement adjustment beneath the shoulders and raises its chest into an upright, front-facing seated pose near the starting position. By 2.70 seconds, it is comfortably balanced with both front paws on the floor and a relaxed, attentive gaze. This seated posture continues through 3.00 seconds. From 3.00 to 4.00 seconds, the cat maintains the posture reached by 2.70 seconds, with only faint breathing and tiny settling movements. Preserve the individual cat's facial proportions, each anatomical eye's reference color, body proportions, paw anatomy, coat or bare-skin appearance, markings, ear type and existing tail anatomy as the pose changes. Keep the camera position, perspective, focal length, crop, focus, exposure, white balance, reference background, floor and lighting consistent. The entire cat, including the ears, paws and any visible tail, remains inside the original frame with clear margins throughout. Only the cat is visible, and the surrounding floor stays clear.

overall_soundscape: Quiet studio room tone continues throughout. One soft off-screen tongue click at 0.30 seconds is followed by faint paw movement during the crouch, a muted push-off and closely spaced soft paw-pad impacts during the landing between 1.35 and 1.65 seconds. The final paw adjustment finishes by 2.70 seconds, leaving only room tone and faint breathing.

non_diegetic_music: N/A
"
cat_ids/31_土耳其安哥拉猫.png,"For the target video, at 0.00 seconds into the target video, <Picture 1> (from [Shot 1]) is fully referenced.

integrated_multimodal_description: [Shot 1] Live-action, photorealistic studio pet footage. A static medium full-body shot begins with the seated cat and scene in <Picture 1>. This is one continuous four-second shot. The cat stays seated while playing with one feather teaser wand, making two light alternating front-paw taps before settling. From 0.00 to 0.20 seconds, it holds the initial seated pose. From 0.20 to 0.60 seconds, one small feather tuft attached directly to the tip of a slender flexible rod enters smoothly from the viewer's right. The tuft stops just ahead of the cat's lower chest, slightly toward the viewer's right and within easy paw reach. The visible rod extends continuously from the tuft through the right edge to an off-screen holder; the holder and hand remain outside the frame. The cat's eyes track the tuft and its head follows with a small turn. From 0.60 to 1.15 seconds, the tuft makes one short sideways sway. Keeping the hindquarters seated and the anatomical right front paw, on the viewer's left, planted for support, the cat lifts its anatomical left front paw, on the viewer's right, taps the tuft once and returns that paw to the floor. From 1.15 to 1.95 seconds, the rod guides the tuft through a short arc toward the viewer's left, just in front of the chest. The cat transfers support onto the now-planted left front paw, lifts the anatomical right front paw, taps the tuft once and returns that paw to the floor. Each paw contact briefly bends the feathers and deflects the rod tip; the tuft remains attached and visibly distinct from the paw. Only one front paw is raised at a time, and the hindquarters stay on the floor throughout. From 1.95 to 2.15 seconds, the wand pauses while the cat watches with both front paws down. From 2.15 to 2.60 seconds, the wand withdraws smoothly along a short path toward the viewer's right and exits completely through the same edge. The cat follows with its eyes and a small head turn, keeping both front paws on the floor. By 2.70 seconds, it rests in a comfortable upright seated pose, looking slightly toward the departed toy. This attentive posture continues through 3.00 seconds. From 3.00 to 4.00 seconds, the toy stays outside the frame and the cat maintains this posture with only faint breathing and tiny settling movements. Preserve the individual cat's facial proportions, each anatomical eye's reference color, body proportions, paw anatomy, coat or bare-skin appearance, markings, ear type and existing tail anatomy as the pose changes. Keep the reference framing, background, floor and lighting consistent, with a locked camera and grounded shadows following the paw movements. The entire cat remains inside the original frame with clear margins throughout. Only the cat and this single connected wand occupy the scene; the feather tuft moves below the chin, keeping the eyes and face unobstructed.

overall_soundscape: Quiet studio ambience continues beneath a faint feather rustle and two soft paw-to-feather contacts during the alternating taps between 0.60 and 1.95 seconds. Light paw-pad landings accompany each paw's return to the floor. A final soft feather rustle ends as the wand leaves by 2.60 seconds; after 2.70 seconds, only room tone and faint breathing remain.

non_diegetic_music: N/A
"
cat_ids/32_土耳其梵猫.png,"For the target video, at 0.00 seconds into the target video, <Picture 1> (from [Shot 1]) is fully referenced.

integrated_multimodal_description: [Shot 1] Live-action, photorealistic studio pet footage. A static medium full-body shot begins with the seated cat and scene in <Picture 1>. This is one continuous four-second shot. The cat makes one small forward-and-upward hop, lands softly and returns to a comfortable upright seated pose. From 0.00 to 0.30 seconds, it holds the initial seated pose. At 0.30 seconds, one quiet off-screen tongue click draws its gaze slightly above the camera. From 0.30 to 0.85 seconds, the cat leans its chest slightly forward, raises the hindquarters out of the seated position and folds the hind legs into a compact crouch, with both front paws still touching the floor. From 0.85 to 1.10 seconds, the hind legs extend to push against the floor while both front paws lift and reach a short distance forward. From 1.10 to 1.35 seconds, the body travels through one low, compact arc, with all four paws visibly clear of the floor together for a brief moment. The head and chest stay low enough to preserve the available headroom, and the paws remain beneath or just ahead of the body. From 1.35 to 1.65 seconds, the front paws touch down first, followed closely by the hind paws; the elbows and hind legs bend to absorb the landing. The landing is no more than one front-paw length ahead of the starting position. The shadow stays on the floor, visibly separating from the paws during the hop and reconnecting at landing. From 1.65 to 2.50 seconds, the cat lowers its hindquarters, makes a small front-paw placement adjustment beneath the shoulders and raises its chest into an upright, front-facing seated pose near the starting position. By 2.70 seconds, it is comfortably balanced with both front paws on the floor and a relaxed, attentive gaze. This seated posture continues through 3.00 seconds. From 3.00 to 4.00 seconds, the cat maintains the posture reached by 2.70 seconds, with only faint breathing and tiny settling movements. Preserve the individual cat's facial proportions, each anatomical eye's reference color, body proportions, paw anatomy, coat or bare-skin appearance, markings, ear type and existing tail anatomy as the pose changes. Keep the camera position, perspective, focal length, crop, focus, exposure, white balance, reference background, floor and lighting consistent. The entire cat, including the ears, paws and any visible tail, remains inside the original frame with clear margins throughout. Only the cat is visible, and the surrounding floor stays clear.

overall_soundscape: Quiet studio room tone continues throughout. One soft off-screen tongue click at 0.30 seconds is followed by faint paw movement during the crouch, a muted push-off and closely spaced soft paw-pad impacts during the landing between 1.35 and 1.65 seconds. The final paw adjustment finishes by 2.70 seconds, leaving only room tone and faint breathing.

non_diegetic_music: N/A
"
cat_ids/32_土耳其梵猫.png,"For the target video, at 0.00 seconds into the target video, <Picture 1> (from [Shot 1]) is fully referenced.

integrated_multimodal_description: [Shot 1] Live-action, photorealistic studio pet footage. A static medium full-body shot begins with the seated cat and scene in <Picture 1>. This is one continuous four-second shot. The cat stays seated while playing with one feather teaser wand, making two light alternating front-paw taps before settling. From 0.00 to 0.20 seconds, it holds the initial seated pose. From 0.20 to 0.60 seconds, one small feather tuft attached directly to the tip of a slender flexible rod enters smoothly from the viewer's right. The tuft stops just ahead of the cat's lower chest, slightly toward the viewer's right and within easy paw reach. The visible rod extends continuously from the tuft through the right edge to an off-screen holder; the holder and hand remain outside the frame. The cat's eyes track the tuft and its head follows with a small turn. From 0.60 to 1.15 seconds, the tuft makes one short sideways sway. Keeping the hindquarters seated and the anatomical right front paw, on the viewer's left, planted for support, the cat lifts its anatomical left front paw, on the viewer's right, taps the tuft once and returns that paw to the floor. From 1.15 to 1.95 seconds, the rod guides the tuft through a short arc toward the viewer's left, just in front of the chest. The cat transfers support onto the now-planted left front paw, lifts the anatomical right front paw, taps the tuft once and returns that paw to the floor. Each paw contact briefly bends the feathers and deflects the rod tip; the tuft remains attached and visibly distinct from the paw. Only one front paw is raised at a time, and the hindquarters stay on the floor throughout. From 1.95 to 2.15 seconds, the wand pauses while the cat watches with both front paws down. From 2.15 to 2.60 seconds, the wand withdraws smoothly along a short path toward the viewer's right and exits completely through the same edge. The cat follows with its eyes and a small head turn, keeping both front paws on the floor. By 2.70 seconds, it rests in a comfortable upright seated pose, looking slightly toward the departed toy. This attentive posture continues through 3.00 seconds. From 3.00 to 4.00 seconds, the toy stays outside the frame and the cat maintains this posture with only faint breathing and tiny settling movements. Preserve the individual cat's facial proportions, each anatomical eye's reference color, body proportions, paw anatomy, coat or bare-skin appearance, markings, ear type and existing tail anatomy as the pose changes. Keep the reference framing, background, floor and lighting consistent, with a locked camera and grounded shadows following the paw movements. The entire cat remains inside the original frame with clear margins throughout. Only the cat and this single connected wand occupy the scene; the feather tuft moves below the chin, keeping the eyes and face unobstructed.

overall_soundscape: Quiet studio ambience continues beneath a faint feather rustle and two soft paw-to-feather contacts during the alternating taps between 0.60 and 1.95 seconds. Light paw-pad landings accompany each paw's return to the floor. A final soft feather rustle ends as the wand leaves by 2.60 seconds; after 2.70 seconds, only room tone and faint breathing remain.

non_diegetic_music: N/A
"
cat_ids/33_喜马拉雅猫火焰重点色.png,"For the target video, at 0.00 seconds into the target video, <Picture 1> (from [Shot 1]) is fully referenced.

integrated_multimodal_description: [Shot 1] Live-action, photorealistic studio pet footage. A static medium full-body shot begins with the seated cat and scene in <Picture 1>. This is one continuous four-second shot. The cat makes one small forward-and-upward hop, lands softly and returns to a comfortable upright seated pose. From 0.00 to 0.30 seconds, it holds the initial seated pose. At 0.30 seconds, one quiet off-screen tongue click draws its gaze slightly above the camera. From 0.30 to 0.85 seconds, the cat leans its chest slightly forward, raises the hindquarters out of the seated position and folds the hind legs into a compact crouch, with both front paws still touching the floor. From 0.85 to 1.10 seconds, the hind legs extend to push against the floor while both front paws lift and reach a short distance forward. From 1.10 to 1.35 seconds, the body travels through one low, compact arc, with all four paws visibly clear of the floor together for a brief moment. The head and chest stay low enough to preserve the available headroom, and the paws remain beneath or just ahead of the body. From 1.35 to 1.65 seconds, the front paws touch down first, followed closely by the hind paws; the elbows and hind legs bend to absorb the landing. The landing is no more than one front-paw length ahead of the starting position. The shadow stays on the floor, visibly separating from the paws during the hop and reconnecting at landing. From 1.65 to 2.50 seconds, the cat lowers its hindquarters, makes a small front-paw placement adjustment beneath the shoulders and raises its chest into an upright, front-facing seated pose near the starting position. By 2.70 seconds, it is comfortably balanced with both front paws on the floor and a relaxed, attentive gaze. This seated posture continues through 3.00 seconds. From 3.00 to 4.00 seconds, the cat maintains the posture reached by 2.70 seconds, with only faint breathing and tiny settling movements. Preserve the individual cat's facial proportions, each anatomical eye's reference color, body proportions, paw anatomy, coat or bare-skin appearance, markings, ear type and existing tail anatomy as the pose changes. Keep the camera position, perspective, focal length, crop, focus, exposure, white balance, reference background, floor and lighting consistent. The entire cat, including the ears, paws and any visible tail, remains inside the original frame with clear margins throughout. Only the cat is visible, and the surrounding floor stays clear.

overall_soundscape: Quiet studio room tone continues throughout. One soft off-screen tongue click at 0.30 seconds is followed by faint paw movement during the crouch, a muted push-off and closely spaced soft paw-pad impacts during the landing between 1.35 and 1.65 seconds. The final paw adjustment finishes by 2.70 seconds, leaving only room tone and faint breathing.

non_diegetic_music: N/A
"
cat_ids/33_喜马拉雅猫火焰重点色.png,"For the target video, at 0.00 seconds into the target video, <Picture 1> (from [Shot 1]) is fully referenced.

integrated_multimodal_description: [Shot 1] Live-action, photorealistic studio pet footage. A static medium full-body shot begins with the seated cat and scene in <Picture 1>. This is one continuous four-second shot. The cat stays seated while playing with one feather teaser wand, making two light alternating front-paw taps before settling. From 0.00 to 0.20 seconds, it holds the initial seated pose. From 0.20 to 0.60 seconds, one small feather tuft attached directly to the tip of a slender flexible rod enters smoothly from the viewer's right. The tuft stops just ahead of the cat's lower chest, slightly toward the viewer's right and within easy paw reach. The visible rod extends continuously from the tuft through the right edge to an off-screen holder; the holder and hand remain outside the frame. The cat's eyes track the tuft and its head follows with a small turn. From 0.60 to 1.15 seconds, the tuft makes one short sideways sway. Keeping the hindquarters seated and the anatomical right front paw, on the viewer's left, planted for support, the cat lifts its anatomical left front paw, on the viewer's right, taps the tuft once and returns that paw to the floor. From 1.15 to 1.95 seconds, the rod guides the tuft through a short arc toward the viewer's left, just in front of the chest. The cat transfers support onto the now-planted left front paw, lifts the anatomical right front paw, taps the tuft once and returns that paw to the floor. Each paw contact briefly bends the feathers and deflects the rod tip; the tuft remains attached and visibly distinct from the paw. Only one front paw is raised at a time, and the hindquarters stay on the floor throughout. From 1.95 to 2.15 seconds, the wand pauses while the cat watches with both front paws down. From 2.15 to 2.60 seconds, the wand withdraws smoothly along a short path toward the viewer's right and exits completely through the same edge. The cat follows with its eyes and a small head turn, keeping both front paws on the floor. By 2.70 seconds, it rests in a comfortable upright seated pose, looking slightly toward the departed toy. This attentive posture continues through 3.00 seconds. From 3.00 to 4.00 seconds, the toy stays outside the frame and the cat maintains this posture with only faint breathing and tiny settling movements. Preserve the individual cat's facial proportions, each anatomical eye's reference color, body proportions, paw anatomy, coat or bare-skin appearance, markings, ear type and existing tail anatomy as the pose changes. Keep the reference framing, background, floor and lighting consistent, with a locked camera and grounded shadows following the paw movements. The entire cat remains inside the original frame with clear margins throughout. Only the cat and this single connected wand occupy the scene; the feather tuft moves below the chin, keeping the eyes and face unobstructed.

overall_soundscape: Quiet studio ambience continues beneath a faint feather rustle and two soft paw-to-feather contacts during the alternating taps between 0.60 and 1.95 seconds. Light paw-pad landings accompany each paw's return to the floor. A final soft feather rustle ends as the wand leaves by 2.60 seconds; after 2.70 seconds, only room tone and faint breathing remain.

non_diegetic_music: N/A
"
cat_ids/34_暹罗猫海豹重点色.png,"For the target video, at 0.00 seconds into the target video, <Picture 1> (from [Shot 1]) is fully referenced.

integrated_multimodal_description: [Shot 1] Live-action, photorealistic studio pet footage. A static medium full-body shot begins with the seated cat and scene in <Picture 1>. This is one continuous four-second shot. The cat makes one small forward-and-upward hop, lands softly and returns to a comfortable upright seated pose. From 0.00 to 0.30 seconds, it holds the initial seated pose. At 0.30 seconds, one quiet off-screen tongue click draws its gaze slightly above the camera. From 0.30 to 0.85 seconds, the cat leans its chest slightly forward, raises the hindquarters out of the seated position and folds the hind legs into a compact crouch, with both front paws still touching the floor. From 0.85 to 1.10 seconds, the hind legs extend to push against the floor while both front paws lift and reach a short distance forward. From 1.10 to 1.35 seconds, the body travels through one low, compact arc, with all four paws visibly clear of the floor together for a brief moment. The head and chest stay low enough to preserve the available headroom, and the paws remain beneath or just ahead of the body. From 1.35 to 1.65 seconds, the front paws touch down first, followed closely by the hind paws; the elbows and hind legs bend to absorb the landing. The landing is no more than one front-paw length ahead of the starting position. The shadow stays on the floor, visibly separating from the paws during the hop and reconnecting at landing. From 1.65 to 2.50 seconds, the cat lowers its hindquarters, makes a small front-paw placement adjustment beneath the shoulders and raises its chest into an upright, front-facing seated pose near the starting position. By 2.70 seconds, it is comfortably balanced with both front paws on the floor and a relaxed, attentive gaze. This seated posture continues through 3.00 seconds. From 3.00 to 4.00 seconds, the cat maintains the posture reached by 2.70 seconds, with only faint breathing and tiny settling movements. Preserve the individual cat's facial proportions, each anatomical eye's reference color, body proportions, paw anatomy, coat or bare-skin appearance, markings, ear type and existing tail anatomy as the pose changes. Keep the camera position, perspective, focal length, crop, focus, exposure, white balance, reference background, floor and lighting consistent. The entire cat, including the ears, paws and any visible tail, remains inside the original frame with clear margins throughout. Only the cat is visible, and the surrounding floor stays clear.

overall_soundscape: Quiet studio room tone continues throughout. One soft off-screen tongue click at 0.30 seconds is followed by faint paw movement during the crouch, a muted push-off and closely spaced soft paw-pad impacts during the landing between 1.35 and 1.65 seconds. The final paw adjustment finishes by 2.70 seconds, leaving only room tone and faint breathing.

non_diegetic_music: N/A
"
cat_ids/34_暹罗猫海豹重点色.png,"For the target video, at 0.00 seconds into the target video, <Picture 1> (from [Shot 1]) is fully referenced.

integrated_multimodal_description: [Shot 1] Live-action, photorealistic studio pet footage. A static medium full-body shot begins with the seated cat and scene in <Picture 1>. This is one continuous four-second shot. The cat stays seated while playing with one feather teaser wand, making two light alternating front-paw taps before settling. From 0.00 to 0.20 seconds, it holds the initial seated pose. From 0.20 to 0.60 seconds, one small feather tuft attached directly to the tip of a slender flexible rod enters smoothly from the viewer's right. The tuft stops just ahead of the cat's lower chest, slightly toward the viewer's right and within easy paw reach. The visible rod extends continuously from the tuft through the right edge to an off-screen holder; the holder and hand remain outside the frame. The cat's eyes track the tuft and its head follows with a small turn. From 0.60 to 1.15 seconds, the tuft makes one short sideways sway. Keeping the hindquarters seated and the anatomical right front paw, on the viewer's left, planted for support, the cat lifts its anatomical left front paw, on the viewer's right, taps the tuft once and returns that paw to the floor. From 1.15 to 1.95 seconds, the rod guides the tuft through a short arc toward the viewer's left, just in front of the chest. The cat transfers support onto the now-planted left front paw, lifts the anatomical right front paw, taps the tuft once and returns that paw to the floor. Each paw contact briefly bends the feathers and deflects the rod tip; the tuft remains attached and visibly distinct from the paw. Only one front paw is raised at a time, and the hindquarters stay on the floor throughout. From 1.95 to 2.15 seconds, the wand pauses while the cat watches with both front paws down. From 2.15 to 2.60 seconds, the wand withdraws smoothly along a short path toward the viewer's right and exits completely through the same edge. The cat follows with its eyes and a small head turn, keeping both front paws on the floor. By 2.70 seconds, it rests in a comfortable upright seated pose, looking slightly toward the departed toy. This attentive posture continues through 3.00 seconds. From 3.00 to 4.00 seconds, the toy stays outside the frame and the cat maintains this posture with only faint breathing and tiny settling movements. Preserve the individual cat's facial proportions, each anatomical eye's reference color, body proportions, paw anatomy, coat or bare-skin appearance, markings, ear type and existing tail anatomy as the pose changes. Keep the reference framing, background, floor and lighting consistent, with a locked camera and grounded shadows following the paw movements. The entire cat remains inside the original frame with clear margins throughout. Only the cat and this single connected wand occupy the scene; the feather tuft moves below the chin, keeping the eyes and face unobstructed.

overall_soundscape: Quiet studio ambience continues beneath a faint feather rustle and two soft paw-to-feather contacts during the alternating taps between 0.60 and 1.95 seconds. Light paw-pad landings accompany each paw's return to the floor. A final soft feather rustle ends as the wand leaves by 2.60 seconds; after 2.70 seconds, only room tone and faint breathing remain.

non_diegetic_music: N/A
"
cat_ids/35_巴厘猫海豹重点色.png,"For the target video, at 0.00 seconds into the target video, <Picture 1> (from [Shot 1]) is fully referenced.

integrated_multimodal_description: [Shot 1] Live-action, photorealistic studio pet footage. A static medium full-body shot begins with the seated cat and scene in <Picture 1>. This is one continuous four-second shot. The cat makes one small forward-and-upward hop, lands softly and returns to a comfortable upright seated pose. From 0.00 to 0.30 seconds, it holds the initial seated pose. At 0.30 seconds, one quiet off-screen tongue click draws its gaze slightly above the camera. From 0.30 to 0.85 seconds, the cat leans its chest slightly forward, raises the hindquarters out of the seated position and folds the hind legs into a compact crouch, with both front paws still touching the floor. From 0.85 to 1.10 seconds, the hind legs extend to push against the floor while both front paws lift and reach a short distance forward. From 1.10 to 1.35 seconds, the body travels through one low, compact arc, with all four paws visibly clear of the floor together for a brief moment. The head and chest stay low enough to preserve the available headroom, and the paws remain beneath or just ahead of the body. From 1.35 to 1.65 seconds, the front paws touch down first, followed closely by the hind paws; the elbows and hind legs bend to absorb the landing. The landing is no more than one front-paw length ahead of the starting position. The shadow stays on the floor, visibly separating from the paws during the hop and reconnecting at landing. From 1.65 to 2.50 seconds, the cat lowers its hindquarters, makes a small front-paw placement adjustment beneath the shoulders and raises its chest into an upright, front-facing seated pose near the starting position. By 2.70 seconds, it is comfortably balanced with both front paws on the floor and a relaxed, attentive gaze. This seated posture continues through 3.00 seconds. From 3.00 to 4.00 seconds, the cat maintains the posture reached by 2.70 seconds, with only faint breathing and tiny settling movements. Preserve the individual cat's facial proportions, each anatomical eye's reference color, body proportions, paw anatomy, coat or bare-skin appearance, markings, ear type and existing tail anatomy as the pose changes. Keep the camera position, perspective, focal length, crop, focus, exposure, white balance, reference background, floor and lighting consistent. The entire cat, including the ears, paws and any visible tail, remains inside the original frame with clear margins throughout. Only the cat is visible, and the surrounding floor stays clear.

overall_soundscape: Quiet studio room tone continues throughout. One soft off-screen tongue click at 0.30 seconds is followed by faint paw movement during the crouch, a muted push-off and closely spaced soft paw-pad impacts during the landing between 1.35 and 1.65 seconds. The final paw adjustment finishes by 2.70 seconds, leaving only room tone and faint breathing.

non_diegetic_music: N/A
"
cat_ids/35_巴厘猫海豹重点色.png,"For the target video, at 0.00 seconds into the target video, <Picture 1> (from [Shot 1]) is fully referenced.

integrated_multimodal_description: [Shot 1] Live-action, photorealistic studio pet footage. A static medium full-body shot begins with the seated cat and scene in <Picture 1>. This is one continuous four-second shot. The cat stays seated while playing with one feather teaser wand, making two light alternating front-paw taps before settling. From 0.00 to 0.20 seconds, it holds the initial seated pose. From 0.20 to 0.60 seconds, one small feather tuft attached directly to the tip of a slender flexible rod enters smoothly from the viewer's right. The tuft stops just ahead of the cat's lower chest, slightly toward the viewer's right and within easy paw reach. The visible rod extends continuously from the tuft through the right edge to an off-screen holder; the holder and hand remain outside the frame. The cat's eyes track the tuft and its head follows with a small turn. From 0.60 to 1.15 seconds, the tuft makes one short sideways sway. Keeping the hindquarters seated and the anatomical right front paw, on the viewer's left, planted for support, the cat lifts its anatomical left front paw, on the viewer's right, taps the tuft once and returns that paw to the floor. From 1.15 to 1.95 seconds, the rod guides the tuft through a short arc toward the viewer's left, just in front of the chest. The cat transfers support onto the now-planted left front paw, lifts the anatomical right front paw, taps the tuft once and returns that paw to the floor. Each paw contact briefly bends the feathers and deflects the rod tip; the tuft remains attached and visibly distinct from the paw. Only one front paw is raised at a time, and the hindquarters stay on the floor throughout. From 1.95 to 2.15 seconds, the wand pauses while the cat watches with both front paws down. From 2.15 to 2.60 seconds, the wand withdraws smoothly along a short path toward the viewer's right and exits completely through the same edge. The cat follows with its eyes and a small head turn, keeping both front paws on the floor. By 2.70 seconds, it rests in a comfortable upright seated pose, looking slightly toward the departed toy. This attentive posture continues through 3.00 seconds. From 3.00 to 4.00 seconds, the toy stays outside the frame and the cat maintains this posture with only faint breathing and tiny settling movements. Preserve the individual cat's facial proportions, each anatomical eye's reference color, body proportions, paw anatomy, coat or bare-skin appearance, markings, ear type and existing tail anatomy as the pose changes. Keep the reference framing, background, floor and lighting consistent, with a locked camera and grounded shadows following the paw movements. The entire cat remains inside the original frame with clear margins throughout. Only the cat and this single connected wand occupy the scene; the feather tuft moves below the chin, keeping the eyes and face unobstructed.

overall_soundscape: Quiet studio ambience continues beneath a faint feather rustle and two soft paw-to-feather contacts during the alternating taps between 0.60 and 1.95 seconds. Light paw-pad landings accompany each paw's return to the floor. A final soft feather rustle ends as the wand leaves by 2.60 seconds; after 2.70 seconds, only room tone and faint breathing remain.

non_diegetic_music: N/A
"
cat_ids/36_缅甸猫深褐色.png,"For the target video, at 0.00 seconds into the target video, <Picture 1> (from [Shot 1]) is fully referenced.

integrated_multimodal_description: [Shot 1] Live-action, photorealistic studio pet footage. A static medium full-body shot begins with the seated cat and scene in <Picture 1>. This is one continuous four-second shot. The cat makes one small forward-and-upward hop, lands softly and returns to a comfortable upright seated pose. From 0.00 to 0.30 seconds, it holds the initial seated pose. At 0.30 seconds, one quiet off-screen tongue click draws its gaze slightly above the camera. From 0.30 to 0.85 seconds, the cat leans its chest slightly forward, raises the hindquarters out of the seated position and folds the hind legs into a compact crouch, with both front paws still touching the floor. From 0.85 to 1.10 seconds, the hind legs extend to push against the floor while both front paws lift and reach a short distance forward. From 1.10 to 1.35 seconds, the body travels through one low, compact arc, with all four paws visibly clear of the floor together for a brief moment. The head and chest stay low enough to preserve the available headroom, and the paws remain beneath or just ahead of the body. From 1.35 to 1.65 seconds, the front paws touch down first, followed closely by the hind paws; the elbows and hind legs bend to absorb the landing. The landing is no more than one front-paw length ahead of the starting position. The shadow stays on the floor, visibly separating from the paws during the hop and reconnecting at landing. From 1.65 to 2.50 seconds, the cat lowers its hindquarters, makes a small front-paw placement adjustment beneath the shoulders and raises its chest into an upright, front-facing seated pose near the starting position. By 2.70 seconds, it is comfortably balanced with both front paws on the floor and a relaxed, attentive gaze. This seated posture continues through 3.00 seconds. From 3.00 to 4.00 seconds, the cat maintains the posture reached by 2.70 seconds, with only faint breathing and tiny settling movements. Preserve the individual cat's facial proportions, each anatomical eye's reference color, body proportions, paw anatomy, coat or bare-skin appearance, markings, ear type and existing tail anatomy as the pose changes. Keep the camera position, perspective, focal length, crop, focus, exposure, white balance, reference background, floor and lighting consistent. The entire cat, including the ears, paws and any visible tail, remains inside the original frame with clear margins throughout. Only the cat is visible, and the surrounding floor stays clear.

overall_soundscape: Quiet studio room tone continues throughout. One soft off-screen tongue click at 0.30 seconds is followed by faint paw movement during the crouch, a muted push-off and closely spaced soft paw-pad impacts during the landing between 1.35 and 1.65 seconds. The final paw adjustment finishes by 2.70 seconds, leaving only room tone and faint breathing.

non_diegetic_music: N/A
"
cat_ids/36_缅甸猫深褐色.png,"For the target video, at 0.00 seconds into the target video, <Picture 1> (from [Shot 1]) is fully referenced.

integrated_multimodal_description: [Shot 1] Live-action, photorealistic studio pet footage. A static medium full-body shot begins with the seated cat and scene in <Picture 1>. This is one continuous four-second shot. The cat stays seated while playing with one feather teaser wand, making two light alternating front-paw taps before settling. From 0.00 to 0.20 seconds, it holds the initial seated pose. From 0.20 to 0.60 seconds, one small feather tuft attached directly to the tip of a slender flexible rod enters smoothly from the viewer's right. The tuft stops just ahead of the cat's lower chest, slightly toward the viewer's right and within easy paw reach. The visible rod extends continuously from the tuft through the right edge to an off-screen holder; the holder and hand remain outside the frame. The cat's eyes track the tuft and its head follows with a small turn. From 0.60 to 1.15 seconds, the tuft makes one short sideways sway. Keeping the hindquarters seated and the anatomical right front paw, on the viewer's left, planted for support, the cat lifts its anatomical left front paw, on the viewer's right, taps the tuft once and returns that paw to the floor. From 1.15 to 1.95 seconds, the rod guides the tuft through a short arc toward the viewer's left, just in front of the chest. The cat transfers support onto the now-planted left front paw, lifts the anatomical right front paw, taps the tuft once and returns that paw to the floor. Each paw contact briefly bends the feathers and deflects the rod tip; the tuft remains attached and visibly distinct from the paw. Only one front paw is raised at a time, and the hindquarters stay on the floor throughout. From 1.95 to 2.15 seconds, the wand pauses while the cat watches with both front paws down. From 2.15 to 2.60 seconds, the wand withdraws smoothly along a short path toward the viewer's right and exits completely through the same edge. The cat follows with its eyes and a small head turn, keeping both front paws on the floor. By 2.70 seconds, it rests in a comfortable upright seated pose, looking slightly toward the departed toy. This attentive posture continues through 3.00 seconds. From 3.00 to 4.00 seconds, the toy stays outside the frame and the cat maintains this posture with only faint breathing and tiny settling movements. Preserve the individual cat's facial proportions, each anatomical eye's reference color, body proportions, paw anatomy, coat or bare-skin appearance, markings, ear type and existing tail anatomy as the pose changes. Keep the reference framing, background, floor and lighting consistent, with a locked camera and grounded shadows following the paw movements. The entire cat remains inside the original frame with clear margins throughout. Only the cat and this single connected wand occupy the scene; the feather tuft moves below the chin, keeping the eyes and face unobstructed.

overall_soundscape: Quiet studio ambience continues beneath a faint feather rustle and two soft paw-to-feather contacts during the alternating taps between 0.60 and 1.95 seconds. Light paw-pad landings accompany each paw's return to the floor. A final soft feather rustle ends as the wand leaves by 2.60 seconds; after 2.70 seconds, only room tone and faint breathing remain.

non_diegetic_music: N/A
"
cat_ids/37_东奇尼猫貂色.png,"For the target video, at 0.00 seconds into the target video, <Picture 1> (from [Shot 1]) is fully referenced.

integrated_multimodal_description: [Shot 1] Live-action, photorealistic studio pet footage. A static medium full-body shot begins with the seated cat and scene in <Picture 1>. This is one continuous four-second shot. The cat makes one small forward-and-upward hop, lands softly and returns to a comfortable upright seated pose. From 0.00 to 0.30 seconds, it holds the initial seated pose. At 0.30 seconds, one quiet off-screen tongue click draws its gaze slightly above the camera. From 0.30 to 0.85 seconds, the cat leans its chest slightly forward, raises the hindquarters out of the seated position and folds the hind legs into a compact crouch, with both front paws still touching the floor. From 0.85 to 1.10 seconds, the hind legs extend to push against the floor while both front paws lift and reach a short distance forward. From 1.10 to 1.35 seconds, the body travels through one low, compact arc, with all four paws visibly clear of the floor together for a brief moment. The head and chest stay low enough to preserve the available headroom, and the paws remain beneath or just ahead of the body. From 1.35 to 1.65 seconds, the front paws touch down first, followed closely by the hind paws; the elbows and hind legs bend to absorb the landing. The landing is no more than one front-paw length ahead of the starting position. The shadow stays on the floor, visibly separating from the paws during the hop and reconnecting at landing. From 1.65 to 2.50 seconds, the cat lowers its hindquarters, makes a small front-paw placement adjustment beneath the shoulders and raises its chest into an upright, front-facing seated pose near the starting position. By 2.70 seconds, it is comfortably balanced with both front paws on the floor and a relaxed, attentive gaze. This seated posture continues through 3.00 seconds. From 3.00 to 4.00 seconds, the cat maintains the posture reached by 2.70 seconds, with only faint breathing and tiny settling movements. Preserve the individual cat's facial proportions, each anatomical eye's reference color, body proportions, paw anatomy, coat or bare-skin appearance, markings, ear type and existing tail anatomy as the pose changes. Keep the camera position, perspective, focal length, crop, focus, exposure, white balance, reference background, floor and lighting consistent. The entire cat, including the ears, paws and any visible tail, remains inside the original frame with clear margins throughout. Only the cat is visible, and the surrounding floor stays clear.

overall_soundscape: Quiet studio room tone continues throughout. One soft off-screen tongue click at 0.30 seconds is followed by faint paw movement during the crouch, a muted push-off and closely spaced soft paw-pad impacts during the landing between 1.35 and 1.65 seconds. The final paw adjustment finishes by 2.70 seconds, leaving only room tone and faint breathing.

non_diegetic_music: N/A
"
cat_ids/37_东奇尼猫貂色.png,"For the target video, at 0.00 seconds into the target video, <Picture 1> (from [Shot 1]) is fully referenced.

integrated_multimodal_description: [Shot 1] Live-action, photorealistic studio pet footage. A static medium full-body shot begins with the seated cat and scene in <Picture 1>. This is one continuous four-second shot. The cat stays seated while playing with one feather teaser wand, making two light alternating front-paw taps before settling. From 0.00 to 0.20 seconds, it holds the initial seated pose. From 0.20 to 0.60 seconds, one small feather tuft attached directly to the tip of a slender flexible rod enters smoothly from the viewer's right. The tuft stops just ahead of the cat's lower chest, slightly toward the viewer's right and within easy paw reach. The visible rod extends continuously from the tuft through the right edge to an off-screen holder; the holder and hand remain outside the frame. The cat's eyes track the tuft and its head follows with a small turn. From 0.60 to 1.15 seconds, the tuft makes one short sideways sway. Keeping the hindquarters seated and the anatomical right front paw, on the viewer's left, planted for support, the cat lifts its anatomical left front paw, on the viewer's right, taps the tuft once and returns that paw to the floor. From 1.15 to 1.95 seconds, the rod guides the tuft through a short arc toward the viewer's left, just in front of the chest. The cat transfers support onto the now-planted left front paw, lifts the anatomical right front paw, taps the tuft once and returns that paw to the floor. Each paw contact briefly bends the feathers and deflects the rod tip; the tuft remains attached and visibly distinct from the paw. Only one front paw is raised at a time, and the hindquarters stay on the floor throughout. From 1.95 to 2.15 seconds, the wand pauses while the cat watches with both front paws down. From 2.15 to 2.60 seconds, the wand withdraws smoothly along a short path toward the viewer's right and exits completely through the same edge. The cat follows with its eyes and a small head turn, keeping both front paws on the floor. By 2.70 seconds, it rests in a comfortable upright seated pose, looking slightly toward the departed toy. This attentive posture continues through 3.00 seconds. From 3.00 to 4.00 seconds, the toy stays outside the frame and the cat maintains this posture with only faint breathing and tiny settling movements. Preserve the individual cat's facial proportions, each anatomical eye's reference color, body proportions, paw anatomy, coat or bare-skin appearance, markings, ear type and existing tail anatomy as the pose changes. Keep the reference framing, background, floor and lighting consistent, with a locked camera and grounded shadows following the paw movements. The entire cat remains inside the original frame with clear margins throughout. Only the cat and this single connected wand occupy the scene; the feather tuft moves below the chin, keeping the eyes and face unobstructed.

overall_soundscape: Quiet studio ambience continues beneath a faint feather rustle and two soft paw-to-feather contacts during the alternating taps between 0.60 and 1.95 seconds. Light paw-pad landings accompany each paw's return to the floor. A final soft feather rustle ends as the wand leaves by 2.60 seconds; after 2.70 seconds, only room tone and faint breathing remain.

non_diegetic_music: N/A
"
cat_ids/38_彼得秃猫.png,"For the target video, at 0.00 seconds into the target video, <Picture 1> (from [Shot 1]) is fully referenced.

integrated_multimodal_description: [Shot 1] Live-action, photorealistic studio pet footage. A static medium full-body shot begins with the seated cat and scene in <Picture 1>. This is one continuous four-second shot. The cat makes one small forward-and-upward hop, lands softly and returns to a comfortable upright seated pose. From 0.00 to 0.30 seconds, it holds the initial seated pose. At 0.30 seconds, one quiet off-screen tongue click draws its gaze slightly above the camera. From 0.30 to 0.85 seconds, the cat leans its chest slightly forward, raises the hindquarters out of the seated position and folds the hind legs into a compact crouch, with both front paws still touching the floor. From 0.85 to 1.10 seconds, the hind legs extend to push against the floor while both front paws lift and reach a short distance forward. From 1.10 to 1.35 seconds, the body travels through one low, compact arc, with all four paws visibly clear of the floor together for a brief moment. The head and chest stay low enough to preserve the available headroom, and the paws remain beneath or just ahead of the body. From 1.35 to 1.65 seconds, the front paws touch down first, followed closely by the hind paws; the elbows and hind legs bend to absorb the landing. The landing is no more than one front-paw length ahead of the starting position. The shadow stays on the floor, visibly separating from the paws during the hop and reconnecting at landing. From 1.65 to 2.50 seconds, the cat lowers its hindquarters, makes a small front-paw placement adjustment beneath the shoulders and raises its chest into an upright, front-facing seated pose near the starting position. By 2.70 seconds, it is comfortably balanced with both front paws on the floor and a relaxed, attentive gaze. This seated posture continues through 3.00 seconds. From 3.00 to 4.00 seconds, the cat maintains the posture reached by 2.70 seconds, with only faint breathing and tiny settling movements. Preserve the individual cat's facial proportions, each anatomical eye's reference color, body proportions, paw anatomy, coat or bare-skin appearance, markings, ear type and existing tail anatomy as the pose changes. Keep the camera position, perspective, focal length, crop, focus, exposure, white balance, reference background, floor and lighting consistent. The entire cat, including the ears, paws and any visible tail, remains inside the original frame with clear margins throughout. Only the cat is visible, and the surrounding floor stays clear.

overall_soundscape: Quiet studio room tone continues throughout. One soft off-screen tongue click at 0.30 seconds is followed by faint paw movement during the crouch, a muted push-off and closely spaced soft paw-pad impacts during the landing between 1.35 and 1.65 seconds. The final paw adjustment finishes by 2.70 seconds, leaving only room tone and faint breathing.

non_diegetic_music: N/A
"
cat_ids/38_彼得秃猫.png,"For the target video, at 0.00 seconds into the target video, <Picture 1> (from [Shot 1]) is fully referenced.

integrated_multimodal_description: [Shot 1] Live-action, photorealistic studio pet footage. A static medium full-body shot begins with the seated cat and scene in <Picture 1>. This is one continuous four-second shot. The cat stays seated while playing with one feather teaser wand, making two light alternating front-paw taps before settling. From 0.00 to 0.20 seconds, it holds the initial seated pose. From 0.20 to 0.60 seconds, one small feather tuft attached directly to the tip of a slender flexible rod enters smoothly from the viewer's right. The tuft stops just ahead of the cat's lower chest, slightly toward the viewer's right and within easy paw reach. The visible rod extends continuously from the tuft through the right edge to an off-screen holder; the holder and hand remain outside the frame. The cat's eyes track the tuft and its head follows with a small turn. From 0.60 to 1.15 seconds, the tuft makes one short sideways sway. Keeping the hindquarters seated and the anatomical right front paw, on the viewer's left, planted for support, the cat lifts its anatomical left front paw, on the viewer's right, taps the tuft once and returns that paw to the floor. From 1.15 to 1.95 seconds, the rod guides the tuft through a short arc toward the viewer's left, just in front of the chest. The cat transfers support onto the now-planted left front paw, lifts the anatomical right front paw, taps the tuft once and returns that paw to the floor. Each paw contact briefly bends the feathers and deflects the rod tip; the tuft remains attached and visibly distinct from the paw. Only one front paw is raised at a time, and the hindquarters stay on the floor throughout. From 1.95 to 2.15 seconds, the wand pauses while the cat watches with both front paws down. From 2.15 to 2.60 seconds, the wand withdraws smoothly along a short path toward the viewer's right and exits completely through the same edge. The cat follows with its eyes and a small head turn, keeping both front paws on the floor. By 2.70 seconds, it rests in a comfortable upright seated pose, looking slightly toward the departed toy. This attentive posture continues through 3.00 seconds. From 3.00 to 4.00 seconds, the toy stays outside the frame and the cat maintains this posture with only faint breathing and tiny settling movements. Preserve the individual cat's facial proportions, each anatomical eye's reference color, body proportions, paw anatomy, coat or bare-skin appearance, markings, ear type and existing tail anatomy as the pose changes. Keep the reference framing, background, floor and lighting consistent, with a locked camera and grounded shadows following the paw movements. The entire cat remains inside the original frame with clear margins throughout. Only the cat and this single connected wand occupy the scene; the feather tuft moves below the chin, keeping the eyes and face unobstructed.

overall_soundscape: Quiet studio ambience continues beneath a faint feather rustle and two soft paw-to-feather contacts during the alternating taps between 0.60 and 1.95 seconds. Light paw-pad landings accompany each paw's return to the floor. A final soft feather rustle ends as the wand leaves by 2.60 seconds; after 2.70 seconds, only room tone and faint breathing remain.

non_diegetic_music: N/A
"
cat_ids/39_雪鞋猫.png,"For the target video, at 0.00 seconds into the target video, <Picture 1> (from [Shot 1]) is fully referenced.

integrated_multimodal_description: [Shot 1] Live-action, photorealistic studio pet footage. A static medium full-body shot begins with the seated cat and scene in <Picture 1>. This is one continuous four-second shot. The cat makes one small forward-and-upward hop, lands softly and returns to a comfortable upright seated pose. From 0.00 to 0.30 seconds, it holds the initial seated pose. At 0.30 seconds, one quiet off-screen tongue click draws its gaze slightly above the camera. From 0.30 to 0.85 seconds, the cat leans its chest slightly forward, raises the hindquarters out of the seated position and folds the hind legs into a compact crouch, with both front paws still touching the floor. From 0.85 to 1.10 seconds, the hind legs extend to push against the floor while both front paws lift and reach a short distance forward. From 1.10 to 1.35 seconds, the body travels through one low, compact arc, with all four paws visibly clear of the floor together for a brief moment. The head and chest stay low enough to preserve the available headroom, and the paws remain beneath or just ahead of the body. From 1.35 to 1.65 seconds, the front paws touch down first, followed closely by the hind paws; the elbows and hind legs bend to absorb the landing. The landing is no more than one front-paw length ahead of the starting position. The shadow stays on the floor, visibly separating from the paws during the hop and reconnecting at landing. From 1.65 to 2.50 seconds, the cat lowers its hindquarters, makes a small front-paw placement adjustment beneath the shoulders and raises its chest into an upright, front-facing seated pose near the starting position. By 2.70 seconds, it is comfortably balanced with both front paws on the floor and a relaxed, attentive gaze. This seated posture continues through 3.00 seconds. From 3.00 to 4.00 seconds, the cat maintains the posture reached by 2.70 seconds, with only faint breathing and tiny settling movements. Preserve the individual cat's facial proportions, each anatomical eye's reference color, body proportions, paw anatomy, coat or bare-skin appearance, markings, ear type and existing tail anatomy as the pose changes. Keep the camera position, perspective, focal length, crop, focus, exposure, white balance, reference background, floor and lighting consistent. The entire cat, including the ears, paws and any visible tail, remains inside the original frame with clear margins throughout. Only the cat is visible, and the surrounding floor stays clear.

overall_soundscape: Quiet studio room tone continues throughout. One soft off-screen tongue click at 0.30 seconds is followed by faint paw movement during the crouch, a muted push-off and closely spaced soft paw-pad impacts during the landing between 1.35 and 1.65 seconds. The final paw adjustment finishes by 2.70 seconds, leaving only room tone and faint breathing.

non_diegetic_music: N/A
"
cat_ids/39_雪鞋猫.png,"For the target video, at 0.00 seconds into the target video, <Picture 1> (from [Shot 1]) is fully referenced.

integrated_multimodal_description: [Shot 1] Live-action, photorealistic studio pet footage. A static medium full-body shot begins with the seated cat and scene in <Picture 1>. This is one continuous four-second shot. The cat stays seated while playing with one feather teaser wand, making two light alternating front-paw taps before settling. From 0.00 to 0.20 seconds, it holds the initial seated pose. From 0.20 to 0.60 seconds, one small feather tuft attached directly to the tip of a slender flexible rod enters smoothly from the viewer's right. The tuft stops just ahead of the cat's lower chest, slightly toward the viewer's right and within easy paw reach. The visible rod extends continuously from the tuft through the right edge to an off-screen holder; the holder and hand remain outside the frame. The cat's eyes track the tuft and its head follows with a small turn. From 0.60 to 1.15 seconds, the tuft makes one short sideways sway. Keeping the hindquarters seated and the anatomical right front paw, on the viewer's left, planted for support, the cat lifts its anatomical left front paw, on the viewer's right, taps the tuft once and returns that paw to the floor. From 1.15 to 1.95 seconds, the rod guides the tuft through a short arc toward the viewer's left, just in front of the chest. The cat transfers support onto the now-planted left front paw, lifts the anatomical right front paw, taps the tuft once and returns that paw to the floor. Each paw contact briefly bends the feathers and deflects the rod tip; the tuft remains attached and visibly distinct from the paw. Only one front paw is raised at a time, and the hindquarters stay on the floor throughout. From 1.95 to 2.15 seconds, the wand pauses while the cat watches with both front paws down. From 2.15 to 2.60 seconds, the wand withdraws smoothly along a short path toward the viewer's right and exits completely through the same edge. The cat follows with its eyes and a small head turn, keeping both front paws on the floor. By 2.70 seconds, it rests in a comfortable upright seated pose, looking slightly toward the departed toy. This attentive posture continues through 3.00 seconds. From 3.00 to 4.00 seconds, the toy stays outside the frame and the cat maintains this posture with only faint breathing and tiny settling movements. Preserve the individual cat's facial proportions, each anatomical eye's reference color, body proportions, paw anatomy, coat or bare-skin appearance, markings, ear type and existing tail anatomy as the pose changes. Keep the reference framing, background, floor and lighting consistent, with a locked camera and grounded shadows following the paw movements. The entire cat remains inside the original frame with clear margins throughout. Only the cat and this single connected wand occupy the scene; the feather tuft moves below the chin, keeping the eyes and face unobstructed.

overall_soundscape: Quiet studio ambience continues beneath a faint feather rustle and two soft paw-to-feather contacts during the alternating taps between 0.60 and 1.95 seconds. Light paw-pad landings accompany each paw's return to the floor. A final soft feather rustle ends as the wand leaves by 2.60 seconds; after 2.70 seconds, only room tone and faint breathing remain.

non_diegetic_music: N/A
"
cat_ids/40_孟买猫.png,"For the target video, at 0.00 seconds into the target video, <Picture 1> (from [Shot 1]) is fully referenced.

integrated_multimodal_description: [Shot 1] Live-action, photorealistic studio pet footage. A static medium full-body shot begins with the seated cat and scene in <Picture 1>. This is one continuous four-second shot. The cat makes one small forward-and-upward hop, lands softly and returns to a comfortable upright seated pose. From 0.00 to 0.30 seconds, it holds the initial seated pose. At 0.30 seconds, one quiet off-screen tongue click draws its gaze slightly above the camera. From 0.30 to 0.85 seconds, the cat leans its chest slightly forward, raises the hindquarters out of the seated position and folds the hind legs into a compact crouch, with both front paws still touching the floor. From 0.85 to 1.10 seconds, the hind legs extend to push against the floor while both front paws lift and reach a short distance forward. From 1.10 to 1.35 seconds, the body travels through one low, compact arc, with all four paws visibly clear of the floor together for a brief moment. The head and chest stay low enough to preserve the available headroom, and the paws remain beneath or just ahead of the body. From 1.35 to 1.65 seconds, the front paws touch down first, followed closely by the hind paws; the elbows and hind legs bend to absorb the landing. The landing is no more than one front-paw length ahead of the starting position. The shadow stays on the floor, visibly separating from the paws during the hop and reconnecting at landing. From 1.65 to 2.50 seconds, the cat lowers its hindquarters, makes a small front-paw placement adjustment beneath the shoulders and raises its chest into an upright, front-facing seated pose near the starting position. By 2.70 seconds, it is comfortably balanced with both front paws on the floor and a relaxed, attentive gaze. This seated posture continues through 3.00 seconds. From 3.00 to 4.00 seconds, the cat maintains the posture reached by 2.70 seconds, with only faint breathing and tiny settling movements. Preserve the individual cat's facial proportions, each anatomical eye's reference color, body proportions, paw anatomy, coat or bare-skin appearance, markings, ear type and existing tail anatomy as the pose changes. Keep the camera position, perspective, focal length, crop, focus, exposure, white balance, reference background, floor and lighting consistent. The entire cat, including the ears, paws and any visible tail, remains inside the original frame with clear margins throughout. Only the cat is visible, and the surrounding floor stays clear.

overall_soundscape: Quiet studio room tone continues throughout. One soft off-screen tongue click at 0.30 seconds is followed by faint paw movement during the crouch, a muted push-off and closely spaced soft paw-pad impacts during the landing between 1.35 and 1.65 seconds. The final paw adjustment finishes by 2.70 seconds, leaving only room tone and faint breathing.

non_diegetic_music: N/A
"
cat_ids/40_孟买猫.png,"For the target video, at 0.00 seconds into the target video, <Picture 1> (from [Shot 1]) is fully referenced.

integrated_multimodal_description: [Shot 1] Live-action, photorealistic studio pet footage. A static medium full-body shot begins with the seated cat and scene in <Picture 1>. This is one continuous four-second shot. The cat stays seated while playing with one feather teaser wand, making two light alternating front-paw taps before settling. From 0.00 to 0.20 seconds, it holds the initial seated pose. From 0.20 to 0.60 seconds, one small feather tuft attached directly to the tip of a slender flexible rod enters smoothly from the viewer's right. The tuft stops just ahead of the cat's lower chest, slightly toward the viewer's right and within easy paw reach. The visible rod extends continuously from the tuft through the right edge to an off-screen holder; the holder and hand remain outside the frame. The cat's eyes track the tuft and its head follows with a small turn. From 0.60 to 1.15 seconds, the tuft makes one short sideways sway. Keeping the hindquarters seated and the anatomical right front paw, on the viewer's left, planted for support, the cat lifts its anatomical left front paw, on the viewer's right, taps the tuft once and returns that paw to the floor. From 1.15 to 1.95 seconds, the rod guides the tuft through a short arc toward the viewer's left, just in front of the chest. The cat transfers support onto the now-planted left front paw, lifts the anatomical right front paw, taps the tuft once and returns that paw to the floor. Each paw contact briefly bends the feathers and deflects the rod tip; the tuft remains attached and visibly distinct from the paw. Only one front paw is raised at a time, and the hindquarters stay on the floor throughout. From 1.95 to 2.15 seconds, the wand pauses while the cat watches with both front paws down. From 2.15 to 2.60 seconds, the wand withdraws smoothly along a short path toward the viewer's right and exits completely through the same edge. The cat follows with its eyes and a small head turn, keeping both front paws on the floor. By 2.70 seconds, it rests in a comfortable upright seated pose, looking slightly toward the departed toy. This attentive posture continues through 3.00 seconds. From 3.00 to 4.00 seconds, the toy stays outside the frame and the cat maintains this posture with only faint breathing and tiny settling movements. Preserve the individual cat's facial proportions, each anatomical eye's reference color, body proportions, paw anatomy, coat or bare-skin appearance, markings, ear type and existing tail anatomy as the pose changes. Keep the reference framing, background, floor and lighting consistent, with a locked camera and grounded shadows following the paw movements. The entire cat remains inside the original frame with clear margins throughout. Only the cat and this single connected wand occupy the scene; the feather tuft moves below the chin, keeping the eyes and face unobstructed.

overall_soundscape: Quiet studio ambience continues beneath a faint feather rustle and two soft paw-to-feather contacts during the alternating taps between 0.60 and 1.95 seconds. Light paw-pad landings accompany each paw's return to the floor. A final soft feather rustle ends as the wand leaves by 2.60 seconds; after 2.70 seconds, only room tone and faint breathing remain.

non_diegetic_music: N/A
"
cat_ids/41_英国短毛猫蓝色.png,"For the target video, at 0.00 seconds into the target video, <Picture 1> (from [Shot 1]) is fully referenced.

integrated_multimodal_description: [Shot 1] Live-action, photorealistic studio pet footage. A static medium full-body shot begins with the seated cat and scene in <Picture 1>. This is one continuous four-second shot. The cat makes one small forward-and-upward hop, lands softly and returns to a comfortable upright seated pose. From 0.00 to 0.30 seconds, it holds the initial seated pose. At 0.30 seconds, one quiet off-screen tongue click draws its gaze slightly above the camera. From 0.30 to 0.85 seconds, the cat leans its chest slightly forward, raises the hindquarters out of the seated position and folds the hind legs into a compact crouch, with both front paws still touching the floor. From 0.85 to 1.10 seconds, the hind legs extend to push against the floor while both front paws lift and reach a short distance forward. From 1.10 to 1.35 seconds, the body travels through one low, compact arc, with all four paws visibly clear of the floor together for a brief moment. The head and chest stay low enough to preserve the available headroom, and the paws remain beneath or just ahead of the body. From 1.35 to 1.65 seconds, the front paws touch down first, followed closely by the hind paws; the elbows and hind legs bend to absorb the landing. The landing is no more than one front-paw length ahead of the starting position. The shadow stays on the floor, visibly separating from the paws during the hop and reconnecting at landing. From 1.65 to 2.50 seconds, the cat lowers its hindquarters, makes a small front-paw placement adjustment beneath the shoulders and raises its chest into an upright, front-facing seated pose near the starting position. By 2.70 seconds, it is comfortably balanced with both front paws on the floor and a relaxed, attentive gaze. This seated posture continues through 3.00 seconds. From 3.00 to 4.00 seconds, the cat maintains the posture reached by 2.70 seconds, with only faint breathing and tiny settling movements. Preserve the individual cat's facial proportions, each anatomical eye's reference color, body proportions, paw anatomy, coat or bare-skin appearance, markings, ear type and existing tail anatomy as the pose changes. Keep the camera position, perspective, focal length, crop, focus, exposure, white balance, reference background, floor and lighting consistent. The entire cat, including the ears, paws and any visible tail, remains inside the original frame with clear margins throughout. Only the cat is visible, and the surrounding floor stays clear.

overall_soundscape: Quiet studio room tone continues throughout. One soft off-screen tongue click at 0.30 seconds is followed by faint paw movement during the crouch, a muted push-off and closely spaced soft paw-pad impacts during the landing between 1.35 and 1.65 seconds. The final paw adjustment finishes by 2.70 seconds, leaving only room tone and faint breathing.

non_diegetic_music: N/A
"
cat_ids/41_英国短毛猫蓝色.png,"For the target video, at 0.00 seconds into the target video, <Picture 1> (from [Shot 1]) is fully referenced.

integrated_multimodal_description: [Shot 1] Live-action, photorealistic studio pet footage. A static medium full-body shot begins with the seated cat and scene in <Picture 1>. This is one continuous four-second shot. The cat stays seated while playing with one feather teaser wand, making two light alternating front-paw taps before settling. From 0.00 to 0.20 seconds, it holds the initial seated pose. From 0.20 to 0.60 seconds, one small feather tuft attached directly to the tip of a slender flexible rod enters smoothly from the viewer's right. The tuft stops just ahead of the cat's lower chest, slightly toward the viewer's right and within easy paw reach. The visible rod extends continuously from the tuft through the right edge to an off-screen holder; the holder and hand remain outside the frame. The cat's eyes track the tuft and its head follows with a small turn. From 0.60 to 1.15 seconds, the tuft makes one short sideways sway. Keeping the hindquarters seated and the anatomical right front paw, on the viewer's left, planted for support, the cat lifts its anatomical left front paw, on the viewer's right, taps the tuft once and returns that paw to the floor. From 1.15 to 1.95 seconds, the rod guides the tuft through a short arc toward the viewer's left, just in front of the chest. The cat transfers support onto the now-planted left front paw, lifts the anatomical right front paw, taps the tuft once and returns that paw to the floor. Each paw contact briefly bends the feathers and deflects the rod tip; the tuft remains attached and visibly distinct from the paw. Only one front paw is raised at a time, and the hindquarters stay on the floor throughout. From 1.95 to 2.15 seconds, the wand pauses while the cat watches with both front paws down. From 2.15 to 2.60 seconds, the wand withdraws smoothly along a short path toward the viewer's right and exits completely through the same edge. The cat follows with its eyes and a small head turn, keeping both front paws on the floor. By 2.70 seconds, it rests in a comfortable upright seated pose, looking slightly toward the departed toy. This attentive posture continues through 3.00 seconds. From 3.00 to 4.00 seconds, the toy stays outside the frame and the cat maintains this posture with only faint breathing and tiny settling movements. Preserve the individual cat's facial proportions, each anatomical eye's reference color, body proportions, paw anatomy, coat or bare-skin appearance, markings, ear type and existing tail anatomy as the pose changes. Keep the reference framing, background, floor and lighting consistent, with a locked camera and grounded shadows following the paw movements. The entire cat remains inside the original frame with clear margins throughout. Only the cat and this single connected wand occupy the scene; the feather tuft moves below the chin, keeping the eyes and face unobstructed.

overall_soundscape: Quiet studio ambience continues beneath a faint feather rustle and two soft paw-to-feather contacts during the alternating taps between 0.60 and 1.95 seconds. Light paw-pad landings accompany each paw's return to the floor. A final soft feather rustle ends as the wand leaves by 2.60 seconds; after 2.70 seconds, only room tone and faint breathing remain.

non_diegetic_music: N/A
"
cat_ids/42_英国短毛猫金色.png,"For the target video, at 0.00 seconds into the target video, <Picture 1> (from [Shot 1]) is fully referenced.

integrated_multimodal_description: [Shot 1] Live-action, photorealistic studio pet footage. A static medium full-body shot begins with the seated cat and scene in <Picture 1>. This is one continuous four-second shot. The cat makes one small forward-and-upward hop, lands softly and returns to a comfortable upright seated pose. From 0.00 to 0.30 seconds, it holds the initial seated pose. At 0.30 seconds, one quiet off-screen tongue click draws its gaze slightly above the camera. From 0.30 to 0.85 seconds, the cat leans its chest slightly forward, raises the hindquarters out of the seated position and folds the hind legs into a compact crouch, with both front paws still touching the floor. From 0.85 to 1.10 seconds, the hind legs extend to push against the floor while both front paws lift and reach a short distance forward. From 1.10 to 1.35 seconds, the body travels through one low, compact arc, with all four paws visibly clear of the floor together for a brief moment. The head and chest stay low enough to preserve the available headroom, and the paws remain beneath or just ahead of the body. From 1.35 to 1.65 seconds, the front paws touch down first, followed closely by the hind paws; the elbows and hind legs bend to absorb the landing. The landing is no more than one front-paw length ahead of the starting position. The shadow stays on the floor, visibly separating from the paws during the hop and reconnecting at landing. From 1.65 to 2.50 seconds, the cat lowers its hindquarters, makes a small front-paw placement adjustment beneath the shoulders and raises its chest into an upright, front-facing seated pose near the starting position. By 2.70 seconds, it is comfortably balanced with both front paws on the floor and a relaxed, attentive gaze. This seated posture continues through 3.00 seconds. From 3.00 to 4.00 seconds, the cat maintains the posture reached by 2.70 seconds, with only faint breathing and tiny settling movements. Preserve the individual cat's facial proportions, each anatomical eye's reference color, body proportions, paw anatomy, coat or bare-skin appearance, markings, ear type and existing tail anatomy as the pose changes. Keep the camera position, perspective, focal length, crop, focus, exposure, white balance, reference background, floor and lighting consistent. The entire cat, including the ears, paws and any visible tail, remains inside the original frame with clear margins throughout. Only the cat is visible, and the surrounding floor stays clear.

overall_soundscape: Quiet studio room tone continues throughout. One soft off-screen tongue click at 0.30 seconds is followed by faint paw movement during the crouch, a muted push-off and closely spaced soft paw-pad impacts during the landing between 1.35 and 1.65 seconds. The final paw adjustment finishes by 2.70 seconds, leaving only room tone and faint breathing.

non_diegetic_music: N/A
"
cat_ids/42_英国短毛猫金色.png,"For the target video, at 0.00 seconds into the target video, <Picture 1> (from [Shot 1]) is fully referenced.

integrated_multimodal_description: [Shot 1] Live-action, photorealistic studio pet footage. A static medium full-body shot begins with the seated cat and scene in <Picture 1>. This is one continuous four-second shot. The cat stays seated while playing with one feather teaser wand, making two light alternating front-paw taps before settling. From 0.00 to 0.20 seconds, it holds the initial seated pose. From 0.20 to 0.60 seconds, one small feather tuft attached directly to the tip of a slender flexible rod enters smoothly from the viewer's right. The tuft stops just ahead of the cat's lower chest, slightly toward the viewer's right and within easy paw reach. The visible rod extends continuously from the tuft through the right edge to an off-screen holder; the holder and hand remain outside the frame. The cat's eyes track the tuft and its head follows with a small turn. From 0.60 to 1.15 seconds, the tuft makes one short sideways sway. Keeping the hindquarters seated and the anatomical right front paw, on the viewer's left, planted for support, the cat lifts its anatomical left front paw, on the viewer's right, taps the tuft once and returns that paw to the floor. From 1.15 to 1.95 seconds, the rod guides the tuft through a short arc toward the viewer's left, just in front of the chest. The cat transfers support onto the now-planted left front paw, lifts the anatomical right front paw, taps the tuft once and returns that paw to the floor. Each paw contact briefly bends the feathers and deflects the rod tip; the tuft remains attached and visibly distinct from the paw. Only one front paw is raised at a time, and the hindquarters stay on the floor throughout. From 1.95 to 2.15 seconds, the wand pauses while the cat watches with both front paws down. From 2.15 to 2.60 seconds, the wand withdraws smoothly along a short path toward the viewer's right and exits completely through the same edge. The cat follows with its eyes and a small head turn, keeping both front paws on the floor. By 2.70 seconds, it rests in a comfortable upright seated pose, looking slightly toward the departed toy. This attentive posture continues through 3.00 seconds. From 3.00 to 4.00 seconds, the toy stays outside the frame and the cat maintains this posture with only faint breathing and tiny settling movements. Preserve the individual cat's facial proportions, each anatomical eye's reference color, body proportions, paw anatomy, coat or bare-skin appearance, markings, ear type and existing tail anatomy as the pose changes. Keep the reference framing, background, floor and lighting consistent, with a locked camera and grounded shadows following the paw movements. The entire cat remains inside the original frame with clear margins throughout. Only the cat and this single connected wand occupy the scene; the feather tuft moves below the chin, keeping the eyes and face unobstructed.

overall_soundscape: Quiet studio ambience continues beneath a faint feather rustle and two soft paw-to-feather contacts during the alternating taps between 0.60 and 1.95 seconds. Light paw-pad landings accompany each paw's return to the floor. A final soft feather rustle ends as the wand leaves by 2.60 seconds; after 2.70 seconds, only room tone and faint breathing remain.

non_diegetic_music: N/A
"
cat_ids/43_英国长毛猫丁香色.png,"For the target video, at 0.00 seconds into the target video, <Picture 1> (from [Shot 1]) is fully referenced.

integrated_multimodal_description: [Shot 1] Live-action, photorealistic studio pet footage. A static medium full-body shot begins with the seated cat and scene in <Picture 1>. This is one continuous four-second shot. The cat makes one small forward-and-upward hop, lands softly and returns to a comfortable upright seated pose. From 0.00 to 0.30 seconds, it holds the initial seated pose. At 0.30 seconds, one quiet off-screen tongue click draws its gaze slightly above the camera. From 0.30 to 0.85 seconds, the cat leans its chest slightly forward, raises the hindquarters out of the seated position and folds the hind legs into a compact crouch, with both front paws still touching the floor. From 0.85 to 1.10 seconds, the hind legs extend to push against the floor while both front paws lift and reach a short distance forward. From 1.10 to 1.35 seconds, the body travels through one low, compact arc, with all four paws visibly clear of the floor together for a brief moment. The head and chest stay low enough to preserve the available headroom, and the paws remain beneath or just ahead of the body. From 1.35 to 1.65 seconds, the front paws touch down first, followed closely by the hind paws; the elbows and hind legs bend to absorb the landing. The landing is no more than one front-paw length ahead of the starting position. The shadow stays on the floor, visibly separating from the paws during the hop and reconnecting at landing. From 1.65 to 2.50 seconds, the cat lowers its hindquarters, makes a small front-paw placement adjustment beneath the shoulders and raises its chest into an upright, front-facing seated pose near the starting position. By 2.70 seconds, it is comfortably balanced with both front paws on the floor and a relaxed, attentive gaze. This seated posture continues through 3.00 seconds. From 3.00 to 4.00 seconds, the cat maintains the posture reached by 2.70 seconds, with only faint breathing and tiny settling movements. Preserve the individual cat's facial proportions, each anatomical eye's reference color, body proportions, paw anatomy, coat or bare-skin appearance, markings, ear type and existing tail anatomy as the pose changes. Keep the camera position, perspective, focal length, crop, focus, exposure, white balance, reference background, floor and lighting consistent. The entire cat, including the ears, paws and any visible tail, remains inside the original frame with clear margins throughout. Only the cat is visible, and the surrounding floor stays clear.

overall_soundscape: Quiet studio room tone continues throughout. One soft off-screen tongue click at 0.30 seconds is followed by faint paw movement during the crouch, a muted push-off and closely spaced soft paw-pad impacts during the landing between 1.35 and 1.65 seconds. The final paw adjustment finishes by 2.70 seconds, leaving only room tone and faint breathing.

non_diegetic_music: N/A
"
cat_ids/43_英国长毛猫丁香色.png,"For the target video, at 0.00 seconds into the target video, <Picture 1> (from [Shot 1]) is fully referenced.

integrated_multimodal_description: [Shot 1] Live-action, photorealistic studio pet footage. A static medium full-body shot begins with the seated cat and scene in <Picture 1>. This is one continuous four-second shot. The cat stays seated while playing with one feather teaser wand, making two light alternating front-paw taps before settling. From 0.00 to 0.20 seconds, it holds the initial seated pose. From 0.20 to 0.60 seconds, one small feather tuft attached directly to the tip of a slender flexible rod enters smoothly from the viewer's right. The tuft stops just ahead of the cat's lower chest, slightly toward the viewer's right and within easy paw reach. The visible rod extends continuously from the tuft through the right edge to an off-screen holder; the holder and hand remain outside the frame. The cat's eyes track the tuft and its head follows with a small turn. From 0.60 to 1.15 seconds, the tuft makes one short sideways sway. Keeping the hindquarters seated and the anatomical right front paw, on the viewer's left, planted for support, the cat lifts its anatomical left front paw, on the viewer's right, taps the tuft once and returns that paw to the floor. From 1.15 to 1.95 seconds, the rod guides the tuft through a short arc toward the viewer's left, just in front of the chest. The cat transfers support onto the now-planted left front paw, lifts the anatomical right front paw, taps the tuft once and returns that paw to the floor. Each paw contact briefly bends the feathers and deflects the rod tip; the tuft remains attached and visibly distinct from the paw. Only one front paw is raised at a time, and the hindquarters stay on the floor throughout. From 1.95 to 2.15 seconds, the wand pauses while the cat watches with both front paws down. From 2.15 to 2.60 seconds, the wand withdraws smoothly along a short path toward the viewer's right and exits completely through the same edge. The cat follows with its eyes and a small head turn, keeping both front paws on the floor. By 2.70 seconds, it rests in a comfortable upright seated pose, looking slightly toward the departed toy. This attentive posture continues through 3.00 seconds. From 3.00 to 4.00 seconds, the toy stays outside the frame and the cat maintains this posture with only faint breathing and tiny settling movements. Preserve the individual cat's facial proportions, each anatomical eye's reference color, body proportions, paw anatomy, coat or bare-skin appearance, markings, ear type and existing tail anatomy as the pose changes. Keep the reference framing, background, floor and lighting consistent, with a locked camera and grounded shadows following the paw movements. The entire cat remains inside the original frame with clear margins throughout. Only the cat and this single connected wand occupy the scene; the feather tuft moves below the chin, keeping the eyes and face unobstructed.

overall_soundscape: Quiet studio ambience continues beneath a faint feather rustle and two soft paw-to-feather contacts during the alternating taps between 0.60 and 1.95 seconds. Light paw-pad landings accompany each paw's return to the floor. A final soft feather rustle ends as the wand leaves by 2.60 seconds; after 2.70 seconds, only room tone and faint breathing remain.

non_diegetic_music: N/A
"
cat_ids/44_沙特尔猫.png,"For the target video, at 0.00 seconds into the target video, <Picture 1> (from [Shot 1]) is fully referenced.

integrated_multimodal_description: [Shot 1] Live-action, photorealistic studio pet footage. A static medium full-body shot begins with the seated cat and scene in <Picture 1>. This is one continuous four-second shot. The cat makes one small forward-and-upward hop, lands softly and returns to a comfortable upright seated pose. From 0.00 to 0.30 seconds, it holds the initial seated pose. At 0.30 seconds, one quiet off-screen tongue click draws its gaze slightly above the camera. From 0.30 to 0.85 seconds, the cat leans its chest slightly forward, raises the hindquarters out of the seated position and folds the hind legs into a compact crouch, with both front paws still touching the floor. From 0.85 to 1.10 seconds, the hind legs extend to push against the floor while both front paws lift and reach a short distance forward. From 1.10 to 1.35 seconds, the body travels through one low, compact arc, with all four paws visibly clear of the floor together for a brief moment. The head and chest stay low enough to preserve the available headroom, and the paws remain beneath or just ahead of the body. From 1.35 to 1.65 seconds, the front paws touch down first, followed closely by the hind paws; the elbows and hind legs bend to absorb the landing. The landing is no more than one front-paw length ahead of the starting position. The shadow stays on the floor, visibly separating from the paws during the hop and reconnecting at landing. From 1.65 to 2.50 seconds, the cat lowers its hindquarters, makes a small front-paw placement adjustment beneath the shoulders and raises its chest into an upright, front-facing seated pose near the starting position. By 2.70 seconds, it is comfortably balanced with both front paws on the floor and a relaxed, attentive gaze. This seated posture continues through 3.00 seconds. From 3.00 to 4.00 seconds, the cat maintains the posture reached by 2.70 seconds, with only faint breathing and tiny settling movements. Preserve the individual cat's facial proportions, each anatomical eye's reference color, body proportions, paw anatomy, coat or bare-skin appearance, markings, ear type and existing tail anatomy as the pose changes. Keep the camera position, perspective, focal length, crop, focus, exposure, white balance, reference background, floor and lighting consistent. The entire cat, including the ears, paws and any visible tail, remains inside the original frame with clear margins throughout. Only the cat is visible, and the surrounding floor stays clear.

overall_soundscape: Quiet studio room tone continues throughout. One soft off-screen tongue click at 0.30 seconds is followed by faint paw movement during the crouch, a muted push-off and closely spaced soft paw-pad impacts during the landing between 1.35 and 1.65 seconds. The final paw adjustment finishes by 2.70 seconds, leaving only room tone and faint breathing.

non_diegetic_music: N/A
"
cat_ids/44_沙特尔猫.png,"For the target video, at 0.00 seconds into the target video, <Picture 1> (from [Shot 1]) is fully referenced.

integrated_multimodal_description: [Shot 1] Live-action, photorealistic studio pet footage. A static medium full-body shot begins with the seated cat and scene in <Picture 1>. This is one continuous four-second shot. The cat stays seated while playing with one feather teaser wand, making two light alternating front-paw taps before settling. From 0.00 to 0.20 seconds, it holds the initial seated pose. From 0.20 to 0.60 seconds, one small feather tuft attached directly to the tip of a slender flexible rod enters smoothly from the viewer's right. The tuft stops just ahead of the cat's lower chest, slightly toward the viewer's right and within easy paw reach. The visible rod extends continuously from the tuft through the right edge to an off-screen holder; the holder and hand remain outside the frame. The cat's eyes track the tuft and its head follows with a small turn. From 0.60 to 1.15 seconds, the tuft makes one short sideways sway. Keeping the hindquarters seated and the anatomical right front paw, on the viewer's left, planted for support, the cat lifts its anatomical left front paw, on the viewer's right, taps the tuft once and returns that paw to the floor. From 1.15 to 1.95 seconds, the rod guides the tuft through a short arc toward the viewer's left, just in front of the chest. The cat transfers support onto the now-planted left front paw, lifts the anatomical right front paw, taps the tuft once and returns that paw to the floor. Each paw contact briefly bends the feathers and deflects the rod tip; the tuft remains attached and visibly distinct from the paw. Only one front paw is raised at a time, and the hindquarters stay on the floor throughout. From 1.95 to 2.15 seconds, the wand pauses while the cat watches with both front paws down. From 2.15 to 2.60 seconds, the wand withdraws smoothly along a short path toward the viewer's right and exits completely through the same edge. The cat follows with its eyes and a small head turn, keeping both front paws on the floor. By 2.70 seconds, it rests in a comfortable upright seated pose, looking slightly toward the departed toy. This attentive posture continues through 3.00 seconds. From 3.00 to 4.00 seconds, the toy stays outside the frame and the cat maintains this posture with only faint breathing and tiny settling movements. Preserve the individual cat's facial proportions, each anatomical eye's reference color, body proportions, paw anatomy, coat or bare-skin appearance, markings, ear type and existing tail anatomy as the pose changes. Keep the reference framing, background, floor and lighting consistent, with a locked camera and grounded shadows following the paw movements. The entire cat remains inside the original frame with clear margins throughout. Only the cat and this single connected wand occupy the scene; the feather tuft moves below the chin, keeping the eyes and face unobstructed.

overall_soundscape: Quiet studio ambience continues beneath a faint feather rustle and two soft paw-to-feather contacts during the alternating taps between 0.60 and 1.95 seconds. Light paw-pad landings accompany each paw's return to the floor. A final soft feather rustle ends as the wand leaves by 2.60 seconds; after 2.70 seconds, only room tone and faint breathing remain.

non_diegetic_music: N/A
"
cat_ids/45_俄罗斯蓝猫.png,"For the target video, at 0.00 seconds into the target video, <Picture 1> (from [Shot 1]) is fully referenced.

integrated_multimodal_description: [Shot 1] Live-action, photorealistic studio pet footage. A static medium full-body shot begins with the seated cat and scene in <Picture 1>. This is one continuous four-second shot. The cat makes one small forward-and-upward hop, lands softly and returns to a comfortable upright seated pose. From 0.00 to 0.30 seconds, it holds the initial seated pose. At 0.30 seconds, one quiet off-screen tongue click draws its gaze slightly above the camera. From 0.30 to 0.85 seconds, the cat leans its chest slightly forward, raises the hindquarters out of the seated position and folds the hind legs into a compact crouch, with both front paws still touching the floor. From 0.85 to 1.10 seconds, the hind legs extend to push against the floor while both front paws lift and reach a short distance forward. From 1.10 to 1.35 seconds, the body travels through one low, compact arc, with all four paws visibly clear of the floor together for a brief moment. The head and chest stay low enough to preserve the available headroom, and the paws remain beneath or just ahead of the body. From 1.35 to 1.65 seconds, the front paws touch down first, followed closely by the hind paws; the elbows and hind legs bend to absorb the landing. The landing is no more than one front-paw length ahead of the starting position. The shadow stays on the floor, visibly separating from the paws during the hop and reconnecting at landing. From 1.65 to 2.50 seconds, the cat lowers its hindquarters, makes a small front-paw placement adjustment beneath the shoulders and raises its chest into an upright, front-facing seated pose near the starting position. By 2.70 seconds, it is comfortably balanced with both front paws on the floor and a relaxed, attentive gaze. This seated posture continues through 3.00 seconds. From 3.00 to 4.00 seconds, the cat maintains the posture reached by 2.70 seconds, with only faint breathing and tiny settling movements. Preserve the individual cat's facial proportions, each anatomical eye's reference color, body proportions, paw anatomy, coat or bare-skin appearance, markings, ear type and existing tail anatomy as the pose changes. Keep the camera position, perspective, focal length, crop, focus, exposure, white balance, reference background, floor and lighting consistent. The entire cat, including the ears, paws and any visible tail, remains inside the original frame with clear margins throughout. Only the cat is visible, and the surrounding floor stays clear.

overall_soundscape: Quiet studio room tone continues throughout. One soft off-screen tongue click at 0.30 seconds is followed by faint paw movement during the crouch, a muted push-off and closely spaced soft paw-pad impacts during the landing between 1.35 and 1.65 seconds. The final paw adjustment finishes by 2.70 seconds, leaving only room tone and faint breathing.

non_diegetic_music: N/A
"
cat_ids/45_俄罗斯蓝猫.png,"For the target video, at 0.00 seconds into the target video, <Picture 1> (from [Shot 1]) is fully referenced.

integrated_multimodal_description: [Shot 1] Live-action, photorealistic studio pet footage. A static medium full-body shot begins with the seated cat and scene in <Picture 1>. This is one continuous four-second shot. The cat stays seated while playing with one feather teaser wand, making two light alternating front-paw taps before settling. From 0.00 to 0.20 seconds, it holds the initial seated pose. From 0.20 to 0.60 seconds, one small feather tuft attached directly to the tip of a slender flexible rod enters smoothly from the viewer's right. The tuft stops just ahead of the cat's lower chest, slightly toward the viewer's right and within easy paw reach. The visible rod extends continuously from the tuft through the right edge to an off-screen holder; the holder and hand remain outside the frame. The cat's eyes track the tuft and its head follows with a small turn. From 0.60 to 1.15 seconds, the tuft makes one short sideways sway. Keeping the hindquarters seated and the anatomical right front paw, on the viewer's left, planted for support, the cat lifts its anatomical left front paw, on the viewer's right, taps the tuft once and returns that paw to the floor. From 1.15 to 1.95 seconds, the rod guides the tuft through a short arc toward the viewer's left, just in front of the chest. The cat transfers support onto the now-planted left front paw, lifts the anatomical right front paw, taps the tuft once and returns that paw to the floor. Each paw contact briefly bends the feathers and deflects the rod tip; the tuft remains attached and visibly distinct from the paw. Only one front paw is raised at a time, and the hindquarters stay on the floor throughout. From 1.95 to 2.15 seconds, the wand pauses while the cat watches with both front paws down. From 2.15 to 2.60 seconds, the wand withdraws smoothly along a short path toward the viewer's right and exits completely through the same edge. The cat follows with its eyes and a small head turn, keeping both front paws on the floor. By 2.70 seconds, it rests in a comfortable upright seated pose, looking slightly toward the departed toy. This attentive posture continues through 3.00 seconds. From 3.00 to 4.00 seconds, the toy stays outside the frame and the cat maintains this posture with only faint breathing and tiny settling movements. Preserve the individual cat's facial proportions, each anatomical eye's reference color, body proportions, paw anatomy, coat or bare-skin appearance, markings, ear type and existing tail anatomy as the pose changes. Keep the reference framing, background, floor and lighting consistent, with a locked camera and grounded shadows following the paw movements. The entire cat remains inside the original frame with clear margins throughout. Only the cat and this single connected wand occupy the scene; the feather tuft moves below the chin, keeping the eyes and face unobstructed.

overall_soundscape: Quiet studio ambience continues beneath a faint feather rustle and two soft paw-to-feather contacts during the alternating taps between 0.60 and 1.95 seconds. Light paw-pad landings accompany each paw's return to the floor. A final soft feather rustle ends as the wand leaves by 2.60 seconds; after 2.70 seconds, only room tone and faint breathing remain.

non_diegetic_music: N/A
"
cat_ids/46_美国短毛猫银虎斑.png,"For the target video, at 0.00 seconds into the target video, <Picture 1> (from [Shot 1]) is fully referenced.

integrated_multimodal_description: [Shot 1] Live-action, photorealistic studio pet footage. A static medium full-body shot begins with the seated cat and scene in <Picture 1>. This is one continuous four-second shot. The cat makes one small forward-and-upward hop, lands softly and returns to a comfortable upright seated pose. From 0.00 to 0.30 seconds, it holds the initial seated pose. At 0.30 seconds, one quiet off-screen tongue click draws its gaze slightly above the camera. From 0.30 to 0.85 seconds, the cat leans its chest slightly forward, raises the hindquarters out of the seated position and folds the hind legs into a compact crouch, with both front paws still touching the floor. From 0.85 to 1.10 seconds, the hind legs extend to push against the floor while both front paws lift and reach a short distance forward. From 1.10 to 1.35 seconds, the body travels through one low, compact arc, with all four paws visibly clear of the floor together for a brief moment. The head and chest stay low enough to preserve the available headroom, and the paws remain beneath or just ahead of the body. From 1.35 to 1.65 seconds, the front paws touch down first, followed closely by the hind paws; the elbows and hind legs bend to absorb the landing. The landing is no more than one front-paw length ahead of the starting position. The shadow stays on the floor, visibly separating from the paws during the hop and reconnecting at landing. From 1.65 to 2.50 seconds, the cat lowers its hindquarters, makes a small front-paw placement adjustment beneath the shoulders and raises its chest into an upright, front-facing seated pose near the starting position. By 2.70 seconds, it is comfortably balanced with both front paws on the floor and a relaxed, attentive gaze. This seated posture continues through 3.00 seconds. From 3.00 to 4.00 seconds, the cat maintains the posture reached by 2.70 seconds, with only faint breathing and tiny settling movements. Preserve the individual cat's facial proportions, each anatomical eye's reference color, body proportions, paw anatomy, coat or bare-skin appearance, markings, ear type and existing tail anatomy as the pose changes. Keep the camera position, perspective, focal length, crop, focus, exposure, white balance, reference background, floor and lighting consistent. The entire cat, including the ears, paws and any visible tail, remains inside the original frame with clear margins throughout. Only the cat is visible, and the surrounding floor stays clear.

overall_soundscape: Quiet studio room tone continues throughout. One soft off-screen tongue click at 0.30 seconds is followed by faint paw movement during the crouch, a muted push-off and closely spaced soft paw-pad impacts during the landing between 1.35 and 1.65 seconds. The final paw adjustment finishes by 2.70 seconds, leaving only room tone and faint breathing.

non_diegetic_music: N/A
"
cat_ids/46_美国短毛猫银虎斑.png,"For the target video, at 0.00 seconds into the target video, <Picture 1> (from [Shot 1]) is fully referenced.

integrated_multimodal_description: [Shot 1] Live-action, photorealistic studio pet footage. A static medium full-body shot begins with the seated cat and scene in <Picture 1>. This is one continuous four-second shot. The cat stays seated while playing with one feather teaser wand, making two light alternating front-paw taps before settling. From 0.00 to 0.20 seconds, it holds the initial seated pose. From 0.20 to 0.60 seconds, one small feather tuft attached directly to the tip of a slender flexible rod enters smoothly from the viewer's right. The tuft stops just ahead of the cat's lower chest, slightly toward the viewer's right and within easy paw reach. The visible rod extends continuously from the tuft through the right edge to an off-screen holder; the holder and hand remain outside the frame. The cat's eyes track the tuft and its head follows with a small turn. From 0.60 to 1.15 seconds, the tuft makes one short sideways sway. Keeping the hindquarters seated and the anatomical right front paw, on the viewer's left, planted for support, the cat lifts its anatomical left front paw, on the viewer's right, taps the tuft once and returns that paw to the floor. From 1.15 to 1.95 seconds, the rod guides the tuft through a short arc toward the viewer's left, just in front of the chest. The cat transfers support onto the now-planted left front paw, lifts the anatomical right front paw, taps the tuft once and returns that paw to the floor. Each paw contact briefly bends the feathers and deflects the rod tip; the tuft remains attached and visibly distinct from the paw. Only one front paw is raised at a time, and the hindquarters stay on the floor throughout. From 1.95 to 2.15 seconds, the wand pauses while the cat watches with both front paws down. From 2.15 to 2.60 seconds, the wand withdraws smoothly along a short path toward the viewer's right and exits completely through the same edge. The cat follows with its eyes and a small head turn, keeping both front paws on the floor. By 2.70 seconds, it rests in a comfortable upright seated pose, looking slightly toward the departed toy. This attentive posture continues through 3.00 seconds. From 3.00 to 4.00 seconds, the toy stays outside the frame and the cat maintains this posture with only faint breathing and tiny settling movements. Preserve the individual cat's facial proportions, each anatomical eye's reference color, body proportions, paw anatomy, coat or bare-skin appearance, markings, ear type and existing tail anatomy as the pose changes. Keep the reference framing, background, floor and lighting consistent, with a locked camera and grounded shadows following the paw movements. The entire cat remains inside the original frame with clear margins throughout. Only the cat and this single connected wand occupy the scene; the feather tuft moves below the chin, keeping the eyes and face unobstructed.

overall_soundscape: Quiet studio ambience continues beneath a faint feather rustle and two soft paw-to-feather contacts during the alternating taps between 0.60 and 1.95 seconds. Light paw-pad landings accompany each paw's return to the floor. A final soft feather rustle ends as the wand leaves by 2.60 seconds; after 2.70 seconds, only room tone and faint breathing remain.

non_diegetic_music: N/A
"
cat_ids/47_美国硬毛猫.png,"For the target video, at 0.00 seconds into the target video, <Picture 1> (from [Shot 1]) is fully referenced.

integrated_multimodal_description: [Shot 1] Live-action, photorealistic studio pet footage. A static medium full-body shot begins with the seated cat and scene in <Picture 1>. This is one continuous four-second shot. The cat makes one small forward-and-upward hop, lands softly and returns to a comfortable upright seated pose. From 0.00 to 0.30 seconds, it holds the initial seated pose. At 0.30 seconds, one quiet off-screen tongue click draws its gaze slightly above the camera. From 0.30 to 0.85 seconds, the cat leans its chest slightly forward, raises the hindquarters out of the seated position and folds the hind legs into a compact crouch, with both front paws still touching the floor. From 0.85 to 1.10 seconds, the hind legs extend to push against the floor while both front paws lift and reach a short distance forward. From 1.10 to 1.35 seconds, the body travels through one low, compact arc, with all four paws visibly clear of the floor together for a brief moment. The head and chest stay low enough to preserve the available headroom, and the paws remain beneath or just ahead of the body. From 1.35 to 1.65 seconds, the front paws touch down first, followed closely by the hind paws; the elbows and hind legs bend to absorb the landing. The landing is no more than one front-paw length ahead of the starting position. The shadow stays on the floor, visibly separating from the paws during the hop and reconnecting at landing. From 1.65 to 2.50 seconds, the cat lowers its hindquarters, makes a small front-paw placement adjustment beneath the shoulders and raises its chest into an upright, front-facing seated pose near the starting position. By 2.70 seconds, it is comfortably balanced with both front paws on the floor and a relaxed, attentive gaze. This seated posture continues through 3.00 seconds. From 3.00 to 4.00 seconds, the cat maintains the posture reached by 2.70 seconds, with only faint breathing and tiny settling movements. Preserve the individual cat's facial proportions, each anatomical eye's reference color, body proportions, paw anatomy, coat or bare-skin appearance, markings, ear type and existing tail anatomy as the pose changes. Keep the camera position, perspective, focal length, crop, focus, exposure, white balance, reference background, floor and lighting consistent. The entire cat, including the ears, paws and any visible tail, remains inside the original frame with clear margins throughout. Only the cat is visible, and the surrounding floor stays clear.

overall_soundscape: Quiet studio room tone continues throughout. One soft off-screen tongue click at 0.30 seconds is followed by faint paw movement during the crouch, a muted push-off and closely spaced soft paw-pad impacts during the landing between 1.35 and 1.65 seconds. The final paw adjustment finishes by 2.70 seconds, leaving only room tone and faint breathing.

non_diegetic_music: N/A
"
cat_ids/47_美国硬毛猫.png,"For the target video, at 0.00 seconds into the target video, <Picture 1> (from [Shot 1]) is fully referenced.

integrated_multimodal_description: [Shot 1] Live-action, photorealistic studio pet footage. A static medium full-body shot begins with the seated cat and scene in <Picture 1>. This is one continuous four-second shot. The cat stays seated while playing with one feather teaser wand, making two light alternating front-paw taps before settling. From 0.00 to 0.20 seconds, it holds the initial seated pose. From 0.20 to 0.60 seconds, one small feather tuft attached directly to the tip of a slender flexible rod enters smoothly from the viewer's right. The tuft stops just ahead of the cat's lower chest, slightly toward the viewer's right and within easy paw reach. The visible rod extends continuously from the tuft through the right edge to an off-screen holder; the holder and hand remain outside the frame. The cat's eyes track the tuft and its head follows with a small turn. From 0.60 to 1.15 seconds, the tuft makes one short sideways sway. Keeping the hindquarters seated and the anatomical right front paw, on the viewer's left, planted for support, the cat lifts its anatomical left front paw, on the viewer's right, taps the tuft once and returns that paw to the floor. From 1.15 to 1.95 seconds, the rod guides the tuft through a short arc toward the viewer's left, just in front of the chest. The cat transfers support onto the now-planted left front paw, lifts the anatomical right front paw, taps the tuft once and returns that paw to the floor. Each paw contact briefly bends the feathers and deflects the rod tip; the tuft remains attached and visibly distinct from the paw. Only one front paw is raised at a time, and the hindquarters stay on the floor throughout. From 1.95 to 2.15 seconds, the wand pauses while the cat watches with both front paws down. From 2.15 to 2.60 seconds, the wand withdraws smoothly along a short path toward the viewer's right and exits completely through the same edge. The cat follows with its eyes and a small head turn, keeping both front paws on the floor. By 2.70 seconds, it rests in a comfortable upright seated pose, looking slightly toward the departed toy. This attentive posture continues through 3.00 seconds. From 3.00 to 4.00 seconds, the toy stays outside the frame and the cat maintains this posture with only faint breathing and tiny settling movements. Preserve the individual cat's facial proportions, each anatomical eye's reference color, body proportions, paw anatomy, coat or bare-skin appearance, markings, ear type and existing tail anatomy as the pose changes. Keep the reference framing, background, floor and lighting consistent, with a locked camera and grounded shadows following the paw movements. The entire cat remains inside the original frame with clear margins throughout. Only the cat and this single connected wand occupy the scene; the feather tuft moves below the chin, keeping the eyes and face unobstructed.

overall_soundscape: Quiet studio ambience continues beneath a faint feather rustle and two soft paw-to-feather contacts during the alternating taps between 0.60 and 1.95 seconds. Light paw-pad landings accompany each paw's return to the floor. A final soft feather rustle ends as the wand leaves by 2.60 seconds; after 2.70 seconds, only room tone and faint breathing remain.

non_diegetic_music: N/A
"
cat_ids/48_美国卷耳猫长毛.png,"For the target video, at 0.00 seconds into the target video, <Picture 1> (from [Shot 1]) is fully referenced.

integrated_multimodal_description: [Shot 1] Live-action, photorealistic studio pet footage. A static medium full-body shot begins with the seated cat and scene in <Picture 1>. This is one continuous four-second shot. The cat makes one small forward-and-upward hop, lands softly and returns to a comfortable upright seated pose. From 0.00 to 0.30 seconds, it holds the initial seated pose. At 0.30 seconds, one quiet off-screen tongue click draws its gaze slightly above the camera. From 0.30 to 0.85 seconds, the cat leans its chest slightly forward, raises the hindquarters out of the seated position and folds the hind legs into a compact crouch, with both front paws still touching the floor. From 0.85 to 1.10 seconds, the hind legs extend to push against the floor while both front paws lift and reach a short distance forward. From 1.10 to 1.35 seconds, the body travels through one low, compact arc, with all four paws visibly clear of the floor together for a brief moment. The head and chest stay low enough to preserve the available headroom, and the paws remain beneath or just ahead of the body. From 1.35 to 1.65 seconds, the front paws touch down first, followed closely by the hind paws; the elbows and hind legs bend to absorb the landing. The landing is no more than one front-paw length ahead of the starting position. The shadow stays on the floor, visibly separating from the paws during the hop and reconnecting at landing. From 1.65 to 2.50 seconds, the cat lowers its hindquarters, makes a small front-paw placement adjustment beneath the shoulders and raises its chest into an upright, front-facing seated pose near the starting position. By 2.70 seconds, it is comfortably balanced with both front paws on the floor and a relaxed, attentive gaze. This seated posture continues through 3.00 seconds. From 3.00 to 4.00 seconds, the cat maintains the posture reached by 2.70 seconds, with only faint breathing and tiny settling movements. Preserve the individual cat's facial proportions, each anatomical eye's reference color, body proportions, paw anatomy, coat or bare-skin appearance, markings, ear type and existing tail anatomy as the pose changes. Keep the camera position, perspective, focal length, crop, focus, exposure, white balance, reference background, floor and lighting consistent. The entire cat, including the ears, paws and any visible tail, remains inside the original frame with clear margins throughout. Only the cat is visible, and the surrounding floor stays clear.

overall_soundscape: Quiet studio room tone continues throughout. One soft off-screen tongue click at 0.30 seconds is followed by faint paw movement during the crouch, a muted push-off and closely spaced soft paw-pad impacts during the landing between 1.35 and 1.65 seconds. The final paw adjustment finishes by 2.70 seconds, leaving only room tone and faint breathing.

non_diegetic_music: N/A
"
cat_ids/48_美国卷耳猫长毛.png,"For the target video, at 0.00 seconds into the target video, <Picture 1> (from [Shot 1]) is fully referenced.

integrated_multimodal_description: [Shot 1] Live-action, photorealistic studio pet footage. A static medium full-body shot begins with the seated cat and scene in <Picture 1>. This is one continuous four-second shot. The cat stays seated while playing with one feather teaser wand, making two light alternating front-paw taps before settling. From 0.00 to 0.20 seconds, it holds the initial seated pose. From 0.20 to 0.60 seconds, one small feather tuft attached directly to the tip of a slender flexible rod enters smoothly from the viewer's right. The tuft stops just ahead of the cat's lower chest, slightly toward the viewer's right and within easy paw reach. The visible rod extends continuously from the tuft through the right edge to an off-screen holder; the holder and hand remain outside the frame. The cat's eyes track the tuft and its head follows with a small turn. From 0.60 to 1.15 seconds, the tuft makes one short sideways sway. Keeping the hindquarters seated and the anatomical right front paw, on the viewer's left, planted for support, the cat lifts its anatomical left front paw, on the viewer's right, taps the tuft once and returns that paw to the floor. From 1.15 to 1.95 seconds, the rod guides the tuft through a short arc toward the viewer's left, just in front of the chest. The cat transfers support onto the now-planted left front paw, lifts the anatomical right front paw, taps the tuft once and returns that paw to the floor. Each paw contact briefly bends the feathers and deflects the rod tip; the tuft remains attached and visibly distinct from the paw. Only one front paw is raised at a time, and the hindquarters stay on the floor throughout. From 1.95 to 2.15 seconds, the wand pauses while the cat watches with both front paws down. From 2.15 to 2.60 seconds, the wand withdraws smoothly along a short path toward the viewer's right and exits completely through the same edge. The cat follows with its eyes and a small head turn, keeping both front paws on the floor. By 2.70 seconds, it rests in a comfortable upright seated pose, looking slightly toward the departed toy. This attentive posture continues through 3.00 seconds. From 3.00 to 4.00 seconds, the toy stays outside the frame and the cat maintains this posture with only faint breathing and tiny settling movements. Preserve the individual cat's facial proportions, each anatomical eye's reference color, body proportions, paw anatomy, coat or bare-skin appearance, markings, ear type and existing tail anatomy as the pose changes. Keep the reference framing, background, floor and lighting consistent, with a locked camera and grounded shadows following the paw movements. The entire cat remains inside the original frame with clear margins throughout. Only the cat and this single connected wand occupy the scene; the feather tuft moves below the chin, keeping the eyes and face unobstructed.

overall_soundscape: Quiet studio ambience continues beneath a faint feather rustle and two soft paw-to-feather contacts during the alternating taps between 0.60 and 1.95 seconds. Light paw-pad landings accompany each paw's return to the floor. A final soft feather rustle ends as the wand leaves by 2.60 seconds; after 2.70 seconds, only room tone and faint breathing remain.

non_diegetic_music: N/A
"
cat_ids/49_苏格兰折耳猫.png,"For the target video, at 0.00 seconds into the target video, <Picture 1> (from [Shot 1]) is fully referenced.

integrated_multimodal_description: [Shot 1] Live-action, photorealistic studio pet footage. A static medium full-body shot begins with the seated cat and scene in <Picture 1>. This is one continuous four-second shot. The cat makes one small forward-and-upward hop, lands softly and returns to a comfortable upright seated pose. From 0.00 to 0.30 seconds, it holds the initial seated pose. At 0.30 seconds, one quiet off-screen tongue click draws its gaze slightly above the camera. From 0.30 to 0.85 seconds, the cat leans its chest slightly forward, raises the hindquarters out of the seated position and folds the hind legs into a compact crouch, with both front paws still touching the floor. From 0.85 to 1.10 seconds, the hind legs extend to push against the floor while both front paws lift and reach a short distance forward. From 1.10 to 1.35 seconds, the body travels through one low, compact arc, with all four paws visibly clear of the floor together for a brief moment. The head and chest stay low enough to preserve the available headroom, and the paws remain beneath or just ahead of the body. From 1.35 to 1.65 seconds, the front paws touch down first, followed closely by the hind paws; the elbows and hind legs bend to absorb the landing. The landing is no more than one front-paw length ahead of the starting position. The shadow stays on the floor, visibly separating from the paws during the hop and reconnecting at landing. From 1.65 to 2.50 seconds, the cat lowers its hindquarters, makes a small front-paw placement adjustment beneath the shoulders and raises its chest into an upright, front-facing seated pose near the starting position. By 2.70 seconds, it is comfortably balanced with both front paws on the floor and a relaxed, attentive gaze. This seated posture continues through 3.00 seconds. From 3.00 to 4.00 seconds, the cat maintains the posture reached by 2.70 seconds, with only faint breathing and tiny settling movements. Preserve the individual cat's facial proportions, each anatomical eye's reference color, body proportions, paw anatomy, coat or bare-skin appearance, markings, ear type and existing tail anatomy as the pose changes. Keep the camera position, perspective, focal length, crop, focus, exposure, white balance, reference background, floor and lighting consistent. The entire cat, including the ears, paws and any visible tail, remains inside the original frame with clear margins throughout. Only the cat is visible, and the surrounding floor stays clear.

overall_soundscape: Quiet studio room tone continues throughout. One soft off-screen tongue click at 0.30 seconds is followed by faint paw movement during the crouch, a muted push-off and closely spaced soft paw-pad impacts during the landing between 1.35 and 1.65 seconds. The final paw adjustment finishes by 2.70 seconds, leaving only room tone and faint breathing.

non_diegetic_music: N/A
"
cat_ids/49_苏格兰折耳猫.png,"For the target video, at 0.00 seconds into the target video, <Picture 1> (from [Shot 1]) is fully referenced.

integrated_multimodal_description: [Shot 1] Live-action, photorealistic studio pet footage. A static medium full-body shot begins with the seated cat and scene in <Picture 1>. This is one continuous four-second shot. The cat stays seated while playing with one feather teaser wand, making two light alternating front-paw taps before settling. From 0.00 to 0.20 seconds, it holds the initial seated pose. From 0.20 to 0.60 seconds, one small feather tuft attached directly to the tip of a slender flexible rod enters smoothly from the viewer's right. The tuft stops just ahead of the cat's lower chest, slightly toward the viewer's right and within easy paw reach. The visible rod extends continuously from the tuft through the right edge to an off-screen holder; the holder and hand remain outside the frame. The cat's eyes track the tuft and its head follows with a small turn. From 0.60 to 1.15 seconds, the tuft makes one short sideways sway. Keeping the hindquarters seated and the anatomical right front paw, on the viewer's left, planted for support, the cat lifts its anatomical left front paw, on the viewer's right, taps the tuft once and returns that paw to the floor. From 1.15 to 1.95 seconds, the rod guides the tuft through a short arc toward the viewer's left, just in front of the chest. The cat transfers support onto the now-planted left front paw, lifts the anatomical right front paw, taps the tuft once and returns that paw to the floor. Each paw contact briefly bends the feathers and deflects the rod tip; the tuft remains attached and visibly distinct from the paw. Only one front paw is raised at a time, and the hindquarters stay on the floor throughout. From 1.95 to 2.15 seconds, the wand pauses while the cat watches with both front paws down. From 2.15 to 2.60 seconds, the wand withdraws smoothly along a short path toward the viewer's right and exits completely through the same edge. The cat follows with its eyes and a small head turn, keeping both front paws on the floor. By 2.70 seconds, it rests in a comfortable upright seated pose, looking slightly toward the departed toy. This attentive posture continues through 3.00 seconds. From 3.00 to 4.00 seconds, the toy stays outside the frame and the cat maintains this posture with only faint breathing and tiny settling movements. Preserve the individual cat's facial proportions, each anatomical eye's reference color, body proportions, paw anatomy, coat or bare-skin appearance, markings, ear type and existing tail anatomy as the pose changes. Keep the reference framing, background, floor and lighting consistent, with a locked camera and grounded shadows following the paw movements. The entire cat remains inside the original frame with clear margins throughout. Only the cat and this single connected wand occupy the scene; the feather tuft moves below the chin, keeping the eyes and face unobstructed.

overall_soundscape: Quiet studio ambience continues beneath a faint feather rustle and two soft paw-to-feather contacts during the alternating taps between 0.60 and 1.95 seconds. Light paw-pad landings accompany each paw's return to the floor. A final soft feather rustle ends as the wand leaves by 2.60 seconds; after 2.70 seconds, only room tone and faint breathing remain.

non_diegetic_music: N/A
"
cat_ids/50_日本短尾猫.png,"For the target video, at 0.00 seconds into the target video, <Picture 1> (from [Shot 1]) is fully referenced.

integrated_multimodal_description: [Shot 1] Live-action, photorealistic studio pet footage. A static medium full-body shot begins with the seated cat and scene in <Picture 1>. This is one continuous four-second shot. The cat makes one small forward-and-upward hop, lands softly and returns to a comfortable upright seated pose. From 0.00 to 0.30 seconds, it holds the initial seated pose. At 0.30 seconds, one quiet off-screen tongue click draws its gaze slightly above the camera. From 0.30 to 0.85 seconds, the cat leans its chest slightly forward, raises the hindquarters out of the seated position and folds the hind legs into a compact crouch, with both front paws still touching the floor. From 0.85 to 1.10 seconds, the hind legs extend to push against the floor while both front paws lift and reach a short distance forward. From 1.10 to 1.35 seconds, the body travels through one low, compact arc, with all four paws visibly clear of the floor together for a brief moment. The head and chest stay low enough to preserve the available headroom, and the paws remain beneath or just ahead of the body. From 1.35 to 1.65 seconds, the front paws touch down first, followed closely by the hind paws; the elbows and hind legs bend to absorb the landing. The landing is no more than one front-paw length ahead of the starting position. The shadow stays on the floor, visibly separating from the paws during the hop and reconnecting at landing. From 1.65 to 2.50 seconds, the cat lowers its hindquarters, makes a small front-paw placement adjustment beneath the shoulders and raises its chest into an upright, front-facing seated pose near the starting position. By 2.70 seconds, it is comfortably balanced with both front paws on the floor and a relaxed, attentive gaze. This seated posture continues through 3.00 seconds. From 3.00 to 4.00 seconds, the cat maintains the posture reached by 2.70 seconds, with only faint breathing and tiny settling movements. Preserve the individual cat's facial proportions, each anatomical eye's reference color, body proportions, paw anatomy, coat or bare-skin appearance, markings, ear type and existing tail anatomy as the pose changes. Keep the camera position, perspective, focal length, crop, focus, exposure, white balance, reference background, floor and lighting consistent. The entire cat, including the ears, paws and any visible tail, remains inside the original frame with clear margins throughout. Only the cat is visible, and the surrounding floor stays clear.

overall_soundscape: Quiet studio room tone continues throughout. One soft off-screen tongue click at 0.30 seconds is followed by faint paw movement during the crouch, a muted push-off and closely spaced soft paw-pad impacts during the landing between 1.35 and 1.65 seconds. The final paw adjustment finishes by 2.70 seconds, leaving only room tone and faint breathing.

non_diegetic_music: N/A
"
cat_ids/50_日本短尾猫.png,"For the target video, at 0.00 seconds into the target video, <Picture 1> (from [Shot 1]) is fully referenced.

integrated_multimodal_description: [Shot 1] Live-action, photorealistic studio pet footage. A static medium full-body shot begins with the seated cat and scene in <Picture 1>. This is one continuous four-second shot. The cat stays seated while playing with one feather teaser wand, making two light alternating front-paw taps before settling. From 0.00 to 0.20 seconds, it holds the initial seated pose. From 0.20 to 0.60 seconds, one small feather tuft attached directly to the tip of a slender flexible rod enters smoothly from the viewer's right. The tuft stops just ahead of the cat's lower chest, slightly toward the viewer's right and within easy paw reach. The visible rod extends continuously from the tuft through the right edge to an off-screen holder; the holder and hand remain outside the frame. The cat's eyes track the tuft and its head follows with a small turn. From 0.60 to 1.15 seconds, the tuft makes one short sideways sway. Keeping the hindquarters seated and the anatomical right front paw, on the viewer's left, planted for support, the cat lifts its anatomical left front paw, on the viewer's right, taps the tuft once and returns that paw to the floor. From 1.15 to 1.95 seconds, the rod guides the tuft through a short arc toward the viewer's left, just in front of the chest. The cat transfers support onto the now-planted left front paw, lifts the anatomical right front paw, taps the tuft once and returns that paw to the floor. Each paw contact briefly bends the feathers and deflects the rod tip; the tuft remains attached and visibly distinct from the paw. Only one front paw is raised at a time, and the hindquarters stay on the floor throughout. From 1.95 to 2.15 seconds, the wand pauses while the cat watches with both front paws down. From 2.15 to 2.60 seconds, the wand withdraws smoothly along a short path toward the viewer's right and exits completely through the same edge. The cat follows with its eyes and a small head turn, keeping both front paws on the floor. By 2.70 seconds, it rests in a comfortable upright seated pose, looking slightly toward the departed toy. This attentive posture continues through 3.00 seconds. From 3.00 to 4.00 seconds, the toy stays outside the frame and the cat maintains this posture with only faint breathing and tiny settling movements. Preserve the individual cat's facial proportions, each anatomical eye's reference color, body proportions, paw anatomy, coat or bare-skin appearance, markings, ear type and existing tail anatomy as the pose changes. Keep the reference framing, background, floor and lighting consistent, with a locked camera and grounded shadows following the paw movements. The entire cat remains inside the original frame with clear margins throughout. Only the cat and this single connected wand occupy the scene; the feather tuft moves below the chin, keeping the eyes and face unobstructed.

overall_soundscape: Quiet studio ambience continues beneath a faint feather rustle and two soft paw-to-feather contacts during the alternating taps between 0.60 and 1.95 seconds. Light paw-pad landings accompany each paw's return to the floor. A final soft feather rustle ends as the wand leaves by 2.60 seconds; after 2.70 seconds, only room tone and faint breathing remain.

non_diegetic_music: N/A
"
cat_ids/51_库里尔短尾猫.png,"For the target video, at 0.00 seconds into the target video, <Picture 1> (from [Shot 1]) is fully referenced.

integrated_multimodal_description: [Shot 1] Live-action, photorealistic studio pet footage. A static medium full-body shot begins with the seated cat and scene in <Picture 1>. This is one continuous four-second shot. The cat makes one small forward-and-upward hop, lands softly and returns to a comfortable upright seated pose. From 0.00 to 0.30 seconds, it holds the initial seated pose. At 0.30 seconds, one quiet off-screen tongue click draws its gaze slightly above the camera. From 0.30 to 0.85 seconds, the cat leans its chest slightly forward, raises the hindquarters out of the seated position and folds the hind legs into a compact crouch, with both front paws still touching the floor. From 0.85 to 1.10 seconds, the hind legs extend to push against the floor while both front paws lift and reach a short distance forward. From 1.10 to 1.35 seconds, the body travels through one low, compact arc, with all four paws visibly clear of the floor together for a brief moment. The head and chest stay low enough to preserve the available headroom, and the paws remain beneath or just ahead of the body. From 1.35 to 1.65 seconds, the front paws touch down first, followed closely by the hind paws; the elbows and hind legs bend to absorb the landing. The landing is no more than one front-paw length ahead of the starting position. The shadow stays on the floor, visibly separating from the paws during the hop and reconnecting at landing. From 1.65 to 2.50 seconds, the cat lowers its hindquarters, makes a small front-paw placement adjustment beneath the shoulders and raises its chest into an upright, front-facing seated pose near the starting position. By 2.70 seconds, it is comfortably balanced with both front paws on the floor and a relaxed, attentive gaze. This seated posture continues through 3.00 seconds. From 3.00 to 4.00 seconds, the cat maintains the posture reached by 2.70 seconds, with only faint breathing and tiny settling movements. Preserve the individual cat's facial proportions, each anatomical eye's reference color, body proportions, paw anatomy, coat or bare-skin appearance, markings, ear type and existing tail anatomy as the pose changes. Keep the camera position, perspective, focal length, crop, focus, exposure, white balance, reference background, floor and lighting consistent. The entire cat, including the ears, paws and any visible tail, remains inside the original frame with clear margins throughout. Only the cat is visible, and the surrounding floor stays clear.

overall_soundscape: Quiet studio room tone continues throughout. One soft off-screen tongue click at 0.30 seconds is followed by faint paw movement during the crouch, a muted push-off and closely spaced soft paw-pad impacts during the landing between 1.35 and 1.65 seconds. The final paw adjustment finishes by 2.70 seconds, leaving only room tone and faint breathing.

non_diegetic_music: N/A
"
cat_ids/51_库里尔短尾猫.png,"For the target video, at 0.00 seconds into the target video, <Picture 1> (from [Shot 1]) is fully referenced.

integrated_multimodal_description: [Shot 1] Live-action, photorealistic studio pet footage. A static medium full-body shot begins with the seated cat and scene in <Picture 1>. This is one continuous four-second shot. The cat stays seated while playing with one feather teaser wand, making two light alternating front-paw taps before settling. From 0.00 to 0.20 seconds, it holds the initial seated pose. From 0.20 to 0.60 seconds, one small feather tuft attached directly to the tip of a slender flexible rod enters smoothly from the viewer's right. The tuft stops just ahead of the cat's lower chest, slightly toward the viewer's right and within easy paw reach. The visible rod extends continuously from the tuft through the right edge to an off-screen holder; the holder and hand remain outside the frame. The cat's eyes track the tuft and its head follows with a small turn. From 0.60 to 1.15 seconds, the tuft makes one short sideways sway. Keeping the hindquarters seated and the anatomical right front paw, on the viewer's left, planted for support, the cat lifts its anatomical left front paw, on the viewer's right, taps the tuft once and returns that paw to the floor. From 1.15 to 1.95 seconds, the rod guides the tuft through a short arc toward the viewer's left, just in front of the chest. The cat transfers support onto the now-planted left front paw, lifts the anatomical right front paw, taps the tuft once and returns that paw to the floor. Each paw contact briefly bends the feathers and deflects the rod tip; the tuft remains attached and visibly distinct from the paw. Only one front paw is raised at a time, and the hindquarters stay on the floor throughout. From 1.95 to 2.15 seconds, the wand pauses while the cat watches with both front paws down. From 2.15 to 2.60 seconds, the wand withdraws smoothly along a short path toward the viewer's right and exits completely through the same edge. The cat follows with its eyes and a small head turn, keeping both front paws on the floor. By 2.70 seconds, it rests in a comfortable upright seated pose, looking slightly toward the departed toy. This attentive posture continues through 3.00 seconds. From 3.00 to 4.00 seconds, the toy stays outside the frame and the cat maintains this posture with only faint breathing and tiny settling movements. Preserve the individual cat's facial proportions, each anatomical eye's reference color, body proportions, paw anatomy, coat or bare-skin appearance, markings, ear type and existing tail anatomy as the pose changes. Keep the reference framing, background, floor and lighting consistent, with a locked camera and grounded shadows following the paw movements. The entire cat remains inside the original frame with clear margins throughout. Only the cat and this single connected wand occupy the scene; the feather tuft moves below the chin, keeping the eyes and face unobstructed.

overall_soundscape: Quiet studio ambience continues beneath a faint feather rustle and two soft paw-to-feather contacts during the alternating taps between 0.60 and 1.95 seconds. Light paw-pad landings accompany each paw's return to the floor. A final soft feather rustle ends as the wand leaves by 2.60 seconds; after 2.70 seconds, only room tone and faint breathing remain.

non_diegetic_music: N/A
"
cat_ids/52_马恩岛猫短尾.png,"For the target video, at 0.00 seconds into the target video, <Picture 1> (from [Shot 1]) is fully referenced.

integrated_multimodal_description: [Shot 1] Live-action, photorealistic studio pet footage. A static medium full-body shot begins with the seated cat and scene in <Picture 1>. This is one continuous four-second shot. The cat makes one small forward-and-upward hop, lands softly and returns to a comfortable upright seated pose. From 0.00 to 0.30 seconds, it holds the initial seated pose. At 0.30 seconds, one quiet off-screen tongue click draws its gaze slightly above the camera. From 0.30 to 0.85 seconds, the cat leans its chest slightly forward, raises the hindquarters out of the seated position and folds the hind legs into a compact crouch, with both front paws still touching the floor. From 0.85 to 1.10 seconds, the hind legs extend to push against the floor while both front paws lift and reach a short distance forward. From 1.10 to 1.35 seconds, the body travels through one low, compact arc, with all four paws visibly clear of the floor together for a brief moment. The head and chest stay low enough to preserve the available headroom, and the paws remain beneath or just ahead of the body. From 1.35 to 1.65 seconds, the front paws touch down first, followed closely by the hind paws; the elbows and hind legs bend to absorb the landing. The landing is no more than one front-paw length ahead of the starting position. The shadow stays on the floor, visibly separating from the paws during the hop and reconnecting at landing. From 1.65 to 2.50 seconds, the cat lowers its hindquarters, makes a small front-paw placement adjustment beneath the shoulders and raises its chest into an upright, front-facing seated pose near the starting position. By 2.70 seconds, it is comfortably balanced with both front paws on the floor and a relaxed, attentive gaze. This seated posture continues through 3.00 seconds. From 3.00 to 4.00 seconds, the cat maintains the posture reached by 2.70 seconds, with only faint breathing and tiny settling movements. Preserve the individual cat's facial proportions, each anatomical eye's reference color, body proportions, paw anatomy, coat or bare-skin appearance, markings, ear type and existing tail anatomy as the pose changes. Keep the camera position, perspective, focal length, crop, focus, exposure, white balance, reference background, floor and lighting consistent. The entire cat, including the ears, paws and any visible tail, remains inside the original frame with clear margins throughout. Only the cat is visible, and the surrounding floor stays clear.

overall_soundscape: Quiet studio room tone continues throughout. One soft off-screen tongue click at 0.30 seconds is followed by faint paw movement during the crouch, a muted push-off and closely spaced soft paw-pad impacts during the landing between 1.35 and 1.65 seconds. The final paw adjustment finishes by 2.70 seconds, leaving only room tone and faint breathing.

non_diegetic_music: N/A
"
cat_ids/52_马恩岛猫短尾.png,"For the target video, at 0.00 seconds into the target video, <Picture 1> (from [Shot 1]) is fully referenced.

integrated_multimodal_description: [Shot 1] Live-action, photorealistic studio pet footage. A static medium full-body shot begins with the seated cat and scene in <Picture 1>. This is one continuous four-second shot. The cat stays seated while playing with one feather teaser wand, making two light alternating front-paw taps before settling. From 0.00 to 0.20 seconds, it holds the initial seated pose. From 0.20 to 0.60 seconds, one small feather tuft attached directly to the tip of a slender flexible rod enters smoothly from the viewer's right. The tuft stops just ahead of the cat's lower chest, slightly toward the viewer's right and within easy paw reach. The visible rod extends continuously from the tuft through the right edge to an off-screen holder; the holder and hand remain outside the frame. The cat's eyes track the tuft and its head follows with a small turn. From 0.60 to 1.15 seconds, the tuft makes one short sideways sway. Keeping the hindquarters seated and the anatomical right front paw, on the viewer's left, planted for support, the cat lifts its anatomical left front paw, on the viewer's right, taps the tuft once and returns that paw to the floor. From 1.15 to 1.95 seconds, the rod guides the tuft through a short arc toward the viewer's left, just in front of the chest. The cat transfers support onto the now-planted left front paw, lifts the anatomical right front paw, taps the tuft once and returns that paw to the floor. Each paw contact briefly bends the feathers and deflects the rod tip; the tuft remains attached and visibly distinct from the paw. Only one front paw is raised at a time, and the hindquarters stay on the floor throughout. From 1.95 to 2.15 seconds, the wand pauses while the cat watches with both front paws down. From 2.15 to 2.60 seconds, the wand withdraws smoothly along a short path toward the viewer's right and exits completely through the same edge. The cat follows with its eyes and a small head turn, keeping both front paws on the floor. By 2.70 seconds, it rests in a comfortable upright seated pose, looking slightly toward the departed toy. This attentive posture continues through 3.00 seconds. From 3.00 to 4.00 seconds, the toy stays outside the frame and the cat maintains this posture with only faint breathing and tiny settling movements. Preserve the individual cat's facial proportions, each anatomical eye's reference color, body proportions, paw anatomy, coat or bare-skin appearance, markings, ear type and existing tail anatomy as the pose changes. Keep the reference framing, background, floor and lighting consistent, with a locked camera and grounded shadows following the paw movements. The entire cat remains inside the original frame with clear margins throughout. Only the cat and this single connected wand occupy the scene; the feather tuft moves below the chin, keeping the eyes and face unobstructed.

overall_soundscape: Quiet studio ambience continues beneath a faint feather rustle and two soft paw-to-feather contacts during the alternating taps between 0.60 and 1.95 seconds. Light paw-pad landings accompany each paw's return to the floor. A final soft feather rustle ends as the wand leaves by 2.60 seconds; after 2.70 seconds, only room tone and faint breathing remain.

non_diegetic_music: N/A
"
cat_ids/53_德文卷毛猫.png,"For the target video, at 0.00 seconds into the target video, <Picture 1> (from [Shot 1]) is fully referenced.

integrated_multimodal_description: [Shot 1] Live-action, photorealistic studio pet footage. A static medium full-body shot begins with the seated cat and scene in <Picture 1>. This is one continuous four-second shot. The cat makes one small forward-and-upward hop, lands softly and returns to a comfortable upright seated pose. From 0.00 to 0.30 seconds, it holds the initial seated pose. At 0.30 seconds, one quiet off-screen tongue click draws its gaze slightly above the camera. From 0.30 to 0.85 seconds, the cat leans its chest slightly forward, raises the hindquarters out of the seated position and folds the hind legs into a compact crouch, with both front paws still touching the floor. From 0.85 to 1.10 seconds, the hind legs extend to push against the floor while both front paws lift and reach a short distance forward. From 1.10 to 1.35 seconds, the body travels through one low, compact arc, with all four paws visibly clear of the floor together for a brief moment. The head and chest stay low enough to preserve the available headroom, and the paws remain beneath or just ahead of the body. From 1.35 to 1.65 seconds, the front paws touch down first, followed closely by the hind paws; the elbows and hind legs bend to absorb the landing. The landing is no more than one front-paw length ahead of the starting position. The shadow stays on the floor, visibly separating from the paws during the hop and reconnecting at landing. From 1.65 to 2.50 seconds, the cat lowers its hindquarters, makes a small front-paw placement adjustment beneath the shoulders and raises its chest into an upright, front-facing seated pose near the starting position. By 2.70 seconds, it is comfortably balanced with both front paws on the floor and a relaxed, attentive gaze. This seated posture continues through 3.00 seconds. From 3.00 to 4.00 seconds, the cat maintains the posture reached by 2.70 seconds, with only faint breathing and tiny settling movements. Preserve the individual cat's facial proportions, each anatomical eye's reference color, body proportions, paw anatomy, coat or bare-skin appearance, markings, ear type and existing tail anatomy as the pose changes. Keep the camera position, perspective, focal length, crop, focus, exposure, white balance, reference background, floor and lighting consistent. The entire cat, including the ears, paws and any visible tail, remains inside the original frame with clear margins throughout. Only the cat is visible, and the surrounding floor stays clear.

overall_soundscape: Quiet studio room tone continues throughout. One soft off-screen tongue click at 0.30 seconds is followed by faint paw movement during the crouch, a muted push-off and closely spaced soft paw-pad impacts during the landing between 1.35 and 1.65 seconds. The final paw adjustment finishes by 2.70 seconds, leaving only room tone and faint breathing.

non_diegetic_music: N/A
"
cat_ids/53_德文卷毛猫.png,"For the target video, at 0.00 seconds into the target video, <Picture 1> (from [Shot 1]) is fully referenced.

integrated_multimodal_description: [Shot 1] Live-action, photorealistic studio pet footage. A static medium full-body shot begins with the seated cat and scene in <Picture 1>. This is one continuous four-second shot. The cat stays seated while playing with one feather teaser wand, making two light alternating front-paw taps before settling. From 0.00 to 0.20 seconds, it holds the initial seated pose. From 0.20 to 0.60 seconds, one small feather tuft attached directly to the tip of a slender flexible rod enters smoothly from the viewer's right. The tuft stops just ahead of the cat's lower chest, slightly toward the viewer's right and within easy paw reach. The visible rod extends continuously from the tuft through the right edge to an off-screen holder; the holder and hand remain outside the frame. The cat's eyes track the tuft and its head follows with a small turn. From 0.60 to 1.15 seconds, the tuft makes one short sideways sway. Keeping the hindquarters seated and the anatomical right front paw, on the viewer's left, planted for support, the cat lifts its anatomical left front paw, on the viewer's right, taps the tuft once and returns that paw to the floor. From 1.15 to 1.95 seconds, the rod guides the tuft through a short arc toward the viewer's left, just in front of the chest. The cat transfers support onto the now-planted left front paw, lifts the anatomical right front paw, taps the tuft once and returns that paw to the floor. Each paw contact briefly bends the feathers and deflects the rod tip; the tuft remains attached and visibly distinct from the paw. Only one front paw is raised at a time, and the hindquarters stay on the floor throughout. From 1.95 to 2.15 seconds, the wand pauses while the cat watches with both front paws down. From 2.15 to 2.60 seconds, the wand withdraws smoothly along a short path toward the viewer's right and exits completely through the same edge. The cat follows with its eyes and a small head turn, keeping both front paws on the floor. By 2.70 seconds, it rests in a comfortable upright seated pose, looking slightly toward the departed toy. This attentive posture continues through 3.00 seconds. From 3.00 to 4.00 seconds, the toy stays outside the frame and the cat maintains this posture with only faint breathing and tiny settling movements. Preserve the individual cat's facial proportions, each anatomical eye's reference color, body proportions, paw anatomy, coat or bare-skin appearance, markings, ear type and existing tail anatomy as the pose changes. Keep the reference framing, background, floor and lighting consistent, with a locked camera and grounded shadows following the paw movements. The entire cat remains inside the original frame with clear margins throughout. Only the cat and this single connected wand occupy the scene; the feather tuft moves below the chin, keeping the eyes and face unobstructed.

overall_soundscape: Quiet studio ambience continues beneath a faint feather rustle and two soft paw-to-feather contacts during the alternating taps between 0.60 and 1.95 seconds. Light paw-pad landings accompany each paw's return to the floor. A final soft feather rustle ends as the wand leaves by 2.60 seconds; after 2.70 seconds, only room tone and faint breathing remain.

non_diegetic_music: N/A
"
cat_ids/54_塞尔凯克卷毛猫长毛.png,"For the target video, at 0.00 seconds into the target video, <Picture 1> (from [Shot 1]) is fully referenced.

integrated_multimodal_description: [Shot 1] Live-action, photorealistic studio pet footage. A static medium full-body shot begins with the seated cat and scene in <Picture 1>. This is one continuous four-second shot. The cat makes one small forward-and-upward hop, lands softly and returns to a comfortable upright seated pose. From 0.00 to 0.30 seconds, it holds the initial seated pose. At 0.30 seconds, one quiet off-screen tongue click draws its gaze slightly above the camera. From 0.30 to 0.85 seconds, the cat leans its chest slightly forward, raises the hindquarters out of the seated position and folds the hind legs into a compact crouch, with both front paws still touching the floor. From 0.85 to 1.10 seconds, the hind legs extend to push against the floor while both front paws lift and reach a short distance forward. From 1.10 to 1.35 seconds, the body travels through one low, compact arc, with all four paws visibly clear of the floor together for a brief moment. The head and chest stay low enough to preserve the available headroom, and the paws remain beneath or just ahead of the body. From 1.35 to 1.65 seconds, the front paws touch down first, followed closely by the hind paws; the elbows and hind legs bend to absorb the landing. The landing is no more than one front-paw length ahead of the starting position. The shadow stays on the floor, visibly separating from the paws during the hop and reconnecting at landing. From 1.65 to 2.50 seconds, the cat lowers its hindquarters, makes a small front-paw placement adjustment beneath the shoulders and raises its chest into an upright, front-facing seated pose near the starting position. By 2.70 seconds, it is comfortably balanced with both front paws on the floor and a relaxed, attentive gaze. This seated posture continues through 3.00 seconds. From 3.00 to 4.00 seconds, the cat maintains the posture reached by 2.70 seconds, with only faint breathing and tiny settling movements. Preserve the individual cat's facial proportions, each anatomical eye's reference color, body proportions, paw anatomy, coat or bare-skin appearance, markings, ear type and existing tail anatomy as the pose changes. Keep the camera position, perspective, focal length, crop, focus, exposure, white balance, reference background, floor and lighting consistent. The entire cat, including the ears, paws and any visible tail, remains inside the original frame with clear margins throughout. Only the cat is visible, and the surrounding floor stays clear.

overall_soundscape: Quiet studio room tone continues throughout. One soft off-screen tongue click at 0.30 seconds is followed by faint paw movement during the crouch, a muted push-off and closely spaced soft paw-pad impacts during the landing between 1.35 and 1.65 seconds. The final paw adjustment finishes by 2.70 seconds, leaving only room tone and faint breathing.

non_diegetic_music: N/A
"
cat_ids/54_塞尔凯克卷毛猫长毛.png,"For the target video, at 0.00 seconds into the target video, <Picture 1> (from [Shot 1]) is fully referenced.

integrated_multimodal_description: [Shot 1] Live-action, photorealistic studio pet footage. A static medium full-body shot begins with the seated cat and scene in <Picture 1>. This is one continuous four-second shot. The cat stays seated while playing with one feather teaser wand, making two light alternating front-paw taps before settling. From 0.00 to 0.20 seconds, it holds the initial seated pose. From 0.20 to 0.60 seconds, one small feather tuft attached directly to the tip of a slender flexible rod enters smoothly from the viewer's right. The tuft stops just ahead of the cat's lower chest, slightly toward the viewer's right and within easy paw reach. The visible rod extends continuously from the tuft through the right edge to an off-screen holder; the holder and hand remain outside the frame. The cat's eyes track the tuft and its head follows with a small turn. From 0.60 to 1.15 seconds, the tuft makes one short sideways sway. Keeping the hindquarters seated and the anatomical right front paw, on the viewer's left, planted for support, the cat lifts its anatomical left front paw, on the viewer's right, taps the tuft once and returns that paw to the floor. From 1.15 to 1.95 seconds, the rod guides the tuft through a short arc toward the viewer's left, just in front of the chest. The cat transfers support onto the now-planted left front paw, lifts the anatomical right front paw, taps the tuft once and returns that paw to the floor. Each paw contact briefly bends the feathers and deflects the rod tip; the tuft remains attached and visibly distinct from the paw. Only one front paw is raised at a time, and the hindquarters stay on the floor throughout. From 1.95 to 2.15 seconds, the wand pauses while the cat watches with both front paws down. From 2.15 to 2.60 seconds, the wand withdraws smoothly along a short path toward the viewer's right and exits completely through the same edge. The cat follows with its eyes and a small head turn, keeping both front paws on the floor. By 2.70 seconds, it rests in a comfortable upright seated pose, looking slightly toward the departed toy. This attentive posture continues through 3.00 seconds. From 3.00 to 4.00 seconds, the toy stays outside the frame and the cat maintains this posture with only faint breathing and tiny settling movements. Preserve the individual cat's facial proportions, each anatomical eye's reference color, body proportions, paw anatomy, coat or bare-skin appearance, markings, ear type and existing tail anatomy as the pose changes. Keep the reference framing, background, floor and lighting consistent, with a locked camera and grounded shadows following the paw movements. The entire cat remains inside the original frame with clear margins throughout. Only the cat and this single connected wand occupy the scene; the feather tuft moves below the chin, keeping the eyes and face unobstructed.

overall_soundscape: Quiet studio ambience continues beneath a faint feather rustle and two soft paw-to-feather contacts during the alternating taps between 0.60 and 1.95 seconds. Light paw-pad landings accompany each paw's return to the floor. A final soft feather rustle ends as the wand leaves by 2.60 seconds; after 2.70 seconds, only room tone and faint breathing remain.

non_diegetic_music: N/A
"
cat_ids/55_拉邦卷毛猫长毛.png,"For the target video, at 0.00 seconds into the target video, <Picture 1> (from [Shot 1]) is fully referenced.

integrated_multimodal_description: [Shot 1] Live-action, photorealistic studio pet footage. A static medium full-body shot begins with the seated cat and scene in <Picture 1>. This is one continuous four-second shot. The cat makes one small forward-and-upward hop, lands softly and returns to a comfortable upright seated pose. From 0.00 to 0.30 seconds, it holds the initial seated pose. At 0.30 seconds, one quiet off-screen tongue click draws its gaze slightly above the camera. From 0.30 to 0.85 seconds, the cat leans its chest slightly forward, raises the hindquarters out of the seated position and folds the hind legs into a compact crouch, with both front paws still touching the floor. From 0.85 to 1.10 seconds, the hind legs extend to push against the floor while both front paws lift and reach a short distance forward. From 1.10 to 1.35 seconds, the body travels through one low, compact arc, with all four paws visibly clear of the floor together for a brief moment. The head and chest stay low enough to preserve the available headroom, and the paws remain beneath or just ahead of the body. From 1.35 to 1.65 seconds, the front paws touch down first, followed closely by the hind paws; the elbows and hind legs bend to absorb the landing. The landing is no more than one front-paw length ahead of the starting position. The shadow stays on the floor, visibly separating from the paws during the hop and reconnecting at landing. From 1.65 to 2.50 seconds, the cat lowers its hindquarters, makes a small front-paw placement adjustment beneath the shoulders and raises its chest into an upright, front-facing seated pose near the starting position. By 2.70 seconds, it is comfortably balanced with both front paws on the floor and a relaxed, attentive gaze. This seated posture continues through 3.00 seconds. From 3.00 to 4.00 seconds, the cat maintains the posture reached by 2.70 seconds, with only faint breathing and tiny settling movements. Preserve the individual cat's facial proportions, each anatomical eye's reference color, body proportions, paw anatomy, coat or bare-skin appearance, markings, ear type and existing tail anatomy as the pose changes. Keep the camera position, perspective, focal length, crop, focus, exposure, white balance, reference background, floor and lighting consistent. The entire cat, including the ears, paws and any visible tail, remains inside the original frame with clear margins throughout. Only the cat is visible, and the surrounding floor stays clear.

overall_soundscape: Quiet studio room tone continues throughout. One soft off-screen tongue click at 0.30 seconds is followed by faint paw movement during the crouch, a muted push-off and closely spaced soft paw-pad impacts during the landing between 1.35 and 1.65 seconds. The final paw adjustment finishes by 2.70 seconds, leaving only room tone and faint breathing.

non_diegetic_music: N/A
"
cat_ids/55_拉邦卷毛猫长毛.png,"For the target video, at 0.00 seconds into the target video, <Picture 1> (from [Shot 1]) is fully referenced.

integrated_multimodal_description: [Shot 1] Live-action, photorealistic studio pet footage. A static medium full-body shot begins with the seated cat and scene in <Picture 1>. This is one continuous four-second shot. The cat stays seated while playing with one feather teaser wand, making two light alternating front-paw taps before settling. From 0.00 to 0.20 seconds, it holds the initial seated pose. From 0.20 to 0.60 seconds, one small feather tuft attached directly to the tip of a slender flexible rod enters smoothly from the viewer's right. The tuft stops just ahead of the cat's lower chest, slightly toward the viewer's right and within easy paw reach. The visible rod extends continuously from the tuft through the right edge to an off-screen holder; the holder and hand remain outside the frame. The cat's eyes track the tuft and its head follows with a small turn. From 0.60 to 1.15 seconds, the tuft makes one short sideways sway. Keeping the hindquarters seated and the anatomical right front paw, on the viewer's left, planted for support, the cat lifts its anatomical left front paw, on the viewer's right, taps the tuft once and returns that paw to the floor. From 1.15 to 1.95 seconds, the rod guides the tuft through a short arc toward the viewer's left, just in front of the chest. The cat transfers support onto the now-planted left front paw, lifts the anatomical right front paw, taps the tuft once and returns that paw to the floor. Each paw contact briefly bends the feathers and deflects the rod tip; the tuft remains attached and visibly distinct from the paw. Only one front paw is raised at a time, and the hindquarters stay on the floor throughout. From 1.95 to 2.15 seconds, the wand pauses while the cat watches with both front paws down. From 2.15 to 2.60 seconds, the wand withdraws smoothly along a short path toward the viewer's right and exits completely through the same edge. The cat follows with its eyes and a small head turn, keeping both front paws on the floor. By 2.70 seconds, it rests in a comfortable upright seated pose, looking slightly toward the departed toy. This attentive posture continues through 3.00 seconds. From 3.00 to 4.00 seconds, the toy stays outside the frame and the cat maintains this posture with only faint breathing and tiny settling movements. Preserve the individual cat's facial proportions, each anatomical eye's reference color, body proportions, paw anatomy, coat or bare-skin appearance, markings, ear type and existing tail anatomy as the pose changes. Keep the reference framing, background, floor and lighting consistent, with a locked camera and grounded shadows following the paw movements. The entire cat remains inside the original frame with clear margins throughout. Only the cat and this single connected wand occupy the scene; the feather tuft moves below the chin, keeping the eyes and face unobstructed.

overall_soundscape: Quiet studio ambience continues beneath a faint feather rustle and two soft paw-to-feather contacts during the alternating taps between 0.60 and 1.95 seconds. Light paw-pad landings accompany each paw's return to the floor. A final soft feather rustle ends as the wand leaves by 2.60 seconds; after 2.70 seconds, only room tone and faint breathing remain.

non_diegetic_music: N/A
"
cat_ids/56_中华田园猫深棕狸花.png,"For the target video, at 0.00 seconds into the target video, <Picture 1> (from [Shot 1]) is fully referenced.

integrated_multimodal_description: [Shot 1] Live-action, photorealistic studio pet footage. A static medium full-body shot begins with the seated cat and scene in <Picture 1>. This is one continuous four-second shot. The cat makes one small forward-and-upward hop, lands softly and returns to a comfortable upright seated pose. From 0.00 to 0.30 seconds, it holds the initial seated pose. At 0.30 seconds, one quiet off-screen tongue click draws its gaze slightly above the camera. From 0.30 to 0.85 seconds, the cat leans its chest slightly forward, raises the hindquarters out of the seated position and folds the hind legs into a compact crouch, with both front paws still touching the floor. From 0.85 to 1.10 seconds, the hind legs extend to push against the floor while both front paws lift and reach a short distance forward. From 1.10 to 1.35 seconds, the body travels through one low, compact arc, with all four paws visibly clear of the floor together for a brief moment. The head and chest stay low enough to preserve the available headroom, and the paws remain beneath or just ahead of the body. From 1.35 to 1.65 seconds, the front paws touch down first, followed closely by the hind paws; the elbows and hind legs bend to absorb the landing. The landing is no more than one front-paw length ahead of the starting position. The shadow stays on the floor, visibly separating from the paws during the hop and reconnecting at landing. From 1.65 to 2.50 seconds, the cat lowers its hindquarters, makes a small front-paw placement adjustment beneath the shoulders and raises its chest into an upright, front-facing seated pose near the starting position. By 2.70 seconds, it is comfortably balanced with both front paws on the floor and a relaxed, attentive gaze. This seated posture continues through 3.00 seconds. From 3.00 to 4.00 seconds, the cat maintains the posture reached by 2.70 seconds, with only faint breathing and tiny settling movements. Preserve the individual cat's facial proportions, each anatomical eye's reference color, body proportions, paw anatomy, coat or bare-skin appearance, markings, ear type and existing tail anatomy as the pose changes. Keep the camera position, perspective, focal length, crop, focus, exposure, white balance, reference background, floor and lighting consistent. The entire cat, including the ears, paws and any visible tail, remains inside the original frame with clear margins throughout. Only the cat is visible, and the surrounding floor stays clear.

overall_soundscape: Quiet studio room tone continues throughout. One soft off-screen tongue click at 0.30 seconds is followed by faint paw movement during the crouch, a muted push-off and closely spaced soft paw-pad impacts during the landing between 1.35 and 1.65 seconds. The final paw adjustment finishes by 2.70 seconds, leaving only room tone and faint breathing.

non_diegetic_music: N/A
"
cat_ids/56_中华田园猫深棕狸花.png,"For the target video, at 0.00 seconds into the target video, <Picture 1> (from [Shot 1]) is fully referenced.

integrated_multimodal_description: [Shot 1] Live-action, photorealistic studio pet footage. A static medium full-body shot begins with the seated cat and scene in <Picture 1>. This is one continuous four-second shot. The cat stays seated while playing with one feather teaser wand, making two light alternating front-paw taps before settling. From 0.00 to 0.20 seconds, it holds the initial seated pose. From 0.20 to 0.60 seconds, one small feather tuft attached directly to the tip of a slender flexible rod enters smoothly from the viewer's right. The tuft stops just ahead of the cat's lower chest, slightly toward the viewer's right and within easy paw reach. The visible rod extends continuously from the tuft through the right edge to an off-screen holder; the holder and hand remain outside the frame. The cat's eyes track the tuft and its head follows with a small turn. From 0.60 to 1.15 seconds, the tuft makes one short sideways sway. Keeping the hindquarters seated and the anatomical right front paw, on the viewer's left, planted for support, the cat lifts its anatomical left front paw, on the viewer's right, taps the tuft once and returns that paw to the floor. From 1.15 to 1.95 seconds, the rod guides the tuft through a short arc toward the viewer's left, just in front of the chest. The cat transfers support onto the now-planted left front paw, lifts the anatomical right front paw, taps the tuft once and returns that paw to the floor. Each paw contact briefly bends the feathers and deflects the rod tip; the tuft remains attached and visibly distinct from the paw. Only one front paw is raised at a time, and the hindquarters stay on the floor throughout. From 1.95 to 2.15 seconds, the wand pauses while the cat watches with both front paws down. From 2.15 to 2.60 seconds, the wand withdraws smoothly along a short path toward the viewer's right and exits completely through the same edge. The cat follows with its eyes and a small head turn, keeping both front paws on the floor. By 2.70 seconds, it rests in a comfortable upright seated pose, looking slightly toward the departed toy. This attentive posture continues through 3.00 seconds. From 3.00 to 4.00 seconds, the toy stays outside the frame and the cat maintains this posture with only faint breathing and tiny settling movements. Preserve the individual cat's facial proportions, each anatomical eye's reference color, body proportions, paw anatomy, coat or bare-skin appearance, markings, ear type and existing tail anatomy as the pose changes. Keep the reference framing, background, floor and lighting consistent, with a locked camera and grounded shadows following the paw movements. The entire cat remains inside the original frame with clear margins throughout. Only the cat and this single connected wand occupy the scene; the feather tuft moves below the chin, keeping the eyes and face unobstructed.

overall_soundscape: Quiet studio ambience continues beneath a faint feather rustle and two soft paw-to-feather contacts during the alternating taps between 0.60 and 1.95 seconds. Light paw-pad landings accompany each paw's return to the floor. A final soft feather rustle ends as the wand leaves by 2.60 seconds; after 2.70 seconds, only room tone and faint breathing remain.

non_diegetic_music: N/A
"
cat_ids/57_中华田园猫金棕狸花.png,"For the target video, at 0.00 seconds into the target video, <Picture 1> (from [Shot 1]) is fully referenced.

integrated_multimodal_description: [Shot 1] Live-action, photorealistic studio pet footage. A static medium full-body shot begins with the seated cat and scene in <Picture 1>. This is one continuous four-second shot. The cat makes one small forward-and-upward hop, lands softly and returns to a comfortable upright seated pose. From 0.00 to 0.30 seconds, it holds the initial seated pose. At 0.30 seconds, one quiet off-screen tongue click draws its gaze slightly above the camera. From 0.30 to 0.85 seconds, the cat leans its chest slightly forward, raises the hindquarters out of the seated position and folds the hind legs into a compact crouch, with both front paws still touching the floor. From 0.85 to 1.10 seconds, the hind legs extend to push against the floor while both front paws lift and reach a short distance forward. From 1.10 to 1.35 seconds, the body travels through one low, compact arc, with all four paws visibly clear of the floor together for a brief moment. The head and chest stay low enough to preserve the available headroom, and the paws remain beneath or just ahead of the body. From 1.35 to 1.65 seconds, the front paws touch down first, followed closely by the hind paws; the elbows and hind legs bend to absorb the landing. The landing is no more than one front-paw length ahead of the starting position. The shadow stays on the floor, visibly separating from the paws during the hop and reconnecting at landing. From 1.65 to 2.50 seconds, the cat lowers its hindquarters, makes a small front-paw placement adjustment beneath the shoulders and raises its chest into an upright, front-facing seated pose near the starting position. By 2.70 seconds, it is comfortably balanced with both front paws on the floor and a relaxed, attentive gaze. This seated posture continues through 3.00 seconds. From 3.00 to 4.00 seconds, the cat maintains the posture reached by 2.70 seconds, with only faint breathing and tiny settling movements. Preserve the individual cat's facial proportions, each anatomical eye's reference color, body proportions, paw anatomy, coat or bare-skin appearance, markings, ear type and existing tail anatomy as the pose changes. Keep the camera position, perspective, focal length, crop, focus, exposure, white balance, reference background, floor and lighting consistent. The entire cat, including the ears, paws and any visible tail, remains inside the original frame with clear margins throughout. Only the cat is visible, and the surrounding floor stays clear.

overall_soundscape: Quiet studio room tone continues throughout. One soft off-screen tongue click at 0.30 seconds is followed by faint paw movement during the crouch, a muted push-off and closely spaced soft paw-pad impacts during the landing between 1.35 and 1.65 seconds. The final paw adjustment finishes by 2.70 seconds, leaving only room tone and faint breathing.

non_diegetic_music: N/A
"
cat_ids/57_中华田园猫金棕狸花.png,"For the target video, at 0.00 seconds into the target video, <Picture 1> (from [Shot 1]) is fully referenced.

integrated_multimodal_description: [Shot 1] Live-action, photorealistic studio pet footage. A static medium full-body shot begins with the seated cat and scene in <Picture 1>. This is one continuous four-second shot. The cat stays seated while playing with one feather teaser wand, making two light alternating front-paw taps before settling. From 0.00 to 0.20 seconds, it holds the initial seated pose. From 0.20 to 0.60 seconds, one small feather tuft attached directly to the tip of a slender flexible rod enters smoothly from the viewer's right. The tuft stops just ahead of the cat's lower chest, slightly toward the viewer's right and within easy paw reach. The visible rod extends continuously from the tuft through the right edge to an off-screen holder; the holder and hand remain outside the frame. The cat's eyes track the tuft and its head follows with a small turn. From 0.60 to 1.15 seconds, the tuft makes one short sideways sway. Keeping the hindquarters seated and the anatomical right front paw, on the viewer's left, planted for support, the cat lifts its anatomical left front paw, on the viewer's right, taps the tuft once and returns that paw to the floor. From 1.15 to 1.95 seconds, the rod guides the tuft through a short arc toward the viewer's left, just in front of the chest. The cat transfers support onto the now-planted left front paw, lifts the anatomical right front paw, taps the tuft once and returns that paw to the floor. Each paw contact briefly bends the feathers and deflects the rod tip; the tuft remains attached and visibly distinct from the paw. Only one front paw is raised at a time, and the hindquarters stay on the floor throughout. From 1.95 to 2.15 seconds, the wand pauses while the cat watches with both front paws down. From 2.15 to 2.60 seconds, the wand withdraws smoothly along a short path toward the viewer's right and exits completely through the same edge. The cat follows with its eyes and a small head turn, keeping both front paws on the floor. By 2.70 seconds, it rests in a comfortable upright seated pose, looking slightly toward the departed toy. This attentive posture continues through 3.00 seconds. From 3.00 to 4.00 seconds, the toy stays outside the frame and the cat maintains this posture with only faint breathing and tiny settling movements. Preserve the individual cat's facial proportions, each anatomical eye's reference color, body proportions, paw anatomy, coat or bare-skin appearance, markings, ear type and existing tail anatomy as the pose changes. Keep the reference framing, background, floor and lighting consistent, with a locked camera and grounded shadows following the paw movements. The entire cat remains inside the original frame with clear margins throughout. Only the cat and this single connected wand occupy the scene; the feather tuft moves below the chin, keeping the eyes and face unobstructed.

overall_soundscape: Quiet studio ambience continues beneath a faint feather rustle and two soft paw-to-feather contacts during the alternating taps between 0.60 and 1.95 seconds. Light paw-pad landings accompany each paw's return to the floor. A final soft feather rustle ends as the wand leaves by 2.60 seconds; after 2.70 seconds, only room tone and faint breathing remain.

non_diegetic_music: N/A
"
cat_ids/58_中华田园猫狸白.png,"For the target video, at 0.00 seconds into the target video, <Picture 1> (from [Shot 1]) is fully referenced.

integrated_multimodal_description: [Shot 1] Live-action, photorealistic studio pet footage. A static medium full-body shot begins with the seated cat and scene in <Picture 1>. This is one continuous four-second shot. The cat makes one small forward-and-upward hop, lands softly and returns to a comfortable upright seated pose. From 0.00 to 0.30 seconds, it holds the initial seated pose. At 0.30 seconds, one quiet off-screen tongue click draws its gaze slightly above the camera. From 0.30 to 0.85 seconds, the cat leans its chest slightly forward, raises the hindquarters out of the seated position and folds the hind legs into a compact crouch, with both front paws still touching the floor. From 0.85 to 1.10 seconds, the hind legs extend to push against the floor while both front paws lift and reach a short distance forward. From 1.10 to 1.35 seconds, the body travels through one low, compact arc, with all four paws visibly clear of the floor together for a brief moment. The head and chest stay low enough to preserve the available headroom, and the paws remain beneath or just ahead of the body. From 1.35 to 1.65 seconds, the front paws touch down first, followed closely by the hind paws; the elbows and hind legs bend to absorb the landing. The landing is no more than one front-paw length ahead of the starting position. The shadow stays on the floor, visibly separating from the paws during the hop and reconnecting at landing. From 1.65 to 2.50 seconds, the cat lowers its hindquarters, makes a small front-paw placement adjustment beneath the shoulders and raises its chest into an upright, front-facing seated pose near the starting position. By 2.70 seconds, it is comfortably balanced with both front paws on the floor and a relaxed, attentive gaze. This seated posture continues through 3.00 seconds. From 3.00 to 4.00 seconds, the cat maintains the posture reached by 2.70 seconds, with only faint breathing and tiny settling movements. Preserve the individual cat's facial proportions, each anatomical eye's reference color, body proportions, paw anatomy, coat or bare-skin appearance, markings, ear type and existing tail anatomy as the pose changes. Keep the camera position, perspective, focal length, crop, focus, exposure, white balance, reference background, floor and lighting consistent. The entire cat, including the ears, paws and any visible tail, remains inside the original frame with clear margins throughout. Only the cat is visible, and the surrounding floor stays clear.

overall_soundscape: Quiet studio room tone continues throughout. One soft off-screen tongue click at 0.30 seconds is followed by faint paw movement during the crouch, a muted push-off and closely spaced soft paw-pad impacts during the landing between 1.35 and 1.65 seconds. The final paw adjustment finishes by 2.70 seconds, leaving only room tone and faint breathing.

non_diegetic_music: N/A
"
cat_ids/58_中华田园猫狸白.png,"For the target video, at 0.00 seconds into the target video, <Picture 1> (from [Shot 1]) is fully referenced.

integrated_multimodal_description: [Shot 1] Live-action, photorealistic studio pet footage. A static medium full-body shot begins with the seated cat and scene in <Picture 1>. This is one continuous four-second shot. The cat stays seated while playing with one feather teaser wand, making two light alternating front-paw taps before settling. From 0.00 to 0.20 seconds, it holds the initial seated pose. From 0.20 to 0.60 seconds, one small feather tuft attached directly to the tip of a slender flexible rod enters smoothly from the viewer's right. The tuft stops just ahead of the cat's lower chest, slightly toward the viewer's right and within easy paw reach. The visible rod extends continuously from the tuft through the right edge to an off-screen holder; the holder and hand remain outside the frame. The cat's eyes track the tuft and its head follows with a small turn. From 0.60 to 1.15 seconds, the tuft makes one short sideways sway. Keeping the hindquarters seated and the anatomical right front paw, on the viewer's left, planted for support, the cat lifts its anatomical left front paw, on the viewer's right, taps the tuft once and returns that paw to the floor. From 1.15 to 1.95 seconds, the rod guides the tuft through a short arc toward the viewer's left, just in front of the chest. The cat transfers support onto the now-planted left front paw, lifts the anatomical right front paw, taps the tuft once and returns that paw to the floor. Each paw contact briefly bends the feathers and deflects the rod tip; the tuft remains attached and visibly distinct from the paw. Only one front paw is raised at a time, and the hindquarters stay on the floor throughout. From 1.95 to 2.15 seconds, the wand pauses while the cat watches with both front paws down. From 2.15 to 2.60 seconds, the wand withdraws smoothly along a short path toward the viewer's right and exits completely through the same edge. The cat follows with its eyes and a small head turn, keeping both front paws on the floor. By 2.70 seconds, it rests in a comfortable upright seated pose, looking slightly toward the departed toy. This attentive posture continues through 3.00 seconds. From 3.00 to 4.00 seconds, the toy stays outside the frame and the cat maintains this posture with only faint breathing and tiny settling movements. Preserve the individual cat's facial proportions, each anatomical eye's reference color, body proportions, paw anatomy, coat or bare-skin appearance, markings, ear type and existing tail anatomy as the pose changes. Keep the reference framing, background, floor and lighting consistent, with a locked camera and grounded shadows following the paw movements. The entire cat remains inside the original frame with clear margins throughout. Only the cat and this single connected wand occupy the scene; the feather tuft moves below the chin, keeping the eyes and face unobstructed.

overall_soundscape: Quiet studio ambience continues beneath a faint feather rustle and two soft paw-to-feather contacts during the alternating taps between 0.60 and 1.95 seconds. Light paw-pad landings accompany each paw's return to the floor. A final soft feather rustle ends as the wand leaves by 2.60 seconds; after 2.70 seconds, only room tone and faint breathing remain.

non_diegetic_music: N/A
"
cat_ids/59_中华田园猫高白奶牛.png,"For the target video, at 0.00 seconds into the target video, <Picture 1> (from [Shot 1]) is fully referenced.

integrated_multimodal_description: [Shot 1] Live-action, photorealistic studio pet footage. A static medium full-body shot begins with the seated cat and scene in <Picture 1>. This is one continuous four-second shot. The cat makes one small forward-and-upward hop, lands softly and returns to a comfortable upright seated pose. From 0.00 to 0.30 seconds, it holds the initial seated pose. At 0.30 seconds, one quiet off-screen tongue click draws its gaze slightly above the camera. From 0.30 to 0.85 seconds, the cat leans its chest slightly forward, raises the hindquarters out of the seated position and folds the hind legs into a compact crouch, with both front paws still touching the floor. From 0.85 to 1.10 seconds, the hind legs extend to push against the floor while both front paws lift and reach a short distance forward. From 1.10 to 1.35 seconds, the body travels through one low, compact arc, with all four paws visibly clear of the floor together for a brief moment. The head and chest stay low enough to preserve the available headroom, and the paws remain beneath or just ahead of the body. From 1.35 to 1.65 seconds, the front paws touch down first, followed closely by the hind paws; the elbows and hind legs bend to absorb the landing. The landing is no more than one front-paw length ahead of the starting position. The shadow stays on the floor, visibly separating from the paws during the hop and reconnecting at landing. From 1.65 to 2.50 seconds, the cat lowers its hindquarters, makes a small front-paw placement adjustment beneath the shoulders and raises its chest into an upright, front-facing seated pose near the starting position. By 2.70 seconds, it is comfortably balanced with both front paws on the floor and a relaxed, attentive gaze. This seated posture continues through 3.00 seconds. From 3.00 to 4.00 seconds, the cat maintains the posture reached by 2.70 seconds, with only faint breathing and tiny settling movements. Preserve the individual cat's facial proportions, each anatomical eye's reference color, body proportions, paw anatomy, coat or bare-skin appearance, markings, ear type and existing tail anatomy as the pose changes. Keep the camera position, perspective, focal length, crop, focus, exposure, white balance, reference background, floor and lighting consistent. The entire cat, including the ears, paws and any visible tail, remains inside the original frame with clear margins throughout. Only the cat is visible, and the surrounding floor stays clear.

overall_soundscape: Quiet studio room tone continues throughout. One soft off-screen tongue click at 0.30 seconds is followed by faint paw movement during the crouch, a muted push-off and closely spaced soft paw-pad impacts during the landing between 1.35 and 1.65 seconds. The final paw adjustment finishes by 2.70 seconds, leaving only room tone and faint breathing.

non_diegetic_music: N/A
"
cat_ids/59_中华田园猫高白奶牛.png,"For the target video, at 0.00 seconds into the target video, <Picture 1> (from [Shot 1]) is fully referenced.

integrated_multimodal_description: [Shot 1] Live-action, photorealistic studio pet footage. A static medium full-body shot begins with the seated cat and scene in <Picture 1>. This is one continuous four-second shot. The cat stays seated while playing with one feather teaser wand, making two light alternating front-paw taps before settling. From 0.00 to 0.20 seconds, it holds the initial seated pose. From 0.20 to 0.60 seconds, one small feather tuft attached directly to the tip of a slender flexible rod enters smoothly from the viewer's right. The tuft stops just ahead of the cat's lower chest, slightly toward the viewer's right and within easy paw reach. The visible rod extends continuously from the tuft through the right edge to an off-screen holder; the holder and hand remain outside the frame. The cat's eyes track the tuft and its head follows with a small turn. From 0.60 to 1.15 seconds, the tuft makes one short sideways sway. Keeping the hindquarters seated and the anatomical right front paw, on the viewer's left, planted for support, the cat lifts its anatomical left front paw, on the viewer's right, taps the tuft once and returns that paw to the floor. From 1.15 to 1.95 seconds, the rod guides the tuft through a short arc toward the viewer's left, just in front of the chest. The cat transfers support onto the now-planted left front paw, lifts the anatomical right front paw, taps the tuft once and returns that paw to the floor. Each paw contact briefly bends the feathers and deflects the rod tip; the tuft remains attached and visibly distinct from the paw. Only one front paw is raised at a time, and the hindquarters stay on the floor throughout. From 1.95 to 2.15 seconds, the wand pauses while the cat watches with both front paws down. From 2.15 to 2.60 seconds, the wand withdraws smoothly along a short path toward the viewer's right and exits completely through the same edge. The cat follows with its eyes and a small head turn, keeping both front paws on the floor. By 2.70 seconds, it rests in a comfortable upright seated pose, looking slightly toward the departed toy. This attentive posture continues through 3.00 seconds. From 3.00 to 4.00 seconds, the toy stays outside the frame and the cat maintains this posture with only faint breathing and tiny settling movements. Preserve the individual cat's facial proportions, each anatomical eye's reference color, body proportions, paw anatomy, coat or bare-skin appearance, markings, ear type and existing tail anatomy as the pose changes. Keep the reference framing, background, floor and lighting consistent, with a locked camera and grounded shadows following the paw movements. The entire cat remains inside the original frame with clear margins throughout. Only the cat and this single connected wand occupy the scene; the feather tuft moves below the chin, keeping the eyes and face unobstructed.

overall_soundscape: Quiet studio ambience continues beneath a faint feather rustle and two soft paw-to-feather contacts during the alternating taps between 0.60 and 1.95 seconds. Light paw-pad landings accompany each paw's return to the floor. A final soft feather rustle ends as the wand leaves by 2.60 seconds; after 2.70 seconds, only room tone and faint breathing remain.

non_diegetic_music: N/A
"
cat_ids/60_中华田园猫均衡奶牛.png,"For the target video, at 0.00 seconds into the target video, <Picture 1> (from [Shot 1]) is fully referenced.

integrated_multimodal_description: [Shot 1] Live-action, photorealistic studio pet footage. A static medium full-body shot begins with the seated cat and scene in <Picture 1>. This is one continuous four-second shot. The cat makes one small forward-and-upward hop, lands softly and returns to a comfortable upright seated pose. From 0.00 to 0.30 seconds, it holds the initial seated pose. At 0.30 seconds, one quiet off-screen tongue click draws its gaze slightly above the camera. From 0.30 to 0.85 seconds, the cat leans its chest slightly forward, raises the hindquarters out of the seated position and folds the hind legs into a compact crouch, with both front paws still touching the floor. From 0.85 to 1.10 seconds, the hind legs extend to push against the floor while both front paws lift and reach a short distance forward. From 1.10 to 1.35 seconds, the body travels through one low, compact arc, with all four paws visibly clear of the floor together for a brief moment. The head and chest stay low enough to preserve the available headroom, and the paws remain beneath or just ahead of the body. From 1.35 to 1.65 seconds, the front paws touch down first, followed closely by the hind paws; the elbows and hind legs bend to absorb the landing. The landing is no more than one front-paw length ahead of the starting position. The shadow stays on the floor, visibly separating from the paws during the hop and reconnecting at landing. From 1.65 to 2.50 seconds, the cat lowers its hindquarters, makes a small front-paw placement adjustment beneath the shoulders and raises its chest into an upright, front-facing seated pose near the starting position. By 2.70 seconds, it is comfortably balanced with both front paws on the floor and a relaxed, attentive gaze. This seated posture continues through 3.00 seconds. From 3.00 to 4.00 seconds, the cat maintains the posture reached by 2.70 seconds, with only faint breathing and tiny settling movements. Preserve the individual cat's facial proportions, each anatomical eye's reference color, body proportions, paw anatomy, coat or bare-skin appearance, markings, ear type and existing tail anatomy as the pose changes. Keep the camera position, perspective, focal length, crop, focus, exposure, white balance, reference background, floor and lighting consistent. The entire cat, including the ears, paws and any visible tail, remains inside the original frame with clear margins throughout. Only the cat is visible, and the surrounding floor stays clear.

overall_soundscape: Quiet studio room tone continues throughout. One soft off-screen tongue click at 0.30 seconds is followed by faint paw movement during the crouch, a muted push-off and closely spaced soft paw-pad impacts during the landing between 1.35 and 1.65 seconds. The final paw adjustment finishes by 2.70 seconds, leaving only room tone and faint breathing.

non_diegetic_music: N/A
"
cat_ids/60_中华田园猫均衡奶牛.png,"For the target video, at 0.00 seconds into the target video, <Picture 1> (from [Shot 1]) is fully referenced.

integrated_multimodal_description: [Shot 1] Live-action, photorealistic studio pet footage. A static medium full-body shot begins with the seated cat and scene in <Picture 1>. This is one continuous four-second shot. The cat stays seated while playing with one feather teaser wand, making two light alternating front-paw taps before settling. From 0.00 to 0.20 seconds, it holds the initial seated pose. From 0.20 to 0.60 seconds, one small feather tuft attached directly to the tip of a slender flexible rod enters smoothly from the viewer's right. The tuft stops just ahead of the cat's lower chest, slightly toward the viewer's right and within easy paw reach. The visible rod extends continuously from the tuft through the right edge to an off-screen holder; the holder and hand remain outside the frame. The cat's eyes track the tuft and its head follows with a small turn. From 0.60 to 1.15 seconds, the tuft makes one short sideways sway. Keeping the hindquarters seated and the anatomical right front paw, on the viewer's left, planted for support, the cat lifts its anatomical left front paw, on the viewer's right, taps the tuft once and returns that paw to the floor. From 1.15 to 1.95 seconds, the rod guides the tuft through a short arc toward the viewer's left, just in front of the chest. The cat transfers support onto the now-planted left front paw, lifts the anatomical right front paw, taps the tuft once and returns that paw to the floor. Each paw contact briefly bends the feathers and deflects the rod tip; the tuft remains attached and visibly distinct from the paw. Only one front paw is raised at a time, and the hindquarters stay on the floor throughout. From 1.95 to 2.15 seconds, the wand pauses while the cat watches with both front paws down. From 2.15 to 2.60 seconds, the wand withdraws smoothly along a short path toward the viewer's right and exits completely through the same edge. The cat follows with its eyes and a small head turn, keeping both front paws on the floor. By 2.70 seconds, it rests in a comfortable upright seated pose, looking slightly toward the departed toy. This attentive posture continues through 3.00 seconds. From 3.00 to 4.00 seconds, the toy stays outside the frame and the cat maintains this posture with only faint breathing and tiny settling movements. Preserve the individual cat's facial proportions, each anatomical eye's reference color, body proportions, paw anatomy, coat or bare-skin appearance, markings, ear type and existing tail anatomy as the pose changes. Keep the reference framing, background, floor and lighting consistent, with a locked camera and grounded shadows following the paw movements. The entire cat remains inside the original frame with clear margins throughout. Only the cat and this single connected wand occupy the scene; the feather tuft moves below the chin, keeping the eyes and face unobstructed.

overall_soundscape: Quiet studio ambience continues beneath a faint feather rustle and two soft paw-to-feather contacts during the alternating taps between 0.60 and 1.95 seconds. Light paw-pad landings accompany each paw's return to the floor. A final soft feather rustle ends as the wand leaves by 2.60 seconds; after 2.70 seconds, only room tone and faint breathing remain.

non_diegetic_music: N/A
"
cat_ids/61_中华田园猫八字胡奶牛.png,"For the target video, at 0.00 seconds into the target video, <Picture 1> (from [Shot 1]) is fully referenced.

integrated_multimodal_description: [Shot 1] Live-action, photorealistic studio pet footage. A static medium full-body shot begins with the seated cat and scene in <Picture 1>. This is one continuous four-second shot. The cat makes one small forward-and-upward hop, lands softly and returns to a comfortable upright seated pose. From 0.00 to 0.30 seconds, it holds the initial seated pose. At 0.30 seconds, one quiet off-screen tongue click draws its gaze slightly above the camera. From 0.30 to 0.85 seconds, the cat leans its chest slightly forward, raises the hindquarters out of the seated position and folds the hind legs into a compact crouch, with both front paws still touching the floor. From 0.85 to 1.10 seconds, the hind legs extend to push against the floor while both front paws lift and reach a short distance forward. From 1.10 to 1.35 seconds, the body travels through one low, compact arc, with all four paws visibly clear of the floor together for a brief moment. The head and chest stay low enough to preserve the available headroom, and the paws remain beneath or just ahead of the body. From 1.35 to 1.65 seconds, the front paws touch down first, followed closely by the hind paws; the elbows and hind legs bend to absorb the landing. The landing is no more than one front-paw length ahead of the starting position. The shadow stays on the floor, visibly separating from the paws during the hop and reconnecting at landing. From 1.65 to 2.50 seconds, the cat lowers its hindquarters, makes a small front-paw placement adjustment beneath the shoulders and raises its chest into an upright, front-facing seated pose near the starting position. By 2.70 seconds, it is comfortably balanced with both front paws on the floor and a relaxed, attentive gaze. This seated posture continues through 3.00 seconds. From 3.00 to 4.00 seconds, the cat maintains the posture reached by 2.70 seconds, with only faint breathing and tiny settling movements. Preserve the individual cat's facial proportions, each anatomical eye's reference color, body proportions, paw anatomy, coat or bare-skin appearance, markings, ear type and existing tail anatomy as the pose changes. Keep the camera position, perspective, focal length, crop, focus, exposure, white balance, reference background, floor and lighting consistent. The entire cat, including the ears, paws and any visible tail, remains inside the original frame with clear margins throughout. Only the cat is visible, and the surrounding floor stays clear.

overall_soundscape: Quiet studio room tone continues throughout. One soft off-screen tongue click at 0.30 seconds is followed by faint paw movement during the crouch, a muted push-off and closely spaced soft paw-pad impacts during the landing between 1.35 and 1.65 seconds. The final paw adjustment finishes by 2.70 seconds, leaving only room tone and faint breathing.

non_diegetic_music: N/A
"
cat_ids/61_中华田园猫八字胡奶牛.png,"For the target video, at 0.00 seconds into the target video, <Picture 1> (from [Shot 1]) is fully referenced.

integrated_multimodal_description: [Shot 1] Live-action, photorealistic studio pet footage. A static medium full-body shot begins with the seated cat and scene in <Picture 1>. This is one continuous four-second shot. The cat stays seated while playing with one feather teaser wand, making two light alternating front-paw taps before settling. From 0.00 to 0.20 seconds, it holds the initial seated pose. From 0.20 to 0.60 seconds, one small feather tuft attached directly to the tip of a slender flexible rod enters smoothly from the viewer's right. The tuft stops just ahead of the cat's lower chest, slightly toward the viewer's right and within easy paw reach. The visible rod extends continuously from the tuft through the right edge to an off-screen holder; the holder and hand remain outside the frame. The cat's eyes track the tuft and its head follows with a small turn. From 0.60 to 1.15 seconds, the tuft makes one short sideways sway. Keeping the hindquarters seated and the anatomical right front paw, on the viewer's left, planted for support, the cat lifts its anatomical left front paw, on the viewer's right, taps the tuft once and returns that paw to the floor. From 1.15 to 1.95 seconds, the rod guides the tuft through a short arc toward the viewer's left, just in front of the chest. The cat transfers support onto the now-planted left front paw, lifts the anatomical right front paw, taps the tuft once and returns that paw to the floor. Each paw contact briefly bends the feathers and deflects the rod tip; the tuft remains attached and visibly distinct from the paw. Only one front paw is raised at a time, and the hindquarters stay on the floor throughout. From 1.95 to 2.15 seconds, the wand pauses while the cat watches with both front paws down. From 2.15 to 2.60 seconds, the wand withdraws smoothly along a short path toward the viewer's right and exits completely through the same edge. The cat follows with its eyes and a small head turn, keeping both front paws on the floor. By 2.70 seconds, it rests in a comfortable upright seated pose, looking slightly toward the departed toy. This attentive posture continues through 3.00 seconds. From 3.00 to 4.00 seconds, the toy stays outside the frame and the cat maintains this posture with only faint breathing and tiny settling movements. Preserve the individual cat's facial proportions, each anatomical eye's reference color, body proportions, paw anatomy, coat or bare-skin appearance, markings, ear type and existing tail anatomy as the pose changes. Keep the reference framing, background, floor and lighting consistent, with a locked camera and grounded shadows following the paw movements. The entire cat remains inside the original frame with clear margins throughout. Only the cat and this single connected wand occupy the scene; the feather tuft moves below the chin, keeping the eyes and face unobstructed.

overall_soundscape: Quiet studio ambience continues beneath a faint feather rustle and two soft paw-to-feather contacts during the alternating taps between 0.60 and 1.95 seconds. Light paw-pad landings accompany each paw's return to the floor. A final soft feather rustle ends as the wand leaves by 2.60 seconds; after 2.70 seconds, only room tone and faint breathing remain.

non_diegetic_music: N/A
"
cat_ids/62_中华田园猫高白三花.png,"For the target video, at 0.00 seconds into the target video, <Picture 1> (from [Shot 1]) is fully referenced.

integrated_multimodal_description: [Shot 1] Live-action, photorealistic studio pet footage. A static medium full-body shot begins with the seated cat and scene in <Picture 1>. This is one continuous four-second shot. The cat makes one small forward-and-upward hop, lands softly and returns to a comfortable upright seated pose. From 0.00 to 0.30 seconds, it holds the initial seated pose. At 0.30 seconds, one quiet off-screen tongue click draws its gaze slightly above the camera. From 0.30 to 0.85 seconds, the cat leans its chest slightly forward, raises the hindquarters out of the seated position and folds the hind legs into a compact crouch, with both front paws still touching the floor. From 0.85 to 1.10 seconds, the hind legs extend to push against the floor while both front paws lift and reach a short distance forward. From 1.10 to 1.35 seconds, the body travels through one low, compact arc, with all four paws visibly clear of the floor together for a brief moment. The head and chest stay low enough to preserve the available headroom, and the paws remain beneath or just ahead of the body. From 1.35 to 1.65 seconds, the front paws touch down first, followed closely by the hind paws; the elbows and hind legs bend to absorb the landing. The landing is no more than one front-paw length ahead of the starting position. The shadow stays on the floor, visibly separating from the paws during the hop and reconnecting at landing. From 1.65 to 2.50 seconds, the cat lowers its hindquarters, makes a small front-paw placement adjustment beneath the shoulders and raises its chest into an upright, front-facing seated pose near the starting position. By 2.70 seconds, it is comfortably balanced with both front paws on the floor and a relaxed, attentive gaze. This seated posture continues through 3.00 seconds. From 3.00 to 4.00 seconds, the cat maintains the posture reached by 2.70 seconds, with only faint breathing and tiny settling movements. Preserve the individual cat's facial proportions, each anatomical eye's reference color, body proportions, paw anatomy, coat or bare-skin appearance, markings, ear type and existing tail anatomy as the pose changes. Keep the camera position, perspective, focal length, crop, focus, exposure, white balance, reference background, floor and lighting consistent. The entire cat, including the ears, paws and any visible tail, remains inside the original frame with clear margins throughout. Only the cat is visible, and the surrounding floor stays clear.

overall_soundscape: Quiet studio room tone continues throughout. One soft off-screen tongue click at 0.30 seconds is followed by faint paw movement during the crouch, a muted push-off and closely spaced soft paw-pad impacts during the landing between 1.35 and 1.65 seconds. The final paw adjustment finishes by 2.70 seconds, leaving only room tone and faint breathing.

non_diegetic_music: N/A
"
cat_ids/62_中华田园猫高白三花.png,"For the target video, at 0.00 seconds into the target video, <Picture 1> (from [Shot 1]) is fully referenced.

integrated_multimodal_description: [Shot 1] Live-action, photorealistic studio pet footage. A static medium full-body shot begins with the seated cat and scene in <Picture 1>. This is one continuous four-second shot. The cat stays seated while playing with one feather teaser wand, making two light alternating front-paw taps before settling. From 0.00 to 0.20 seconds, it holds the initial seated pose. From 0.20 to 0.60 seconds, one small feather tuft attached directly to the tip of a slender flexible rod enters smoothly from the viewer's right. The tuft stops just ahead of the cat's lower chest, slightly toward the viewer's right and within easy paw reach. The visible rod extends continuously from the tuft through the right edge to an off-screen holder; the holder and hand remain outside the frame. The cat's eyes track the tuft and its head follows with a small turn. From 0.60 to 1.15 seconds, the tuft makes one short sideways sway. Keeping the hindquarters seated and the anatomical right front paw, on the viewer's left, planted for support, the cat lifts its anatomical left front paw, on the viewer's right, taps the tuft once and returns that paw to the floor. From 1.15 to 1.95 seconds, the rod guides the tuft through a short arc toward the viewer's left, just in front of the chest. The cat transfers support onto the now-planted left front paw, lifts the anatomical right front paw, taps the tuft once and returns that paw to the floor. Each paw contact briefly bends the feathers and deflects the rod tip; the tuft remains attached and visibly distinct from the paw. Only one front paw is raised at a time, and the hindquarters stay on the floor throughout. From 1.95 to 2.15 seconds, the wand pauses while the cat watches with both front paws down. From 2.15 to 2.60 seconds, the wand withdraws smoothly along a short path toward the viewer's right and exits completely through the same edge. The cat follows with its eyes and a small head turn, keeping both front paws on the floor. By 2.70 seconds, it rests in a comfortable upright seated pose, looking slightly toward the departed toy. This attentive posture continues through 3.00 seconds. From 3.00 to 4.00 seconds, the toy stays outside the frame and the cat maintains this posture with only faint breathing and tiny settling movements. Preserve the individual cat's facial proportions, each anatomical eye's reference color, body proportions, paw anatomy, coat or bare-skin appearance, markings, ear type and existing tail anatomy as the pose changes. Keep the reference framing, background, floor and lighting consistent, with a locked camera and grounded shadows following the paw movements. The entire cat remains inside the original frame with clear margins throughout. Only the cat and this single connected wand occupy the scene; the feather tuft moves below the chin, keeping the eyes and face unobstructed.

overall_soundscape: Quiet studio ambience continues beneath a faint feather rustle and two soft paw-to-feather contacts during the alternating taps between 0.60 and 1.95 seconds. Light paw-pad landings accompany each paw's return to the floor. A final soft feather rustle ends as the wand leaves by 2.60 seconds; after 2.70 seconds, only room tone and faint breathing remain.

non_diegetic_music: N/A
"
cat_ids/63_中华田园猫均衡三花.png,"For the target video, at 0.00 seconds into the target video, <Picture 1> (from [Shot 1]) is fully referenced.

integrated_multimodal_description: [Shot 1] Live-action, photorealistic studio pet footage. A static medium full-body shot begins with the seated cat and scene in <Picture 1>. This is one continuous four-second shot. The cat makes one small forward-and-upward hop, lands softly and returns to a comfortable upright seated pose. From 0.00 to 0.30 seconds, it holds the initial seated pose. At 0.30 seconds, one quiet off-screen tongue click draws its gaze slightly above the camera. From 0.30 to 0.85 seconds, the cat leans its chest slightly forward, raises the hindquarters out of the seated position and folds the hind legs into a compact crouch, with both front paws still touching the floor. From 0.85 to 1.10 seconds, the hind legs extend to push against the floor while both front paws lift and reach a short distance forward. From 1.10 to 1.35 seconds, the body travels through one low, compact arc, with all four paws visibly clear of the floor together for a brief moment. The head and chest stay low enough to preserve the available headroom, and the paws remain beneath or just ahead of the body. From 1.35 to 1.65 seconds, the front paws touch down first, followed closely by the hind paws; the elbows and hind legs bend to absorb the landing. The landing is no more than one front-paw length ahead of the starting position. The shadow stays on the floor, visibly separating from the paws during the hop and reconnecting at landing. From 1.65 to 2.50 seconds, the cat lowers its hindquarters, makes a small front-paw placement adjustment beneath the shoulders and raises its chest into an upright, front-facing seated pose near the starting position. By 2.70 seconds, it is comfortably balanced with both front paws on the floor and a relaxed, attentive gaze. This seated posture continues through 3.00 seconds. From 3.00 to 4.00 seconds, the cat maintains the posture reached by 2.70 seconds, with only faint breathing and tiny settling movements. Preserve the individual cat's facial proportions, each anatomical eye's reference color, body proportions, paw anatomy, coat or bare-skin appearance, markings, ear type and existing tail anatomy as the pose changes. Keep the camera position, perspective, focal length, crop, focus, exposure, white balance, reference background, floor and lighting consistent. The entire cat, including the ears, paws and any visible tail, remains inside the original frame with clear margins throughout. Only the cat is visible, and the surrounding floor stays clear.

overall_soundscape: Quiet studio room tone continues throughout. One soft off-screen tongue click at 0.30 seconds is followed by faint paw movement during the crouch, a muted push-off and closely spaced soft paw-pad impacts during the landing between 1.35 and 1.65 seconds. The final paw adjustment finishes by 2.70 seconds, leaving only room tone and faint breathing.

non_diegetic_music: N/A
"
cat_ids/63_中华田园猫均衡三花.png,"For the target video, at 0.00 seconds into the target video, <Picture 1> (from [Shot 1]) is fully referenced.

integrated_multimodal_description: [Shot 1] Live-action, photorealistic studio pet footage. A static medium full-body shot begins with the seated cat and scene in <Picture 1>. This is one continuous four-second shot. The cat stays seated while playing with one feather teaser wand, making two light alternating front-paw taps before settling. From 0.00 to 0.20 seconds, it holds the initial seated pose. From 0.20 to 0.60 seconds, one small feather tuft attached directly to the tip of a slender flexible rod enters smoothly from the viewer's right. The tuft stops just ahead of the cat's lower chest, slightly toward the viewer's right and within easy paw reach. The visible rod extends continuously from the tuft through the right edge to an off-screen holder; the holder and hand remain outside the frame. The cat's eyes track the tuft and its head follows with a small turn. From 0.60 to 1.15 seconds, the tuft makes one short sideways sway. Keeping the hindquarters seated and the anatomical right front paw, on the viewer's left, planted for support, the cat lifts its anatomical left front paw, on the viewer's right, taps the tuft once and returns that paw to the floor. From 1.15 to 1.95 seconds, the rod guides the tuft through a short arc toward the viewer's left, just in front of the chest. The cat transfers support onto the now-planted left front paw, lifts the anatomical right front paw, taps the tuft once and returns that paw to the floor. Each paw contact briefly bends the feathers and deflects the rod tip; the tuft remains attached and visibly distinct from the paw. Only one front paw is raised at a time, and the hindquarters stay on the floor throughout. From 1.95 to 2.15 seconds, the wand pauses while the cat watches with both front paws down. From 2.15 to 2.60 seconds, the wand withdraws smoothly along a short path toward the viewer's right and exits completely through the same edge. The cat follows with its eyes and a small head turn, keeping both front paws on the floor. By 2.70 seconds, it rests in a comfortable upright seated pose, looking slightly toward the departed toy. This attentive posture continues through 3.00 seconds. From 3.00 to 4.00 seconds, the toy stays outside the frame and the cat maintains this posture with only faint breathing and tiny settling movements. Preserve the individual cat's facial proportions, each anatomical eye's reference color, body proportions, paw anatomy, coat or bare-skin appearance, markings, ear type and existing tail anatomy as the pose changes. Keep the reference framing, background, floor and lighting consistent, with a locked camera and grounded shadows following the paw movements. The entire cat remains inside the original frame with clear margins throughout. Only the cat and this single connected wand occupy the scene; the feather tuft moves below the chin, keeping the eyes and face unobstructed.

overall_soundscape: Quiet studio ambience continues beneath a faint feather rustle and two soft paw-to-feather contacts during the alternating taps between 0.60 and 1.95 seconds. Light paw-pad landings accompany each paw's return to the floor. A final soft feather rustle ends as the wand leaves by 2.60 seconds; after 2.70 seconds, only room tone and faint breathing remain.

non_diegetic_music: N/A
"
cat_ids/64_中华田园猫低白三花.png,"For the target video, at 0.00 seconds into the target video, <Picture 1> (from [Shot 1]) is fully referenced.

integrated_multimodal_description: [Shot 1] Live-action, photorealistic studio pet footage. A static medium full-body shot begins with the seated cat and scene in <Picture 1>. This is one continuous four-second shot. The cat makes one small forward-and-upward hop, lands softly and returns to a comfortable upright seated pose. From 0.00 to 0.30 seconds, it holds the initial seated pose. At 0.30 seconds, one quiet off-screen tongue click draws its gaze slightly above the camera. From 0.30 to 0.85 seconds, the cat leans its chest slightly forward, raises the hindquarters out of the seated position and folds the hind legs into a compact crouch, with both front paws still touching the floor. From 0.85 to 1.10 seconds, the hind legs extend to push against the floor while both front paws lift and reach a short distance forward. From 1.10 to 1.35 seconds, the body travels through one low, compact arc, with all four paws visibly clear of the floor together for a brief moment. The head and chest stay low enough to preserve the available headroom, and the paws remain beneath or just ahead of the body. From 1.35 to 1.65 seconds, the front paws touch down first, followed closely by the hind paws; the elbows and hind legs bend to absorb the landing. The landing is no more than one front-paw length ahead of the starting position. The shadow stays on the floor, visibly separating from the paws during the hop and reconnecting at landing. From 1.65 to 2.50 seconds, the cat lowers its hindquarters, makes a small front-paw placement adjustment beneath the shoulders and raises its chest into an upright, front-facing seated pose near the starting position. By 2.70 seconds, it is comfortably balanced with both front paws on the floor and a relaxed, attentive gaze. This seated posture continues through 3.00 seconds. From 3.00 to 4.00 seconds, the cat maintains the posture reached by 2.70 seconds, with only faint breathing and tiny settling movements. Preserve the individual cat's facial proportions, each anatomical eye's reference color, body proportions, paw anatomy, coat or bare-skin appearance, markings, ear type and existing tail anatomy as the pose changes. Keep the camera position, perspective, focal length, crop, focus, exposure, white balance, reference background, floor and lighting consistent. The entire cat, including the ears, paws and any visible tail, remains inside the original frame with clear margins throughout. Only the cat is visible, and the surrounding floor stays clear.

overall_soundscape: Quiet studio room tone continues throughout. One soft off-screen tongue click at 0.30 seconds is followed by faint paw movement during the crouch, a muted push-off and closely spaced soft paw-pad impacts during the landing between 1.35 and 1.65 seconds. The final paw adjustment finishes by 2.70 seconds, leaving only room tone and faint breathing.

non_diegetic_music: N/A
"
cat_ids/64_中华田园猫低白三花.png,"For the target video, at 0.00 seconds into the target video, <Picture 1> (from [Shot 1]) is fully referenced.

integrated_multimodal_description: [Shot 1] Live-action, photorealistic studio pet footage. A static medium full-body shot begins with the seated cat and scene in <Picture 1>. This is one continuous four-second shot. The cat stays seated while playing with one feather teaser wand, making two light alternating front-paw taps before settling. From 0.00 to 0.20 seconds, it holds the initial seated pose. From 0.20 to 0.60 seconds, one small feather tuft attached directly to the tip of a slender flexible rod enters smoothly from the viewer's right. The tuft stops just ahead of the cat's lower chest, slightly toward the viewer's right and within easy paw reach. The visible rod extends continuously from the tuft through the right edge to an off-screen holder; the holder and hand remain outside the frame. The cat's eyes track the tuft and its head follows with a small turn. From 0.60 to 1.15 seconds, the tuft makes one short sideways sway. Keeping the hindquarters seated and the anatomical right front paw, on the viewer's left, planted for support, the cat lifts its anatomical left front paw, on the viewer's right, taps the tuft once and returns that paw to the floor. From 1.15 to 1.95 seconds, the rod guides the tuft through a short arc toward the viewer's left, just in front of the chest. The cat transfers support onto the now-planted left front paw, lifts the anatomical right front paw, taps the tuft once and returns that paw to the floor. Each paw contact briefly bends the feathers and deflects the rod tip; the tuft remains attached and visibly distinct from the paw. Only one front paw is raised at a time, and the hindquarters stay on the floor throughout. From 1.95 to 2.15 seconds, the wand pauses while the cat watches with both front paws down. From 2.15 to 2.60 seconds, the wand withdraws smoothly along a short path toward the viewer's right and exits completely through the same edge. The cat follows with its eyes and a small head turn, keeping both front paws on the floor. By 2.70 seconds, it rests in a comfortable upright seated pose, looking slightly toward the departed toy. This attentive posture continues through 3.00 seconds. From 3.00 to 4.00 seconds, the toy stays outside the frame and the cat maintains this posture with only faint breathing and tiny settling movements. Preserve the individual cat's facial proportions, each anatomical eye's reference color, body proportions, paw anatomy, coat or bare-skin appearance, markings, ear type and existing tail anatomy as the pose changes. Keep the reference framing, background, floor and lighting consistent, with a locked camera and grounded shadows following the paw movements. The entire cat remains inside the original frame with clear margins throughout. Only the cat and this single connected wand occupy the scene; the feather tuft moves below the chin, keeping the eyes and face unobstructed.

overall_soundscape: Quiet studio ambience continues beneath a faint feather rustle and two soft paw-to-feather contacts during the alternating taps between 0.60 and 1.95 seconds. Light paw-pad landings accompany each paw's return to the floor. A final soft feather rustle ends as the wand leaves by 2.60 seconds; after 2.70 seconds, only room tone and faint breathing remain.

non_diegetic_music: N/A
"
cat_ids/65_暹罗猫蓝重点色.png,"For the target video, at 0.00 seconds into the target video, <Picture 1> (from [Shot 1]) is fully referenced.

integrated_multimodal_description: [Shot 1] Live-action, photorealistic studio pet footage. A static medium full-body shot begins with the seated cat and scene in <Picture 1>. This is one continuous four-second shot. The cat makes one small forward-and-upward hop, lands softly and returns to a comfortable upright seated pose. From 0.00 to 0.30 seconds, it holds the initial seated pose. At 0.30 seconds, one quiet off-screen tongue click draws its gaze slightly above the camera. From 0.30 to 0.85 seconds, the cat leans its chest slightly forward, raises the hindquarters out of the seated position and folds the hind legs into a compact crouch, with both front paws still touching the floor. From 0.85 to 1.10 seconds, the hind legs extend to push against the floor while both front paws lift and reach a short distance forward. From 1.10 to 1.35 seconds, the body travels through one low, compact arc, with all four paws visibly clear of the floor together for a brief moment. The head and chest stay low enough to preserve the available headroom, and the paws remain beneath or just ahead of the body. From 1.35 to 1.65 seconds, the front paws touch down first, followed closely by the hind paws; the elbows and hind legs bend to absorb the landing. The landing is no more than one front-paw length ahead of the starting position. The shadow stays on the floor, visibly separating from the paws during the hop and reconnecting at landing. From 1.65 to 2.50 seconds, the cat lowers its hindquarters, makes a small front-paw placement adjustment beneath the shoulders and raises its chest into an upright, front-facing seated pose near the starting position. By 2.70 seconds, it is comfortably balanced with both front paws on the floor and a relaxed, attentive gaze. This seated posture continues through 3.00 seconds. From 3.00 to 4.00 seconds, the cat maintains the posture reached by 2.70 seconds, with only faint breathing and tiny settling movements. Preserve the individual cat's facial proportions, each anatomical eye's reference color, body proportions, paw anatomy, coat or bare-skin appearance, markings, ear type and existing tail anatomy as the pose changes. Keep the camera position, perspective, focal length, crop, focus, exposure, white balance, reference background, floor and lighting consistent. The entire cat, including the ears, paws and any visible tail, remains inside the original frame with clear margins throughout. Only the cat is visible, and the surrounding floor stays clear.

overall_soundscape: Quiet studio room tone continues throughout. One soft off-screen tongue click at 0.30 seconds is followed by faint paw movement during the crouch, a muted push-off and closely spaced soft paw-pad impacts during the landing between 1.35 and 1.65 seconds. The final paw adjustment finishes by 2.70 seconds, leaving only room tone and faint breathing.

non_diegetic_music: N/A
"
cat_ids/65_暹罗猫蓝重点色.png,"For the target video, at 0.00 seconds into the target video, <Picture 1> (from [Shot 1]) is fully referenced.

integrated_multimodal_description: [Shot 1] Live-action, photorealistic studio pet footage. A static medium full-body shot begins with the seated cat and scene in <Picture 1>. This is one continuous four-second shot. The cat stays seated while playing with one feather teaser wand, making two light alternating front-paw taps before settling. From 0.00 to 0.20 seconds, it holds the initial seated pose. From 0.20 to 0.60 seconds, one small feather tuft attached directly to the tip of a slender flexible rod enters smoothly from the viewer's right. The tuft stops just ahead of the cat's lower chest, slightly toward the viewer's right and within easy paw reach. The visible rod extends continuously from the tuft through the right edge to an off-screen holder; the holder and hand remain outside the frame. The cat's eyes track the tuft and its head follows with a small turn. From 0.60 to 1.15 seconds, the tuft makes one short sideways sway. Keeping the hindquarters seated and the anatomical right front paw, on the viewer's left, planted for support, the cat lifts its anatomical left front paw, on the viewer's right, taps the tuft once and returns that paw to the floor. From 1.15 to 1.95 seconds, the rod guides the tuft through a short arc toward the viewer's left, just in front of the chest. The cat transfers support onto the now-planted left front paw, lifts the anatomical right front paw, taps the tuft once and returns that paw to the floor. Each paw contact briefly bends the feathers and deflects the rod tip; the tuft remains attached and visibly distinct from the paw. Only one front paw is raised at a time, and the hindquarters stay on the floor throughout. From 1.95 to 2.15 seconds, the wand pauses while the cat watches with both front paws down. From 2.15 to 2.60 seconds, the wand withdraws smoothly along a short path toward the viewer's right and exits completely through the same edge. The cat follows with its eyes and a small head turn, keeping both front paws on the floor. By 2.70 seconds, it rests in a comfortable upright seated pose, looking slightly toward the departed toy. This attentive posture continues through 3.00 seconds. From 3.00 to 4.00 seconds, the toy stays outside the frame and the cat maintains this posture with only faint breathing and tiny settling movements. Preserve the individual cat's facial proportions, each anatomical eye's reference color, body proportions, paw anatomy, coat or bare-skin appearance, markings, ear type and existing tail anatomy as the pose changes. Keep the reference framing, background, floor and lighting consistent, with a locked camera and grounded shadows following the paw movements. The entire cat remains inside the original frame with clear margins throughout. Only the cat and this single connected wand occupy the scene; the feather tuft moves below the chin, keeping the eyes and face unobstructed.

overall_soundscape: Quiet studio ambience continues beneath a faint feather rustle and two soft paw-to-feather contacts during the alternating taps between 0.60 and 1.95 seconds. Light paw-pad landings accompany each paw's return to the floor. A final soft feather rustle ends as the wand leaves by 2.60 seconds; after 2.70 seconds, only room tone and faint breathing remain.

non_diegetic_music: N/A
"
cat_ids/66_暹罗猫巧克力重点色.png,"For the target video, at 0.00 seconds into the target video, <Picture 1> (from [Shot 1]) is fully referenced.

integrated_multimodal_description: [Shot 1] Live-action, photorealistic studio pet footage. A static medium full-body shot begins with the seated cat and scene in <Picture 1>. This is one continuous four-second shot. The cat makes one small forward-and-upward hop, lands softly and returns to a comfortable upright seated pose. From 0.00 to 0.30 seconds, it holds the initial seated pose. At 0.30 seconds, one quiet off-screen tongue click draws its gaze slightly above the camera. From 0.30 to 0.85 seconds, the cat leans its chest slightly forward, raises the hindquarters out of the seated position and folds the hind legs into a compact crouch, with both front paws still touching the floor. From 0.85 to 1.10 seconds, the hind legs extend to push against the floor while both front paws lift and reach a short distance forward. From 1.10 to 1.35 seconds, the body travels through one low, compact arc, with all four paws visibly clear of the floor together for a brief moment. The head and chest stay low enough to preserve the available headroom, and the paws remain beneath or just ahead of the body. From 1.35 to 1.65 seconds, the front paws touch down first, followed closely by the hind paws; the elbows and hind legs bend to absorb the landing. The landing is no more than one front-paw length ahead of the starting position. The shadow stays on the floor, visibly separating from the paws during the hop and reconnecting at landing. From 1.65 to 2.50 seconds, the cat lowers its hindquarters, makes a small front-paw placement adjustment beneath the shoulders and raises its chest into an upright, front-facing seated pose near the starting position. By 2.70 seconds, it is comfortably balanced with both front paws on the floor and a relaxed, attentive gaze. This seated posture continues through 3.00 seconds. From 3.00 to 4.00 seconds, the cat maintains the posture reached by 2.70 seconds, with only faint breathing and tiny settling movements. Preserve the individual cat's facial proportions, each anatomical eye's reference color, body proportions, paw anatomy, coat or bare-skin appearance, markings, ear type and existing tail anatomy as the pose changes. Keep the camera position, perspective, focal length, crop, focus, exposure, white balance, reference background, floor and lighting consistent. The entire cat, including the ears, paws and any visible tail, remains inside the original frame with clear margins throughout. Only the cat is visible, and the surrounding floor stays clear.

overall_soundscape: Quiet studio room tone continues throughout. One soft off-screen tongue click at 0.30 seconds is followed by faint paw movement during the crouch, a muted push-off and closely spaced soft paw-pad impacts during the landing between 1.35 and 1.65 seconds. The final paw adjustment finishes by 2.70 seconds, leaving only room tone and faint breathing.

non_diegetic_music: N/A
"
cat_ids/66_暹罗猫巧克力重点色.png,"For the target video, at 0.00 seconds into the target video, <Picture 1> (from [Shot 1]) is fully referenced.

integrated_multimodal_description: [Shot 1] Live-action, photorealistic studio pet footage. A static medium full-body shot begins with the seated cat and scene in <Picture 1>. This is one continuous four-second shot. The cat stays seated while playing with one feather teaser wand, making two light alternating front-paw taps before settling. From 0.00 to 0.20 seconds, it holds the initial seated pose. From 0.20 to 0.60 seconds, one small feather tuft attached directly to the tip of a slender flexible rod enters smoothly from the viewer's right. The tuft stops just ahead of the cat's lower chest, slightly toward the viewer's right and within easy paw reach. The visible rod extends continuously from the tuft through the right edge to an off-screen holder; the holder and hand remain outside the frame. The cat's eyes track the tuft and its head follows with a small turn. From 0.60 to 1.15 seconds, the tuft makes one short sideways sway. Keeping the hindquarters seated and the anatomical right front paw, on the viewer's left, planted for support, the cat lifts its anatomical left front paw, on the viewer's right, taps the tuft once and returns that paw to the floor. From 1.15 to 1.95 seconds, the rod guides the tuft through a short arc toward the viewer's left, just in front of the chest. The cat transfers support onto the now-planted left front paw, lifts the anatomical right front paw, taps the tuft once and returns that paw to the floor. Each paw contact briefly bends the feathers and deflects the rod tip; the tuft remains attached and visibly distinct from the paw. Only one front paw is raised at a time, and the hindquarters stay on the floor throughout. From 1.95 to 2.15 seconds, the wand pauses while the cat watches with both front paws down. From 2.15 to 2.60 seconds, the wand withdraws smoothly along a short path toward the viewer's right and exits completely through the same edge. The cat follows with its eyes and a small head turn, keeping both front paws on the floor. By 2.70 seconds, it rests in a comfortable upright seated pose, looking slightly toward the departed toy. This attentive posture continues through 3.00 seconds. From 3.00 to 4.00 seconds, the toy stays outside the frame and the cat maintains this posture with only faint breathing and tiny settling movements. Preserve the individual cat's facial proportions, each anatomical eye's reference color, body proportions, paw anatomy, coat or bare-skin appearance, markings, ear type and existing tail anatomy as the pose changes. Keep the reference framing, background, floor and lighting consistent, with a locked camera and grounded shadows following the paw movements. The entire cat remains inside the original frame with clear margins throughout. Only the cat and this single connected wand occupy the scene; the feather tuft moves below the chin, keeping the eyes and face unobstructed.

overall_soundscape: Quiet studio ambience continues beneath a faint feather rustle and two soft paw-to-feather contacts during the alternating taps between 0.60 and 1.95 seconds. Light paw-pad landings accompany each paw's return to the floor. A final soft feather rustle ends as the wand leaves by 2.60 seconds; after 2.70 seconds, only room tone and faint breathing remain.

non_diegetic_music: N/A
"
cat_ids/67_阿比西尼亚猫索雷尔色.png,"For the target video, at 0.00 seconds into the target video, <Picture 1> (from [Shot 1]) is fully referenced.

integrated_multimodal_description: [Shot 1] Live-action, photorealistic studio pet footage. A static medium full-body shot begins with the seated cat and scene in <Picture 1>. This is one continuous four-second shot. The cat makes one small forward-and-upward hop, lands softly and returns to a comfortable upright seated pose. From 0.00 to 0.30 seconds, it holds the initial seated pose. At 0.30 seconds, one quiet off-screen tongue click draws its gaze slightly above the camera. From 0.30 to 0.85 seconds, the cat leans its chest slightly forward, raises the hindquarters out of the seated position and folds the hind legs into a compact crouch, with both front paws still touching the floor. From 0.85 to 1.10 seconds, the hind legs extend to push against the floor while both front paws lift and reach a short distance forward. From 1.10 to 1.35 seconds, the body travels through one low, compact arc, with all four paws visibly clear of the floor together for a brief moment. The head and chest stay low enough to preserve the available headroom, and the paws remain beneath or just ahead of the body. From 1.35 to 1.65 seconds, the front paws touch down first, followed closely by the hind paws; the elbows and hind legs bend to absorb the landing. The landing is no more than one front-paw length ahead of the starting position. The shadow stays on the floor, visibly separating from the paws during the hop and reconnecting at landing. From 1.65 to 2.50 seconds, the cat lowers its hindquarters, makes a small front-paw placement adjustment beneath the shoulders and raises its chest into an upright, front-facing seated pose near the starting position. By 2.70 seconds, it is comfortably balanced with both front paws on the floor and a relaxed, attentive gaze. This seated posture continues through 3.00 seconds. From 3.00 to 4.00 seconds, the cat maintains the posture reached by 2.70 seconds, with only faint breathing and tiny settling movements. Preserve the individual cat's facial proportions, each anatomical eye's reference color, body proportions, paw anatomy, coat or bare-skin appearance, markings, ear type and existing tail anatomy as the pose changes. Keep the camera position, perspective, focal length, crop, focus, exposure, white balance, reference background, floor and lighting consistent. The entire cat, including the ears, paws and any visible tail, remains inside the original frame with clear margins throughout. Only the cat is visible, and the surrounding floor stays clear.

overall_soundscape: Quiet studio room tone continues throughout. One soft off-screen tongue click at 0.30 seconds is followed by faint paw movement during the crouch, a muted push-off and closely spaced soft paw-pad impacts during the landing between 1.35 and 1.65 seconds. The final paw adjustment finishes by 2.70 seconds, leaving only room tone and faint breathing.

non_diegetic_music: N/A
"
cat_ids/67_阿比西尼亚猫索雷尔色.png,"For the target video, at 0.00 seconds into the target video, <Picture 1> (from [Shot 1]) is fully referenced.

integrated_multimodal_description: [Shot 1] Live-action, photorealistic studio pet footage. A static medium full-body shot begins with the seated cat and scene in <Picture 1>. This is one continuous four-second shot. The cat stays seated while playing with one feather teaser wand, making two light alternating front-paw taps before settling. From 0.00 to 0.20 seconds, it holds the initial seated pose. From 0.20 to 0.60 seconds, one small feather tuft attached directly to the tip of a slender flexible rod enters smoothly from the viewer's right. The tuft stops just ahead of the cat's lower chest, slightly toward the viewer's right and within easy paw reach. The visible rod extends continuously from the tuft through the right edge to an off-screen holder; the holder and hand remain outside the frame. The cat's eyes track the tuft and its head follows with a small turn. From 0.60 to 1.15 seconds, the tuft makes one short sideways sway. Keeping the hindquarters seated and the anatomical right front paw, on the viewer's left, planted for support, the cat lifts its anatomical left front paw, on the viewer's right, taps the tuft once and returns that paw to the floor. From 1.15 to 1.95 seconds, the rod guides the tuft through a short arc toward the viewer's left, just in front of the chest. The cat transfers support onto the now-planted left front paw, lifts the anatomical right front paw, taps the tuft once and returns that paw to the floor. Each paw contact briefly bends the feathers and deflects the rod tip; the tuft remains attached and visibly distinct from the paw. Only one front paw is raised at a time, and the hindquarters stay on the floor throughout. From 1.95 to 2.15 seconds, the wand pauses while the cat watches with both front paws down. From 2.15 to 2.60 seconds, the wand withdraws smoothly along a short path toward the viewer's right and exits completely through the same edge. The cat follows with its eyes and a small head turn, keeping both front paws on the floor. By 2.70 seconds, it rests in a comfortable upright seated pose, looking slightly toward the departed toy. This attentive posture continues through 3.00 seconds. From 3.00 to 4.00 seconds, the toy stays outside the frame and the cat maintains this posture with only faint breathing and tiny settling movements. Preserve the individual cat's facial proportions, each anatomical eye's reference color, body proportions, paw anatomy, coat or bare-skin appearance, markings, ear type and existing tail anatomy as the pose changes. Keep the reference framing, background, floor and lighting consistent, with a locked camera and grounded shadows following the paw movements. The entire cat remains inside the original frame with clear margins throughout. Only the cat and this single connected wand occupy the scene; the feather tuft moves below the chin, keeping the eyes and face unobstructed.

overall_soundscape: Quiet studio ambience continues beneath a faint feather rustle and two soft paw-to-feather contacts during the alternating taps between 0.60 and 1.95 seconds. Light paw-pad landings accompany each paw's return to the floor. A final soft feather rustle ends as the wand leaves by 2.60 seconds; after 2.70 seconds, only room tone and faint breathing remain.

non_diegetic_music: N/A
"
cat_ids/68_俄罗斯蓝猫.png,"For the target video, at 0.00 seconds into the target video, <Picture 1> (from [Shot 1]) is fully referenced.

integrated_multimodal_description: [Shot 1] Live-action, photorealistic studio pet footage. A static medium full-body shot begins with the seated cat and scene in <Picture 1>. This is one continuous four-second shot. The cat makes one small forward-and-upward hop, lands softly and returns to a comfortable upright seated pose. From 0.00 to 0.30 seconds, it holds the initial seated pose. At 0.30 seconds, one quiet off-screen tongue click draws its gaze slightly above the camera. From 0.30 to 0.85 seconds, the cat leans its chest slightly forward, raises the hindquarters out of the seated position and folds the hind legs into a compact crouch, with both front paws still touching the floor. From 0.85 to 1.10 seconds, the hind legs extend to push against the floor while both front paws lift and reach a short distance forward. From 1.10 to 1.35 seconds, the body travels through one low, compact arc, with all four paws visibly clear of the floor together for a brief moment. The head and chest stay low enough to preserve the available headroom, and the paws remain beneath or just ahead of the body. From 1.35 to 1.65 seconds, the front paws touch down first, followed closely by the hind paws; the elbows and hind legs bend to absorb the landing. The landing is no more than one front-paw length ahead of the starting position. The shadow stays on the floor, visibly separating from the paws during the hop and reconnecting at landing. From 1.65 to 2.50 seconds, the cat lowers its hindquarters, makes a small front-paw placement adjustment beneath the shoulders and raises its chest into an upright, front-facing seated pose near the starting position. By 2.70 seconds, it is comfortably balanced with both front paws on the floor and a relaxed, attentive gaze. This seated posture continues through 3.00 seconds. From 3.00 to 4.00 seconds, the cat maintains the posture reached by 2.70 seconds, with only faint breathing and tiny settling movements. Preserve the individual cat's facial proportions, each anatomical eye's reference color, body proportions, paw anatomy, coat or bare-skin appearance, markings, ear type and existing tail anatomy as the pose changes. Keep the camera position, perspective, focal length, crop, focus, exposure, white balance, reference background, floor and lighting consistent. The entire cat, including the ears, paws and any visible tail, remains inside the original frame with clear margins throughout. Only the cat is visible, and the surrounding floor stays clear.

overall_soundscape: Quiet studio room tone continues throughout. One soft off-screen tongue click at 0.30 seconds is followed by faint paw movement during the crouch, a muted push-off and closely spaced soft paw-pad impacts during the landing between 1.35 and 1.65 seconds. The final paw adjustment finishes by 2.70 seconds, leaving only room tone and faint breathing.

non_diegetic_music: N/A
"
cat_ids/68_俄罗斯蓝猫.png,"For the target video, at 0.00 seconds into the target video, <Picture 1> (from [Shot 1]) is fully referenced.

integrated_multimodal_description: [Shot 1] Live-action, photorealistic studio pet footage. A static medium full-body shot begins with the seated cat and scene in <Picture 1>. This is one continuous four-second shot. The cat stays seated while playing with one feather teaser wand, making two light alternating front-paw taps before settling. From 0.00 to 0.20 seconds, it holds the initial seated pose. From 0.20 to 0.60 seconds, one small feather tuft attached directly to the tip of a slender flexible rod enters smoothly from the viewer's right. The tuft stops just ahead of the cat's lower chest, slightly toward the viewer's right and within easy paw reach. The visible rod extends continuously from the tuft through the right edge to an off-screen holder; the holder and hand remain outside the frame. The cat's eyes track the tuft and its head follows with a small turn. From 0.60 to 1.15 seconds, the tuft makes one short sideways sway. Keeping the hindquarters seated and the anatomical right front paw, on the viewer's left, planted for support, the cat lifts its anatomical left front paw, on the viewer's right, taps the tuft once and returns that paw to the floor. From 1.15 to 1.95 seconds, the rod guides the tuft through a short arc toward the viewer's left, just in front of the chest. The cat transfers support onto the now-planted left front paw, lifts the anatomical right front paw, taps the tuft once and returns that paw to the floor. Each paw contact briefly bends the feathers and deflects the rod tip; the tuft remains attached and visibly distinct from the paw. Only one front paw is raised at a time, and the hindquarters stay on the floor throughout. From 1.95 to 2.15 seconds, the wand pauses while the cat watches with both front paws down. From 2.15 to 2.60 seconds, the wand withdraws smoothly along a short path toward the viewer's right and exits completely through the same edge. The cat follows with its eyes and a small head turn, keeping both front paws on the floor. By 2.70 seconds, it rests in a comfortable upright seated pose, looking slightly toward the departed toy. This attentive posture continues through 3.00 seconds. From 3.00 to 4.00 seconds, the toy stays outside the frame and the cat maintains this posture with only faint breathing and tiny settling movements. Preserve the individual cat's facial proportions, each anatomical eye's reference color, body proportions, paw anatomy, coat or bare-skin appearance, markings, ear type and existing tail anatomy as the pose changes. Keep the reference framing, background, floor and lighting consistent, with a locked camera and grounded shadows following the paw movements. The entire cat remains inside the original frame with clear margins throughout. Only the cat and this single connected wand occupy the scene; the feather tuft moves below the chin, keeping the eyes and face unobstructed.

overall_soundscape: Quiet studio ambience continues beneath a faint feather rustle and two soft paw-to-feather contacts during the alternating taps between 0.60 and 1.95 seconds. Light paw-pad landings accompany each paw's return to the floor. A final soft feather rustle ends as the wand leaves by 2.60 seconds; after 2.70 seconds, only room tone and faint breathing remain.

non_diegetic_music: N/A
"
cat_ids/69_英国短毛猫深蓝色.png,"For the target video, at 0.00 seconds into the target video, <Picture 1> (from [Shot 1]) is fully referenced.

integrated_multimodal_description: [Shot 1] Live-action, photorealistic studio pet footage. A static medium full-body shot begins with the seated cat and scene in <Picture 1>. This is one continuous four-second shot. The cat makes one small forward-and-upward hop, lands softly and returns to a comfortable upright seated pose. From 0.00 to 0.30 seconds, it holds the initial seated pose. At 0.30 seconds, one quiet off-screen tongue click draws its gaze slightly above the camera. From 0.30 to 0.85 seconds, the cat leans its chest slightly forward, raises the hindquarters out of the seated position and folds the hind legs into a compact crouch, with both front paws still touching the floor. From 0.85 to 1.10 seconds, the hind legs extend to push against the floor while both front paws lift and reach a short distance forward. From 1.10 to 1.35 seconds, the body travels through one low, compact arc, with all four paws visibly clear of the floor together for a brief moment. The head and chest stay low enough to preserve the available headroom, and the paws remain beneath or just ahead of the body. From 1.35 to 1.65 seconds, the front paws touch down first, followed closely by the hind paws; the elbows and hind legs bend to absorb the landing. The landing is no more than one front-paw length ahead of the starting position. The shadow stays on the floor, visibly separating from the paws during the hop and reconnecting at landing. From 1.65 to 2.50 seconds, the cat lowers its hindquarters, makes a small front-paw placement adjustment beneath the shoulders and raises its chest into an upright, front-facing seated pose near the starting position. By 2.70 seconds, it is comfortably balanced with both front paws on the floor and a relaxed, attentive gaze. This seated posture continues through 3.00 seconds. From 3.00 to 4.00 seconds, the cat maintains the posture reached by 2.70 seconds, with only faint breathing and tiny settling movements. Preserve the individual cat's facial proportions, each anatomical eye's reference color, body proportions, paw anatomy, coat or bare-skin appearance, markings, ear type and existing tail anatomy as the pose changes. Keep the camera position, perspective, focal length, crop, focus, exposure, white balance, reference background, floor and lighting consistent. The entire cat, including the ears, paws and any visible tail, remains inside the original frame with clear margins throughout. Only the cat is visible, and the surrounding floor stays clear.

overall_soundscape: Quiet studio room tone continues throughout. One soft off-screen tongue click at 0.30 seconds is followed by faint paw movement during the crouch, a muted push-off and closely spaced soft paw-pad impacts during the landing between 1.35 and 1.65 seconds. The final paw adjustment finishes by 2.70 seconds, leaving only room tone and faint breathing.

non_diegetic_music: N/A
"
cat_ids/69_英国短毛猫深蓝色.png,"For the target video, at 0.00 seconds into the target video, <Picture 1> (from [Shot 1]) is fully referenced.

integrated_multimodal_description: [Shot 1] Live-action, photorealistic studio pet footage. A static medium full-body shot begins with the seated cat and scene in <Picture 1>. This is one continuous four-second shot. The cat stays seated while playing with one feather teaser wand, making two light alternating front-paw taps before settling. From 0.00 to 0.20 seconds, it holds the initial seated pose. From 0.20 to 0.60 seconds, one small feather tuft attached directly to the tip of a slender flexible rod enters smoothly from the viewer's right. The tuft stops just ahead of the cat's lower chest, slightly toward the viewer's right and within easy paw reach. The visible rod extends continuously from the tuft through the right edge to an off-screen holder; the holder and hand remain outside the frame. The cat's eyes track the tuft and its head follows with a small turn. From 0.60 to 1.15 seconds, the tuft makes one short sideways sway. Keeping the hindquarters seated and the anatomical right front paw, on the viewer's left, planted for support, the cat lifts its anatomical left front paw, on the viewer's right, taps the tuft once and returns that paw to the floor. From 1.15 to 1.95 seconds, the rod guides the tuft through a short arc toward the viewer's left, just in front of the chest. The cat transfers support onto the now-planted left front paw, lifts the anatomical right front paw, taps the tuft once and returns that paw to the floor. Each paw contact briefly bends the feathers and deflects the rod tip; the tuft remains attached and visibly distinct from the paw. Only one front paw is raised at a time, and the hindquarters stay on the floor throughout. From 1.95 to 2.15 seconds, the wand pauses while the cat watches with both front paws down. From 2.15 to 2.60 seconds, the wand withdraws smoothly along a short path toward the viewer's right and exits completely through the same edge. The cat follows with its eyes and a small head turn, keeping both front paws on the floor. By 2.70 seconds, it rests in a comfortable upright seated pose, looking slightly toward the departed toy. This attentive posture continues through 3.00 seconds. From 3.00 to 4.00 seconds, the toy stays outside the frame and the cat maintains this posture with only faint breathing and tiny settling movements. Preserve the individual cat's facial proportions, each anatomical eye's reference color, body proportions, paw anatomy, coat or bare-skin appearance, markings, ear type and existing tail anatomy as the pose changes. Keep the reference framing, background, floor and lighting consistent, with a locked camera and grounded shadows following the paw movements. The entire cat remains inside the original frame with clear margins throughout. Only the cat and this single connected wand occupy the scene; the feather tuft moves below the chin, keeping the eyes and face unobstructed.

overall_soundscape: Quiet studio ambience continues beneath a faint feather rustle and two soft paw-to-feather contacts during the alternating taps between 0.60 and 1.95 seconds. Light paw-pad landings accompany each paw's return to the floor. A final soft feather rustle ends as the wand leaves by 2.60 seconds; after 2.70 seconds, only room tone and faint breathing remain.

non_diegetic_music: N/A
"
cat_ids/70_短毛蓝眼白猫.png,"For the target video, at 0.00 seconds into the target video, <Picture 1> (from [Shot 1]) is fully referenced.

integrated_multimodal_description: [Shot 1] Live-action, photorealistic studio pet footage. A static medium full-body shot begins with the seated cat and scene in <Picture 1>. This is one continuous four-second shot. The cat makes one small forward-and-upward hop, lands softly and returns to a comfortable upright seated pose. From 0.00 to 0.30 seconds, it holds the initial seated pose. At 0.30 seconds, one quiet off-screen tongue click draws its gaze slightly above the camera. From 0.30 to 0.85 seconds, the cat leans its chest slightly forward, raises the hindquarters out of the seated position and folds the hind legs into a compact crouch, with both front paws still touching the floor. From 0.85 to 1.10 seconds, the hind legs extend to push against the floor while both front paws lift and reach a short distance forward. From 1.10 to 1.35 seconds, the body travels through one low, compact arc, with all four paws visibly clear of the floor together for a brief moment. The head and chest stay low enough to preserve the available headroom, and the paws remain beneath or just ahead of the body. From 1.35 to 1.65 seconds, the front paws touch down first, followed closely by the hind paws; the elbows and hind legs bend to absorb the landing. The landing is no more than one front-paw length ahead of the starting position. The shadow stays on the floor, visibly separating from the paws during the hop and reconnecting at landing. From 1.65 to 2.50 seconds, the cat lowers its hindquarters, makes a small front-paw placement adjustment beneath the shoulders and raises its chest into an upright, front-facing seated pose near the starting position. By 2.70 seconds, it is comfortably balanced with both front paws on the floor and a relaxed, attentive gaze. This seated posture continues through 3.00 seconds. From 3.00 to 4.00 seconds, the cat maintains the posture reached by 2.70 seconds, with only faint breathing and tiny settling movements. Preserve the individual cat's facial proportions, each anatomical eye's reference color, body proportions, paw anatomy, coat or bare-skin appearance, markings, ear type and existing tail anatomy as the pose changes. Keep the camera position, perspective, focal length, crop, focus, exposure, white balance, reference background, floor and lighting consistent. The entire cat, including the ears, paws and any visible tail, remains inside the original frame with clear margins throughout. Only the cat is visible, and the surrounding floor stays clear.

overall_soundscape: Quiet studio room tone continues throughout. One soft off-screen tongue click at 0.30 seconds is followed by faint paw movement during the crouch, a muted push-off and closely spaced soft paw-pad impacts during the landing between 1.35 and 1.65 seconds. The final paw adjustment finishes by 2.70 seconds, leaving only room tone and faint breathing.

non_diegetic_music: N/A
"
cat_ids/70_短毛蓝眼白猫.png,"For the target video, at 0.00 seconds into the target video, <Picture 1> (from [Shot 1]) is fully referenced.

integrated_multimodal_description: [Shot 1] Live-action, photorealistic studio pet footage. A static medium full-body shot begins with the seated cat and scene in <Picture 1>. This is one continuous four-second shot. The cat stays seated while playing with one feather teaser wand, making two light alternating front-paw taps before settling. From 0.00 to 0.20 seconds, it holds the initial seated pose. From 0.20 to 0.60 seconds, one small feather tuft attached directly to the tip of a slender flexible rod enters smoothly from the viewer's right. The tuft stops just ahead of the cat's lower chest, slightly toward the viewer's right and within easy paw reach. The visible rod extends continuously from the tuft through the right edge to an off-screen holder; the holder and hand remain outside the frame. The cat's eyes track the tuft and its head follows with a small turn. From 0.60 to 1.15 seconds, the tuft makes one short sideways sway. Keeping the hindquarters seated and the anatomical right front paw, on the viewer's left, planted for support, the cat lifts its anatomical left front paw, on the viewer's right, taps the tuft once and returns that paw to the floor. From 1.15 to 1.95 seconds, the rod guides the tuft through a short arc toward the viewer's left, just in front of the chest. The cat transfers support onto the now-planted left front paw, lifts the anatomical right front paw, taps the tuft once and returns that paw to the floor. Each paw contact briefly bends the feathers and deflects the rod tip; the tuft remains attached and visibly distinct from the paw. Only one front paw is raised at a time, and the hindquarters stay on the floor throughout. From 1.95 to 2.15 seconds, the wand pauses while the cat watches with both front paws down. From 2.15 to 2.60 seconds, the wand withdraws smoothly along a short path toward the viewer's right and exits completely through the same edge. The cat follows with its eyes and a small head turn, keeping both front paws on the floor. By 2.70 seconds, it rests in a comfortable upright seated pose, looking slightly toward the departed toy. This attentive posture continues through 3.00 seconds. From 3.00 to 4.00 seconds, the toy stays outside the frame and the cat maintains this posture with only faint breathing and tiny settling movements. Preserve the individual cat's facial proportions, each anatomical eye's reference color, body proportions, paw anatomy, coat or bare-skin appearance, markings, ear type and existing tail anatomy as the pose changes. Keep the reference framing, background, floor and lighting consistent, with a locked camera and grounded shadows following the paw movements. The entire cat remains inside the original frame with clear margins throughout. Only the cat and this single connected wand occupy the scene; the feather tuft moves below the chin, keeping the eyes and face unobstructed.

overall_soundscape: Quiet studio ambience continues beneath a faint feather rustle and two soft paw-to-feather contacts during the alternating taps between 0.60 and 1.95 seconds. Light paw-pad landings accompany each paw's return to the floor. A final soft feather rustle ends as the wand leaves by 2.60 seconds; after 2.70 seconds, only room tone and faint breathing remain.

non_diegetic_music: N/A
"
cat_ids/71_短毛琥珀眼白猫.png,"For the target video, at 0.00 seconds into the target video, <Picture 1> (from [Shot 1]) is fully referenced.

integrated_multimodal_description: [Shot 1] Live-action, photorealistic studio pet footage. A static medium full-body shot begins with the seated cat and scene in <Picture 1>. This is one continuous four-second shot. The cat makes one small forward-and-upward hop, lands softly and returns to a comfortable upright seated pose. From 0.00 to 0.30 seconds, it holds the initial seated pose. At 0.30 seconds, one quiet off-screen tongue click draws its gaze slightly above the camera. From 0.30 to 0.85 seconds, the cat leans its chest slightly forward, raises the hindquarters out of the seated position and folds the hind legs into a compact crouch, with both front paws still touching the floor. From 0.85 to 1.10 seconds, the hind legs extend to push against the floor while both front paws lift and reach a short distance forward. From 1.10 to 1.35 seconds, the body travels through one low, compact arc, with all four paws visibly clear of the floor together for a brief moment. The head and chest stay low enough to preserve the available headroom, and the paws remain beneath or just ahead of the body. From 1.35 to 1.65 seconds, the front paws touch down first, followed closely by the hind paws; the elbows and hind legs bend to absorb the landing. The landing is no more than one front-paw length ahead of the starting position. The shadow stays on the floor, visibly separating from the paws during the hop and reconnecting at landing. From 1.65 to 2.50 seconds, the cat lowers its hindquarters, makes a small front-paw placement adjustment beneath the shoulders and raises its chest into an upright, front-facing seated pose near the starting position. By 2.70 seconds, it is comfortably balanced with both front paws on the floor and a relaxed, attentive gaze. This seated posture continues through 3.00 seconds. From 3.00 to 4.00 seconds, the cat maintains the posture reached by 2.70 seconds, with only faint breathing and tiny settling movements. Preserve the individual cat's facial proportions, each anatomical eye's reference color, body proportions, paw anatomy, coat or bare-skin appearance, markings, ear type and existing tail anatomy as the pose changes. Keep the camera position, perspective, focal length, crop, focus, exposure, white balance, reference background, floor and lighting consistent. The entire cat, including the ears, paws and any visible tail, remains inside the original frame with clear margins throughout. Only the cat is visible, and the surrounding floor stays clear.

overall_soundscape: Quiet studio room tone continues throughout. One soft off-screen tongue click at 0.30 seconds is followed by faint paw movement during the crouch, a muted push-off and closely spaced soft paw-pad impacts during the landing between 1.35 and 1.65 seconds. The final paw adjustment finishes by 2.70 seconds, leaving only room tone and faint breathing.

non_diegetic_music: N/A
"
cat_ids/71_短毛琥珀眼白猫.png,"For the target video, at 0.00 seconds into the target video, <Picture 1> (from [Shot 1]) is fully referenced.

integrated_multimodal_description: [Shot 1] Live-action, photorealistic studio pet footage. A static medium full-body shot begins with the seated cat and scene in <Picture 1>. This is one continuous four-second shot. The cat stays seated while playing with one feather teaser wand, making two light alternating front-paw taps before settling. From 0.00 to 0.20 seconds, it holds the initial seated pose. From 0.20 to 0.60 seconds, one small feather tuft attached directly to the tip of a slender flexible rod enters smoothly from the viewer's right. The tuft stops just ahead of the cat's lower chest, slightly toward the viewer's right and within easy paw reach. The visible rod extends continuously from the tuft through the right edge to an off-screen holder; the holder and hand remain outside the frame. The cat's eyes track the tuft and its head follows with a small turn. From 0.60 to 1.15 seconds, the tuft makes one short sideways sway. Keeping the hindquarters seated and the anatomical right front paw, on the viewer's left, planted for support, the cat lifts its anatomical left front paw, on the viewer's right, taps the tuft once and returns that paw to the floor. From 1.15 to 1.95 seconds, the rod guides the tuft through a short arc toward the viewer's left, just in front of the chest. The cat transfers support onto the now-planted left front paw, lifts the anatomical right front paw, taps the tuft once and returns that paw to the floor. Each paw contact briefly bends the feathers and deflects the rod tip; the tuft remains attached and visibly distinct from the paw. Only one front paw is raised at a time, and the hindquarters stay on the floor throughout. From 1.95 to 2.15 seconds, the wand pauses while the cat watches with both front paws down. From 2.15 to 2.60 seconds, the wand withdraws smoothly along a short path toward the viewer's right and exits completely through the same edge. The cat follows with its eyes and a small head turn, keeping both front paws on the floor. By 2.70 seconds, it rests in a comfortable upright seated pose, looking slightly toward the departed toy. This attentive posture continues through 3.00 seconds. From 3.00 to 4.00 seconds, the toy stays outside the frame and the cat maintains this posture with only faint breathing and tiny settling movements. Preserve the individual cat's facial proportions, each anatomical eye's reference color, body proportions, paw anatomy, coat or bare-skin appearance, markings, ear type and existing tail anatomy as the pose changes. Keep the reference framing, background, floor and lighting consistent, with a locked camera and grounded shadows following the paw movements. The entire cat remains inside the original frame with clear margins throughout. Only the cat and this single connected wand occupy the scene; the feather tuft moves below the chin, keeping the eyes and face unobstructed.

overall_soundscape: Quiet studio ambience continues beneath a faint feather rustle and two soft paw-to-feather contacts during the alternating taps between 0.60 and 1.95 seconds. Light paw-pad landings accompany each paw's return to the floor. A final soft feather rustle ends as the wand leaves by 2.60 seconds; after 2.70 seconds, only room tone and faint breathing remain.

non_diegetic_music: N/A
"
cat_ids/72_短毛分脸玳瑁猫.png,"For the target video, at 0.00 seconds into the target video, <Picture 1> (from [Shot 1]) is fully referenced.

integrated_multimodal_description: [Shot 1] Live-action, photorealistic studio pet footage. A static medium full-body shot begins with the seated cat and scene in <Picture 1>. This is one continuous four-second shot. The cat makes one small forward-and-upward hop, lands softly and returns to a comfortable upright seated pose. From 0.00 to 0.30 seconds, it holds the initial seated pose. At 0.30 seconds, one quiet off-screen tongue click draws its gaze slightly above the camera. From 0.30 to 0.85 seconds, the cat leans its chest slightly forward, raises the hindquarters out of the seated position and folds the hind legs into a compact crouch, with both front paws still touching the floor. From 0.85 to 1.10 seconds, the hind legs extend to push against the floor while both front paws lift and reach a short distance forward. From 1.10 to 1.35 seconds, the body travels through one low, compact arc, with all four paws visibly clear of the floor together for a brief moment. The head and chest stay low enough to preserve the available headroom, and the paws remain beneath or just ahead of the body. From 1.35 to 1.65 seconds, the front paws touch down first, followed closely by the hind paws; the elbows and hind legs bend to absorb the landing. The landing is no more than one front-paw length ahead of the starting position. The shadow stays on the floor, visibly separating from the paws during the hop and reconnecting at landing. From 1.65 to 2.50 seconds, the cat lowers its hindquarters, makes a small front-paw placement adjustment beneath the shoulders and raises its chest into an upright, front-facing seated pose near the starting position. By 2.70 seconds, it is comfortably balanced with both front paws on the floor and a relaxed, attentive gaze. This seated posture continues through 3.00 seconds. From 3.00 to 4.00 seconds, the cat maintains the posture reached by 2.70 seconds, with only faint breathing and tiny settling movements. Preserve the individual cat's facial proportions, each anatomical eye's reference color, body proportions, paw anatomy, coat or bare-skin appearance, markings, ear type and existing tail anatomy as the pose changes. Keep the camera position, perspective, focal length, crop, focus, exposure, white balance, reference background, floor and lighting consistent. The entire cat, including the ears, paws and any visible tail, remains inside the original frame with clear margins throughout. Only the cat is visible, and the surrounding floor stays clear.

overall_soundscape: Quiet studio room tone continues throughout. One soft off-screen tongue click at 0.30 seconds is followed by faint paw movement during the crouch, a muted push-off and closely spaced soft paw-pad impacts during the landing between 1.35 and 1.65 seconds. The final paw adjustment finishes by 2.70 seconds, leaving only room tone and faint breathing.

non_diegetic_music: N/A
"
cat_ids/72_短毛分脸玳瑁猫.png,"For the target video, at 0.00 seconds into the target video, <Picture 1> (from [Shot 1]) is fully referenced.

integrated_multimodal_description: [Shot 1] Live-action, photorealistic studio pet footage. A static medium full-body shot begins with the seated cat and scene in <Picture 1>. This is one continuous four-second shot. The cat stays seated while playing with one feather teaser wand, making two light alternating front-paw taps before settling. From 0.00 to 0.20 seconds, it holds the initial seated pose. From 0.20 to 0.60 seconds, one small feather tuft attached directly to the tip of a slender flexible rod enters smoothly from the viewer's right. The tuft stops just ahead of the cat's lower chest, slightly toward the viewer's right and within easy paw reach. The visible rod extends continuously from the tuft through the right edge to an off-screen holder; the holder and hand remain outside the frame. The cat's eyes track the tuft and its head follows with a small turn. From 0.60 to 1.15 seconds, the tuft makes one short sideways sway. Keeping the hindquarters seated and the anatomical right front paw, on the viewer's left, planted for support, the cat lifts its anatomical left front paw, on the viewer's right, taps the tuft once and returns that paw to the floor. From 1.15 to 1.95 seconds, the rod guides the tuft through a short arc toward the viewer's left, just in front of the chest. The cat transfers support onto the now-planted left front paw, lifts the anatomical right front paw, taps the tuft once and returns that paw to the floor. Each paw contact briefly bends the feathers and deflects the rod tip; the tuft remains attached and visibly distinct from the paw. Only one front paw is raised at a time, and the hindquarters stay on the floor throughout. From 1.95 to 2.15 seconds, the wand pauses while the cat watches with both front paws down. From 2.15 to 2.60 seconds, the wand withdraws smoothly along a short path toward the viewer's right and exits completely through the same edge. The cat follows with its eyes and a small head turn, keeping both front paws on the floor. By 2.70 seconds, it rests in a comfortable upright seated pose, looking slightly toward the departed toy. This attentive posture continues through 3.00 seconds. From 3.00 to 4.00 seconds, the toy stays outside the frame and the cat maintains this posture with only faint breathing and tiny settling movements. Preserve the individual cat's facial proportions, each anatomical eye's reference color, body proportions, paw anatomy, coat or bare-skin appearance, markings, ear type and existing tail anatomy as the pose changes. Keep the reference framing, background, floor and lighting consistent, with a locked camera and grounded shadows following the paw movements. The entire cat remains inside the original frame with clear margins throughout. Only the cat and this single connected wand occupy the scene; the feather tuft moves below the chin, keeping the eyes and face unobstructed.

overall_soundscape: Quiet studio ambience continues beneath a faint feather rustle and two soft paw-to-feather contacts during the alternating taps between 0.60 and 1.95 seconds. Light paw-pad landings accompany each paw's return to the floor. A final soft feather rustle ends as the wand leaves by 2.60 seconds; after 2.70 seconds, only room tone and faint breathing remain.

non_diegetic_music: N/A
"
cat_ids/73_美国短毛猫银虎斑加白.png,"For the target video, at 0.00 seconds into the target video, <Picture 1> (from [Shot 1]) is fully referenced.

integrated_multimodal_description: [Shot 1] Live-action, photorealistic studio pet footage. A static medium full-body shot begins with the seated cat and scene in <Picture 1>. This is one continuous four-second shot. The cat makes one small forward-and-upward hop, lands softly and returns to a comfortable upright seated pose. From 0.00 to 0.30 seconds, it holds the initial seated pose. At 0.30 seconds, one quiet off-screen tongue click draws its gaze slightly above the camera. From 0.30 to 0.85 seconds, the cat leans its chest slightly forward, raises the hindquarters out of the seated position and folds the hind legs into a compact crouch, with both front paws still touching the floor. From 0.85 to 1.10 seconds, the hind legs extend to push against the floor while both front paws lift and reach a short distance forward. From 1.10 to 1.35 seconds, the body travels through one low, compact arc, with all four paws visibly clear of the floor together for a brief moment. The head and chest stay low enough to preserve the available headroom, and the paws remain beneath or just ahead of the body. From 1.35 to 1.65 seconds, the front paws touch down first, followed closely by the hind paws; the elbows and hind legs bend to absorb the landing. The landing is no more than one front-paw length ahead of the starting position. The shadow stays on the floor, visibly separating from the paws during the hop and reconnecting at landing. From 1.65 to 2.50 seconds, the cat lowers its hindquarters, makes a small front-paw placement adjustment beneath the shoulders and raises its chest into an upright, front-facing seated pose near the starting position. By 2.70 seconds, it is comfortably balanced with both front paws on the floor and a relaxed, attentive gaze. This seated posture continues through 3.00 seconds. From 3.00 to 4.00 seconds, the cat maintains the posture reached by 2.70 seconds, with only faint breathing and tiny settling movements. Preserve the individual cat's facial proportions, each anatomical eye's reference color, body proportions, paw anatomy, coat or bare-skin appearance, markings, ear type and existing tail anatomy as the pose changes. Keep the camera position, perspective, focal length, crop, focus, exposure, white balance, reference background, floor and lighting consistent. The entire cat, including the ears, paws and any visible tail, remains inside the original frame with clear margins throughout. Only the cat is visible, and the surrounding floor stays clear.

overall_soundscape: Quiet studio room tone continues throughout. One soft off-screen tongue click at 0.30 seconds is followed by faint paw movement during the crouch, a muted push-off and closely spaced soft paw-pad impacts during the landing between 1.35 and 1.65 seconds. The final paw adjustment finishes by 2.70 seconds, leaving only room tone and faint breathing.

non_diegetic_music: N/A
"
cat_ids/73_美国短毛猫银虎斑加白.png,"For the target video, at 0.00 seconds into the target video, <Picture 1> (from [Shot 1]) is fully referenced.

integrated_multimodal_description: [Shot 1] Live-action, photorealistic studio pet footage. A static medium full-body shot begins with the seated cat and scene in <Picture 1>. This is one continuous four-second shot. The cat stays seated while playing with one feather teaser wand, making two light alternating front-paw taps before settling. From 0.00 to 0.20 seconds, it holds the initial seated pose. From 0.20 to 0.60 seconds, one small feather tuft attached directly to the tip of a slender flexible rod enters smoothly from the viewer's right. The tuft stops just ahead of the cat's lower chest, slightly toward the viewer's right and within easy paw reach. The visible rod extends continuously from the tuft through the right edge to an off-screen holder; the holder and hand remain outside the frame. The cat's eyes track the tuft and its head follows with a small turn. From 0.60 to 1.15 seconds, the tuft makes one short sideways sway. Keeping the hindquarters seated and the anatomical right front paw, on the viewer's left, planted for support, the cat lifts its anatomical left front paw, on the viewer's right, taps the tuft once and returns that paw to the floor. From 1.15 to 1.95 seconds, the rod guides the tuft through a short arc toward the viewer's left, just in front of the chest. The cat transfers support onto the now-planted left front paw, lifts the anatomical right front paw, taps the tuft once and returns that paw to the floor. Each paw contact briefly bends the feathers and deflects the rod tip; the tuft remains attached and visibly distinct from the paw. Only one front paw is raised at a time, and the hindquarters stay on the floor throughout. From 1.95 to 2.15 seconds, the wand pauses while the cat watches with both front paws down. From 2.15 to 2.60 seconds, the wand withdraws smoothly along a short path toward the viewer's right and exits completely through the same edge. The cat follows with its eyes and a small head turn, keeping both front paws on the floor. By 2.70 seconds, it rests in a comfortable upright seated pose, looking slightly toward the departed toy. This attentive posture continues through 3.00 seconds. From 3.00 to 4.00 seconds, the toy stays outside the frame and the cat maintains this posture with only faint breathing and tiny settling movements. Preserve the individual cat's facial proportions, each anatomical eye's reference color, body proportions, paw anatomy, coat or bare-skin appearance, markings, ear type and existing tail anatomy as the pose changes. Keep the reference framing, background, floor and lighting consistent, with a locked camera and grounded shadows following the paw movements. The entire cat remains inside the original frame with clear margins throughout. Only the cat and this single connected wand occupy the scene; the feather tuft moves below the chin, keeping the eyes and face unobstructed.

overall_soundscape: Quiet studio ambience continues beneath a faint feather rustle and two soft paw-to-feather contacts during the alternating taps between 0.60 and 1.95 seconds. Light paw-pad landings accompany each paw's return to the floor. A final soft feather rustle ends as the wand leaves by 2.60 seconds; after 2.70 seconds, only room tone and faint breathing remain.

non_diegetic_music: N/A
"
cat_ids/74_美国短毛猫棕经典虎斑.png,"For the target video, at 0.00 seconds into the target video, <Picture 1> (from [Shot 1]) is fully referenced.

integrated_multimodal_description: [Shot 1] Live-action, photorealistic studio pet footage. A static medium full-body shot begins with the seated cat and scene in <Picture 1>. This is one continuous four-second shot. The cat makes one small forward-and-upward hop, lands softly and returns to a comfortable upright seated pose. From 0.00 to 0.30 seconds, it holds the initial seated pose. At 0.30 seconds, one quiet off-screen tongue click draws its gaze slightly above the camera. From 0.30 to 0.85 seconds, the cat leans its chest slightly forward, raises the hindquarters out of the seated position and folds the hind legs into a compact crouch, with both front paws still touching the floor. From 0.85 to 1.10 seconds, the hind legs extend to push against the floor while both front paws lift and reach a short distance forward. From 1.10 to 1.35 seconds, the body travels through one low, compact arc, with all four paws visibly clear of the floor together for a brief moment. The head and chest stay low enough to preserve the available headroom, and the paws remain beneath or just ahead of the body. From 1.35 to 1.65 seconds, the front paws touch down first, followed closely by the hind paws; the elbows and hind legs bend to absorb the landing. The landing is no more than one front-paw length ahead of the starting position. The shadow stays on the floor, visibly separating from the paws during the hop and reconnecting at landing. From 1.65 to 2.50 seconds, the cat lowers its hindquarters, makes a small front-paw placement adjustment beneath the shoulders and raises its chest into an upright, front-facing seated pose near the starting position. By 2.70 seconds, it is comfortably balanced with both front paws on the floor and a relaxed, attentive gaze. This seated posture continues through 3.00 seconds. From 3.00 to 4.00 seconds, the cat maintains the posture reached by 2.70 seconds, with only faint breathing and tiny settling movements. Preserve the individual cat's facial proportions, each anatomical eye's reference color, body proportions, paw anatomy, coat or bare-skin appearance, markings, ear type and existing tail anatomy as the pose changes. Keep the camera position, perspective, focal length, crop, focus, exposure, white balance, reference background, floor and lighting consistent. The entire cat, including the ears, paws and any visible tail, remains inside the original frame with clear margins throughout. Only the cat is visible, and the surrounding floor stays clear.

overall_soundscape: Quiet studio room tone continues throughout. One soft off-screen tongue click at 0.30 seconds is followed by faint paw movement during the crouch, a muted push-off and closely spaced soft paw-pad impacts during the landing between 1.35 and 1.65 seconds. The final paw adjustment finishes by 2.70 seconds, leaving only room tone and faint breathing.

non_diegetic_music: N/A
"
cat_ids/74_美国短毛猫棕经典虎斑.png,"For the target video, at 0.00 seconds into the target video, <Picture 1> (from [Shot 1]) is fully referenced.

integrated_multimodal_description: [Shot 1] Live-action, photorealistic studio pet footage. A static medium full-body shot begins with the seated cat and scene in <Picture 1>. This is one continuous four-second shot. The cat stays seated while playing with one feather teaser wand, making two light alternating front-paw taps before settling. From 0.00 to 0.20 seconds, it holds the initial seated pose. From 0.20 to 0.60 seconds, one small feather tuft attached directly to the tip of a slender flexible rod enters smoothly from the viewer's right. The tuft stops just ahead of the cat's lower chest, slightly toward the viewer's right and within easy paw reach. The visible rod extends continuously from the tuft through the right edge to an off-screen holder; the holder and hand remain outside the frame. The cat's eyes track the tuft and its head follows with a small turn. From 0.60 to 1.15 seconds, the tuft makes one short sideways sway. Keeping the hindquarters seated and the anatomical right front paw, on the viewer's left, planted for support, the cat lifts its anatomical left front paw, on the viewer's right, taps the tuft once and returns that paw to the floor. From 1.15 to 1.95 seconds, the rod guides the tuft through a short arc toward the viewer's left, just in front of the chest. The cat transfers support onto the now-planted left front paw, lifts the anatomical right front paw, taps the tuft once and returns that paw to the floor. Each paw contact briefly bends the feathers and deflects the rod tip; the tuft remains attached and visibly distinct from the paw. Only one front paw is raised at a time, and the hindquarters stay on the floor throughout. From 1.95 to 2.15 seconds, the wand pauses while the cat watches with both front paws down. From 2.15 to 2.60 seconds, the wand withdraws smoothly along a short path toward the viewer's right and exits completely through the same edge. The cat follows with its eyes and a small head turn, keeping both front paws on the floor. By 2.70 seconds, it rests in a comfortable upright seated pose, looking slightly toward the departed toy. This attentive posture continues through 3.00 seconds. From 3.00 to 4.00 seconds, the toy stays outside the frame and the cat maintains this posture with only faint breathing and tiny settling movements. Preserve the individual cat's facial proportions, each anatomical eye's reference color, body proportions, paw anatomy, coat or bare-skin appearance, markings, ear type and existing tail anatomy as the pose changes. Keep the reference framing, background, floor and lighting consistent, with a locked camera and grounded shadows following the paw movements. The entire cat remains inside the original frame with clear margins throughout. Only the cat and this single connected wand occupy the scene; the feather tuft moves below the chin, keeping the eyes and face unobstructed.

overall_soundscape: Quiet studio ambience continues beneath a faint feather rustle and two soft paw-to-feather contacts during the alternating taps between 0.60 and 1.95 seconds. Light paw-pad landings accompany each paw's return to the floor. A final soft feather rustle ends as the wand leaves by 2.60 seconds; after 2.70 seconds, only room tone and faint breathing remain.

non_diegetic_music: N/A
"
cat_ids/75_英国短毛猫深金渐层.png,"For the target video, at 0.00 seconds into the target video, <Picture 1> (from [Shot 1]) is fully referenced.

integrated_multimodal_description: [Shot 1] Live-action, photorealistic studio pet footage. A static medium full-body shot begins with the seated cat and scene in <Picture 1>. This is one continuous four-second shot. The cat makes one small forward-and-upward hop, lands softly and returns to a comfortable upright seated pose. From 0.00 to 0.30 seconds, it holds the initial seated pose. At 0.30 seconds, one quiet off-screen tongue click draws its gaze slightly above the camera. From 0.30 to 0.85 seconds, the cat leans its chest slightly forward, raises the hindquarters out of the seated position and folds the hind legs into a compact crouch, with both front paws still touching the floor. From 0.85 to 1.10 seconds, the hind legs extend to push against the floor while both front paws lift and reach a short distance forward. From 1.10 to 1.35 seconds, the body travels through one low, compact arc, with all four paws visibly clear of the floor together for a brief moment. The head and chest stay low enough to preserve the available headroom, and the paws remain beneath or just ahead of the body. From 1.35 to 1.65 seconds, the front paws touch down first, followed closely by the hind paws; the elbows and hind legs bend to absorb the landing. The landing is no more than one front-paw length ahead of the starting position. The shadow stays on the floor, visibly separating from the paws during the hop and reconnecting at landing. From 1.65 to 2.50 seconds, the cat lowers its hindquarters, makes a small front-paw placement adjustment beneath the shoulders and raises its chest into an upright, front-facing seated pose near the starting position. By 2.70 seconds, it is comfortably balanced with both front paws on the floor and a relaxed, attentive gaze. This seated posture continues through 3.00 seconds. From 3.00 to 4.00 seconds, the cat maintains the posture reached by 2.70 seconds, with only faint breathing and tiny settling movements. Preserve the individual cat's facial proportions, each anatomical eye's reference color, body proportions, paw anatomy, coat or bare-skin appearance, markings, ear type and existing tail anatomy as the pose changes. Keep the camera position, perspective, focal length, crop, focus, exposure, white balance, reference background, floor and lighting consistent. The entire cat, including the ears, paws and any visible tail, remains inside the original frame with clear margins throughout. Only the cat is visible, and the surrounding floor stays clear.

overall_soundscape: Quiet studio room tone continues throughout. One soft off-screen tongue click at 0.30 seconds is followed by faint paw movement during the crouch, a muted push-off and closely spaced soft paw-pad impacts during the landing between 1.35 and 1.65 seconds. The final paw adjustment finishes by 2.70 seconds, leaving only room tone and faint breathing.

non_diegetic_music: N/A
"
cat_ids/75_英国短毛猫深金渐层.png,"For the target video, at 0.00 seconds into the target video, <Picture 1> (from [Shot 1]) is fully referenced.

integrated_multimodal_description: [Shot 1] Live-action, photorealistic studio pet footage. A static medium full-body shot begins with the seated cat and scene in <Picture 1>. This is one continuous four-second shot. The cat stays seated while playing with one feather teaser wand, making two light alternating front-paw taps before settling. From 0.00 to 0.20 seconds, it holds the initial seated pose. From 0.20 to 0.60 seconds, one small feather tuft attached directly to the tip of a slender flexible rod enters smoothly from the viewer's right. The tuft stops just ahead of the cat's lower chest, slightly toward the viewer's right and within easy paw reach. The visible rod extends continuously from the tuft through the right edge to an off-screen holder; the holder and hand remain outside the frame. The cat's eyes track the tuft and its head follows with a small turn. From 0.60 to 1.15 seconds, the tuft makes one short sideways sway. Keeping the hindquarters seated and the anatomical right front paw, on the viewer's left, planted for support, the cat lifts its anatomical left front paw, on the viewer's right, taps the tuft once and returns that paw to the floor. From 1.15 to 1.95 seconds, the rod guides the tuft through a short arc toward the viewer's left, just in front of the chest. The cat transfers support onto the now-planted left front paw, lifts the anatomical right front paw, taps the tuft once and returns that paw to the floor. Each paw contact briefly bends the feathers and deflects the rod tip; the tuft remains attached and visibly distinct from the paw. Only one front paw is raised at a time, and the hindquarters stay on the floor throughout. From 1.95 to 2.15 seconds, the wand pauses while the cat watches with both front paws down. From 2.15 to 2.60 seconds, the wand withdraws smoothly along a short path toward the viewer's right and exits completely through the same edge. The cat follows with its eyes and a small head turn, keeping both front paws on the floor. By 2.70 seconds, it rests in a comfortable upright seated pose, looking slightly toward the departed toy. This attentive posture continues through 3.00 seconds. From 3.00 to 4.00 seconds, the toy stays outside the frame and the cat maintains this posture with only faint breathing and tiny settling movements. Preserve the individual cat's facial proportions, each anatomical eye's reference color, body proportions, paw anatomy, coat or bare-skin appearance, markings, ear type and existing tail anatomy as the pose changes. Keep the reference framing, background, floor and lighting consistent, with a locked camera and grounded shadows following the paw movements. The entire cat remains inside the original frame with clear margins throughout. Only the cat and this single connected wand occupy the scene; the feather tuft moves below the chin, keeping the eyes and face unobstructed.

overall_soundscape: Quiet studio ambience continues beneath a faint feather rustle and two soft paw-to-feather contacts during the alternating taps between 0.60 and 1.95 seconds. Light paw-pad landings accompany each paw's return to the floor. A final soft feather rustle ends as the wand leaves by 2.60 seconds; after 2.70 seconds, only room tone and faint breathing remain.

non_diegetic_music: N/A
"
cat_ids/76_英国短毛猫浅金渐层.png,"For the target video, at 0.00 seconds into the target video, <Picture 1> (from [Shot 1]) is fully referenced.

integrated_multimodal_description: [Shot 1] Live-action, photorealistic studio pet footage. A static medium full-body shot begins with the seated cat and scene in <Picture 1>. This is one continuous four-second shot. The cat makes one small forward-and-upward hop, lands softly and returns to a comfortable upright seated pose. From 0.00 to 0.30 seconds, it holds the initial seated pose. At 0.30 seconds, one quiet off-screen tongue click draws its gaze slightly above the camera. From 0.30 to 0.85 seconds, the cat leans its chest slightly forward, raises the hindquarters out of the seated position and folds the hind legs into a compact crouch, with both front paws still touching the floor. From 0.85 to 1.10 seconds, the hind legs extend to push against the floor while both front paws lift and reach a short distance forward. From 1.10 to 1.35 seconds, the body travels through one low, compact arc, with all four paws visibly clear of the floor together for a brief moment. The head and chest stay low enough to preserve the available headroom, and the paws remain beneath or just ahead of the body. From 1.35 to 1.65 seconds, the front paws touch down first, followed closely by the hind paws; the elbows and hind legs bend to absorb the landing. The landing is no more than one front-paw length ahead of the starting position. The shadow stays on the floor, visibly separating from the paws during the hop and reconnecting at landing. From 1.65 to 2.50 seconds, the cat lowers its hindquarters, makes a small front-paw placement adjustment beneath the shoulders and raises its chest into an upright, front-facing seated pose near the starting position. By 2.70 seconds, it is comfortably balanced with both front paws on the floor and a relaxed, attentive gaze. This seated posture continues through 3.00 seconds. From 3.00 to 4.00 seconds, the cat maintains the posture reached by 2.70 seconds, with only faint breathing and tiny settling movements. Preserve the individual cat's facial proportions, each anatomical eye's reference color, body proportions, paw anatomy, coat or bare-skin appearance, markings, ear type and existing tail anatomy as the pose changes. Keep the camera position, perspective, focal length, crop, focus, exposure, white balance, reference background, floor and lighting consistent. The entire cat, including the ears, paws and any visible tail, remains inside the original frame with clear margins throughout. Only the cat is visible, and the surrounding floor stays clear.

overall_soundscape: Quiet studio room tone continues throughout. One soft off-screen tongue click at 0.30 seconds is followed by faint paw movement during the crouch, a muted push-off and closely spaced soft paw-pad impacts during the landing between 1.35 and 1.65 seconds. The final paw adjustment finishes by 2.70 seconds, leaving only room tone and faint breathing.

non_diegetic_music: N/A
"
cat_ids/76_英国短毛猫浅金渐层.png,"For the target video, at 0.00 seconds into the target video, <Picture 1> (from [Shot 1]) is fully referenced.

integrated_multimodal_description: [Shot 1] Live-action, photorealistic studio pet footage. A static medium full-body shot begins with the seated cat and scene in <Picture 1>. This is one continuous four-second shot. The cat stays seated while playing with one feather teaser wand, making two light alternating front-paw taps before settling. From 0.00 to 0.20 seconds, it holds the initial seated pose. From 0.20 to 0.60 seconds, one small feather tuft attached directly to the tip of a slender flexible rod enters smoothly from the viewer's right. The tuft stops just ahead of the cat's lower chest, slightly toward the viewer's right and within easy paw reach. The visible rod extends continuously from the tuft through the right edge to an off-screen holder; the holder and hand remain outside the frame. The cat's eyes track the tuft and its head follows with a small turn. From 0.60 to 1.15 seconds, the tuft makes one short sideways sway. Keeping the hindquarters seated and the anatomical right front paw, on the viewer's left, planted for support, the cat lifts its anatomical left front paw, on the viewer's right, taps the tuft once and returns that paw to the floor. From 1.15 to 1.95 seconds, the rod guides the tuft through a short arc toward the viewer's left, just in front of the chest. The cat transfers support onto the now-planted left front paw, lifts the anatomical right front paw, taps the tuft once and returns that paw to the floor. Each paw contact briefly bends the feathers and deflects the rod tip; the tuft remains attached and visibly distinct from the paw. Only one front paw is raised at a time, and the hindquarters stay on the floor throughout. From 1.95 to 2.15 seconds, the wand pauses while the cat watches with both front paws down. From 2.15 to 2.60 seconds, the wand withdraws smoothly along a short path toward the viewer's right and exits completely through the same edge. The cat follows with its eyes and a small head turn, keeping both front paws on the floor. By 2.70 seconds, it rests in a comfortable upright seated pose, looking slightly toward the departed toy. This attentive posture continues through 3.00 seconds. From 3.00 to 4.00 seconds, the toy stays outside the frame and the cat maintains this posture with only faint breathing and tiny settling movements. Preserve the individual cat's facial proportions, each anatomical eye's reference color, body proportions, paw anatomy, coat or bare-skin appearance, markings, ear type and existing tail anatomy as the pose changes. Keep the reference framing, background, floor and lighting consistent, with a locked camera and grounded shadows following the paw movements. The entire cat remains inside the original frame with clear margins throughout. Only the cat and this single connected wand occupy the scene; the feather tuft moves below the chin, keeping the eyes and face unobstructed.

overall_soundscape: Quiet studio ambience continues beneath a faint feather rustle and two soft paw-to-feather contacts during the alternating taps between 0.60 and 1.95 seconds. Light paw-pad landings accompany each paw's return to the floor. A final soft feather rustle ends as the wand leaves by 2.60 seconds; after 2.70 seconds, only room tone and faint breathing remain.

non_diegetic_music: N/A
"
cat_ids/77_英国短毛猫银渐层.png,"For the target video, at 0.00 seconds into the target video, <Picture 1> (from [Shot 1]) is fully referenced.

integrated_multimodal_description: [Shot 1] Live-action, photorealistic studio pet footage. A static medium full-body shot begins with the seated cat and scene in <Picture 1>. This is one continuous four-second shot. The cat makes one small forward-and-upward hop, lands softly and returns to a comfortable upright seated pose. From 0.00 to 0.30 seconds, it holds the initial seated pose. At 0.30 seconds, one quiet off-screen tongue click draws its gaze slightly above the camera. From 0.30 to 0.85 seconds, the cat leans its chest slightly forward, raises the hindquarters out of the seated position and folds the hind legs into a compact crouch, with both front paws still touching the floor. From 0.85 to 1.10 seconds, the hind legs extend to push against the floor while both front paws lift and reach a short distance forward. From 1.10 to 1.35 seconds, the body travels through one low, compact arc, with all four paws visibly clear of the floor together for a brief moment. The head and chest stay low enough to preserve the available headroom, and the paws remain beneath or just ahead of the body. From 1.35 to 1.65 seconds, the front paws touch down first, followed closely by the hind paws; the elbows and hind legs bend to absorb the landing. The landing is no more than one front-paw length ahead of the starting position. The shadow stays on the floor, visibly separating from the paws during the hop and reconnecting at landing. From 1.65 to 2.50 seconds, the cat lowers its hindquarters, makes a small front-paw placement adjustment beneath the shoulders and raises its chest into an upright, front-facing seated pose near the starting position. By 2.70 seconds, it is comfortably balanced with both front paws on the floor and a relaxed, attentive gaze. This seated posture continues through 3.00 seconds. From 3.00 to 4.00 seconds, the cat maintains the posture reached by 2.70 seconds, with only faint breathing and tiny settling movements. Preserve the individual cat's facial proportions, each anatomical eye's reference color, body proportions, paw anatomy, coat or bare-skin appearance, markings, ear type and existing tail anatomy as the pose changes. Keep the camera position, perspective, focal length, crop, focus, exposure, white balance, reference background, floor and lighting consistent. The entire cat, including the ears, paws and any visible tail, remains inside the original frame with clear margins throughout. Only the cat is visible, and the surrounding floor stays clear.

overall_soundscape: Quiet studio room tone continues throughout. One soft off-screen tongue click at 0.30 seconds is followed by faint paw movement during the crouch, a muted push-off and closely spaced soft paw-pad impacts during the landing between 1.35 and 1.65 seconds. The final paw adjustment finishes by 2.70 seconds, leaving only room tone and faint breathing.

non_diegetic_music: N/A
"
cat_ids/77_英国短毛猫银渐层.png,"For the target video, at 0.00 seconds into the target video, <Picture 1> (from [Shot 1]) is fully referenced.

integrated_multimodal_description: [Shot 1] Live-action, photorealistic studio pet footage. A static medium full-body shot begins with the seated cat and scene in <Picture 1>. This is one continuous four-second shot. The cat stays seated while playing with one feather teaser wand, making two light alternating front-paw taps before settling. From 0.00 to 0.20 seconds, it holds the initial seated pose. From 0.20 to 0.60 seconds, one small feather tuft attached directly to the tip of a slender flexible rod enters smoothly from the viewer's right. The tuft stops just ahead of the cat's lower chest, slightly toward the viewer's right and within easy paw reach. The visible rod extends continuously from the tuft through the right edge to an off-screen holder; the holder and hand remain outside the frame. The cat's eyes track the tuft and its head follows with a small turn. From 0.60 to 1.15 seconds, the tuft makes one short sideways sway. Keeping the hindquarters seated and the anatomical right front paw, on the viewer's left, planted for support, the cat lifts its anatomical left front paw, on the viewer's right, taps the tuft once and returns that paw to the floor. From 1.15 to 1.95 seconds, the rod guides the tuft through a short arc toward the viewer's left, just in front of the chest. The cat transfers support onto the now-planted left front paw, lifts the anatomical right front paw, taps the tuft once and returns that paw to the floor. Each paw contact briefly bends the feathers and deflects the rod tip; the tuft remains attached and visibly distinct from the paw. Only one front paw is raised at a time, and the hindquarters stay on the floor throughout. From 1.95 to 2.15 seconds, the wand pauses while the cat watches with both front paws down. From 2.15 to 2.60 seconds, the wand withdraws smoothly along a short path toward the viewer's right and exits completely through the same edge. The cat follows with its eyes and a small head turn, keeping both front paws on the floor. By 2.70 seconds, it rests in a comfortable upright seated pose, looking slightly toward the departed toy. This attentive posture continues through 3.00 seconds. From 3.00 to 4.00 seconds, the toy stays outside the frame and the cat maintains this posture with only faint breathing and tiny settling movements. Preserve the individual cat's facial proportions, each anatomical eye's reference color, body proportions, paw anatomy, coat or bare-skin appearance, markings, ear type and existing tail anatomy as the pose changes. Keep the reference framing, background, floor and lighting consistent, with a locked camera and grounded shadows following the paw movements. The entire cat remains inside the original frame with clear margins throughout. Only the cat and this single connected wand occupy the scene; the feather tuft moves below the chin, keeping the eyes and face unobstructed.

overall_soundscape: Quiet studio ambience continues beneath a faint feather rustle and two soft paw-to-feather contacts during the alternating taps between 0.60 and 1.95 seconds. Light paw-pad landings accompany each paw's return to the floor. A final soft feather rustle ends as the wand leaves by 2.60 seconds; after 2.70 seconds, only room tone and faint breathing remain.

non_diegetic_music: N/A
"
cat_ids/78_德文卷毛猫奶油虎斑.png,"For the target video, at 0.00 seconds into the target video, <Picture 1> (from [Shot 1]) is fully referenced.

integrated_multimodal_description: [Shot 1] Live-action, photorealistic studio pet footage. A static medium full-body shot begins with the seated cat and scene in <Picture 1>. This is one continuous four-second shot. The cat makes one small forward-and-upward hop, lands softly and returns to a comfortable upright seated pose. From 0.00 to 0.30 seconds, it holds the initial seated pose. At 0.30 seconds, one quiet off-screen tongue click draws its gaze slightly above the camera. From 0.30 to 0.85 seconds, the cat leans its chest slightly forward, raises the hindquarters out of the seated position and folds the hind legs into a compact crouch, with both front paws still touching the floor. From 0.85 to 1.10 seconds, the hind legs extend to push against the floor while both front paws lift and reach a short distance forward. From 1.10 to 1.35 seconds, the body travels through one low, compact arc, with all four paws visibly clear of the floor together for a brief moment. The head and chest stay low enough to preserve the available headroom, and the paws remain beneath or just ahead of the body. From 1.35 to 1.65 seconds, the front paws touch down first, followed closely by the hind paws; the elbows and hind legs bend to absorb the landing. The landing is no more than one front-paw length ahead of the starting position. The shadow stays on the floor, visibly separating from the paws during the hop and reconnecting at landing. From 1.65 to 2.50 seconds, the cat lowers its hindquarters, makes a small front-paw placement adjustment beneath the shoulders and raises its chest into an upright, front-facing seated pose near the starting position. By 2.70 seconds, it is comfortably balanced with both front paws on the floor and a relaxed, attentive gaze. This seated posture continues through 3.00 seconds. From 3.00 to 4.00 seconds, the cat maintains the posture reached by 2.70 seconds, with only faint breathing and tiny settling movements. Preserve the individual cat's facial proportions, each anatomical eye's reference color, body proportions, paw anatomy, coat or bare-skin appearance, markings, ear type and existing tail anatomy as the pose changes. Keep the camera position, perspective, focal length, crop, focus, exposure, white balance, reference background, floor and lighting consistent. The entire cat, including the ears, paws and any visible tail, remains inside the original frame with clear margins throughout. Only the cat is visible, and the surrounding floor stays clear.

overall_soundscape: Quiet studio room tone continues throughout. One soft off-screen tongue click at 0.30 seconds is followed by faint paw movement during the crouch, a muted push-off and closely spaced soft paw-pad impacts during the landing between 1.35 and 1.65 seconds. The final paw adjustment finishes by 2.70 seconds, leaving only room tone and faint breathing.

non_diegetic_music: N/A
"
cat_ids/78_德文卷毛猫奶油虎斑.png,"For the target video, at 0.00 seconds into the target video, <Picture 1> (from [Shot 1]) is fully referenced.

integrated_multimodal_description: [Shot 1] Live-action, photorealistic studio pet footage. A static medium full-body shot begins with the seated cat and scene in <Picture 1>. This is one continuous four-second shot. The cat stays seated while playing with one feather teaser wand, making two light alternating front-paw taps before settling. From 0.00 to 0.20 seconds, it holds the initial seated pose. From 0.20 to 0.60 seconds, one small feather tuft attached directly to the tip of a slender flexible rod enters smoothly from the viewer's right. The tuft stops just ahead of the cat's lower chest, slightly toward the viewer's right and within easy paw reach. The visible rod extends continuously from the tuft through the right edge to an off-screen holder; the holder and hand remain outside the frame. The cat's eyes track the tuft and its head follows with a small turn. From 0.60 to 1.15 seconds, the tuft makes one short sideways sway. Keeping the hindquarters seated and the anatomical right front paw, on the viewer's left, planted for support, the cat lifts its anatomical left front paw, on the viewer's right, taps the tuft once and returns that paw to the floor. From 1.15 to 1.95 seconds, the rod guides the tuft through a short arc toward the viewer's left, just in front of the chest. The cat transfers support onto the now-planted left front paw, lifts the anatomical right front paw, taps the tuft once and returns that paw to the floor. Each paw contact briefly bends the feathers and deflects the rod tip; the tuft remains attached and visibly distinct from the paw. Only one front paw is raised at a time, and the hindquarters stay on the floor throughout. From 1.95 to 2.15 seconds, the wand pauses while the cat watches with both front paws down. From 2.15 to 2.60 seconds, the wand withdraws smoothly along a short path toward the viewer's right and exits completely through the same edge. The cat follows with its eyes and a small head turn, keeping both front paws on the floor. By 2.70 seconds, it rests in a comfortable upright seated pose, looking slightly toward the departed toy. This attentive posture continues through 3.00 seconds. From 3.00 to 4.00 seconds, the toy stays outside the frame and the cat maintains this posture with only faint breathing and tiny settling movements. Preserve the individual cat's facial proportions, each anatomical eye's reference color, body proportions, paw anatomy, coat or bare-skin appearance, markings, ear type and existing tail anatomy as the pose changes. Keep the reference framing, background, floor and lighting consistent, with a locked camera and grounded shadows following the paw movements. The entire cat remains inside the original frame with clear margins throughout. Only the cat and this single connected wand occupy the scene; the feather tuft moves below the chin, keeping the eyes and face unobstructed.

overall_soundscape: Quiet studio ambience continues beneath a faint feather rustle and two soft paw-to-feather contacts during the alternating taps between 0.60 and 1.95 seconds. Light paw-pad landings accompany each paw's return to the floor. A final soft feather rustle ends as the wand leaves by 2.60 seconds; after 2.70 seconds, only room tone and faint breathing remain.

non_diegetic_music: N/A
"
cat_ids/79_缅因猫银虎斑.png,"For the target video, at 0.00 seconds into the target video, <Picture 1> (from [Shot 1]) is fully referenced.

integrated_multimodal_description: [Shot 1] Live-action, photorealistic studio pet footage. A static medium full-body shot begins with the seated cat and scene in <Picture 1>. This is one continuous four-second shot. The cat makes one small forward-and-upward hop, lands softly and returns to a comfortable upright seated pose. From 0.00 to 0.30 seconds, it holds the initial seated pose. At 0.30 seconds, one quiet off-screen tongue click draws its gaze slightly above the camera. From 0.30 to 0.85 seconds, the cat leans its chest slightly forward, raises the hindquarters out of the seated position and folds the hind legs into a compact crouch, with both front paws still touching the floor. From 0.85 to 1.10 seconds, the hind legs extend to push against the floor while both front paws lift and reach a short distance forward. From 1.10 to 1.35 seconds, the body travels through one low, compact arc, with all four paws visibly clear of the floor together for a brief moment. The head and chest stay low enough to preserve the available headroom, and the paws remain beneath or just ahead of the body. From 1.35 to 1.65 seconds, the front paws touch down first, followed closely by the hind paws; the elbows and hind legs bend to absorb the landing. The landing is no more than one front-paw length ahead of the starting position. The shadow stays on the floor, visibly separating from the paws during the hop and reconnecting at landing. From 1.65 to 2.50 seconds, the cat lowers its hindquarters, makes a small front-paw placement adjustment beneath the shoulders and raises its chest into an upright, front-facing seated pose near the starting position. By 2.70 seconds, it is comfortably balanced with both front paws on the floor and a relaxed, attentive gaze. This seated posture continues through 3.00 seconds. From 3.00 to 4.00 seconds, the cat maintains the posture reached by 2.70 seconds, with only faint breathing and tiny settling movements. Preserve the individual cat's facial proportions, each anatomical eye's reference color, body proportions, paw anatomy, coat or bare-skin appearance, markings, ear type and existing tail anatomy as the pose changes. Keep the camera position, perspective, focal length, crop, focus, exposure, white balance, reference background, floor and lighting consistent. The entire cat, including the ears, paws and any visible tail, remains inside the original frame with clear margins throughout. Only the cat is visible, and the surrounding floor stays clear.

overall_soundscape: Quiet studio room tone continues throughout. One soft off-screen tongue click at 0.30 seconds is followed by faint paw movement during the crouch, a muted push-off and closely spaced soft paw-pad impacts during the landing between 1.35 and 1.65 seconds. The final paw adjustment finishes by 2.70 seconds, leaving only room tone and faint breathing.

non_diegetic_music: N/A
"
cat_ids/79_缅因猫银虎斑.png,"For the target video, at 0.00 seconds into the target video, <Picture 1> (from [Shot 1]) is fully referenced.

integrated_multimodal_description: [Shot 1] Live-action, photorealistic studio pet footage. A static medium full-body shot begins with the seated cat and scene in <Picture 1>. This is one continuous four-second shot. The cat stays seated while playing with one feather teaser wand, making two light alternating front-paw taps before settling. From 0.00 to 0.20 seconds, it holds the initial seated pose. From 0.20 to 0.60 seconds, one small feather tuft attached directly to the tip of a slender flexible rod enters smoothly from the viewer's right. The tuft stops just ahead of the cat's lower chest, slightly toward the viewer's right and within easy paw reach. The visible rod extends continuously from the tuft through the right edge to an off-screen holder; the holder and hand remain outside the frame. The cat's eyes track the tuft and its head follows with a small turn. From 0.60 to 1.15 seconds, the tuft makes one short sideways sway. Keeping the hindquarters seated and the anatomical right front paw, on the viewer's left, planted for support, the cat lifts its anatomical left front paw, on the viewer's right, taps the tuft once and returns that paw to the floor. From 1.15 to 1.95 seconds, the rod guides the tuft through a short arc toward the viewer's left, just in front of the chest. The cat transfers support onto the now-planted left front paw, lifts the anatomical right front paw, taps the tuft once and returns that paw to the floor. Each paw contact briefly bends the feathers and deflects the rod tip; the tuft remains attached and visibly distinct from the paw. Only one front paw is raised at a time, and the hindquarters stay on the floor throughout. From 1.95 to 2.15 seconds, the wand pauses while the cat watches with both front paws down. From 2.15 to 2.60 seconds, the wand withdraws smoothly along a short path toward the viewer's right and exits completely through the same edge. The cat follows with its eyes and a small head turn, keeping both front paws on the floor. By 2.70 seconds, it rests in a comfortable upright seated pose, looking slightly toward the departed toy. This attentive posture continues through 3.00 seconds. From 3.00 to 4.00 seconds, the toy stays outside the frame and the cat maintains this posture with only faint breathing and tiny settling movements. Preserve the individual cat's facial proportions, each anatomical eye's reference color, body proportions, paw anatomy, coat or bare-skin appearance, markings, ear type and existing tail anatomy as the pose changes. Keep the reference framing, background, floor and lighting consistent, with a locked camera and grounded shadows following the paw movements. The entire cat remains inside the original frame with clear margins throughout. Only the cat and this single connected wand occupy the scene; the feather tuft moves below the chin, keeping the eyes and face unobstructed.

overall_soundscape: Quiet studio ambience continues beneath a faint feather rustle and two soft paw-to-feather contacts during the alternating taps between 0.60 and 1.95 seconds. Light paw-pad landings accompany each paw's return to the floor. A final soft feather rustle ends as the wand leaves by 2.60 seconds; after 2.70 seconds, only room tone and faint breathing remain.

non_diegetic_music: N/A
"
