id,source_id,input_image,prompt,cat_idx,cat_id,cat_name_zh,motion_idx,motion_id,motion_name_zh,seed,output_name
000,0,cat_ids/00_短毛橘猫鱼骨纹.png,"For the target video, at 0.00 seconds into the target video, <Picture 1> (from [Shot 1]) is fully referenced.

integrated_multimodal_description: [Shot 1] Live-action, photorealistic studio pet footage. This is one continuous four-second shot. A locked camera matching the reference perspective frames a medium full-body, front-facing portrait. At 0.00 seconds, the cat starts from <Picture 1>. Throughout the shot, preserve the same cat's facial proportions; each anatomical eye's reference color; exact ear morphology; coat or skin-surface texture; intrinsic marking topology; body proportions; paw appearance; and reference tail state, including a long tail, short tail, visible stump, or no visible tail. These identity features remain consistent as their screen projection changes with the cat's pose. The camera holds a perfectly Static Shot; perspective, focal length, subject scale, crop, focus, exposure, white balance, lighting, background, and floor appearance established by <Picture 1> remain fixed. Physical shadows stay grounded and respond coherently to contact and weight transfer. The cat remains fully inside the frame with clear margins, and the clean frame contains only the cat. During 0.00–0.40 seconds, the cat holds its initial seated pose. From 0.40 to 0.90 seconds, a barely perceptible inhale creates one minute local change in the lower-chest contour while the body does not translate and the overall seated pose, paws, hindquarters, head direction, ears, and reference tail state remain stable. At 0.95 seconds, both upper eyelids lower together and reopen by 1.20 seconds in one complete natural blink; the eyes keep the same color, shape, spacing, and forward gaze when open. From 1.20 to 2.70 seconds, the chest completes one gentle exhale and returns to its starting contour. By 2.70 seconds, the blink and gentle exhale are complete, with the eyes open and the cat comfortably seated. From 2.70 to 3.00 seconds, this quiet seated posture continues. From 3.00 to 4.00 seconds, the cat remains comfortably seated with only faint breathing and minute surface settling.

overall_soundscape: Steady quiet studio room tone with one very soft inhale and exhale from the cat, completed by 2.70 seconds. The cat does not vocalize; quiet room tone and faint breathing continue afterward.

non_diegetic_music: N/A
",00,00-orange-shorthair-mackerel-tabby,短毛橘猫鱼骨纹,01,01-idle-blink,自然呼吸与眨眼,0,00-orange-shorthair-mackerel-tabby_01-idle-blink_seed-0
001,0,cat_ids/00_短毛橘猫鱼骨纹.png,"For the target video, at 0.00 seconds into the target video, <Picture 1> (from [Shot 1]) is fully referenced.

integrated_multimodal_description: [Shot 1] Live-action, photorealistic studio pet footage. This is one continuous four-second shot. A locked camera matching the reference perspective frames a medium full-body, front-facing portrait. At 0.00 seconds, the cat starts from <Picture 1>. Throughout the shot, preserve the same cat's facial proportions; each anatomical eye's reference color; exact ear morphology; coat or skin-surface texture; intrinsic marking topology; body proportions; paw appearance; and reference tail state, including a long tail, short tail, visible stump, or no visible tail. These identity features remain consistent as their screen projection changes with the cat's pose. The camera holds a perfectly Static Shot; perspective, focal length, subject scale, crop, focus, exposure, white balance, lighting, background, and floor appearance established by <Picture 1> remain fixed. Physical shadows stay grounded and respond coherently to contact and weight transfer. The cat remains fully inside the frame with clear margins, and the clean frame contains only the cat. During 0.00–0.40 seconds, the cat holds its initial seated pose. From 0.40 to 0.90 seconds, a barely perceptible inhale creates one minute local change in the lower-chest contour while the body does not translate and the overall seated pose, paws, hindquarters, head direction, ears, and reference tail state remain stable. At 0.95 seconds, both upper eyelids lower together and reopen by 1.20 seconds in one complete natural blink; the eyes keep the same color, shape, spacing, and forward gaze when open. From 1.20 to 2.70 seconds, the chest completes one gentle exhale and returns to its starting contour. By 2.70 seconds, the blink and gentle exhale are complete, with the eyes open and the cat comfortably seated. From 2.70 to 3.00 seconds, this quiet seated posture continues. From 3.00 to 4.00 seconds, the cat remains comfortably seated with only faint breathing and minute surface settling.

overall_soundscape: Steady quiet studio room tone with one very soft inhale and exhale from the cat, completed by 2.70 seconds. The cat does not vocalize; quiet room tone and faint breathing continue afterward.

non_diegetic_music: N/A
",00,00-orange-shorthair-mackerel-tabby,短毛橘猫鱼骨纹,01,01-idle-blink,自然呼吸与眨眼,10000,00-orange-shorthair-mackerel-tabby_01-idle-blink_seed-10000
002,0,cat_ids/00_短毛橘猫鱼骨纹.png,"For the target video, at 0.00 seconds into the target video, <Picture 1> (from [Shot 1]) is fully referenced.

integrated_multimodal_description: [Shot 1] Live-action, photorealistic studio pet footage. This is one continuous four-second shot. A locked camera matching the reference perspective frames a medium full-body, front-facing portrait. At 0.00 seconds, the cat starts from <Picture 1>. Throughout the shot, preserve the same cat's facial proportions; each anatomical eye's reference color; exact ear morphology; coat or skin-surface texture; intrinsic marking topology; body proportions; paw appearance; and reference tail state, including a long tail, short tail, visible stump, or no visible tail. These identity features remain consistent as their screen projection changes with the cat's pose. The camera holds a perfectly Static Shot; perspective, focal length, subject scale, crop, focus, exposure, white balance, lighting, background, and floor appearance established by <Picture 1> remain fixed. Physical shadows stay grounded and respond coherently to contact and weight transfer. The cat remains fully inside the frame with clear margins, and the clean frame contains only the cat. During 0.00–0.40 seconds, the cat holds its initial seated pose. From 0.40 to 0.90 seconds, a barely perceptible inhale creates one minute local change in the lower-chest contour while the body does not translate and the overall seated pose, paws, hindquarters, head direction, ears, and reference tail state remain stable. At 0.95 seconds, both upper eyelids lower together and reopen by 1.20 seconds in one complete natural blink; the eyes keep the same color, shape, spacing, and forward gaze when open. From 1.20 to 2.70 seconds, the chest completes one gentle exhale and returns to its starting contour. By 2.70 seconds, the blink and gentle exhale are complete, with the eyes open and the cat comfortably seated. From 2.70 to 3.00 seconds, this quiet seated posture continues. From 3.00 to 4.00 seconds, the cat remains comfortably seated with only faint breathing and minute surface settling.

overall_soundscape: Steady quiet studio room tone with one very soft inhale and exhale from the cat, completed by 2.70 seconds. The cat does not vocalize; quiet room tone and faint breathing continue afterward.

non_diegetic_music: N/A
",00,00-orange-shorthair-mackerel-tabby,短毛橘猫鱼骨纹,01,01-idle-blink,自然呼吸与眨眼,20000,00-orange-shorthair-mackerel-tabby_01-idle-blink_seed-20000
003,1,cat_ids/00_短毛橘猫鱼骨纹.png,"For the target video, at 0.00 seconds into the target video, <Picture 1> (from [Shot 1]) is fully referenced.

integrated_multimodal_description: [Shot 1] Live-action, photorealistic studio pet footage. A static medium full-body shot begins with the seated cat and scene in <Picture 1>. This is one continuous four-second shot. The main action is a brief outward tug and soft release of the cat's anatomical left ear, on the viewer's right in the opening pose. From 0.15 to 0.60 seconds, the ear tip is drawn a short distance diagonally outward and slightly upward toward the viewer's right, away from the crown. The tip leads, the upper ear follows in a small soft bend and the base stays attached. The ear keeps its normal length and characteristic reference shape. At the peak, the head follows by a tiny amount and the eyelids narrow briefly in a mild, relaxed reaction. At 0.65 seconds, the pull releases. The ear springs most of the way back by 1.10 seconds, then makes one much smaller settling movement, reaching its natural resting angle by 1.50 seconds. From 1.10 to 2.30 seconds, the head gently follows back, the eyes reopen comfortably and the shoulders soften with an exhale. By 2.70 seconds, the cat is seated and calmly attentive; through 3.00 seconds, it holds this relaxed posture with faint breathing. The tug is conveyed entirely by the ear movement and the cat's response; no person, hand or pulling device appears. From 3.00 to 4.00 seconds, the cat maintains the posture reached by 2.70 seconds, with only faint breathing and tiny settling movements. Preserve the individual cat's facial proportions, each eye's reference color, coat or bare-skin appearance, markings, ear type and existing tail anatomy as the pose changes. Keep the reference framing, background, floor and lighting consistent, with grounded shadows following the cat's movement. The cat is alone and the surrounding floor stays clear. 

overall_soundscape: Quiet studio ambience and faint breathing, with a soft incidental body movement as the head settles. Only breathing and room tone remain after 2.70 seconds.

non_diegetic_music: N/A
",00,00-orange-shorthair-mackerel-tabby,短毛橘猫鱼骨纹,02,02-left-ear-tug,左耳轻拽回弹,0,00-orange-shorthair-mackerel-tabby_02-left-ear-tug_seed-0
004,1,cat_ids/00_短毛橘猫鱼骨纹.png,"For the target video, at 0.00 seconds into the target video, <Picture 1> (from [Shot 1]) is fully referenced.

integrated_multimodal_description: [Shot 1] Live-action, photorealistic studio pet footage. A static medium full-body shot begins with the seated cat and scene in <Picture 1>. This is one continuous four-second shot. The main action is a brief outward tug and soft release of the cat's anatomical left ear, on the viewer's right in the opening pose. From 0.15 to 0.60 seconds, the ear tip is drawn a short distance diagonally outward and slightly upward toward the viewer's right, away from the crown. The tip leads, the upper ear follows in a small soft bend and the base stays attached. The ear keeps its normal length and characteristic reference shape. At the peak, the head follows by a tiny amount and the eyelids narrow briefly in a mild, relaxed reaction. At 0.65 seconds, the pull releases. The ear springs most of the way back by 1.10 seconds, then makes one much smaller settling movement, reaching its natural resting angle by 1.50 seconds. From 1.10 to 2.30 seconds, the head gently follows back, the eyes reopen comfortably and the shoulders soften with an exhale. By 2.70 seconds, the cat is seated and calmly attentive; through 3.00 seconds, it holds this relaxed posture with faint breathing. The tug is conveyed entirely by the ear movement and the cat's response; no person, hand or pulling device appears. From 3.00 to 4.00 seconds, the cat maintains the posture reached by 2.70 seconds, with only faint breathing and tiny settling movements. Preserve the individual cat's facial proportions, each eye's reference color, coat or bare-skin appearance, markings, ear type and existing tail anatomy as the pose changes. Keep the reference framing, background, floor and lighting consistent, with grounded shadows following the cat's movement. The cat is alone and the surrounding floor stays clear. 

overall_soundscape: Quiet studio ambience and faint breathing, with a soft incidental body movement as the head settles. Only breathing and room tone remain after 2.70 seconds.

non_diegetic_music: N/A
",00,00-orange-shorthair-mackerel-tabby,短毛橘猫鱼骨纹,02,02-left-ear-tug,左耳轻拽回弹,10000,00-orange-shorthair-mackerel-tabby_02-left-ear-tug_seed-10000
005,1,cat_ids/00_短毛橘猫鱼骨纹.png,"For the target video, at 0.00 seconds into the target video, <Picture 1> (from [Shot 1]) is fully referenced.

integrated_multimodal_description: [Shot 1] Live-action, photorealistic studio pet footage. A static medium full-body shot begins with the seated cat and scene in <Picture 1>. This is one continuous four-second shot. The main action is a brief outward tug and soft release of the cat's anatomical left ear, on the viewer's right in the opening pose. From 0.15 to 0.60 seconds, the ear tip is drawn a short distance diagonally outward and slightly upward toward the viewer's right, away from the crown. The tip leads, the upper ear follows in a small soft bend and the base stays attached. The ear keeps its normal length and characteristic reference shape. At the peak, the head follows by a tiny amount and the eyelids narrow briefly in a mild, relaxed reaction. At 0.65 seconds, the pull releases. The ear springs most of the way back by 1.10 seconds, then makes one much smaller settling movement, reaching its natural resting angle by 1.50 seconds. From 1.10 to 2.30 seconds, the head gently follows back, the eyes reopen comfortably and the shoulders soften with an exhale. By 2.70 seconds, the cat is seated and calmly attentive; through 3.00 seconds, it holds this relaxed posture with faint breathing. The tug is conveyed entirely by the ear movement and the cat's response; no person, hand or pulling device appears. From 3.00 to 4.00 seconds, the cat maintains the posture reached by 2.70 seconds, with only faint breathing and tiny settling movements. Preserve the individual cat's facial proportions, each eye's reference color, coat or bare-skin appearance, markings, ear type and existing tail anatomy as the pose changes. Keep the reference framing, background, floor and lighting consistent, with grounded shadows following the cat's movement. The cat is alone and the surrounding floor stays clear. 

overall_soundscape: Quiet studio ambience and faint breathing, with a soft incidental body movement as the head settles. Only breathing and room tone remain after 2.70 seconds.

non_diegetic_music: N/A
",00,00-orange-shorthair-mackerel-tabby,短毛橘猫鱼骨纹,02,02-left-ear-tug,左耳轻拽回弹,20000,00-orange-shorthair-mackerel-tabby_02-left-ear-tug_seed-20000
006,2,cat_ids/00_短毛橘猫鱼骨纹.png,"For the target video, at 0.00 seconds into the target video, <Picture 1> (from [Shot 1]) is fully referenced.

integrated_multimodal_description: [Shot 1] Live-action, photorealistic studio pet footage. A static medium full-body shot begins with the seated cat and scene in <Picture 1>. This is one continuous four-second shot. The main action is a brief outward tug and soft release of the cat's anatomical right ear, on the viewer's left in the opening pose. From 0.15 to 0.60 seconds, the ear tip is drawn a short distance diagonally outward and slightly upward toward the viewer's left, away from the crown. The tip leads, the upper ear follows in a small soft bend and the base stays attached. The ear keeps its normal length and characteristic reference shape. At the peak, the head follows by a tiny amount and the eyelids narrow briefly in a mild, relaxed reaction. At 0.65 seconds, the pull releases. The ear springs most of the way back by 1.10 seconds, then makes one much smaller settling movement, reaching its natural resting angle by 1.50 seconds. From 1.10 to 2.30 seconds, the head gently follows back, the eyes reopen comfortably and the shoulders soften with an exhale. By 2.70 seconds, the cat is seated and calmly attentive; through 3.00 seconds, it holds this relaxed posture with faint breathing. The tug is conveyed entirely by the ear movement and the cat's response; no person, hand or pulling device appears. From 3.00 to 4.00 seconds, the cat maintains the posture reached by 2.70 seconds, with only faint breathing and tiny settling movements. Preserve the individual cat's facial proportions, each eye's reference color, coat or bare-skin appearance, markings, ear type and existing tail anatomy as the pose changes. Keep the reference framing, background, floor and lighting consistent, with grounded shadows following the cat's movement. The cat is alone and the surrounding floor stays clear. 

overall_soundscape: Quiet studio ambience and faint breathing, with a soft incidental body movement as the head settles. Only breathing and room tone remain after 2.70 seconds.

non_diegetic_music: N/A
",00,00-orange-shorthair-mackerel-tabby,短毛橘猫鱼骨纹,03,03-right-ear-tug,右耳轻拽回弹,0,00-orange-shorthair-mackerel-tabby_03-right-ear-tug_seed-0
007,2,cat_ids/00_短毛橘猫鱼骨纹.png,"For the target video, at 0.00 seconds into the target video, <Picture 1> (from [Shot 1]) is fully referenced.

integrated_multimodal_description: [Shot 1] Live-action, photorealistic studio pet footage. A static medium full-body shot begins with the seated cat and scene in <Picture 1>. This is one continuous four-second shot. The main action is a brief outward tug and soft release of the cat's anatomical right ear, on the viewer's left in the opening pose. From 0.15 to 0.60 seconds, the ear tip is drawn a short distance diagonally outward and slightly upward toward the viewer's left, away from the crown. The tip leads, the upper ear follows in a small soft bend and the base stays attached. The ear keeps its normal length and characteristic reference shape. At the peak, the head follows by a tiny amount and the eyelids narrow briefly in a mild, relaxed reaction. At 0.65 seconds, the pull releases. The ear springs most of the way back by 1.10 seconds, then makes one much smaller settling movement, reaching its natural resting angle by 1.50 seconds. From 1.10 to 2.30 seconds, the head gently follows back, the eyes reopen comfortably and the shoulders soften with an exhale. By 2.70 seconds, the cat is seated and calmly attentive; through 3.00 seconds, it holds this relaxed posture with faint breathing. The tug is conveyed entirely by the ear movement and the cat's response; no person, hand or pulling device appears. From 3.00 to 4.00 seconds, the cat maintains the posture reached by 2.70 seconds, with only faint breathing and tiny settling movements. Preserve the individual cat's facial proportions, each eye's reference color, coat or bare-skin appearance, markings, ear type and existing tail anatomy as the pose changes. Keep the reference framing, background, floor and lighting consistent, with grounded shadows following the cat's movement. The cat is alone and the surrounding floor stays clear. 

overall_soundscape: Quiet studio ambience and faint breathing, with a soft incidental body movement as the head settles. Only breathing and room tone remain after 2.70 seconds.

non_diegetic_music: N/A
",00,00-orange-shorthair-mackerel-tabby,短毛橘猫鱼骨纹,03,03-right-ear-tug,右耳轻拽回弹,10000,00-orange-shorthair-mackerel-tabby_03-right-ear-tug_seed-10000
008,2,cat_ids/00_短毛橘猫鱼骨纹.png,"For the target video, at 0.00 seconds into the target video, <Picture 1> (from [Shot 1]) is fully referenced.

integrated_multimodal_description: [Shot 1] Live-action, photorealistic studio pet footage. A static medium full-body shot begins with the seated cat and scene in <Picture 1>. This is one continuous four-second shot. The main action is a brief outward tug and soft release of the cat's anatomical right ear, on the viewer's left in the opening pose. From 0.15 to 0.60 seconds, the ear tip is drawn a short distance diagonally outward and slightly upward toward the viewer's left, away from the crown. The tip leads, the upper ear follows in a small soft bend and the base stays attached. The ear keeps its normal length and characteristic reference shape. At the peak, the head follows by a tiny amount and the eyelids narrow briefly in a mild, relaxed reaction. At 0.65 seconds, the pull releases. The ear springs most of the way back by 1.10 seconds, then makes one much smaller settling movement, reaching its natural resting angle by 1.50 seconds. From 1.10 to 2.30 seconds, the head gently follows back, the eyes reopen comfortably and the shoulders soften with an exhale. By 2.70 seconds, the cat is seated and calmly attentive; through 3.00 seconds, it holds this relaxed posture with faint breathing. The tug is conveyed entirely by the ear movement and the cat's response; no person, hand or pulling device appears. From 3.00 to 4.00 seconds, the cat maintains the posture reached by 2.70 seconds, with only faint breathing and tiny settling movements. Preserve the individual cat's facial proportions, each eye's reference color, coat or bare-skin appearance, markings, ear type and existing tail anatomy as the pose changes. Keep the reference framing, background, floor and lighting consistent, with grounded shadows following the cat's movement. The cat is alone and the surrounding floor stays clear. 

overall_soundscape: Quiet studio ambience and faint breathing, with a soft incidental body movement as the head settles. Only breathing and room tone remain after 2.70 seconds.

non_diegetic_music: N/A
",00,00-orange-shorthair-mackerel-tabby,短毛橘猫鱼骨纹,03,03-right-ear-tug,右耳轻拽回弹,20000,00-orange-shorthair-mackerel-tabby_03-right-ear-tug_seed-20000
009,3,cat_ids/00_短毛橘猫鱼骨纹.png,"For the target video, at 0.00 seconds into the target video, <Picture 1> (from [Shot 1]) is fully referenced.

integrated_multimodal_description: [Shot 1] Live-action, photorealistic studio pet footage. This is one continuous four-second shot. A locked camera matching the reference perspective frames a medium full-body, front-facing portrait. At 0.00 seconds, the cat starts from <Picture 1>. Throughout the shot, preserve the same cat's facial proportions; each anatomical eye's reference color; exact ear morphology; coat or skin-surface texture; intrinsic marking topology; body proportions; paw appearance; and reference tail state, including a long tail, short tail, visible stump, or no visible tail. These identity features remain consistent as their screen projection changes with the cat's pose. The camera holds a perfectly Static Shot; perspective, focal length, subject scale, crop, focus, exposure, white balance, lighting, background, and floor appearance established by <Picture 1> remain fixed. Physical shadows stay grounded and respond coherently to contact and weight transfer. The cat remains fully inside the frame with clear margins. The clean frame contains only the cat and one transient wool ball defined in the motion path; only this prop unit and its associated contact shadow may cross a frame boundary along the specified entry or exit path. During 0.00–0.20 seconds, the cat holds its initial seated pose. At 0.20 seconds, one small, tightly wound matte wool ball enters from the viewer's left and rolls left-to-right along a straight path on the foreground floor, with visible rotation and one attached contact shadow. From 0.35 to 0.85 seconds, the cat's eyes track first and the head follows with one small turn; the body transfers a little weight onto the anatomical left front paw on the viewer's right while the anatomical right front paw on the viewer's left lifts. From 0.85 to 1.40 seconds, that lifted paw reaches in one compact arc and its pads meet the top of the ball, causing the ball to decelerate to a brief stop while retaining its size, round boundary and visibility. From 1.50 to 1.85 seconds, the same paw gives one short controlled nudge toward the viewer's right while beginning to retract. The ball resumes rolling at lower speed and, together with its contact shadow, exits completely beyond the viewer's right edge by 2.60 seconds. The cat keeps its eyes on the moving ball and lets its head follow the resumed roll, with the active paw landing comfortably by 2.60 seconds. The ball remains one distinct object during floor contact and brief paw contact, preserving a clear boundary from the paw and any visible tail. By 2.70 seconds, the cat is balanced on both front paws and still looks toward the departing ball; this attentive posture continues through 3.00 seconds. From 3.00 to 4.00 seconds, the ball stays outside the frame and the cat maintains this comfortable posture with faint breathing. No person or hand enters.

overall_soundscape: A soft wool ball rolls across the floor from left to right, slows under one muted paw contact, then resumes with a quieter roll before leaving the frame by 2.60 seconds. One light paw-pad landing accompanies the release of the ball; after 2.70 seconds, only steady studio room tone and faint breathing remain.

non_diegetic_music: N/A
",00,00-orange-shorthair-mackerel-tabby,短毛橘猫鱼骨纹,04,04-right-paw-yarn-left-to-right,右前爪拨球-画面左到右,0,00-orange-shorthair-mackerel-tabby_04-right-paw-yarn-left-to-right_seed-0
010,3,cat_ids/00_短毛橘猫鱼骨纹.png,"For the target video, at 0.00 seconds into the target video, <Picture 1> (from [Shot 1]) is fully referenced.

integrated_multimodal_description: [Shot 1] Live-action, photorealistic studio pet footage. This is one continuous four-second shot. A locked camera matching the reference perspective frames a medium full-body, front-facing portrait. At 0.00 seconds, the cat starts from <Picture 1>. Throughout the shot, preserve the same cat's facial proportions; each anatomical eye's reference color; exact ear morphology; coat or skin-surface texture; intrinsic marking topology; body proportions; paw appearance; and reference tail state, including a long tail, short tail, visible stump, or no visible tail. These identity features remain consistent as their screen projection changes with the cat's pose. The camera holds a perfectly Static Shot; perspective, focal length, subject scale, crop, focus, exposure, white balance, lighting, background, and floor appearance established by <Picture 1> remain fixed. Physical shadows stay grounded and respond coherently to contact and weight transfer. The cat remains fully inside the frame with clear margins. The clean frame contains only the cat and one transient wool ball defined in the motion path; only this prop unit and its associated contact shadow may cross a frame boundary along the specified entry or exit path. During 0.00–0.20 seconds, the cat holds its initial seated pose. At 0.20 seconds, one small, tightly wound matte wool ball enters from the viewer's left and rolls left-to-right along a straight path on the foreground floor, with visible rotation and one attached contact shadow. From 0.35 to 0.85 seconds, the cat's eyes track first and the head follows with one small turn; the body transfers a little weight onto the anatomical left front paw on the viewer's right while the anatomical right front paw on the viewer's left lifts. From 0.85 to 1.40 seconds, that lifted paw reaches in one compact arc and its pads meet the top of the ball, causing the ball to decelerate to a brief stop while retaining its size, round boundary and visibility. From 1.50 to 1.85 seconds, the same paw gives one short controlled nudge toward the viewer's right while beginning to retract. The ball resumes rolling at lower speed and, together with its contact shadow, exits completely beyond the viewer's right edge by 2.60 seconds. The cat keeps its eyes on the moving ball and lets its head follow the resumed roll, with the active paw landing comfortably by 2.60 seconds. The ball remains one distinct object during floor contact and brief paw contact, preserving a clear boundary from the paw and any visible tail. By 2.70 seconds, the cat is balanced on both front paws and still looks toward the departing ball; this attentive posture continues through 3.00 seconds. From 3.00 to 4.00 seconds, the ball stays outside the frame and the cat maintains this comfortable posture with faint breathing. No person or hand enters.

overall_soundscape: A soft wool ball rolls across the floor from left to right, slows under one muted paw contact, then resumes with a quieter roll before leaving the frame by 2.60 seconds. One light paw-pad landing accompanies the release of the ball; after 2.70 seconds, only steady studio room tone and faint breathing remain.

non_diegetic_music: N/A
",00,00-orange-shorthair-mackerel-tabby,短毛橘猫鱼骨纹,04,04-right-paw-yarn-left-to-right,右前爪拨球-画面左到右,10000,00-orange-shorthair-mackerel-tabby_04-right-paw-yarn-left-to-right_seed-10000
011,3,cat_ids/00_短毛橘猫鱼骨纹.png,"For the target video, at 0.00 seconds into the target video, <Picture 1> (from [Shot 1]) is fully referenced.

integrated_multimodal_description: [Shot 1] Live-action, photorealistic studio pet footage. This is one continuous four-second shot. A locked camera matching the reference perspective frames a medium full-body, front-facing portrait. At 0.00 seconds, the cat starts from <Picture 1>. Throughout the shot, preserve the same cat's facial proportions; each anatomical eye's reference color; exact ear morphology; coat or skin-surface texture; intrinsic marking topology; body proportions; paw appearance; and reference tail state, including a long tail, short tail, visible stump, or no visible tail. These identity features remain consistent as their screen projection changes with the cat's pose. The camera holds a perfectly Static Shot; perspective, focal length, subject scale, crop, focus, exposure, white balance, lighting, background, and floor appearance established by <Picture 1> remain fixed. Physical shadows stay grounded and respond coherently to contact and weight transfer. The cat remains fully inside the frame with clear margins. The clean frame contains only the cat and one transient wool ball defined in the motion path; only this prop unit and its associated contact shadow may cross a frame boundary along the specified entry or exit path. During 0.00–0.20 seconds, the cat holds its initial seated pose. At 0.20 seconds, one small, tightly wound matte wool ball enters from the viewer's left and rolls left-to-right along a straight path on the foreground floor, with visible rotation and one attached contact shadow. From 0.35 to 0.85 seconds, the cat's eyes track first and the head follows with one small turn; the body transfers a little weight onto the anatomical left front paw on the viewer's right while the anatomical right front paw on the viewer's left lifts. From 0.85 to 1.40 seconds, that lifted paw reaches in one compact arc and its pads meet the top of the ball, causing the ball to decelerate to a brief stop while retaining its size, round boundary and visibility. From 1.50 to 1.85 seconds, the same paw gives one short controlled nudge toward the viewer's right while beginning to retract. The ball resumes rolling at lower speed and, together with its contact shadow, exits completely beyond the viewer's right edge by 2.60 seconds. The cat keeps its eyes on the moving ball and lets its head follow the resumed roll, with the active paw landing comfortably by 2.60 seconds. The ball remains one distinct object during floor contact and brief paw contact, preserving a clear boundary from the paw and any visible tail. By 2.70 seconds, the cat is balanced on both front paws and still looks toward the departing ball; this attentive posture continues through 3.00 seconds. From 3.00 to 4.00 seconds, the ball stays outside the frame and the cat maintains this comfortable posture with faint breathing. No person or hand enters.

overall_soundscape: A soft wool ball rolls across the floor from left to right, slows under one muted paw contact, then resumes with a quieter roll before leaving the frame by 2.60 seconds. One light paw-pad landing accompanies the release of the ball; after 2.70 seconds, only steady studio room tone and faint breathing remain.

non_diegetic_music: N/A
",00,00-orange-shorthair-mackerel-tabby,短毛橘猫鱼骨纹,04,04-right-paw-yarn-left-to-right,右前爪拨球-画面左到右,20000,00-orange-shorthair-mackerel-tabby_04-right-paw-yarn-left-to-right_seed-20000
012,4,cat_ids/00_短毛橘猫鱼骨纹.png,"For the target video, at 0.00 seconds into the target video, <Picture 1> (from [Shot 1]) is fully referenced.

integrated_multimodal_description: [Shot 1] Live-action, photorealistic studio pet footage. This is one continuous four-second shot. A locked camera matching the reference perspective frames a medium full-body, front-facing portrait. At 0.00 seconds, the cat starts from <Picture 1>. Throughout the shot, preserve the same cat's facial proportions; each anatomical eye's reference color; exact ear morphology; coat or skin-surface texture; intrinsic marking topology; body proportions; paw appearance; and reference tail state, including a long tail, short tail, visible stump, or no visible tail. These identity features remain consistent as their screen projection changes with the cat's pose. The camera holds a perfectly Static Shot; perspective, focal length, subject scale, crop, focus, exposure, white balance, lighting, background, and floor appearance established by <Picture 1> remain fixed. Physical shadows stay grounded and respond coherently to contact and weight transfer. The cat remains fully inside the frame with clear margins. The clean frame contains only the cat and one transient wool ball defined in the motion path; only this prop unit and its associated contact shadow may cross a frame boundary along the specified entry or exit path. During 0.00–0.20 seconds, the cat holds its initial seated pose. At 0.20 seconds, one small, tightly wound matte wool ball enters from the viewer's right and rolls right-to-left along a straight path on the foreground floor, with visible rotation and one attached contact shadow. From 0.35 to 0.85 seconds, the cat's eyes track first and the head follows with one small turn; the body transfers a little weight onto the anatomical right front paw on the viewer's left while the anatomical left front paw on the viewer's right lifts. From 0.85 to 1.40 seconds, that lifted paw reaches in one compact arc and its pads meet the top of the ball, causing the ball to decelerate to a brief stop while retaining its size, round boundary and visibility. From 1.50 to 1.85 seconds, the same paw gives one short controlled nudge toward the viewer's left while beginning to retract. The ball resumes rolling at lower speed and, together with its contact shadow, exits completely beyond the viewer's left edge by 2.60 seconds. The cat keeps its eyes on the moving ball and lets its head follow the resumed roll, with the active paw landing comfortably by 2.60 seconds. The ball remains one distinct object during floor contact and brief paw contact, preserving a clear boundary from the paw and any visible tail. By 2.70 seconds, the cat is balanced on both front paws and still looks toward the departing ball; this attentive posture continues through 3.00 seconds. From 3.00 to 4.00 seconds, the ball stays outside the frame and the cat maintains this comfortable posture with faint breathing. No person or hand enters.

overall_soundscape: A soft wool ball rolls across the floor from right to left, slows under one muted paw contact, then resumes with a quieter roll before leaving the frame by 2.60 seconds. One light paw-pad landing accompanies the release of the ball; after 2.70 seconds, only steady studio room tone and faint breathing remain.

non_diegetic_music: N/A
",00,00-orange-shorthair-mackerel-tabby,短毛橘猫鱼骨纹,05,05-left-paw-yarn-right-to-left,左前爪拨球-画面右到左,0,00-orange-shorthair-mackerel-tabby_05-left-paw-yarn-right-to-left_seed-0
013,4,cat_ids/00_短毛橘猫鱼骨纹.png,"For the target video, at 0.00 seconds into the target video, <Picture 1> (from [Shot 1]) is fully referenced.

integrated_multimodal_description: [Shot 1] Live-action, photorealistic studio pet footage. This is one continuous four-second shot. A locked camera matching the reference perspective frames a medium full-body, front-facing portrait. At 0.00 seconds, the cat starts from <Picture 1>. Throughout the shot, preserve the same cat's facial proportions; each anatomical eye's reference color; exact ear morphology; coat or skin-surface texture; intrinsic marking topology; body proportions; paw appearance; and reference tail state, including a long tail, short tail, visible stump, or no visible tail. These identity features remain consistent as their screen projection changes with the cat's pose. The camera holds a perfectly Static Shot; perspective, focal length, subject scale, crop, focus, exposure, white balance, lighting, background, and floor appearance established by <Picture 1> remain fixed. Physical shadows stay grounded and respond coherently to contact and weight transfer. The cat remains fully inside the frame with clear margins. The clean frame contains only the cat and one transient wool ball defined in the motion path; only this prop unit and its associated contact shadow may cross a frame boundary along the specified entry or exit path. During 0.00–0.20 seconds, the cat holds its initial seated pose. At 0.20 seconds, one small, tightly wound matte wool ball enters from the viewer's right and rolls right-to-left along a straight path on the foreground floor, with visible rotation and one attached contact shadow. From 0.35 to 0.85 seconds, the cat's eyes track first and the head follows with one small turn; the body transfers a little weight onto the anatomical right front paw on the viewer's left while the anatomical left front paw on the viewer's right lifts. From 0.85 to 1.40 seconds, that lifted paw reaches in one compact arc and its pads meet the top of the ball, causing the ball to decelerate to a brief stop while retaining its size, round boundary and visibility. From 1.50 to 1.85 seconds, the same paw gives one short controlled nudge toward the viewer's left while beginning to retract. The ball resumes rolling at lower speed and, together with its contact shadow, exits completely beyond the viewer's left edge by 2.60 seconds. The cat keeps its eyes on the moving ball and lets its head follow the resumed roll, with the active paw landing comfortably by 2.60 seconds. The ball remains one distinct object during floor contact and brief paw contact, preserving a clear boundary from the paw and any visible tail. By 2.70 seconds, the cat is balanced on both front paws and still looks toward the departing ball; this attentive posture continues through 3.00 seconds. From 3.00 to 4.00 seconds, the ball stays outside the frame and the cat maintains this comfortable posture with faint breathing. No person or hand enters.

overall_soundscape: A soft wool ball rolls across the floor from right to left, slows under one muted paw contact, then resumes with a quieter roll before leaving the frame by 2.60 seconds. One light paw-pad landing accompanies the release of the ball; after 2.70 seconds, only steady studio room tone and faint breathing remain.

non_diegetic_music: N/A
",00,00-orange-shorthair-mackerel-tabby,短毛橘猫鱼骨纹,05,05-left-paw-yarn-right-to-left,左前爪拨球-画面右到左,10000,00-orange-shorthair-mackerel-tabby_05-left-paw-yarn-right-to-left_seed-10000
014,4,cat_ids/00_短毛橘猫鱼骨纹.png,"For the target video, at 0.00 seconds into the target video, <Picture 1> (from [Shot 1]) is fully referenced.

integrated_multimodal_description: [Shot 1] Live-action, photorealistic studio pet footage. This is one continuous four-second shot. A locked camera matching the reference perspective frames a medium full-body, front-facing portrait. At 0.00 seconds, the cat starts from <Picture 1>. Throughout the shot, preserve the same cat's facial proportions; each anatomical eye's reference color; exact ear morphology; coat or skin-surface texture; intrinsic marking topology; body proportions; paw appearance; and reference tail state, including a long tail, short tail, visible stump, or no visible tail. These identity features remain consistent as their screen projection changes with the cat's pose. The camera holds a perfectly Static Shot; perspective, focal length, subject scale, crop, focus, exposure, white balance, lighting, background, and floor appearance established by <Picture 1> remain fixed. Physical shadows stay grounded and respond coherently to contact and weight transfer. The cat remains fully inside the frame with clear margins. The clean frame contains only the cat and one transient wool ball defined in the motion path; only this prop unit and its associated contact shadow may cross a frame boundary along the specified entry or exit path. During 0.00–0.20 seconds, the cat holds its initial seated pose. At 0.20 seconds, one small, tightly wound matte wool ball enters from the viewer's right and rolls right-to-left along a straight path on the foreground floor, with visible rotation and one attached contact shadow. From 0.35 to 0.85 seconds, the cat's eyes track first and the head follows with one small turn; the body transfers a little weight onto the anatomical right front paw on the viewer's left while the anatomical left front paw on the viewer's right lifts. From 0.85 to 1.40 seconds, that lifted paw reaches in one compact arc and its pads meet the top of the ball, causing the ball to decelerate to a brief stop while retaining its size, round boundary and visibility. From 1.50 to 1.85 seconds, the same paw gives one short controlled nudge toward the viewer's left while beginning to retract. The ball resumes rolling at lower speed and, together with its contact shadow, exits completely beyond the viewer's left edge by 2.60 seconds. The cat keeps its eyes on the moving ball and lets its head follow the resumed roll, with the active paw landing comfortably by 2.60 seconds. The ball remains one distinct object during floor contact and brief paw contact, preserving a clear boundary from the paw and any visible tail. By 2.70 seconds, the cat is balanced on both front paws and still looks toward the departing ball; this attentive posture continues through 3.00 seconds. From 3.00 to 4.00 seconds, the ball stays outside the frame and the cat maintains this comfortable posture with faint breathing. No person or hand enters.

overall_soundscape: A soft wool ball rolls across the floor from right to left, slows under one muted paw contact, then resumes with a quieter roll before leaving the frame by 2.60 seconds. One light paw-pad landing accompanies the release of the ball; after 2.70 seconds, only steady studio room tone and faint breathing remain.

non_diegetic_music: N/A
",00,00-orange-shorthair-mackerel-tabby,短毛橘猫鱼骨纹,05,05-left-paw-yarn-right-to-left,左前爪拨球-画面右到左,20000,00-orange-shorthair-mackerel-tabby_05-left-paw-yarn-right-to-left_seed-20000
015,5,cat_ids/00_短毛橘猫鱼骨纹.png,"For the target video, at 0.00 seconds into the target video, <Picture 1> (from [Shot 1]) is fully referenced.

integrated_multimodal_description: [Shot 1] Live-action, photorealistic studio pet footage. A static medium full-body shot begins with the seated cat and scene in <Picture 1>. This is one continuous four-second shot. The cat lowers onto its anatomical left side, on the viewer's right from the opening pose, rolls belly-up and then makes one clearly visible air swat with its anatomical right front paw. From 0.00 to 0.40 seconds, it shifts weight toward the viewer's right, bends the left elbow and lowers the left shoulder. The head and chest travel down toward that same side of the image while the left hip settles nearby. From 0.40 to 1.20 seconds, the left shoulder and flank make gentle floor contact first, then the shoulders and pelvis roll together from that side onto the back. The head settles toward the viewer's right of the hips, so the sideways descent stays clear and continuous. The cat remains fully inside the original frame. By 1.30 seconds, the back is supported by the floor, the belly faces upward and is clearly visible to the camera, both front paws are bent above the chest and the hind legs rest loosely folded. The anatomical right front paw is now the active waving paw. From 1.35 to 1.80 seconds, its elbow extends and the paw travels roughly two paw-lengths out of its initial curled position, visibly away from the chest, leaving a clear gap between the paw and the body. From 1.80 to 2.15 seconds, this raised paw sweeps through a short, clearly visible arc in the air above the belly. From 2.15 to 2.55 seconds, the elbow bends and the paw curls back toward the chest, completing one distinct lift, sweep and return. The other forepaw stays loosely bent, and the body remains belly-up throughout this air swat. The eyes soften and make a small gaze adjustment as the paw returns; the head rests comfortably against the floor. By 2.70 seconds, the swat is complete and the cat is relaxed belly-up with loosely curled paws and gentle breathing; this pose continues through 3.00 seconds. The cat initiates the movement itself, and no person or hand appears. From 3.00 to 4.00 seconds, the cat maintains the posture reached by 2.70 seconds, with only faint breathing and tiny settling movements. Preserve the individual cat's facial proportions, each eye's reference color, coat or bare-skin appearance, markings, ear type and existing tail anatomy as the pose changes. Keep the reference framing, background, floor and lighting consistent, with grounded shadows following the cat's movement. The cat is alone and the surrounding floor stays clear. 

overall_soundscape: Soft paw shifts and a gentle shoulder-and-flank contact accompany the early sideways descent and roll. A light surface movement accompanies the small body adjustment during the air swat, with no impact sound from the raised paw. Movement sounds finish by 2.70 seconds; faint breathing continues over quiet studio room tone.

non_diegetic_music: N/A
",00,00-orange-shorthair-mackerel-tabby,短毛橘猫鱼骨纹,06,06-roll-left-belly-up-swat,向左打滚露腹挥爪,0,00-orange-shorthair-mackerel-tabby_06-roll-left-belly-up-swat_seed-0
016,5,cat_ids/00_短毛橘猫鱼骨纹.png,"For the target video, at 0.00 seconds into the target video, <Picture 1> (from [Shot 1]) is fully referenced.

integrated_multimodal_description: [Shot 1] Live-action, photorealistic studio pet footage. A static medium full-body shot begins with the seated cat and scene in <Picture 1>. This is one continuous four-second shot. The cat lowers onto its anatomical left side, on the viewer's right from the opening pose, rolls belly-up and then makes one clearly visible air swat with its anatomical right front paw. From 0.00 to 0.40 seconds, it shifts weight toward the viewer's right, bends the left elbow and lowers the left shoulder. The head and chest travel down toward that same side of the image while the left hip settles nearby. From 0.40 to 1.20 seconds, the left shoulder and flank make gentle floor contact first, then the shoulders and pelvis roll together from that side onto the back. The head settles toward the viewer's right of the hips, so the sideways descent stays clear and continuous. The cat remains fully inside the original frame. By 1.30 seconds, the back is supported by the floor, the belly faces upward and is clearly visible to the camera, both front paws are bent above the chest and the hind legs rest loosely folded. The anatomical right front paw is now the active waving paw. From 1.35 to 1.80 seconds, its elbow extends and the paw travels roughly two paw-lengths out of its initial curled position, visibly away from the chest, leaving a clear gap between the paw and the body. From 1.80 to 2.15 seconds, this raised paw sweeps through a short, clearly visible arc in the air above the belly. From 2.15 to 2.55 seconds, the elbow bends and the paw curls back toward the chest, completing one distinct lift, sweep and return. The other forepaw stays loosely bent, and the body remains belly-up throughout this air swat. The eyes soften and make a small gaze adjustment as the paw returns; the head rests comfortably against the floor. By 2.70 seconds, the swat is complete and the cat is relaxed belly-up with loosely curled paws and gentle breathing; this pose continues through 3.00 seconds. The cat initiates the movement itself, and no person or hand appears. From 3.00 to 4.00 seconds, the cat maintains the posture reached by 2.70 seconds, with only faint breathing and tiny settling movements. Preserve the individual cat's facial proportions, each eye's reference color, coat or bare-skin appearance, markings, ear type and existing tail anatomy as the pose changes. Keep the reference framing, background, floor and lighting consistent, with grounded shadows following the cat's movement. The cat is alone and the surrounding floor stays clear. 

overall_soundscape: Soft paw shifts and a gentle shoulder-and-flank contact accompany the early sideways descent and roll. A light surface movement accompanies the small body adjustment during the air swat, with no impact sound from the raised paw. Movement sounds finish by 2.70 seconds; faint breathing continues over quiet studio room tone.

non_diegetic_music: N/A
",00,00-orange-shorthair-mackerel-tabby,短毛橘猫鱼骨纹,06,06-roll-left-belly-up-swat,向左打滚露腹挥爪,10000,00-orange-shorthair-mackerel-tabby_06-roll-left-belly-up-swat_seed-10000
017,5,cat_ids/00_短毛橘猫鱼骨纹.png,"For the target video, at 0.00 seconds into the target video, <Picture 1> (from [Shot 1]) is fully referenced.

integrated_multimodal_description: [Shot 1] Live-action, photorealistic studio pet footage. A static medium full-body shot begins with the seated cat and scene in <Picture 1>. This is one continuous four-second shot. The cat lowers onto its anatomical left side, on the viewer's right from the opening pose, rolls belly-up and then makes one clearly visible air swat with its anatomical right front paw. From 0.00 to 0.40 seconds, it shifts weight toward the viewer's right, bends the left elbow and lowers the left shoulder. The head and chest travel down toward that same side of the image while the left hip settles nearby. From 0.40 to 1.20 seconds, the left shoulder and flank make gentle floor contact first, then the shoulders and pelvis roll together from that side onto the back. The head settles toward the viewer's right of the hips, so the sideways descent stays clear and continuous. The cat remains fully inside the original frame. By 1.30 seconds, the back is supported by the floor, the belly faces upward and is clearly visible to the camera, both front paws are bent above the chest and the hind legs rest loosely folded. The anatomical right front paw is now the active waving paw. From 1.35 to 1.80 seconds, its elbow extends and the paw travels roughly two paw-lengths out of its initial curled position, visibly away from the chest, leaving a clear gap between the paw and the body. From 1.80 to 2.15 seconds, this raised paw sweeps through a short, clearly visible arc in the air above the belly. From 2.15 to 2.55 seconds, the elbow bends and the paw curls back toward the chest, completing one distinct lift, sweep and return. The other forepaw stays loosely bent, and the body remains belly-up throughout this air swat. The eyes soften and make a small gaze adjustment as the paw returns; the head rests comfortably against the floor. By 2.70 seconds, the swat is complete and the cat is relaxed belly-up with loosely curled paws and gentle breathing; this pose continues through 3.00 seconds. The cat initiates the movement itself, and no person or hand appears. From 3.00 to 4.00 seconds, the cat maintains the posture reached by 2.70 seconds, with only faint breathing and tiny settling movements. Preserve the individual cat's facial proportions, each eye's reference color, coat or bare-skin appearance, markings, ear type and existing tail anatomy as the pose changes. Keep the reference framing, background, floor and lighting consistent, with grounded shadows following the cat's movement. The cat is alone and the surrounding floor stays clear. 

overall_soundscape: Soft paw shifts and a gentle shoulder-and-flank contact accompany the early sideways descent and roll. A light surface movement accompanies the small body adjustment during the air swat, with no impact sound from the raised paw. Movement sounds finish by 2.70 seconds; faint breathing continues over quiet studio room tone.

non_diegetic_music: N/A
",00,00-orange-shorthair-mackerel-tabby,短毛橘猫鱼骨纹,06,06-roll-left-belly-up-swat,向左打滚露腹挥爪,20000,00-orange-shorthair-mackerel-tabby_06-roll-left-belly-up-swat_seed-20000
018,6,cat_ids/00_短毛橘猫鱼骨纹.png,"For the target video, at 0.00 seconds into the target video, <Picture 1> (from [Shot 1]) is fully referenced.

integrated_multimodal_description: [Shot 1] Live-action, photorealistic studio pet footage. A static medium full-body shot begins with the seated cat and scene in <Picture 1>. This is one continuous four-second shot. The cat lowers onto its anatomical right side, on the viewer's left from the opening pose, rolls belly-up and then makes one clearly visible air swat with its anatomical left front paw. From 0.00 to 0.40 seconds, it shifts weight toward the viewer's left, bends the right elbow and lowers the right shoulder. The head and chest travel down toward that same side of the image while the right hip settles nearby. From 0.40 to 1.20 seconds, the right shoulder and flank make gentle floor contact first, then the shoulders and pelvis roll together from that side onto the back. The head settles toward the viewer's left of the hips, so the sideways descent stays clear and continuous. The cat remains fully inside the original frame. By 1.30 seconds, the back is supported by the floor, the belly faces upward and is clearly visible to the camera, both front paws are bent above the chest and the hind legs rest loosely folded. The anatomical left front paw is now the active waving paw. From 1.35 to 1.80 seconds, its elbow extends and the paw travels roughly two paw-lengths out of its initial curled position, visibly away from the chest, leaving a clear gap between the paw and the body. From 1.80 to 2.15 seconds, this raised paw sweeps through a short, clearly visible arc in the air above the belly. From 2.15 to 2.55 seconds, the elbow bends and the paw curls back toward the chest, completing one distinct lift, sweep and return. The other forepaw stays loosely bent, and the body remains belly-up throughout this air swat. The eyes soften and make a small gaze adjustment as the paw returns; the head rests comfortably against the floor. By 2.70 seconds, the swat is complete and the cat is relaxed belly-up with loosely curled paws and gentle breathing; this pose continues through 3.00 seconds. The cat initiates the movement itself, and no person or hand appears. From 3.00 to 4.00 seconds, the cat maintains the posture reached by 2.70 seconds, with only faint breathing and tiny settling movements. Preserve the individual cat's facial proportions, each eye's reference color, coat or bare-skin appearance, markings, ear type and existing tail anatomy as the pose changes. Keep the reference framing, background, floor and lighting consistent, with grounded shadows following the cat's movement. The cat is alone and the surrounding floor stays clear. 

overall_soundscape: Soft paw shifts and a gentle shoulder-and-flank contact accompany the early sideways descent and roll. A light surface movement accompanies the small body adjustment during the air swat, with no impact sound from the raised paw. Movement sounds finish by 2.70 seconds; faint breathing continues over quiet studio room tone.

non_diegetic_music: N/A
",00,00-orange-shorthair-mackerel-tabby,短毛橘猫鱼骨纹,07,07-roll-right-belly-up-swat,向右打滚露腹挥爪,0,00-orange-shorthair-mackerel-tabby_07-roll-right-belly-up-swat_seed-0
019,6,cat_ids/00_短毛橘猫鱼骨纹.png,"For the target video, at 0.00 seconds into the target video, <Picture 1> (from [Shot 1]) is fully referenced.

integrated_multimodal_description: [Shot 1] Live-action, photorealistic studio pet footage. A static medium full-body shot begins with the seated cat and scene in <Picture 1>. This is one continuous four-second shot. The cat lowers onto its anatomical right side, on the viewer's left from the opening pose, rolls belly-up and then makes one clearly visible air swat with its anatomical left front paw. From 0.00 to 0.40 seconds, it shifts weight toward the viewer's left, bends the right elbow and lowers the right shoulder. The head and chest travel down toward that same side of the image while the right hip settles nearby. From 0.40 to 1.20 seconds, the right shoulder and flank make gentle floor contact first, then the shoulders and pelvis roll together from that side onto the back. The head settles toward the viewer's left of the hips, so the sideways descent stays clear and continuous. The cat remains fully inside the original frame. By 1.30 seconds, the back is supported by the floor, the belly faces upward and is clearly visible to the camera, both front paws are bent above the chest and the hind legs rest loosely folded. The anatomical left front paw is now the active waving paw. From 1.35 to 1.80 seconds, its elbow extends and the paw travels roughly two paw-lengths out of its initial curled position, visibly away from the chest, leaving a clear gap between the paw and the body. From 1.80 to 2.15 seconds, this raised paw sweeps through a short, clearly visible arc in the air above the belly. From 2.15 to 2.55 seconds, the elbow bends and the paw curls back toward the chest, completing one distinct lift, sweep and return. The other forepaw stays loosely bent, and the body remains belly-up throughout this air swat. The eyes soften and make a small gaze adjustment as the paw returns; the head rests comfortably against the floor. By 2.70 seconds, the swat is complete and the cat is relaxed belly-up with loosely curled paws and gentle breathing; this pose continues through 3.00 seconds. The cat initiates the movement itself, and no person or hand appears. From 3.00 to 4.00 seconds, the cat maintains the posture reached by 2.70 seconds, with only faint breathing and tiny settling movements. Preserve the individual cat's facial proportions, each eye's reference color, coat or bare-skin appearance, markings, ear type and existing tail anatomy as the pose changes. Keep the reference framing, background, floor and lighting consistent, with grounded shadows following the cat's movement. The cat is alone and the surrounding floor stays clear. 

overall_soundscape: Soft paw shifts and a gentle shoulder-and-flank contact accompany the early sideways descent and roll. A light surface movement accompanies the small body adjustment during the air swat, with no impact sound from the raised paw. Movement sounds finish by 2.70 seconds; faint breathing continues over quiet studio room tone.

non_diegetic_music: N/A
",00,00-orange-shorthair-mackerel-tabby,短毛橘猫鱼骨纹,07,07-roll-right-belly-up-swat,向右打滚露腹挥爪,10000,00-orange-shorthair-mackerel-tabby_07-roll-right-belly-up-swat_seed-10000
020,6,cat_ids/00_短毛橘猫鱼骨纹.png,"For the target video, at 0.00 seconds into the target video, <Picture 1> (from [Shot 1]) is fully referenced.

integrated_multimodal_description: [Shot 1] Live-action, photorealistic studio pet footage. A static medium full-body shot begins with the seated cat and scene in <Picture 1>. This is one continuous four-second shot. The cat lowers onto its anatomical right side, on the viewer's left from the opening pose, rolls belly-up and then makes one clearly visible air swat with its anatomical left front paw. From 0.00 to 0.40 seconds, it shifts weight toward the viewer's left, bends the right elbow and lowers the right shoulder. The head and chest travel down toward that same side of the image while the right hip settles nearby. From 0.40 to 1.20 seconds, the right shoulder and flank make gentle floor contact first, then the shoulders and pelvis roll together from that side onto the back. The head settles toward the viewer's left of the hips, so the sideways descent stays clear and continuous. The cat remains fully inside the original frame. By 1.30 seconds, the back is supported by the floor, the belly faces upward and is clearly visible to the camera, both front paws are bent above the chest and the hind legs rest loosely folded. The anatomical left front paw is now the active waving paw. From 1.35 to 1.80 seconds, its elbow extends and the paw travels roughly two paw-lengths out of its initial curled position, visibly away from the chest, leaving a clear gap between the paw and the body. From 1.80 to 2.15 seconds, this raised paw sweeps through a short, clearly visible arc in the air above the belly. From 2.15 to 2.55 seconds, the elbow bends and the paw curls back toward the chest, completing one distinct lift, sweep and return. The other forepaw stays loosely bent, and the body remains belly-up throughout this air swat. The eyes soften and make a small gaze adjustment as the paw returns; the head rests comfortably against the floor. By 2.70 seconds, the swat is complete and the cat is relaxed belly-up with loosely curled paws and gentle breathing; this pose continues through 3.00 seconds. The cat initiates the movement itself, and no person or hand appears. From 3.00 to 4.00 seconds, the cat maintains the posture reached by 2.70 seconds, with only faint breathing and tiny settling movements. Preserve the individual cat's facial proportions, each eye's reference color, coat or bare-skin appearance, markings, ear type and existing tail anatomy as the pose changes. Keep the reference framing, background, floor and lighting consistent, with grounded shadows following the cat's movement. The cat is alone and the surrounding floor stays clear. 

overall_soundscape: Soft paw shifts and a gentle shoulder-and-flank contact accompany the early sideways descent and roll. A light surface movement accompanies the small body adjustment during the air swat, with no impact sound from the raised paw. Movement sounds finish by 2.70 seconds; faint breathing continues over quiet studio room tone.

non_diegetic_music: N/A
",00,00-orange-shorthair-mackerel-tabby,短毛橘猫鱼骨纹,07,07-roll-right-belly-up-swat,向右打滚露腹挥爪,20000,00-orange-shorthair-mackerel-tabby_07-roll-right-belly-up-swat_seed-20000
021,7,cat_ids/00_短毛橘猫鱼骨纹.png,"For the target video, at 0.00 seconds into the target video, <Picture 1> (from [Shot 1]) is fully referenced.

integrated_multimodal_description: [Shot 1] Live-action, photorealistic studio pet footage. A static medium full-body shot begins with the seated cat and scene in <Picture 1>. This is one continuous four-second shot. The cat calmly grooms its anatomical left front paw, on the viewer's right in the opening pose. From 0.00 to 0.60 seconds, it shifts weight onto its anatomical right front paw and the seated hindquarters, lifts the active paw toward the mouth and lowers the head slightly to meet it. The eyes soften as the paw rises in a small comfortable arc. From 0.70 to 1.00 seconds, the tongue extends, makes one clear lick across the raised paw and retracts fully. After a brief pause, from 1.20 to 1.50 seconds, it makes a second visible lick and retracts again. The paw stays distinct from the muzzle, with a small natural wrist adjustment between the contacts. From 1.60 to 2.40 seconds, the mouth closes, the head rises slightly and the paw lowers comfortably onto the floor. By 2.70 seconds, the shoulders have resettled and the eyes glance gently toward the freshly groomed paw. Through 3.00 seconds, the cat remains seated with this relaxed head angle and soft breathing. From 3.00 to 4.00 seconds, the cat maintains the posture reached by 2.70 seconds, with only faint breathing and tiny settling movements. Preserve the individual cat's facial proportions, each eye's reference color, coat or bare-skin appearance, markings, ear type and existing tail anatomy as the pose changes. Keep the reference framing, background, floor and lighting consistent, with grounded shadows following the cat's movement. The cat is alone and the surrounding floor stays clear. 

overall_soundscape: Two quiet wet licking sounds accompany the two tongue contacts before 1.50 seconds. A faint body movement and soft paw-pad landing finish by 2.70 seconds, followed by quiet room tone and breathing.

non_diegetic_music: N/A
",00,00-orange-shorthair-mackerel-tabby,短毛橘猫鱼骨纹,08,08-lick-left-paw,舔左前爪,0,00-orange-shorthair-mackerel-tabby_08-lick-left-paw_seed-0
022,7,cat_ids/00_短毛橘猫鱼骨纹.png,"For the target video, at 0.00 seconds into the target video, <Picture 1> (from [Shot 1]) is fully referenced.

integrated_multimodal_description: [Shot 1] Live-action, photorealistic studio pet footage. A static medium full-body shot begins with the seated cat and scene in <Picture 1>. This is one continuous four-second shot. The cat calmly grooms its anatomical left front paw, on the viewer's right in the opening pose. From 0.00 to 0.60 seconds, it shifts weight onto its anatomical right front paw and the seated hindquarters, lifts the active paw toward the mouth and lowers the head slightly to meet it. The eyes soften as the paw rises in a small comfortable arc. From 0.70 to 1.00 seconds, the tongue extends, makes one clear lick across the raised paw and retracts fully. After a brief pause, from 1.20 to 1.50 seconds, it makes a second visible lick and retracts again. The paw stays distinct from the muzzle, with a small natural wrist adjustment between the contacts. From 1.60 to 2.40 seconds, the mouth closes, the head rises slightly and the paw lowers comfortably onto the floor. By 2.70 seconds, the shoulders have resettled and the eyes glance gently toward the freshly groomed paw. Through 3.00 seconds, the cat remains seated with this relaxed head angle and soft breathing. From 3.00 to 4.00 seconds, the cat maintains the posture reached by 2.70 seconds, with only faint breathing and tiny settling movements. Preserve the individual cat's facial proportions, each eye's reference color, coat or bare-skin appearance, markings, ear type and existing tail anatomy as the pose changes. Keep the reference framing, background, floor and lighting consistent, with grounded shadows following the cat's movement. The cat is alone and the surrounding floor stays clear. 

overall_soundscape: Two quiet wet licking sounds accompany the two tongue contacts before 1.50 seconds. A faint body movement and soft paw-pad landing finish by 2.70 seconds, followed by quiet room tone and breathing.

non_diegetic_music: N/A
",00,00-orange-shorthair-mackerel-tabby,短毛橘猫鱼骨纹,08,08-lick-left-paw,舔左前爪,10000,00-orange-shorthair-mackerel-tabby_08-lick-left-paw_seed-10000
023,7,cat_ids/00_短毛橘猫鱼骨纹.png,"For the target video, at 0.00 seconds into the target video, <Picture 1> (from [Shot 1]) is fully referenced.

integrated_multimodal_description: [Shot 1] Live-action, photorealistic studio pet footage. A static medium full-body shot begins with the seated cat and scene in <Picture 1>. This is one continuous four-second shot. The cat calmly grooms its anatomical left front paw, on the viewer's right in the opening pose. From 0.00 to 0.60 seconds, it shifts weight onto its anatomical right front paw and the seated hindquarters, lifts the active paw toward the mouth and lowers the head slightly to meet it. The eyes soften as the paw rises in a small comfortable arc. From 0.70 to 1.00 seconds, the tongue extends, makes one clear lick across the raised paw and retracts fully. After a brief pause, from 1.20 to 1.50 seconds, it makes a second visible lick and retracts again. The paw stays distinct from the muzzle, with a small natural wrist adjustment between the contacts. From 1.60 to 2.40 seconds, the mouth closes, the head rises slightly and the paw lowers comfortably onto the floor. By 2.70 seconds, the shoulders have resettled and the eyes glance gently toward the freshly groomed paw. Through 3.00 seconds, the cat remains seated with this relaxed head angle and soft breathing. From 3.00 to 4.00 seconds, the cat maintains the posture reached by 2.70 seconds, with only faint breathing and tiny settling movements. Preserve the individual cat's facial proportions, each eye's reference color, coat or bare-skin appearance, markings, ear type and existing tail anatomy as the pose changes. Keep the reference framing, background, floor and lighting consistent, with grounded shadows following the cat's movement. The cat is alone and the surrounding floor stays clear. 

overall_soundscape: Two quiet wet licking sounds accompany the two tongue contacts before 1.50 seconds. A faint body movement and soft paw-pad landing finish by 2.70 seconds, followed by quiet room tone and breathing.

non_diegetic_music: N/A
",00,00-orange-shorthair-mackerel-tabby,短毛橘猫鱼骨纹,08,08-lick-left-paw,舔左前爪,20000,00-orange-shorthair-mackerel-tabby_08-lick-left-paw_seed-20000
024,8,cat_ids/00_短毛橘猫鱼骨纹.png,"For the target video, at 0.00 seconds into the target video, <Picture 1> (from [Shot 1]) is fully referenced.

integrated_multimodal_description: [Shot 1] Live-action, photorealistic studio pet footage. A static medium full-body shot begins with the seated cat and scene in <Picture 1>. This is one continuous four-second shot. The cat calmly grooms its anatomical right front paw, on the viewer's left in the opening pose. From 0.00 to 0.60 seconds, it shifts weight onto its anatomical left front paw and the seated hindquarters, lifts the active paw toward the mouth and lowers the head slightly to meet it. The eyes soften as the paw rises in a small comfortable arc. From 0.70 to 1.00 seconds, the tongue extends, makes one clear lick across the raised paw and retracts fully. After a brief pause, from 1.20 to 1.50 seconds, it makes a second visible lick and retracts again. The paw stays distinct from the muzzle, with a small natural wrist adjustment between the contacts. From 1.60 to 2.40 seconds, the mouth closes, the head rises slightly and the paw lowers comfortably onto the floor. By 2.70 seconds, the shoulders have resettled and the eyes glance gently toward the freshly groomed paw. Through 3.00 seconds, the cat remains seated with this relaxed head angle and soft breathing. From 3.00 to 4.00 seconds, the cat maintains the posture reached by 2.70 seconds, with only faint breathing and tiny settling movements. Preserve the individual cat's facial proportions, each eye's reference color, coat or bare-skin appearance, markings, ear type and existing tail anatomy as the pose changes. Keep the reference framing, background, floor and lighting consistent, with grounded shadows following the cat's movement. The cat is alone and the surrounding floor stays clear. 

overall_soundscape: Two quiet wet licking sounds accompany the two tongue contacts before 1.50 seconds. A faint body movement and soft paw-pad landing finish by 2.70 seconds, followed by quiet room tone and breathing.

non_diegetic_music: N/A
",00,00-orange-shorthair-mackerel-tabby,短毛橘猫鱼骨纹,09,09-lick-right-paw,舔右前爪,0,00-orange-shorthair-mackerel-tabby_09-lick-right-paw_seed-0
025,8,cat_ids/00_短毛橘猫鱼骨纹.png,"For the target video, at 0.00 seconds into the target video, <Picture 1> (from [Shot 1]) is fully referenced.

integrated_multimodal_description: [Shot 1] Live-action, photorealistic studio pet footage. A static medium full-body shot begins with the seated cat and scene in <Picture 1>. This is one continuous four-second shot. The cat calmly grooms its anatomical right front paw, on the viewer's left in the opening pose. From 0.00 to 0.60 seconds, it shifts weight onto its anatomical left front paw and the seated hindquarters, lifts the active paw toward the mouth and lowers the head slightly to meet it. The eyes soften as the paw rises in a small comfortable arc. From 0.70 to 1.00 seconds, the tongue extends, makes one clear lick across the raised paw and retracts fully. After a brief pause, from 1.20 to 1.50 seconds, it makes a second visible lick and retracts again. The paw stays distinct from the muzzle, with a small natural wrist adjustment between the contacts. From 1.60 to 2.40 seconds, the mouth closes, the head rises slightly and the paw lowers comfortably onto the floor. By 2.70 seconds, the shoulders have resettled and the eyes glance gently toward the freshly groomed paw. Through 3.00 seconds, the cat remains seated with this relaxed head angle and soft breathing. From 3.00 to 4.00 seconds, the cat maintains the posture reached by 2.70 seconds, with only faint breathing and tiny settling movements. Preserve the individual cat's facial proportions, each eye's reference color, coat or bare-skin appearance, markings, ear type and existing tail anatomy as the pose changes. Keep the reference framing, background, floor and lighting consistent, with grounded shadows following the cat's movement. The cat is alone and the surrounding floor stays clear. 

overall_soundscape: Two quiet wet licking sounds accompany the two tongue contacts before 1.50 seconds. A faint body movement and soft paw-pad landing finish by 2.70 seconds, followed by quiet room tone and breathing.

non_diegetic_music: N/A
",00,00-orange-shorthair-mackerel-tabby,短毛橘猫鱼骨纹,09,09-lick-right-paw,舔右前爪,10000,00-orange-shorthair-mackerel-tabby_09-lick-right-paw_seed-10000
026,8,cat_ids/00_短毛橘猫鱼骨纹.png,"For the target video, at 0.00 seconds into the target video, <Picture 1> (from [Shot 1]) is fully referenced.

integrated_multimodal_description: [Shot 1] Live-action, photorealistic studio pet footage. A static medium full-body shot begins with the seated cat and scene in <Picture 1>. This is one continuous four-second shot. The cat calmly grooms its anatomical right front paw, on the viewer's left in the opening pose. From 0.00 to 0.60 seconds, it shifts weight onto its anatomical left front paw and the seated hindquarters, lifts the active paw toward the mouth and lowers the head slightly to meet it. The eyes soften as the paw rises in a small comfortable arc. From 0.70 to 1.00 seconds, the tongue extends, makes one clear lick across the raised paw and retracts fully. After a brief pause, from 1.20 to 1.50 seconds, it makes a second visible lick and retracts again. The paw stays distinct from the muzzle, with a small natural wrist adjustment between the contacts. From 1.60 to 2.40 seconds, the mouth closes, the head rises slightly and the paw lowers comfortably onto the floor. By 2.70 seconds, the shoulders have resettled and the eyes glance gently toward the freshly groomed paw. Through 3.00 seconds, the cat remains seated with this relaxed head angle and soft breathing. From 3.00 to 4.00 seconds, the cat maintains the posture reached by 2.70 seconds, with only faint breathing and tiny settling movements. Preserve the individual cat's facial proportions, each eye's reference color, coat or bare-skin appearance, markings, ear type and existing tail anatomy as the pose changes. Keep the reference framing, background, floor and lighting consistent, with grounded shadows following the cat's movement. The cat is alone and the surrounding floor stays clear. 

overall_soundscape: Two quiet wet licking sounds accompany the two tongue contacts before 1.50 seconds. A faint body movement and soft paw-pad landing finish by 2.70 seconds, followed by quiet room tone and breathing.

non_diegetic_music: N/A
",00,00-orange-shorthair-mackerel-tabby,短毛橘猫鱼骨纹,09,09-lick-right-paw,舔右前爪,20000,00-orange-shorthair-mackerel-tabby_09-lick-right-paw_seed-20000
027,9,cat_ids/00_短毛橘猫鱼骨纹.png,"For the target video, at 0.00 seconds into the target video, <Picture 1> (from [Shot 1]) is fully referenced.

integrated_multimodal_description: [Shot 1] Live-action, photorealistic studio pet footage. A static medium full-body shot begins with the seated cat and scene in <Picture 1>. This is one continuous four-second shot. The cat eats one small mouthful of dry cat food at a comfortable pace. From 0.00 to 0.45 seconds, one shallow plain dish containing a small portion of food slides gently into view from the bottom edge along the floor and slows to a complete stop just ahead of the front paws, within comfortable reach. As it arrives, the cat looks down and begins lowering its head. From 0.45 to 1.05 seconds, the head lowers smoothly to the dish and the cat briefly sniffs just above the food; the ears make a small attentive adjustment. From 1.05 to 1.35 seconds, it takes one small mouthful and lifts its muzzle slightly clear of the food. From 1.35 to 2.50 seconds, it chews in a few small jaw movements with comfortable pauses, soft eyelids and subtle neck adjustments. By 2.70 seconds, the small mouthful is finished and the cat rests with its mouth closed and its head still comfortably lowered near the dish. This relaxed meal-side posture continues through 3.00 seconds, with the dish and remaining food staying in place. The dish keeps its shape and grounded contact shadow throughout. From 3.00 to 4.00 seconds, the cat maintains the posture reached by 2.70 seconds, with only faint breathing and tiny settling movements. Preserve the individual cat's facial proportions, each eye's reference color, coat or bare-skin appearance, markings, ear type and existing tail anatomy as the pose changes. Keep the reference framing, background, floor and lighting consistent, with grounded shadows following the cat's movement. Only the cat and this single dish of food occupy the scene. No person or hand enters.

overall_soundscape: A soft dish slide is heard at the start, followed by a faint sniff. A few small dry crunches accompany chewing between 1.35 and 2.50 seconds; after 2.70 seconds, only quiet studio ambience and faint breathing remain.

non_diegetic_music: N/A
",00,00-orange-shorthair-mackerel-tabby,短毛橘猫鱼骨纹,10,10-eat-cat-food,吃猫粮,0,00-orange-shorthair-mackerel-tabby_10-eat-cat-food_seed-0
028,9,cat_ids/00_短毛橘猫鱼骨纹.png,"For the target video, at 0.00 seconds into the target video, <Picture 1> (from [Shot 1]) is fully referenced.

integrated_multimodal_description: [Shot 1] Live-action, photorealistic studio pet footage. A static medium full-body shot begins with the seated cat and scene in <Picture 1>. This is one continuous four-second shot. The cat eats one small mouthful of dry cat food at a comfortable pace. From 0.00 to 0.45 seconds, one shallow plain dish containing a small portion of food slides gently into view from the bottom edge along the floor and slows to a complete stop just ahead of the front paws, within comfortable reach. As it arrives, the cat looks down and begins lowering its head. From 0.45 to 1.05 seconds, the head lowers smoothly to the dish and the cat briefly sniffs just above the food; the ears make a small attentive adjustment. From 1.05 to 1.35 seconds, it takes one small mouthful and lifts its muzzle slightly clear of the food. From 1.35 to 2.50 seconds, it chews in a few small jaw movements with comfortable pauses, soft eyelids and subtle neck adjustments. By 2.70 seconds, the small mouthful is finished and the cat rests with its mouth closed and its head still comfortably lowered near the dish. This relaxed meal-side posture continues through 3.00 seconds, with the dish and remaining food staying in place. The dish keeps its shape and grounded contact shadow throughout. From 3.00 to 4.00 seconds, the cat maintains the posture reached by 2.70 seconds, with only faint breathing and tiny settling movements. Preserve the individual cat's facial proportions, each eye's reference color, coat or bare-skin appearance, markings, ear type and existing tail anatomy as the pose changes. Keep the reference framing, background, floor and lighting consistent, with grounded shadows following the cat's movement. Only the cat and this single dish of food occupy the scene. No person or hand enters.

overall_soundscape: A soft dish slide is heard at the start, followed by a faint sniff. A few small dry crunches accompany chewing between 1.35 and 2.50 seconds; after 2.70 seconds, only quiet studio ambience and faint breathing remain.

non_diegetic_music: N/A
",00,00-orange-shorthair-mackerel-tabby,短毛橘猫鱼骨纹,10,10-eat-cat-food,吃猫粮,10000,00-orange-shorthair-mackerel-tabby_10-eat-cat-food_seed-10000
029,9,cat_ids/00_短毛橘猫鱼骨纹.png,"For the target video, at 0.00 seconds into the target video, <Picture 1> (from [Shot 1]) is fully referenced.

integrated_multimodal_description: [Shot 1] Live-action, photorealistic studio pet footage. A static medium full-body shot begins with the seated cat and scene in <Picture 1>. This is one continuous four-second shot. The cat eats one small mouthful of dry cat food at a comfortable pace. From 0.00 to 0.45 seconds, one shallow plain dish containing a small portion of food slides gently into view from the bottom edge along the floor and slows to a complete stop just ahead of the front paws, within comfortable reach. As it arrives, the cat looks down and begins lowering its head. From 0.45 to 1.05 seconds, the head lowers smoothly to the dish and the cat briefly sniffs just above the food; the ears make a small attentive adjustment. From 1.05 to 1.35 seconds, it takes one small mouthful and lifts its muzzle slightly clear of the food. From 1.35 to 2.50 seconds, it chews in a few small jaw movements with comfortable pauses, soft eyelids and subtle neck adjustments. By 2.70 seconds, the small mouthful is finished and the cat rests with its mouth closed and its head still comfortably lowered near the dish. This relaxed meal-side posture continues through 3.00 seconds, with the dish and remaining food staying in place. The dish keeps its shape and grounded contact shadow throughout. From 3.00 to 4.00 seconds, the cat maintains the posture reached by 2.70 seconds, with only faint breathing and tiny settling movements. Preserve the individual cat's facial proportions, each eye's reference color, coat or bare-skin appearance, markings, ear type and existing tail anatomy as the pose changes. Keep the reference framing, background, floor and lighting consistent, with grounded shadows following the cat's movement. Only the cat and this single dish of food occupy the scene. No person or hand enters.

overall_soundscape: A soft dish slide is heard at the start, followed by a faint sniff. A few small dry crunches accompany chewing between 1.35 and 2.50 seconds; after 2.70 seconds, only quiet studio ambience and faint breathing remain.

non_diegetic_music: N/A
",00,00-orange-shorthair-mackerel-tabby,短毛橘猫鱼骨纹,10,10-eat-cat-food,吃猫粮,20000,00-orange-shorthair-mackerel-tabby_10-eat-cat-food_seed-20000
030,10,cat_ids/00_短毛橘猫鱼骨纹.png,"For the target video, at 0.00 seconds into the target video, <Picture 1> (from [Shot 1]) is fully referenced.

integrated_multimodal_description: [Shot 1] Live-action, photorealistic studio pet footage. A static medium full-body shot begins with the seated cat and scene in <Picture 1>. This is one continuous four-second shot. The cat folds down into a compact curled sleeping pose, turning its head and shoulders toward its anatomical left, the viewer's right from the opening pose. From 0.00 to 0.40 seconds, the eyelids grow heavy, the chin dips and the front paws make small inward adjustments directly beneath the chest. From 0.40 to 1.50 seconds, both elbows fold and the chest descends toward the gathered paws. At the same time, the hindquarters lower beside the chest, the hind legs tuck inward and the spine curves into a small C shape. The shoulders and hips draw together into one compact oval footprint, with the belly facing the floor and the flank resting gently against it. The forepaws remain gathered under the face, and the existing tail settles beside the hindquarters. From 1.50 to 2.30 seconds, the cat rests its chin on the gathered front paws near the viewer's right side of the curled shape and closes its eyes completely. By 2.70 seconds, the head is resting, the shoulders are relaxed and the cat is comfortably curled up. From 2.70 to 3.00 seconds, it remains in this sleeping pose with closed eyes and a small, steady rise and fall of the flank. From 3.00 to 4.00 seconds, the cat maintains the posture reached by 2.70 seconds, with only faint breathing and tiny settling movements. Preserve the individual cat's facial proportions, each eye's reference color, coat or bare-skin appearance, markings, ear type and existing tail anatomy as the pose changes. Keep the reference framing, background, floor and lighting consistent, with grounded shadows following the cat's movement. The cat is alone and the surrounding floor stays clear. 

overall_soundscape: Small paw adjustments and a soft body contact accompany the descent. The movement sounds finish by 2.70 seconds, leaving calm, faint breathing over quiet studio room tone during the sleeping hold.

non_diegetic_music: N/A
",00,00-orange-shorthair-mackerel-tabby,短毛橘猫鱼骨纹,11,11-curl-left-sleep,向左蜷卧入睡,0,00-orange-shorthair-mackerel-tabby_11-curl-left-sleep_seed-0
031,10,cat_ids/00_短毛橘猫鱼骨纹.png,"For the target video, at 0.00 seconds into the target video, <Picture 1> (from [Shot 1]) is fully referenced.

integrated_multimodal_description: [Shot 1] Live-action, photorealistic studio pet footage. A static medium full-body shot begins with the seated cat and scene in <Picture 1>. This is one continuous four-second shot. The cat folds down into a compact curled sleeping pose, turning its head and shoulders toward its anatomical left, the viewer's right from the opening pose. From 0.00 to 0.40 seconds, the eyelids grow heavy, the chin dips and the front paws make small inward adjustments directly beneath the chest. From 0.40 to 1.50 seconds, both elbows fold and the chest descends toward the gathered paws. At the same time, the hindquarters lower beside the chest, the hind legs tuck inward and the spine curves into a small C shape. The shoulders and hips draw together into one compact oval footprint, with the belly facing the floor and the flank resting gently against it. The forepaws remain gathered under the face, and the existing tail settles beside the hindquarters. From 1.50 to 2.30 seconds, the cat rests its chin on the gathered front paws near the viewer's right side of the curled shape and closes its eyes completely. By 2.70 seconds, the head is resting, the shoulders are relaxed and the cat is comfortably curled up. From 2.70 to 3.00 seconds, it remains in this sleeping pose with closed eyes and a small, steady rise and fall of the flank. From 3.00 to 4.00 seconds, the cat maintains the posture reached by 2.70 seconds, with only faint breathing and tiny settling movements. Preserve the individual cat's facial proportions, each eye's reference color, coat or bare-skin appearance, markings, ear type and existing tail anatomy as the pose changes. Keep the reference framing, background, floor and lighting consistent, with grounded shadows following the cat's movement. The cat is alone and the surrounding floor stays clear. 

overall_soundscape: Small paw adjustments and a soft body contact accompany the descent. The movement sounds finish by 2.70 seconds, leaving calm, faint breathing over quiet studio room tone during the sleeping hold.

non_diegetic_music: N/A
",00,00-orange-shorthair-mackerel-tabby,短毛橘猫鱼骨纹,11,11-curl-left-sleep,向左蜷卧入睡,10000,00-orange-shorthair-mackerel-tabby_11-curl-left-sleep_seed-10000
032,10,cat_ids/00_短毛橘猫鱼骨纹.png,"For the target video, at 0.00 seconds into the target video, <Picture 1> (from [Shot 1]) is fully referenced.

integrated_multimodal_description: [Shot 1] Live-action, photorealistic studio pet footage. A static medium full-body shot begins with the seated cat and scene in <Picture 1>. This is one continuous four-second shot. The cat folds down into a compact curled sleeping pose, turning its head and shoulders toward its anatomical left, the viewer's right from the opening pose. From 0.00 to 0.40 seconds, the eyelids grow heavy, the chin dips and the front paws make small inward adjustments directly beneath the chest. From 0.40 to 1.50 seconds, both elbows fold and the chest descends toward the gathered paws. At the same time, the hindquarters lower beside the chest, the hind legs tuck inward and the spine curves into a small C shape. The shoulders and hips draw together into one compact oval footprint, with the belly facing the floor and the flank resting gently against it. The forepaws remain gathered under the face, and the existing tail settles beside the hindquarters. From 1.50 to 2.30 seconds, the cat rests its chin on the gathered front paws near the viewer's right side of the curled shape and closes its eyes completely. By 2.70 seconds, the head is resting, the shoulders are relaxed and the cat is comfortably curled up. From 2.70 to 3.00 seconds, it remains in this sleeping pose with closed eyes and a small, steady rise and fall of the flank. From 3.00 to 4.00 seconds, the cat maintains the posture reached by 2.70 seconds, with only faint breathing and tiny settling movements. Preserve the individual cat's facial proportions, each eye's reference color, coat or bare-skin appearance, markings, ear type and existing tail anatomy as the pose changes. Keep the reference framing, background, floor and lighting consistent, with grounded shadows following the cat's movement. The cat is alone and the surrounding floor stays clear. 

overall_soundscape: Small paw adjustments and a soft body contact accompany the descent. The movement sounds finish by 2.70 seconds, leaving calm, faint breathing over quiet studio room tone during the sleeping hold.

non_diegetic_music: N/A
",00,00-orange-shorthair-mackerel-tabby,短毛橘猫鱼骨纹,11,11-curl-left-sleep,向左蜷卧入睡,20000,00-orange-shorthair-mackerel-tabby_11-curl-left-sleep_seed-20000
033,11,cat_ids/00_短毛橘猫鱼骨纹.png,"For the target video, at 0.00 seconds into the target video, <Picture 1> (from [Shot 1]) is fully referenced.

integrated_multimodal_description: [Shot 1] Live-action, photorealistic studio pet footage. A static medium full-body shot begins with the seated cat and scene in <Picture 1>. This is one continuous four-second shot. The cat folds down into a compact curled sleeping pose, turning its head and shoulders toward its anatomical right, the viewer's left from the opening pose. From 0.00 to 0.40 seconds, the eyelids grow heavy, the chin dips and the front paws make small inward adjustments directly beneath the chest. From 0.40 to 1.50 seconds, both elbows fold and the chest descends toward the gathered paws. At the same time, the hindquarters lower beside the chest, the hind legs tuck inward and the spine curves into a small C shape. The shoulders and hips draw together into one compact oval footprint, with the belly facing the floor and the flank resting gently against it. The forepaws remain gathered under the face, and the existing tail settles beside the hindquarters. From 1.50 to 2.30 seconds, the cat rests its chin on the gathered front paws near the viewer's left side of the curled shape and closes its eyes completely. By 2.70 seconds, the head is resting, the shoulders are relaxed and the cat is comfortably curled up. From 2.70 to 3.00 seconds, it remains in this sleeping pose with closed eyes and a small, steady rise and fall of the flank. From 3.00 to 4.00 seconds, the cat maintains the posture reached by 2.70 seconds, with only faint breathing and tiny settling movements. Preserve the individual cat's facial proportions, each eye's reference color, coat or bare-skin appearance, markings, ear type and existing tail anatomy as the pose changes. Keep the reference framing, background, floor and lighting consistent, with grounded shadows following the cat's movement. The cat is alone and the surrounding floor stays clear. 

overall_soundscape: Small paw adjustments and a soft body contact accompany the descent. The movement sounds finish by 2.70 seconds, leaving calm, faint breathing over quiet studio room tone during the sleeping hold.

non_diegetic_music: N/A
",00,00-orange-shorthair-mackerel-tabby,短毛橘猫鱼骨纹,12,12-curl-right-sleep,向右蜷卧入睡,0,00-orange-shorthair-mackerel-tabby_12-curl-right-sleep_seed-0
034,11,cat_ids/00_短毛橘猫鱼骨纹.png,"For the target video, at 0.00 seconds into the target video, <Picture 1> (from [Shot 1]) is fully referenced.

integrated_multimodal_description: [Shot 1] Live-action, photorealistic studio pet footage. A static medium full-body shot begins with the seated cat and scene in <Picture 1>. This is one continuous four-second shot. The cat folds down into a compact curled sleeping pose, turning its head and shoulders toward its anatomical right, the viewer's left from the opening pose. From 0.00 to 0.40 seconds, the eyelids grow heavy, the chin dips and the front paws make small inward adjustments directly beneath the chest. From 0.40 to 1.50 seconds, both elbows fold and the chest descends toward the gathered paws. At the same time, the hindquarters lower beside the chest, the hind legs tuck inward and the spine curves into a small C shape. The shoulders and hips draw together into one compact oval footprint, with the belly facing the floor and the flank resting gently against it. The forepaws remain gathered under the face, and the existing tail settles beside the hindquarters. From 1.50 to 2.30 seconds, the cat rests its chin on the gathered front paws near the viewer's left side of the curled shape and closes its eyes completely. By 2.70 seconds, the head is resting, the shoulders are relaxed and the cat is comfortably curled up. From 2.70 to 3.00 seconds, it remains in this sleeping pose with closed eyes and a small, steady rise and fall of the flank. From 3.00 to 4.00 seconds, the cat maintains the posture reached by 2.70 seconds, with only faint breathing and tiny settling movements. Preserve the individual cat's facial proportions, each eye's reference color, coat or bare-skin appearance, markings, ear type and existing tail anatomy as the pose changes. Keep the reference framing, background, floor and lighting consistent, with grounded shadows following the cat's movement. The cat is alone and the surrounding floor stays clear. 

overall_soundscape: Small paw adjustments and a soft body contact accompany the descent. The movement sounds finish by 2.70 seconds, leaving calm, faint breathing over quiet studio room tone during the sleeping hold.

non_diegetic_music: N/A
",00,00-orange-shorthair-mackerel-tabby,短毛橘猫鱼骨纹,12,12-curl-right-sleep,向右蜷卧入睡,10000,00-orange-shorthair-mackerel-tabby_12-curl-right-sleep_seed-10000
035,11,cat_ids/00_短毛橘猫鱼骨纹.png,"For the target video, at 0.00 seconds into the target video, <Picture 1> (from [Shot 1]) is fully referenced.

integrated_multimodal_description: [Shot 1] Live-action, photorealistic studio pet footage. A static medium full-body shot begins with the seated cat and scene in <Picture 1>. This is one continuous four-second shot. The cat folds down into a compact curled sleeping pose, turning its head and shoulders toward its anatomical right, the viewer's left from the opening pose. From 0.00 to 0.40 seconds, the eyelids grow heavy, the chin dips and the front paws make small inward adjustments directly beneath the chest. From 0.40 to 1.50 seconds, both elbows fold and the chest descends toward the gathered paws. At the same time, the hindquarters lower beside the chest, the hind legs tuck inward and the spine curves into a small C shape. The shoulders and hips draw together into one compact oval footprint, with the belly facing the floor and the flank resting gently against it. The forepaws remain gathered under the face, and the existing tail settles beside the hindquarters. From 1.50 to 2.30 seconds, the cat rests its chin on the gathered front paws near the viewer's left side of the curled shape and closes its eyes completely. By 2.70 seconds, the head is resting, the shoulders are relaxed and the cat is comfortably curled up. From 2.70 to 3.00 seconds, it remains in this sleeping pose with closed eyes and a small, steady rise and fall of the flank. From 3.00 to 4.00 seconds, the cat maintains the posture reached by 2.70 seconds, with only faint breathing and tiny settling movements. Preserve the individual cat's facial proportions, each eye's reference color, coat or bare-skin appearance, markings, ear type and existing tail anatomy as the pose changes. Keep the reference framing, background, floor and lighting consistent, with grounded shadows following the cat's movement. The cat is alone and the surrounding floor stays clear. 

overall_soundscape: Small paw adjustments and a soft body contact accompany the descent. The movement sounds finish by 2.70 seconds, leaving calm, faint breathing over quiet studio room tone during the sleeping hold.

non_diegetic_music: N/A
",00,00-orange-shorthair-mackerel-tabby,短毛橘猫鱼骨纹,12,12-curl-right-sleep,向右蜷卧入睡,20000,00-orange-shorthair-mackerel-tabby_12-curl-right-sleep_seed-20000
036,12,cat_ids/00_短毛橘猫鱼骨纹.png,"For the target video, at 0.00 seconds into the target video, <Picture 1> (from [Shot 1]) is fully referenced.

integrated_multimodal_description: [Shot 1] Live-action, photorealistic studio pet footage. A static medium full-body shot begins with the seated cat and scene in <Picture 1>. This is one continuous four-second shot. The cat makes one small forward-and-upward hop, lands softly and returns to a comfortable upright seated pose. From 0.00 to 0.30 seconds, it holds the initial seated pose. At 0.30 seconds, one quiet off-screen tongue click draws its gaze slightly above the camera. From 0.30 to 0.85 seconds, the cat leans its chest slightly forward, raises the hindquarters out of the seated position and folds the hind legs into a compact crouch, with both front paws still touching the floor. From 0.85 to 1.10 seconds, the hind legs extend to push against the floor while both front paws lift and reach a short distance forward. From 1.10 to 1.35 seconds, the body travels through one low, compact arc, with all four paws visibly clear of the floor together for a brief moment. The head and chest stay low enough to preserve the available headroom, and the paws remain beneath or just ahead of the body. From 1.35 to 1.65 seconds, the front paws touch down first, followed closely by the hind paws; the elbows and hind legs bend to absorb the landing. The landing is no more than one front-paw length ahead of the starting position. The shadow stays on the floor, visibly separating from the paws during the hop and reconnecting at landing. From 1.65 to 2.50 seconds, the cat lowers its hindquarters, makes a small front-paw placement adjustment beneath the shoulders and raises its chest into an upright, front-facing seated pose near the starting position. By 2.70 seconds, it is comfortably balanced with both front paws on the floor and a relaxed, attentive gaze. This seated posture continues through 3.00 seconds. From 3.00 to 4.00 seconds, the cat maintains the posture reached by 2.70 seconds, with only faint breathing and tiny settling movements. Preserve the individual cat's facial proportions, each anatomical eye's reference color, body proportions, paw anatomy, coat or bare-skin appearance, markings, ear type and existing tail anatomy as the pose changes. Keep the camera position, perspective, focal length, crop, focus, exposure, white balance, reference background, floor and lighting consistent. The entire cat, including the ears, paws and any visible tail, remains inside the original frame with clear margins throughout. Only the cat is visible, and the surrounding floor stays clear.

overall_soundscape: Quiet studio room tone continues throughout. One soft off-screen tongue click at 0.30 seconds is followed by faint paw movement during the crouch, a muted push-off and closely spaced soft paw-pad impacts during the landing between 1.35 and 1.65 seconds. The final paw adjustment finishes by 2.70 seconds, leaving only room tone and faint breathing.

non_diegetic_music: N/A
",00,00-orange-shorthair-mackerel-tabby,短毛橘猫鱼骨纹,13,13-small-jump,小幅跳跃,0,00-orange-shorthair-mackerel-tabby_13-small-jump_seed-0
037,12,cat_ids/00_短毛橘猫鱼骨纹.png,"For the target video, at 0.00 seconds into the target video, <Picture 1> (from [Shot 1]) is fully referenced.

integrated_multimodal_description: [Shot 1] Live-action, photorealistic studio pet footage. A static medium full-body shot begins with the seated cat and scene in <Picture 1>. This is one continuous four-second shot. The cat makes one small forward-and-upward hop, lands softly and returns to a comfortable upright seated pose. From 0.00 to 0.30 seconds, it holds the initial seated pose. At 0.30 seconds, one quiet off-screen tongue click draws its gaze slightly above the camera. From 0.30 to 0.85 seconds, the cat leans its chest slightly forward, raises the hindquarters out of the seated position and folds the hind legs into a compact crouch, with both front paws still touching the floor. From 0.85 to 1.10 seconds, the hind legs extend to push against the floor while both front paws lift and reach a short distance forward. From 1.10 to 1.35 seconds, the body travels through one low, compact arc, with all four paws visibly clear of the floor together for a brief moment. The head and chest stay low enough to preserve the available headroom, and the paws remain beneath or just ahead of the body. From 1.35 to 1.65 seconds, the front paws touch down first, followed closely by the hind paws; the elbows and hind legs bend to absorb the landing. The landing is no more than one front-paw length ahead of the starting position. The shadow stays on the floor, visibly separating from the paws during the hop and reconnecting at landing. From 1.65 to 2.50 seconds, the cat lowers its hindquarters, makes a small front-paw placement adjustment beneath the shoulders and raises its chest into an upright, front-facing seated pose near the starting position. By 2.70 seconds, it is comfortably balanced with both front paws on the floor and a relaxed, attentive gaze. This seated posture continues through 3.00 seconds. From 3.00 to 4.00 seconds, the cat maintains the posture reached by 2.70 seconds, with only faint breathing and tiny settling movements. Preserve the individual cat's facial proportions, each anatomical eye's reference color, body proportions, paw anatomy, coat or bare-skin appearance, markings, ear type and existing tail anatomy as the pose changes. Keep the camera position, perspective, focal length, crop, focus, exposure, white balance, reference background, floor and lighting consistent. The entire cat, including the ears, paws and any visible tail, remains inside the original frame with clear margins throughout. Only the cat is visible, and the surrounding floor stays clear.

overall_soundscape: Quiet studio room tone continues throughout. One soft off-screen tongue click at 0.30 seconds is followed by faint paw movement during the crouch, a muted push-off and closely spaced soft paw-pad impacts during the landing between 1.35 and 1.65 seconds. The final paw adjustment finishes by 2.70 seconds, leaving only room tone and faint breathing.

non_diegetic_music: N/A
",00,00-orange-shorthair-mackerel-tabby,短毛橘猫鱼骨纹,13,13-small-jump,小幅跳跃,10000,00-orange-shorthair-mackerel-tabby_13-small-jump_seed-10000
038,12,cat_ids/00_短毛橘猫鱼骨纹.png,"For the target video, at 0.00 seconds into the target video, <Picture 1> (from [Shot 1]) is fully referenced.

integrated_multimodal_description: [Shot 1] Live-action, photorealistic studio pet footage. A static medium full-body shot begins with the seated cat and scene in <Picture 1>. This is one continuous four-second shot. The cat makes one small forward-and-upward hop, lands softly and returns to a comfortable upright seated pose. From 0.00 to 0.30 seconds, it holds the initial seated pose. At 0.30 seconds, one quiet off-screen tongue click draws its gaze slightly above the camera. From 0.30 to 0.85 seconds, the cat leans its chest slightly forward, raises the hindquarters out of the seated position and folds the hind legs into a compact crouch, with both front paws still touching the floor. From 0.85 to 1.10 seconds, the hind legs extend to push against the floor while both front paws lift and reach a short distance forward. From 1.10 to 1.35 seconds, the body travels through one low, compact arc, with all four paws visibly clear of the floor together for a brief moment. The head and chest stay low enough to preserve the available headroom, and the paws remain beneath or just ahead of the body. From 1.35 to 1.65 seconds, the front paws touch down first, followed closely by the hind paws; the elbows and hind legs bend to absorb the landing. The landing is no more than one front-paw length ahead of the starting position. The shadow stays on the floor, visibly separating from the paws during the hop and reconnecting at landing. From 1.65 to 2.50 seconds, the cat lowers its hindquarters, makes a small front-paw placement adjustment beneath the shoulders and raises its chest into an upright, front-facing seated pose near the starting position. By 2.70 seconds, it is comfortably balanced with both front paws on the floor and a relaxed, attentive gaze. This seated posture continues through 3.00 seconds. From 3.00 to 4.00 seconds, the cat maintains the posture reached by 2.70 seconds, with only faint breathing and tiny settling movements. Preserve the individual cat's facial proportions, each anatomical eye's reference color, body proportions, paw anatomy, coat or bare-skin appearance, markings, ear type and existing tail anatomy as the pose changes. Keep the camera position, perspective, focal length, crop, focus, exposure, white balance, reference background, floor and lighting consistent. The entire cat, including the ears, paws and any visible tail, remains inside the original frame with clear margins throughout. Only the cat is visible, and the surrounding floor stays clear.

overall_soundscape: Quiet studio room tone continues throughout. One soft off-screen tongue click at 0.30 seconds is followed by faint paw movement during the crouch, a muted push-off and closely spaced soft paw-pad impacts during the landing between 1.35 and 1.65 seconds. The final paw adjustment finishes by 2.70 seconds, leaving only room tone and faint breathing.

non_diegetic_music: N/A
",00,00-orange-shorthair-mackerel-tabby,短毛橘猫鱼骨纹,13,13-small-jump,小幅跳跃,20000,00-orange-shorthair-mackerel-tabby_13-small-jump_seed-20000
039,13,cat_ids/00_短毛橘猫鱼骨纹.png,"For the target video, at 0.00 seconds into the target video, <Picture 1> (from [Shot 1]) is fully referenced.

integrated_multimodal_description: [Shot 1] Live-action, photorealistic studio pet footage. A static medium full-body shot begins with the seated cat and scene in <Picture 1>. This is one continuous four-second shot. The cat stays seated while playing with one feather teaser wand, making two light alternating front-paw taps before settling. From 0.00 to 0.20 seconds, it holds the initial seated pose. From 0.20 to 0.60 seconds, one small feather tuft attached directly to the tip of a slender flexible rod enters smoothly from the viewer's right. The tuft stops just ahead of the cat's lower chest, slightly toward the viewer's right and within easy paw reach. The visible rod extends continuously from the tuft through the right edge to an off-screen holder; the holder and hand remain outside the frame. The cat's eyes track the tuft and its head follows with a small turn. From 0.60 to 1.15 seconds, the tuft makes one short sideways sway. Keeping the hindquarters seated and the anatomical right front paw, on the viewer's left, planted for support, the cat lifts its anatomical left front paw, on the viewer's right, taps the tuft once and returns that paw to the floor. From 1.15 to 1.95 seconds, the rod guides the tuft through a short arc toward the viewer's left, just in front of the chest. The cat transfers support onto the now-planted left front paw, lifts the anatomical right front paw, taps the tuft once and returns that paw to the floor. Each paw contact briefly bends the feathers and deflects the rod tip; the tuft remains attached and visibly distinct from the paw. Only one front paw is raised at a time, and the hindquarters stay on the floor throughout. From 1.95 to 2.15 seconds, the wand pauses while the cat watches with both front paws down. From 2.15 to 2.60 seconds, the wand withdraws smoothly along a short path toward the viewer's right and exits completely through the same edge. The cat follows with its eyes and a small head turn, keeping both front paws on the floor. By 2.70 seconds, it rests in a comfortable upright seated pose, looking slightly toward the departed toy. This attentive posture continues through 3.00 seconds. From 3.00 to 4.00 seconds, the toy stays outside the frame and the cat maintains this posture with only faint breathing and tiny settling movements. Preserve the individual cat's facial proportions, each anatomical eye's reference color, body proportions, paw anatomy, coat or bare-skin appearance, markings, ear type and existing tail anatomy as the pose changes. Keep the reference framing, background, floor and lighting consistent, with a locked camera and grounded shadows following the paw movements. The entire cat remains inside the original frame with clear margins throughout. Only the cat and this single connected wand occupy the scene; the feather tuft moves below the chin, keeping the eyes and face unobstructed.

overall_soundscape: Quiet studio ambience continues beneath a faint feather rustle and two soft paw-to-feather contacts during the alternating taps between 0.60 and 1.95 seconds. Light paw-pad landings accompany each paw's return to the floor. A final soft feather rustle ends as the wand leaves by 2.60 seconds; after 2.70 seconds, only room tone and faint breathing remain.

non_diegetic_music: N/A
",00,00-orange-shorthair-mackerel-tabby,短毛橘猫鱼骨纹,14,14-play-teaser-wand,玩逗猫棒,0,00-orange-shorthair-mackerel-tabby_14-play-teaser-wand_seed-0
040,13,cat_ids/00_短毛橘猫鱼骨纹.png,"For the target video, at 0.00 seconds into the target video, <Picture 1> (from [Shot 1]) is fully referenced.

integrated_multimodal_description: [Shot 1] Live-action, photorealistic studio pet footage. A static medium full-body shot begins with the seated cat and scene in <Picture 1>. This is one continuous four-second shot. The cat stays seated while playing with one feather teaser wand, making two light alternating front-paw taps before settling. From 0.00 to 0.20 seconds, it holds the initial seated pose. From 0.20 to 0.60 seconds, one small feather tuft attached directly to the tip of a slender flexible rod enters smoothly from the viewer's right. The tuft stops just ahead of the cat's lower chest, slightly toward the viewer's right and within easy paw reach. The visible rod extends continuously from the tuft through the right edge to an off-screen holder; the holder and hand remain outside the frame. The cat's eyes track the tuft and its head follows with a small turn. From 0.60 to 1.15 seconds, the tuft makes one short sideways sway. Keeping the hindquarters seated and the anatomical right front paw, on the viewer's left, planted for support, the cat lifts its anatomical left front paw, on the viewer's right, taps the tuft once and returns that paw to the floor. From 1.15 to 1.95 seconds, the rod guides the tuft through a short arc toward the viewer's left, just in front of the chest. The cat transfers support onto the now-planted left front paw, lifts the anatomical right front paw, taps the tuft once and returns that paw to the floor. Each paw contact briefly bends the feathers and deflects the rod tip; the tuft remains attached and visibly distinct from the paw. Only one front paw is raised at a time, and the hindquarters stay on the floor throughout. From 1.95 to 2.15 seconds, the wand pauses while the cat watches with both front paws down. From 2.15 to 2.60 seconds, the wand withdraws smoothly along a short path toward the viewer's right and exits completely through the same edge. The cat follows with its eyes and a small head turn, keeping both front paws on the floor. By 2.70 seconds, it rests in a comfortable upright seated pose, looking slightly toward the departed toy. This attentive posture continues through 3.00 seconds. From 3.00 to 4.00 seconds, the toy stays outside the frame and the cat maintains this posture with only faint breathing and tiny settling movements. Preserve the individual cat's facial proportions, each anatomical eye's reference color, body proportions, paw anatomy, coat or bare-skin appearance, markings, ear type and existing tail anatomy as the pose changes. Keep the reference framing, background, floor and lighting consistent, with a locked camera and grounded shadows following the paw movements. The entire cat remains inside the original frame with clear margins throughout. Only the cat and this single connected wand occupy the scene; the feather tuft moves below the chin, keeping the eyes and face unobstructed.

overall_soundscape: Quiet studio ambience continues beneath a faint feather rustle and two soft paw-to-feather contacts during the alternating taps between 0.60 and 1.95 seconds. Light paw-pad landings accompany each paw's return to the floor. A final soft feather rustle ends as the wand leaves by 2.60 seconds; after 2.70 seconds, only room tone and faint breathing remain.

non_diegetic_music: N/A
",00,00-orange-shorthair-mackerel-tabby,短毛橘猫鱼骨纹,14,14-play-teaser-wand,玩逗猫棒,10000,00-orange-shorthair-mackerel-tabby_14-play-teaser-wand_seed-10000
041,13,cat_ids/00_短毛橘猫鱼骨纹.png,"For the target video, at 0.00 seconds into the target video, <Picture 1> (from [Shot 1]) is fully referenced.

integrated_multimodal_description: [Shot 1] Live-action, photorealistic studio pet footage. A static medium full-body shot begins with the seated cat and scene in <Picture 1>. This is one continuous four-second shot. The cat stays seated while playing with one feather teaser wand, making two light alternating front-paw taps before settling. From 0.00 to 0.20 seconds, it holds the initial seated pose. From 0.20 to 0.60 seconds, one small feather tuft attached directly to the tip of a slender flexible rod enters smoothly from the viewer's right. The tuft stops just ahead of the cat's lower chest, slightly toward the viewer's right and within easy paw reach. The visible rod extends continuously from the tuft through the right edge to an off-screen holder; the holder and hand remain outside the frame. The cat's eyes track the tuft and its head follows with a small turn. From 0.60 to 1.15 seconds, the tuft makes one short sideways sway. Keeping the hindquarters seated and the anatomical right front paw, on the viewer's left, planted for support, the cat lifts its anatomical left front paw, on the viewer's right, taps the tuft once and returns that paw to the floor. From 1.15 to 1.95 seconds, the rod guides the tuft through a short arc toward the viewer's left, just in front of the chest. The cat transfers support onto the now-planted left front paw, lifts the anatomical right front paw, taps the tuft once and returns that paw to the floor. Each paw contact briefly bends the feathers and deflects the rod tip; the tuft remains attached and visibly distinct from the paw. Only one front paw is raised at a time, and the hindquarters stay on the floor throughout. From 1.95 to 2.15 seconds, the wand pauses while the cat watches with both front paws down. From 2.15 to 2.60 seconds, the wand withdraws smoothly along a short path toward the viewer's right and exits completely through the same edge. The cat follows with its eyes and a small head turn, keeping both front paws on the floor. By 2.70 seconds, it rests in a comfortable upright seated pose, looking slightly toward the departed toy. This attentive posture continues through 3.00 seconds. From 3.00 to 4.00 seconds, the toy stays outside the frame and the cat maintains this posture with only faint breathing and tiny settling movements. Preserve the individual cat's facial proportions, each anatomical eye's reference color, body proportions, paw anatomy, coat or bare-skin appearance, markings, ear type and existing tail anatomy as the pose changes. Keep the reference framing, background, floor and lighting consistent, with a locked camera and grounded shadows following the paw movements. The entire cat remains inside the original frame with clear margins throughout. Only the cat and this single connected wand occupy the scene; the feather tuft moves below the chin, keeping the eyes and face unobstructed.

overall_soundscape: Quiet studio ambience continues beneath a faint feather rustle and two soft paw-to-feather contacts during the alternating taps between 0.60 and 1.95 seconds. Light paw-pad landings accompany each paw's return to the floor. A final soft feather rustle ends as the wand leaves by 2.60 seconds; after 2.70 seconds, only room tone and faint breathing remain.

non_diegetic_music: N/A
",00,00-orange-shorthair-mackerel-tabby,短毛橘猫鱼骨纹,14,14-play-teaser-wand,玩逗猫棒,20000,00-orange-shorthair-mackerel-tabby_14-play-teaser-wand_seed-20000
042,14,cat_ids/02_长毛橘猫.png,"For the target video, at 0.00 seconds into the target video, <Picture 1> (from [Shot 1]) is fully referenced.

integrated_multimodal_description: [Shot 1] Live-action, photorealistic studio pet footage. This is one continuous four-second shot. A locked camera matching the reference perspective frames a medium full-body, front-facing portrait. At 0.00 seconds, the cat starts from <Picture 1>. Throughout the shot, preserve the same cat's facial proportions; each anatomical eye's reference color; exact ear morphology; coat or skin-surface texture; intrinsic marking topology; body proportions; paw appearance; and reference tail state, including a long tail, short tail, visible stump, or no visible tail. These identity features remain consistent as their screen projection changes with the cat's pose. The camera holds a perfectly Static Shot; perspective, focal length, subject scale, crop, focus, exposure, white balance, lighting, background, and floor appearance established by <Picture 1> remain fixed. Physical shadows stay grounded and respond coherently to contact and weight transfer. The cat remains fully inside the frame with clear margins, and the clean frame contains only the cat. During 0.00–0.40 seconds, the cat holds its initial seated pose. From 0.40 to 0.90 seconds, a barely perceptible inhale creates one minute local change in the lower-chest contour while the body does not translate and the overall seated pose, paws, hindquarters, head direction, ears, and reference tail state remain stable. At 0.95 seconds, both upper eyelids lower together and reopen by 1.20 seconds in one complete natural blink; the eyes keep the same color, shape, spacing, and forward gaze when open. From 1.20 to 2.70 seconds, the chest completes one gentle exhale and returns to its starting contour. By 2.70 seconds, the blink and gentle exhale are complete, with the eyes open and the cat comfortably seated. From 2.70 to 3.00 seconds, this quiet seated posture continues. From 3.00 to 4.00 seconds, the cat remains comfortably seated with only faint breathing and minute surface settling.

overall_soundscape: Steady quiet studio room tone with one very soft inhale and exhale from the cat, completed by 2.70 seconds. The cat does not vocalize; quiet room tone and faint breathing continue afterward.

non_diegetic_music: N/A
",02,02-orange-longhair,长毛橘猫,01,01-idle-blink,自然呼吸与眨眼,0,02-orange-longhair_01-idle-blink_seed-0
043,14,cat_ids/02_长毛橘猫.png,"For the target video, at 0.00 seconds into the target video, <Picture 1> (from [Shot 1]) is fully referenced.

integrated_multimodal_description: [Shot 1] Live-action, photorealistic studio pet footage. This is one continuous four-second shot. A locked camera matching the reference perspective frames a medium full-body, front-facing portrait. At 0.00 seconds, the cat starts from <Picture 1>. Throughout the shot, preserve the same cat's facial proportions; each anatomical eye's reference color; exact ear morphology; coat or skin-surface texture; intrinsic marking topology; body proportions; paw appearance; and reference tail state, including a long tail, short tail, visible stump, or no visible tail. These identity features remain consistent as their screen projection changes with the cat's pose. The camera holds a perfectly Static Shot; perspective, focal length, subject scale, crop, focus, exposure, white balance, lighting, background, and floor appearance established by <Picture 1> remain fixed. Physical shadows stay grounded and respond coherently to contact and weight transfer. The cat remains fully inside the frame with clear margins, and the clean frame contains only the cat. During 0.00–0.40 seconds, the cat holds its initial seated pose. From 0.40 to 0.90 seconds, a barely perceptible inhale creates one minute local change in the lower-chest contour while the body does not translate and the overall seated pose, paws, hindquarters, head direction, ears, and reference tail state remain stable. At 0.95 seconds, both upper eyelids lower together and reopen by 1.20 seconds in one complete natural blink; the eyes keep the same color, shape, spacing, and forward gaze when open. From 1.20 to 2.70 seconds, the chest completes one gentle exhale and returns to its starting contour. By 2.70 seconds, the blink and gentle exhale are complete, with the eyes open and the cat comfortably seated. From 2.70 to 3.00 seconds, this quiet seated posture continues. From 3.00 to 4.00 seconds, the cat remains comfortably seated with only faint breathing and minute surface settling.

overall_soundscape: Steady quiet studio room tone with one very soft inhale and exhale from the cat, completed by 2.70 seconds. The cat does not vocalize; quiet room tone and faint breathing continue afterward.

non_diegetic_music: N/A
",02,02-orange-longhair,长毛橘猫,01,01-idle-blink,自然呼吸与眨眼,10000,02-orange-longhair_01-idle-blink_seed-10000
044,14,cat_ids/02_长毛橘猫.png,"For the target video, at 0.00 seconds into the target video, <Picture 1> (from [Shot 1]) is fully referenced.

integrated_multimodal_description: [Shot 1] Live-action, photorealistic studio pet footage. This is one continuous four-second shot. A locked camera matching the reference perspective frames a medium full-body, front-facing portrait. At 0.00 seconds, the cat starts from <Picture 1>. Throughout the shot, preserve the same cat's facial proportions; each anatomical eye's reference color; exact ear morphology; coat or skin-surface texture; intrinsic marking topology; body proportions; paw appearance; and reference tail state, including a long tail, short tail, visible stump, or no visible tail. These identity features remain consistent as their screen projection changes with the cat's pose. The camera holds a perfectly Static Shot; perspective, focal length, subject scale, crop, focus, exposure, white balance, lighting, background, and floor appearance established by <Picture 1> remain fixed. Physical shadows stay grounded and respond coherently to contact and weight transfer. The cat remains fully inside the frame with clear margins, and the clean frame contains only the cat. During 0.00–0.40 seconds, the cat holds its initial seated pose. From 0.40 to 0.90 seconds, a barely perceptible inhale creates one minute local change in the lower-chest contour while the body does not translate and the overall seated pose, paws, hindquarters, head direction, ears, and reference tail state remain stable. At 0.95 seconds, both upper eyelids lower together and reopen by 1.20 seconds in one complete natural blink; the eyes keep the same color, shape, spacing, and forward gaze when open. From 1.20 to 2.70 seconds, the chest completes one gentle exhale and returns to its starting contour. By 2.70 seconds, the blink and gentle exhale are complete, with the eyes open and the cat comfortably seated. From 2.70 to 3.00 seconds, this quiet seated posture continues. From 3.00 to 4.00 seconds, the cat remains comfortably seated with only faint breathing and minute surface settling.

overall_soundscape: Steady quiet studio room tone with one very soft inhale and exhale from the cat, completed by 2.70 seconds. The cat does not vocalize; quiet room tone and faint breathing continue afterward.

non_diegetic_music: N/A
",02,02-orange-longhair,长毛橘猫,01,01-idle-blink,自然呼吸与眨眼,20000,02-orange-longhair_01-idle-blink_seed-20000
045,15,cat_ids/02_长毛橘猫.png,"For the target video, at 0.00 seconds into the target video, <Picture 1> (from [Shot 1]) is fully referenced.

integrated_multimodal_description: [Shot 1] Live-action, photorealistic studio pet footage. A static medium full-body shot begins with the seated cat and scene in <Picture 1>. This is one continuous four-second shot. The main action is a brief outward tug and soft release of the cat's anatomical left ear, on the viewer's right in the opening pose. From 0.15 to 0.60 seconds, the ear tip is drawn a short distance diagonally outward and slightly upward toward the viewer's right, away from the crown. The tip leads, the upper ear follows in a small soft bend and the base stays attached. The ear keeps its normal length and characteristic reference shape. At the peak, the head follows by a tiny amount and the eyelids narrow briefly in a mild, relaxed reaction. At 0.65 seconds, the pull releases. The ear springs most of the way back by 1.10 seconds, then makes one much smaller settling movement, reaching its natural resting angle by 1.50 seconds. From 1.10 to 2.30 seconds, the head gently follows back, the eyes reopen comfortably and the shoulders soften with an exhale. By 2.70 seconds, the cat is seated and calmly attentive; through 3.00 seconds, it holds this relaxed posture with faint breathing. The tug is conveyed entirely by the ear movement and the cat's response; no person, hand or pulling device appears. From 3.00 to 4.00 seconds, the cat maintains the posture reached by 2.70 seconds, with only faint breathing and tiny settling movements. Preserve the individual cat's facial proportions, each eye's reference color, coat or bare-skin appearance, markings, ear type and existing tail anatomy as the pose changes. Keep the reference framing, background, floor and lighting consistent, with grounded shadows following the cat's movement. The cat is alone and the surrounding floor stays clear. 

overall_soundscape: Quiet studio ambience and faint breathing, with a soft incidental body movement as the head settles. Only breathing and room tone remain after 2.70 seconds.

non_diegetic_music: N/A
",02,02-orange-longhair,长毛橘猫,02,02-left-ear-tug,左耳轻拽回弹,0,02-orange-longhair_02-left-ear-tug_seed-0
046,15,cat_ids/02_长毛橘猫.png,"For the target video, at 0.00 seconds into the target video, <Picture 1> (from [Shot 1]) is fully referenced.

integrated_multimodal_description: [Shot 1] Live-action, photorealistic studio pet footage. A static medium full-body shot begins with the seated cat and scene in <Picture 1>. This is one continuous four-second shot. The main action is a brief outward tug and soft release of the cat's anatomical left ear, on the viewer's right in the opening pose. From 0.15 to 0.60 seconds, the ear tip is drawn a short distance diagonally outward and slightly upward toward the viewer's right, away from the crown. The tip leads, the upper ear follows in a small soft bend and the base stays attached. The ear keeps its normal length and characteristic reference shape. At the peak, the head follows by a tiny amount and the eyelids narrow briefly in a mild, relaxed reaction. At 0.65 seconds, the pull releases. The ear springs most of the way back by 1.10 seconds, then makes one much smaller settling movement, reaching its natural resting angle by 1.50 seconds. From 1.10 to 2.30 seconds, the head gently follows back, the eyes reopen comfortably and the shoulders soften with an exhale. By 2.70 seconds, the cat is seated and calmly attentive; through 3.00 seconds, it holds this relaxed posture with faint breathing. The tug is conveyed entirely by the ear movement and the cat's response; no person, hand or pulling device appears. From 3.00 to 4.00 seconds, the cat maintains the posture reached by 2.70 seconds, with only faint breathing and tiny settling movements. Preserve the individual cat's facial proportions, each eye's reference color, coat or bare-skin appearance, markings, ear type and existing tail anatomy as the pose changes. Keep the reference framing, background, floor and lighting consistent, with grounded shadows following the cat's movement. The cat is alone and the surrounding floor stays clear. 

overall_soundscape: Quiet studio ambience and faint breathing, with a soft incidental body movement as the head settles. Only breathing and room tone remain after 2.70 seconds.

non_diegetic_music: N/A
",02,02-orange-longhair,长毛橘猫,02,02-left-ear-tug,左耳轻拽回弹,10000,02-orange-longhair_02-left-ear-tug_seed-10000
047,15,cat_ids/02_长毛橘猫.png,"For the target video, at 0.00 seconds into the target video, <Picture 1> (from [Shot 1]) is fully referenced.

integrated_multimodal_description: [Shot 1] Live-action, photorealistic studio pet footage. A static medium full-body shot begins with the seated cat and scene in <Picture 1>. This is one continuous four-second shot. The main action is a brief outward tug and soft release of the cat's anatomical left ear, on the viewer's right in the opening pose. From 0.15 to 0.60 seconds, the ear tip is drawn a short distance diagonally outward and slightly upward toward the viewer's right, away from the crown. The tip leads, the upper ear follows in a small soft bend and the base stays attached. The ear keeps its normal length and characteristic reference shape. At the peak, the head follows by a tiny amount and the eyelids narrow briefly in a mild, relaxed reaction. At 0.65 seconds, the pull releases. The ear springs most of the way back by 1.10 seconds, then makes one much smaller settling movement, reaching its natural resting angle by 1.50 seconds. From 1.10 to 2.30 seconds, the head gently follows back, the eyes reopen comfortably and the shoulders soften with an exhale. By 2.70 seconds, the cat is seated and calmly attentive; through 3.00 seconds, it holds this relaxed posture with faint breathing. The tug is conveyed entirely by the ear movement and the cat's response; no person, hand or pulling device appears. From 3.00 to 4.00 seconds, the cat maintains the posture reached by 2.70 seconds, with only faint breathing and tiny settling movements. Preserve the individual cat's facial proportions, each eye's reference color, coat or bare-skin appearance, markings, ear type and existing tail anatomy as the pose changes. Keep the reference framing, background, floor and lighting consistent, with grounded shadows following the cat's movement. The cat is alone and the surrounding floor stays clear. 

overall_soundscape: Quiet studio ambience and faint breathing, with a soft incidental body movement as the head settles. Only breathing and room tone remain after 2.70 seconds.

non_diegetic_music: N/A
",02,02-orange-longhair,长毛橘猫,02,02-left-ear-tug,左耳轻拽回弹,20000,02-orange-longhair_02-left-ear-tug_seed-20000
048,16,cat_ids/02_长毛橘猫.png,"For the target video, at 0.00 seconds into the target video, <Picture 1> (from [Shot 1]) is fully referenced.

integrated_multimodal_description: [Shot 1] Live-action, photorealistic studio pet footage. A static medium full-body shot begins with the seated cat and scene in <Picture 1>. This is one continuous four-second shot. The main action is a brief outward tug and soft release of the cat's anatomical right ear, on the viewer's left in the opening pose. From 0.15 to 0.60 seconds, the ear tip is drawn a short distance diagonally outward and slightly upward toward the viewer's left, away from the crown. The tip leads, the upper ear follows in a small soft bend and the base stays attached. The ear keeps its normal length and characteristic reference shape. At the peak, the head follows by a tiny amount and the eyelids narrow briefly in a mild, relaxed reaction. At 0.65 seconds, the pull releases. The ear springs most of the way back by 1.10 seconds, then makes one much smaller settling movement, reaching its natural resting angle by 1.50 seconds. From 1.10 to 2.30 seconds, the head gently follows back, the eyes reopen comfortably and the shoulders soften with an exhale. By 2.70 seconds, the cat is seated and calmly attentive; through 3.00 seconds, it holds this relaxed posture with faint breathing. The tug is conveyed entirely by the ear movement and the cat's response; no person, hand or pulling device appears. From 3.00 to 4.00 seconds, the cat maintains the posture reached by 2.70 seconds, with only faint breathing and tiny settling movements. Preserve the individual cat's facial proportions, each eye's reference color, coat or bare-skin appearance, markings, ear type and existing tail anatomy as the pose changes. Keep the reference framing, background, floor and lighting consistent, with grounded shadows following the cat's movement. The cat is alone and the surrounding floor stays clear. 

overall_soundscape: Quiet studio ambience and faint breathing, with a soft incidental body movement as the head settles. Only breathing and room tone remain after 2.70 seconds.

non_diegetic_music: N/A
",02,02-orange-longhair,长毛橘猫,03,03-right-ear-tug,右耳轻拽回弹,0,02-orange-longhair_03-right-ear-tug_seed-0
049,16,cat_ids/02_长毛橘猫.png,"For the target video, at 0.00 seconds into the target video, <Picture 1> (from [Shot 1]) is fully referenced.

integrated_multimodal_description: [Shot 1] Live-action, photorealistic studio pet footage. A static medium full-body shot begins with the seated cat and scene in <Picture 1>. This is one continuous four-second shot. The main action is a brief outward tug and soft release of the cat's anatomical right ear, on the viewer's left in the opening pose. From 0.15 to 0.60 seconds, the ear tip is drawn a short distance diagonally outward and slightly upward toward the viewer's left, away from the crown. The tip leads, the upper ear follows in a small soft bend and the base stays attached. The ear keeps its normal length and characteristic reference shape. At the peak, the head follows by a tiny amount and the eyelids narrow briefly in a mild, relaxed reaction. At 0.65 seconds, the pull releases. The ear springs most of the way back by 1.10 seconds, then makes one much smaller settling movement, reaching its natural resting angle by 1.50 seconds. From 1.10 to 2.30 seconds, the head gently follows back, the eyes reopen comfortably and the shoulders soften with an exhale. By 2.70 seconds, the cat is seated and calmly attentive; through 3.00 seconds, it holds this relaxed posture with faint breathing. The tug is conveyed entirely by the ear movement and the cat's response; no person, hand or pulling device appears. From 3.00 to 4.00 seconds, the cat maintains the posture reached by 2.70 seconds, with only faint breathing and tiny settling movements. Preserve the individual cat's facial proportions, each eye's reference color, coat or bare-skin appearance, markings, ear type and existing tail anatomy as the pose changes. Keep the reference framing, background, floor and lighting consistent, with grounded shadows following the cat's movement. The cat is alone and the surrounding floor stays clear. 

overall_soundscape: Quiet studio ambience and faint breathing, with a soft incidental body movement as the head settles. Only breathing and room tone remain after 2.70 seconds.

non_diegetic_music: N/A
",02,02-orange-longhair,长毛橘猫,03,03-right-ear-tug,右耳轻拽回弹,10000,02-orange-longhair_03-right-ear-tug_seed-10000
050,16,cat_ids/02_长毛橘猫.png,"For the target video, at 0.00 seconds into the target video, <Picture 1> (from [Shot 1]) is fully referenced.

integrated_multimodal_description: [Shot 1] Live-action, photorealistic studio pet footage. A static medium full-body shot begins with the seated cat and scene in <Picture 1>. This is one continuous four-second shot. The main action is a brief outward tug and soft release of the cat's anatomical right ear, on the viewer's left in the opening pose. From 0.15 to 0.60 seconds, the ear tip is drawn a short distance diagonally outward and slightly upward toward the viewer's left, away from the crown. The tip leads, the upper ear follows in a small soft bend and the base stays attached. The ear keeps its normal length and characteristic reference shape. At the peak, the head follows by a tiny amount and the eyelids narrow briefly in a mild, relaxed reaction. At 0.65 seconds, the pull releases. The ear springs most of the way back by 1.10 seconds, then makes one much smaller settling movement, reaching its natural resting angle by 1.50 seconds. From 1.10 to 2.30 seconds, the head gently follows back, the eyes reopen comfortably and the shoulders soften with an exhale. By 2.70 seconds, the cat is seated and calmly attentive; through 3.00 seconds, it holds this relaxed posture with faint breathing. The tug is conveyed entirely by the ear movement and the cat's response; no person, hand or pulling device appears. From 3.00 to 4.00 seconds, the cat maintains the posture reached by 2.70 seconds, with only faint breathing and tiny settling movements. Preserve the individual cat's facial proportions, each eye's reference color, coat or bare-skin appearance, markings, ear type and existing tail anatomy as the pose changes. Keep the reference framing, background, floor and lighting consistent, with grounded shadows following the cat's movement. The cat is alone and the surrounding floor stays clear. 

overall_soundscape: Quiet studio ambience and faint breathing, with a soft incidental body movement as the head settles. Only breathing and room tone remain after 2.70 seconds.

non_diegetic_music: N/A
",02,02-orange-longhair,长毛橘猫,03,03-right-ear-tug,右耳轻拽回弹,20000,02-orange-longhair_03-right-ear-tug_seed-20000
051,17,cat_ids/02_长毛橘猫.png,"For the target video, at 0.00 seconds into the target video, <Picture 1> (from [Shot 1]) is fully referenced.

integrated_multimodal_description: [Shot 1] Live-action, photorealistic studio pet footage. This is one continuous four-second shot. A locked camera matching the reference perspective frames a medium full-body, front-facing portrait. At 0.00 seconds, the cat starts from <Picture 1>. Throughout the shot, preserve the same cat's facial proportions; each anatomical eye's reference color; exact ear morphology; coat or skin-surface texture; intrinsic marking topology; body proportions; paw appearance; and reference tail state, including a long tail, short tail, visible stump, or no visible tail. These identity features remain consistent as their screen projection changes with the cat's pose. The camera holds a perfectly Static Shot; perspective, focal length, subject scale, crop, focus, exposure, white balance, lighting, background, and floor appearance established by <Picture 1> remain fixed. Physical shadows stay grounded and respond coherently to contact and weight transfer. The cat remains fully inside the frame with clear margins. The clean frame contains only the cat and one transient wool ball defined in the motion path; only this prop unit and its associated contact shadow may cross a frame boundary along the specified entry or exit path. During 0.00–0.20 seconds, the cat holds its initial seated pose. At 0.20 seconds, one small, tightly wound matte wool ball enters from the viewer's left and rolls left-to-right along a straight path on the foreground floor, with visible rotation and one attached contact shadow. From 0.35 to 0.85 seconds, the cat's eyes track first and the head follows with one small turn; the body transfers a little weight onto the anatomical left front paw on the viewer's right while the anatomical right front paw on the viewer's left lifts. From 0.85 to 1.40 seconds, that lifted paw reaches in one compact arc and its pads meet the top of the ball, causing the ball to decelerate to a brief stop while retaining its size, round boundary and visibility. From 1.50 to 1.85 seconds, the same paw gives one short controlled nudge toward the viewer's right while beginning to retract. The ball resumes rolling at lower speed and, together with its contact shadow, exits completely beyond the viewer's right edge by 2.60 seconds. The cat keeps its eyes on the moving ball and lets its head follow the resumed roll, with the active paw landing comfortably by 2.60 seconds. The ball remains one distinct object during floor contact and brief paw contact, preserving a clear boundary from the paw and any visible tail. By 2.70 seconds, the cat is balanced on both front paws and still looks toward the departing ball; this attentive posture continues through 3.00 seconds. From 3.00 to 4.00 seconds, the ball stays outside the frame and the cat maintains this comfortable posture with faint breathing. No person or hand enters.

overall_soundscape: A soft wool ball rolls across the floor from left to right, slows under one muted paw contact, then resumes with a quieter roll before leaving the frame by 2.60 seconds. One light paw-pad landing accompanies the release of the ball; after 2.70 seconds, only steady studio room tone and faint breathing remain.

non_diegetic_music: N/A
",02,02-orange-longhair,长毛橘猫,04,04-right-paw-yarn-left-to-right,右前爪拨球-画面左到右,0,02-orange-longhair_04-right-paw-yarn-left-to-right_seed-0
052,17,cat_ids/02_长毛橘猫.png,"For the target video, at 0.00 seconds into the target video, <Picture 1> (from [Shot 1]) is fully referenced.

integrated_multimodal_description: [Shot 1] Live-action, photorealistic studio pet footage. This is one continuous four-second shot. A locked camera matching the reference perspective frames a medium full-body, front-facing portrait. At 0.00 seconds, the cat starts from <Picture 1>. Throughout the shot, preserve the same cat's facial proportions; each anatomical eye's reference color; exact ear morphology; coat or skin-surface texture; intrinsic marking topology; body proportions; paw appearance; and reference tail state, including a long tail, short tail, visible stump, or no visible tail. These identity features remain consistent as their screen projection changes with the cat's pose. The camera holds a perfectly Static Shot; perspective, focal length, subject scale, crop, focus, exposure, white balance, lighting, background, and floor appearance established by <Picture 1> remain fixed. Physical shadows stay grounded and respond coherently to contact and weight transfer. The cat remains fully inside the frame with clear margins. The clean frame contains only the cat and one transient wool ball defined in the motion path; only this prop unit and its associated contact shadow may cross a frame boundary along the specified entry or exit path. During 0.00–0.20 seconds, the cat holds its initial seated pose. At 0.20 seconds, one small, tightly wound matte wool ball enters from the viewer's left and rolls left-to-right along a straight path on the foreground floor, with visible rotation and one attached contact shadow. From 0.35 to 0.85 seconds, the cat's eyes track first and the head follows with one small turn; the body transfers a little weight onto the anatomical left front paw on the viewer's right while the anatomical right front paw on the viewer's left lifts. From 0.85 to 1.40 seconds, that lifted paw reaches in one compact arc and its pads meet the top of the ball, causing the ball to decelerate to a brief stop while retaining its size, round boundary and visibility. From 1.50 to 1.85 seconds, the same paw gives one short controlled nudge toward the viewer's right while beginning to retract. The ball resumes rolling at lower speed and, together with its contact shadow, exits completely beyond the viewer's right edge by 2.60 seconds. The cat keeps its eyes on the moving ball and lets its head follow the resumed roll, with the active paw landing comfortably by 2.60 seconds. The ball remains one distinct object during floor contact and brief paw contact, preserving a clear boundary from the paw and any visible tail. By 2.70 seconds, the cat is balanced on both front paws and still looks toward the departing ball; this attentive posture continues through 3.00 seconds. From 3.00 to 4.00 seconds, the ball stays outside the frame and the cat maintains this comfortable posture with faint breathing. No person or hand enters.

overall_soundscape: A soft wool ball rolls across the floor from left to right, slows under one muted paw contact, then resumes with a quieter roll before leaving the frame by 2.60 seconds. One light paw-pad landing accompanies the release of the ball; after 2.70 seconds, only steady studio room tone and faint breathing remain.

non_diegetic_music: N/A
",02,02-orange-longhair,长毛橘猫,04,04-right-paw-yarn-left-to-right,右前爪拨球-画面左到右,10000,02-orange-longhair_04-right-paw-yarn-left-to-right_seed-10000
053,17,cat_ids/02_长毛橘猫.png,"For the target video, at 0.00 seconds into the target video, <Picture 1> (from [Shot 1]) is fully referenced.

integrated_multimodal_description: [Shot 1] Live-action, photorealistic studio pet footage. This is one continuous four-second shot. A locked camera matching the reference perspective frames a medium full-body, front-facing portrait. At 0.00 seconds, the cat starts from <Picture 1>. Throughout the shot, preserve the same cat's facial proportions; each anatomical eye's reference color; exact ear morphology; coat or skin-surface texture; intrinsic marking topology; body proportions; paw appearance; and reference tail state, including a long tail, short tail, visible stump, or no visible tail. These identity features remain consistent as their screen projection changes with the cat's pose. The camera holds a perfectly Static Shot; perspective, focal length, subject scale, crop, focus, exposure, white balance, lighting, background, and floor appearance established by <Picture 1> remain fixed. Physical shadows stay grounded and respond coherently to contact and weight transfer. The cat remains fully inside the frame with clear margins. The clean frame contains only the cat and one transient wool ball defined in the motion path; only this prop unit and its associated contact shadow may cross a frame boundary along the specified entry or exit path. During 0.00–0.20 seconds, the cat holds its initial seated pose. At 0.20 seconds, one small, tightly wound matte wool ball enters from the viewer's left and rolls left-to-right along a straight path on the foreground floor, with visible rotation and one attached contact shadow. From 0.35 to 0.85 seconds, the cat's eyes track first and the head follows with one small turn; the body transfers a little weight onto the anatomical left front paw on the viewer's right while the anatomical right front paw on the viewer's left lifts. From 0.85 to 1.40 seconds, that lifted paw reaches in one compact arc and its pads meet the top of the ball, causing the ball to decelerate to a brief stop while retaining its size, round boundary and visibility. From 1.50 to 1.85 seconds, the same paw gives one short controlled nudge toward the viewer's right while beginning to retract. The ball resumes rolling at lower speed and, together with its contact shadow, exits completely beyond the viewer's right edge by 2.60 seconds. The cat keeps its eyes on the moving ball and lets its head follow the resumed roll, with the active paw landing comfortably by 2.60 seconds. The ball remains one distinct object during floor contact and brief paw contact, preserving a clear boundary from the paw and any visible tail. By 2.70 seconds, the cat is balanced on both front paws and still looks toward the departing ball; this attentive posture continues through 3.00 seconds. From 3.00 to 4.00 seconds, the ball stays outside the frame and the cat maintains this comfortable posture with faint breathing. No person or hand enters.

overall_soundscape: A soft wool ball rolls across the floor from left to right, slows under one muted paw contact, then resumes with a quieter roll before leaving the frame by 2.60 seconds. One light paw-pad landing accompanies the release of the ball; after 2.70 seconds, only steady studio room tone and faint breathing remain.

non_diegetic_music: N/A
",02,02-orange-longhair,长毛橘猫,04,04-right-paw-yarn-left-to-right,右前爪拨球-画面左到右,20000,02-orange-longhair_04-right-paw-yarn-left-to-right_seed-20000
054,18,cat_ids/02_长毛橘猫.png,"For the target video, at 0.00 seconds into the target video, <Picture 1> (from [Shot 1]) is fully referenced.

integrated_multimodal_description: [Shot 1] Live-action, photorealistic studio pet footage. This is one continuous four-second shot. A locked camera matching the reference perspective frames a medium full-body, front-facing portrait. At 0.00 seconds, the cat starts from <Picture 1>. Throughout the shot, preserve the same cat's facial proportions; each anatomical eye's reference color; exact ear morphology; coat or skin-surface texture; intrinsic marking topology; body proportions; paw appearance; and reference tail state, including a long tail, short tail, visible stump, or no visible tail. These identity features remain consistent as their screen projection changes with the cat's pose. The camera holds a perfectly Static Shot; perspective, focal length, subject scale, crop, focus, exposure, white balance, lighting, background, and floor appearance established by <Picture 1> remain fixed. Physical shadows stay grounded and respond coherently to contact and weight transfer. The cat remains fully inside the frame with clear margins. The clean frame contains only the cat and one transient wool ball defined in the motion path; only this prop unit and its associated contact shadow may cross a frame boundary along the specified entry or exit path. During 0.00–0.20 seconds, the cat holds its initial seated pose. At 0.20 seconds, one small, tightly wound matte wool ball enters from the viewer's right and rolls right-to-left along a straight path on the foreground floor, with visible rotation and one attached contact shadow. From 0.35 to 0.85 seconds, the cat's eyes track first and the head follows with one small turn; the body transfers a little weight onto the anatomical right front paw on the viewer's left while the anatomical left front paw on the viewer's right lifts. From 0.85 to 1.40 seconds, that lifted paw reaches in one compact arc and its pads meet the top of the ball, causing the ball to decelerate to a brief stop while retaining its size, round boundary and visibility. From 1.50 to 1.85 seconds, the same paw gives one short controlled nudge toward the viewer's left while beginning to retract. The ball resumes rolling at lower speed and, together with its contact shadow, exits completely beyond the viewer's left edge by 2.60 seconds. The cat keeps its eyes on the moving ball and lets its head follow the resumed roll, with the active paw landing comfortably by 2.60 seconds. The ball remains one distinct object during floor contact and brief paw contact, preserving a clear boundary from the paw and any visible tail. By 2.70 seconds, the cat is balanced on both front paws and still looks toward the departing ball; this attentive posture continues through 3.00 seconds. From 3.00 to 4.00 seconds, the ball stays outside the frame and the cat maintains this comfortable posture with faint breathing. No person or hand enters.

overall_soundscape: A soft wool ball rolls across the floor from right to left, slows under one muted paw contact, then resumes with a quieter roll before leaving the frame by 2.60 seconds. One light paw-pad landing accompanies the release of the ball; after 2.70 seconds, only steady studio room tone and faint breathing remain.

non_diegetic_music: N/A
",02,02-orange-longhair,长毛橘猫,05,05-left-paw-yarn-right-to-left,左前爪拨球-画面右到左,0,02-orange-longhair_05-left-paw-yarn-right-to-left_seed-0
055,18,cat_ids/02_长毛橘猫.png,"For the target video, at 0.00 seconds into the target video, <Picture 1> (from [Shot 1]) is fully referenced.

integrated_multimodal_description: [Shot 1] Live-action, photorealistic studio pet footage. This is one continuous four-second shot. A locked camera matching the reference perspective frames a medium full-body, front-facing portrait. At 0.00 seconds, the cat starts from <Picture 1>. Throughout the shot, preserve the same cat's facial proportions; each anatomical eye's reference color; exact ear morphology; coat or skin-surface texture; intrinsic marking topology; body proportions; paw appearance; and reference tail state, including a long tail, short tail, visible stump, or no visible tail. These identity features remain consistent as their screen projection changes with the cat's pose. The camera holds a perfectly Static Shot; perspective, focal length, subject scale, crop, focus, exposure, white balance, lighting, background, and floor appearance established by <Picture 1> remain fixed. Physical shadows stay grounded and respond coherently to contact and weight transfer. The cat remains fully inside the frame with clear margins. The clean frame contains only the cat and one transient wool ball defined in the motion path; only this prop unit and its associated contact shadow may cross a frame boundary along the specified entry or exit path. During 0.00–0.20 seconds, the cat holds its initial seated pose. At 0.20 seconds, one small, tightly wound matte wool ball enters from the viewer's right and rolls right-to-left along a straight path on the foreground floor, with visible rotation and one attached contact shadow. From 0.35 to 0.85 seconds, the cat's eyes track first and the head follows with one small turn; the body transfers a little weight onto the anatomical right front paw on the viewer's left while the anatomical left front paw on the viewer's right lifts. From 0.85 to 1.40 seconds, that lifted paw reaches in one compact arc and its pads meet the top of the ball, causing the ball to decelerate to a brief stop while retaining its size, round boundary and visibility. From 1.50 to 1.85 seconds, the same paw gives one short controlled nudge toward the viewer's left while beginning to retract. The ball resumes rolling at lower speed and, together with its contact shadow, exits completely beyond the viewer's left edge by 2.60 seconds. The cat keeps its eyes on the moving ball and lets its head follow the resumed roll, with the active paw landing comfortably by 2.60 seconds. The ball remains one distinct object during floor contact and brief paw contact, preserving a clear boundary from the paw and any visible tail. By 2.70 seconds, the cat is balanced on both front paws and still looks toward the departing ball; this attentive posture continues through 3.00 seconds. From 3.00 to 4.00 seconds, the ball stays outside the frame and the cat maintains this comfortable posture with faint breathing. No person or hand enters.

overall_soundscape: A soft wool ball rolls across the floor from right to left, slows under one muted paw contact, then resumes with a quieter roll before leaving the frame by 2.60 seconds. One light paw-pad landing accompanies the release of the ball; after 2.70 seconds, only steady studio room tone and faint breathing remain.

non_diegetic_music: N/A
",02,02-orange-longhair,长毛橘猫,05,05-left-paw-yarn-right-to-left,左前爪拨球-画面右到左,10000,02-orange-longhair_05-left-paw-yarn-right-to-left_seed-10000
056,18,cat_ids/02_长毛橘猫.png,"For the target video, at 0.00 seconds into the target video, <Picture 1> (from [Shot 1]) is fully referenced.

integrated_multimodal_description: [Shot 1] Live-action, photorealistic studio pet footage. This is one continuous four-second shot. A locked camera matching the reference perspective frames a medium full-body, front-facing portrait. At 0.00 seconds, the cat starts from <Picture 1>. Throughout the shot, preserve the same cat's facial proportions; each anatomical eye's reference color; exact ear morphology; coat or skin-surface texture; intrinsic marking topology; body proportions; paw appearance; and reference tail state, including a long tail, short tail, visible stump, or no visible tail. These identity features remain consistent as their screen projection changes with the cat's pose. The camera holds a perfectly Static Shot; perspective, focal length, subject scale, crop, focus, exposure, white balance, lighting, background, and floor appearance established by <Picture 1> remain fixed. Physical shadows stay grounded and respond coherently to contact and weight transfer. The cat remains fully inside the frame with clear margins. The clean frame contains only the cat and one transient wool ball defined in the motion path; only this prop unit and its associated contact shadow may cross a frame boundary along the specified entry or exit path. During 0.00–0.20 seconds, the cat holds its initial seated pose. At 0.20 seconds, one small, tightly wound matte wool ball enters from the viewer's right and rolls right-to-left along a straight path on the foreground floor, with visible rotation and one attached contact shadow. From 0.35 to 0.85 seconds, the cat's eyes track first and the head follows with one small turn; the body transfers a little weight onto the anatomical right front paw on the viewer's left while the anatomical left front paw on the viewer's right lifts. From 0.85 to 1.40 seconds, that lifted paw reaches in one compact arc and its pads meet the top of the ball, causing the ball to decelerate to a brief stop while retaining its size, round boundary and visibility. From 1.50 to 1.85 seconds, the same paw gives one short controlled nudge toward the viewer's left while beginning to retract. The ball resumes rolling at lower speed and, together with its contact shadow, exits completely beyond the viewer's left edge by 2.60 seconds. The cat keeps its eyes on the moving ball and lets its head follow the resumed roll, with the active paw landing comfortably by 2.60 seconds. The ball remains one distinct object during floor contact and brief paw contact, preserving a clear boundary from the paw and any visible tail. By 2.70 seconds, the cat is balanced on both front paws and still looks toward the departing ball; this attentive posture continues through 3.00 seconds. From 3.00 to 4.00 seconds, the ball stays outside the frame and the cat maintains this comfortable posture with faint breathing. No person or hand enters.

overall_soundscape: A soft wool ball rolls across the floor from right to left, slows under one muted paw contact, then resumes with a quieter roll before leaving the frame by 2.60 seconds. One light paw-pad landing accompanies the release of the ball; after 2.70 seconds, only steady studio room tone and faint breathing remain.

non_diegetic_music: N/A
",02,02-orange-longhair,长毛橘猫,05,05-left-paw-yarn-right-to-left,左前爪拨球-画面右到左,20000,02-orange-longhair_05-left-paw-yarn-right-to-left_seed-20000
057,19,cat_ids/02_长毛橘猫.png,"For the target video, at 0.00 seconds into the target video, <Picture 1> (from [Shot 1]) is fully referenced.

integrated_multimodal_description: [Shot 1] Live-action, photorealistic studio pet footage. A static medium full-body shot begins with the seated cat and scene in <Picture 1>. This is one continuous four-second shot. The cat lowers onto its anatomical left side, on the viewer's right from the opening pose, rolls belly-up and then makes one clearly visible air swat with its anatomical right front paw. From 0.00 to 0.40 seconds, it shifts weight toward the viewer's right, bends the left elbow and lowers the left shoulder. The head and chest travel down toward that same side of the image while the left hip settles nearby. From 0.40 to 1.20 seconds, the left shoulder and flank make gentle floor contact first, then the shoulders and pelvis roll together from that side onto the back. The head settles toward the viewer's right of the hips, so the sideways descent stays clear and continuous. The cat remains fully inside the original frame. By 1.30 seconds, the back is supported by the floor, the belly faces upward and is clearly visible to the camera, both front paws are bent above the chest and the hind legs rest loosely folded. The anatomical right front paw is now the active waving paw. From 1.35 to 1.80 seconds, its elbow extends and the paw travels roughly two paw-lengths out of its initial curled position, visibly away from the chest, leaving a clear gap between the paw and the body. From 1.80 to 2.15 seconds, this raised paw sweeps through a short, clearly visible arc in the air above the belly. From 2.15 to 2.55 seconds, the elbow bends and the paw curls back toward the chest, completing one distinct lift, sweep and return. The other forepaw stays loosely bent, and the body remains belly-up throughout this air swat. The eyes soften and make a small gaze adjustment as the paw returns; the head rests comfortably against the floor. By 2.70 seconds, the swat is complete and the cat is relaxed belly-up with loosely curled paws and gentle breathing; this pose continues through 3.00 seconds. The cat initiates the movement itself, and no person or hand appears. From 3.00 to 4.00 seconds, the cat maintains the posture reached by 2.70 seconds, with only faint breathing and tiny settling movements. Preserve the individual cat's facial proportions, each eye's reference color, coat or bare-skin appearance, markings, ear type and existing tail anatomy as the pose changes. Keep the reference framing, background, floor and lighting consistent, with grounded shadows following the cat's movement. The cat is alone and the surrounding floor stays clear. 

overall_soundscape: Soft paw shifts and a gentle shoulder-and-flank contact accompany the early sideways descent and roll. A light surface movement accompanies the small body adjustment during the air swat, with no impact sound from the raised paw. Movement sounds finish by 2.70 seconds; faint breathing continues over quiet studio room tone.

non_diegetic_music: N/A
",02,02-orange-longhair,长毛橘猫,06,06-roll-left-belly-up-swat,向左打滚露腹挥爪,0,02-orange-longhair_06-roll-left-belly-up-swat_seed-0
058,19,cat_ids/02_长毛橘猫.png,"For the target video, at 0.00 seconds into the target video, <Picture 1> (from [Shot 1]) is fully referenced.

integrated_multimodal_description: [Shot 1] Live-action, photorealistic studio pet footage. A static medium full-body shot begins with the seated cat and scene in <Picture 1>. This is one continuous four-second shot. The cat lowers onto its anatomical left side, on the viewer's right from the opening pose, rolls belly-up and then makes one clearly visible air swat with its anatomical right front paw. From 0.00 to 0.40 seconds, it shifts weight toward the viewer's right, bends the left elbow and lowers the left shoulder. The head and chest travel down toward that same side of the image while the left hip settles nearby. From 0.40 to 1.20 seconds, the left shoulder and flank make gentle floor contact first, then the shoulders and pelvis roll together from that side onto the back. The head settles toward the viewer's right of the hips, so the sideways descent stays clear and continuous. The cat remains fully inside the original frame. By 1.30 seconds, the back is supported by the floor, the belly faces upward and is clearly visible to the camera, both front paws are bent above the chest and the hind legs rest loosely folded. The anatomical right front paw is now the active waving paw. From 1.35 to 1.80 seconds, its elbow extends and the paw travels roughly two paw-lengths out of its initial curled position, visibly away from the chest, leaving a clear gap between the paw and the body. From 1.80 to 2.15 seconds, this raised paw sweeps through a short, clearly visible arc in the air above the belly. From 2.15 to 2.55 seconds, the elbow bends and the paw curls back toward the chest, completing one distinct lift, sweep and return. The other forepaw stays loosely bent, and the body remains belly-up throughout this air swat. The eyes soften and make a small gaze adjustment as the paw returns; the head rests comfortably against the floor. By 2.70 seconds, the swat is complete and the cat is relaxed belly-up with loosely curled paws and gentle breathing; this pose continues through 3.00 seconds. The cat initiates the movement itself, and no person or hand appears. From 3.00 to 4.00 seconds, the cat maintains the posture reached by 2.70 seconds, with only faint breathing and tiny settling movements. Preserve the individual cat's facial proportions, each eye's reference color, coat or bare-skin appearance, markings, ear type and existing tail anatomy as the pose changes. Keep the reference framing, background, floor and lighting consistent, with grounded shadows following the cat's movement. The cat is alone and the surrounding floor stays clear. 

overall_soundscape: Soft paw shifts and a gentle shoulder-and-flank contact accompany the early sideways descent and roll. A light surface movement accompanies the small body adjustment during the air swat, with no impact sound from the raised paw. Movement sounds finish by 2.70 seconds; faint breathing continues over quiet studio room tone.

non_diegetic_music: N/A
",02,02-orange-longhair,长毛橘猫,06,06-roll-left-belly-up-swat,向左打滚露腹挥爪,10000,02-orange-longhair_06-roll-left-belly-up-swat_seed-10000
059,19,cat_ids/02_长毛橘猫.png,"For the target video, at 0.00 seconds into the target video, <Picture 1> (from [Shot 1]) is fully referenced.

integrated_multimodal_description: [Shot 1] Live-action, photorealistic studio pet footage. A static medium full-body shot begins with the seated cat and scene in <Picture 1>. This is one continuous four-second shot. The cat lowers onto its anatomical left side, on the viewer's right from the opening pose, rolls belly-up and then makes one clearly visible air swat with its anatomical right front paw. From 0.00 to 0.40 seconds, it shifts weight toward the viewer's right, bends the left elbow and lowers the left shoulder. The head and chest travel down toward that same side of the image while the left hip settles nearby. From 0.40 to 1.20 seconds, the left shoulder and flank make gentle floor contact first, then the shoulders and pelvis roll together from that side onto the back. The head settles toward the viewer's right of the hips, so the sideways descent stays clear and continuous. The cat remains fully inside the original frame. By 1.30 seconds, the back is supported by the floor, the belly faces upward and is clearly visible to the camera, both front paws are bent above the chest and the hind legs rest loosely folded. The anatomical right front paw is now the active waving paw. From 1.35 to 1.80 seconds, its elbow extends and the paw travels roughly two paw-lengths out of its initial curled position, visibly away from the chest, leaving a clear gap between the paw and the body. From 1.80 to 2.15 seconds, this raised paw sweeps through a short, clearly visible arc in the air above the belly. From 2.15 to 2.55 seconds, the elbow bends and the paw curls back toward the chest, completing one distinct lift, sweep and return. The other forepaw stays loosely bent, and the body remains belly-up throughout this air swat. The eyes soften and make a small gaze adjustment as the paw returns; the head rests comfortably against the floor. By 2.70 seconds, the swat is complete and the cat is relaxed belly-up with loosely curled paws and gentle breathing; this pose continues through 3.00 seconds. The cat initiates the movement itself, and no person or hand appears. From 3.00 to 4.00 seconds, the cat maintains the posture reached by 2.70 seconds, with only faint breathing and tiny settling movements. Preserve the individual cat's facial proportions, each eye's reference color, coat or bare-skin appearance, markings, ear type and existing tail anatomy as the pose changes. Keep the reference framing, background, floor and lighting consistent, with grounded shadows following the cat's movement. The cat is alone and the surrounding floor stays clear. 

overall_soundscape: Soft paw shifts and a gentle shoulder-and-flank contact accompany the early sideways descent and roll. A light surface movement accompanies the small body adjustment during the air swat, with no impact sound from the raised paw. Movement sounds finish by 2.70 seconds; faint breathing continues over quiet studio room tone.

non_diegetic_music: N/A
",02,02-orange-longhair,长毛橘猫,06,06-roll-left-belly-up-swat,向左打滚露腹挥爪,20000,02-orange-longhair_06-roll-left-belly-up-swat_seed-20000
060,20,cat_ids/02_长毛橘猫.png,"For the target video, at 0.00 seconds into the target video, <Picture 1> (from [Shot 1]) is fully referenced.

integrated_multimodal_description: [Shot 1] Live-action, photorealistic studio pet footage. A static medium full-body shot begins with the seated cat and scene in <Picture 1>. This is one continuous four-second shot. The cat lowers onto its anatomical right side, on the viewer's left from the opening pose, rolls belly-up and then makes one clearly visible air swat with its anatomical left front paw. From 0.00 to 0.40 seconds, it shifts weight toward the viewer's left, bends the right elbow and lowers the right shoulder. The head and chest travel down toward that same side of the image while the right hip settles nearby. From 0.40 to 1.20 seconds, the right shoulder and flank make gentle floor contact first, then the shoulders and pelvis roll together from that side onto the back. The head settles toward the viewer's left of the hips, so the sideways descent stays clear and continuous. The cat remains fully inside the original frame. By 1.30 seconds, the back is supported by the floor, the belly faces upward and is clearly visible to the camera, both front paws are bent above the chest and the hind legs rest loosely folded. The anatomical left front paw is now the active waving paw. From 1.35 to 1.80 seconds, its elbow extends and the paw travels roughly two paw-lengths out of its initial curled position, visibly away from the chest, leaving a clear gap between the paw and the body. From 1.80 to 2.15 seconds, this raised paw sweeps through a short, clearly visible arc in the air above the belly. From 2.15 to 2.55 seconds, the elbow bends and the paw curls back toward the chest, completing one distinct lift, sweep and return. The other forepaw stays loosely bent, and the body remains belly-up throughout this air swat. The eyes soften and make a small gaze adjustment as the paw returns; the head rests comfortably against the floor. By 2.70 seconds, the swat is complete and the cat is relaxed belly-up with loosely curled paws and gentle breathing; this pose continues through 3.00 seconds. The cat initiates the movement itself, and no person or hand appears. From 3.00 to 4.00 seconds, the cat maintains the posture reached by 2.70 seconds, with only faint breathing and tiny settling movements. Preserve the individual cat's facial proportions, each eye's reference color, coat or bare-skin appearance, markings, ear type and existing tail anatomy as the pose changes. Keep the reference framing, background, floor and lighting consistent, with grounded shadows following the cat's movement. The cat is alone and the surrounding floor stays clear. 

overall_soundscape: Soft paw shifts and a gentle shoulder-and-flank contact accompany the early sideways descent and roll. A light surface movement accompanies the small body adjustment during the air swat, with no impact sound from the raised paw. Movement sounds finish by 2.70 seconds; faint breathing continues over quiet studio room tone.

non_diegetic_music: N/A
",02,02-orange-longhair,长毛橘猫,07,07-roll-right-belly-up-swat,向右打滚露腹挥爪,0,02-orange-longhair_07-roll-right-belly-up-swat_seed-0
061,20,cat_ids/02_长毛橘猫.png,"For the target video, at 0.00 seconds into the target video, <Picture 1> (from [Shot 1]) is fully referenced.

integrated_multimodal_description: [Shot 1] Live-action, photorealistic studio pet footage. A static medium full-body shot begins with the seated cat and scene in <Picture 1>. This is one continuous four-second shot. The cat lowers onto its anatomical right side, on the viewer's left from the opening pose, rolls belly-up and then makes one clearly visible air swat with its anatomical left front paw. From 0.00 to 0.40 seconds, it shifts weight toward the viewer's left, bends the right elbow and lowers the right shoulder. The head and chest travel down toward that same side of the image while the right hip settles nearby. From 0.40 to 1.20 seconds, the right shoulder and flank make gentle floor contact first, then the shoulders and pelvis roll together from that side onto the back. The head settles toward the viewer's left of the hips, so the sideways descent stays clear and continuous. The cat remains fully inside the original frame. By 1.30 seconds, the back is supported by the floor, the belly faces upward and is clearly visible to the camera, both front paws are bent above the chest and the hind legs rest loosely folded. The anatomical left front paw is now the active waving paw. From 1.35 to 1.80 seconds, its elbow extends and the paw travels roughly two paw-lengths out of its initial curled position, visibly away from the chest, leaving a clear gap between the paw and the body. From 1.80 to 2.15 seconds, this raised paw sweeps through a short, clearly visible arc in the air above the belly. From 2.15 to 2.55 seconds, the elbow bends and the paw curls back toward the chest, completing one distinct lift, sweep and return. The other forepaw stays loosely bent, and the body remains belly-up throughout this air swat. The eyes soften and make a small gaze adjustment as the paw returns; the head rests comfortably against the floor. By 2.70 seconds, the swat is complete and the cat is relaxed belly-up with loosely curled paws and gentle breathing; this pose continues through 3.00 seconds. The cat initiates the movement itself, and no person or hand appears. From 3.00 to 4.00 seconds, the cat maintains the posture reached by 2.70 seconds, with only faint breathing and tiny settling movements. Preserve the individual cat's facial proportions, each eye's reference color, coat or bare-skin appearance, markings, ear type and existing tail anatomy as the pose changes. Keep the reference framing, background, floor and lighting consistent, with grounded shadows following the cat's movement. The cat is alone and the surrounding floor stays clear. 

overall_soundscape: Soft paw shifts and a gentle shoulder-and-flank contact accompany the early sideways descent and roll. A light surface movement accompanies the small body adjustment during the air swat, with no impact sound from the raised paw. Movement sounds finish by 2.70 seconds; faint breathing continues over quiet studio room tone.

non_diegetic_music: N/A
",02,02-orange-longhair,长毛橘猫,07,07-roll-right-belly-up-swat,向右打滚露腹挥爪,10000,02-orange-longhair_07-roll-right-belly-up-swat_seed-10000
062,20,cat_ids/02_长毛橘猫.png,"For the target video, at 0.00 seconds into the target video, <Picture 1> (from [Shot 1]) is fully referenced.

integrated_multimodal_description: [Shot 1] Live-action, photorealistic studio pet footage. A static medium full-body shot begins with the seated cat and scene in <Picture 1>. This is one continuous four-second shot. The cat lowers onto its anatomical right side, on the viewer's left from the opening pose, rolls belly-up and then makes one clearly visible air swat with its anatomical left front paw. From 0.00 to 0.40 seconds, it shifts weight toward the viewer's left, bends the right elbow and lowers the right shoulder. The head and chest travel down toward that same side of the image while the right hip settles nearby. From 0.40 to 1.20 seconds, the right shoulder and flank make gentle floor contact first, then the shoulders and pelvis roll together from that side onto the back. The head settles toward the viewer's left of the hips, so the sideways descent stays clear and continuous. The cat remains fully inside the original frame. By 1.30 seconds, the back is supported by the floor, the belly faces upward and is clearly visible to the camera, both front paws are bent above the chest and the hind legs rest loosely folded. The anatomical left front paw is now the active waving paw. From 1.35 to 1.80 seconds, its elbow extends and the paw travels roughly two paw-lengths out of its initial curled position, visibly away from the chest, leaving a clear gap between the paw and the body. From 1.80 to 2.15 seconds, this raised paw sweeps through a short, clearly visible arc in the air above the belly. From 2.15 to 2.55 seconds, the elbow bends and the paw curls back toward the chest, completing one distinct lift, sweep and return. The other forepaw stays loosely bent, and the body remains belly-up throughout this air swat. The eyes soften and make a small gaze adjustment as the paw returns; the head rests comfortably against the floor. By 2.70 seconds, the swat is complete and the cat is relaxed belly-up with loosely curled paws and gentle breathing; this pose continues through 3.00 seconds. The cat initiates the movement itself, and no person or hand appears. From 3.00 to 4.00 seconds, the cat maintains the posture reached by 2.70 seconds, with only faint breathing and tiny settling movements. Preserve the individual cat's facial proportions, each eye's reference color, coat or bare-skin appearance, markings, ear type and existing tail anatomy as the pose changes. Keep the reference framing, background, floor and lighting consistent, with grounded shadows following the cat's movement. The cat is alone and the surrounding floor stays clear. 

overall_soundscape: Soft paw shifts and a gentle shoulder-and-flank contact accompany the early sideways descent and roll. A light surface movement accompanies the small body adjustment during the air swat, with no impact sound from the raised paw. Movement sounds finish by 2.70 seconds; faint breathing continues over quiet studio room tone.

non_diegetic_music: N/A
",02,02-orange-longhair,长毛橘猫,07,07-roll-right-belly-up-swat,向右打滚露腹挥爪,20000,02-orange-longhair_07-roll-right-belly-up-swat_seed-20000
063,21,cat_ids/02_长毛橘猫.png,"For the target video, at 0.00 seconds into the target video, <Picture 1> (from [Shot 1]) is fully referenced.

integrated_multimodal_description: [Shot 1] Live-action, photorealistic studio pet footage. A static medium full-body shot begins with the seated cat and scene in <Picture 1>. This is one continuous four-second shot. The cat calmly grooms its anatomical left front paw, on the viewer's right in the opening pose. From 0.00 to 0.60 seconds, it shifts weight onto its anatomical right front paw and the seated hindquarters, lifts the active paw toward the mouth and lowers the head slightly to meet it. The eyes soften as the paw rises in a small comfortable arc. From 0.70 to 1.00 seconds, the tongue extends, makes one clear lick across the raised paw and retracts fully. After a brief pause, from 1.20 to 1.50 seconds, it makes a second visible lick and retracts again. The paw stays distinct from the muzzle, with a small natural wrist adjustment between the contacts. From 1.60 to 2.40 seconds, the mouth closes, the head rises slightly and the paw lowers comfortably onto the floor. By 2.70 seconds, the shoulders have resettled and the eyes glance gently toward the freshly groomed paw. Through 3.00 seconds, the cat remains seated with this relaxed head angle and soft breathing. From 3.00 to 4.00 seconds, the cat maintains the posture reached by 2.70 seconds, with only faint breathing and tiny settling movements. Preserve the individual cat's facial proportions, each eye's reference color, coat or bare-skin appearance, markings, ear type and existing tail anatomy as the pose changes. Keep the reference framing, background, floor and lighting consistent, with grounded shadows following the cat's movement. The cat is alone and the surrounding floor stays clear. 

overall_soundscape: Two quiet wet licking sounds accompany the two tongue contacts before 1.50 seconds. A faint body movement and soft paw-pad landing finish by 2.70 seconds, followed by quiet room tone and breathing.

non_diegetic_music: N/A
",02,02-orange-longhair,长毛橘猫,08,08-lick-left-paw,舔左前爪,0,02-orange-longhair_08-lick-left-paw_seed-0
064,21,cat_ids/02_长毛橘猫.png,"For the target video, at 0.00 seconds into the target video, <Picture 1> (from [Shot 1]) is fully referenced.

integrated_multimodal_description: [Shot 1] Live-action, photorealistic studio pet footage. A static medium full-body shot begins with the seated cat and scene in <Picture 1>. This is one continuous four-second shot. The cat calmly grooms its anatomical left front paw, on the viewer's right in the opening pose. From 0.00 to 0.60 seconds, it shifts weight onto its anatomical right front paw and the seated hindquarters, lifts the active paw toward the mouth and lowers the head slightly to meet it. The eyes soften as the paw rises in a small comfortable arc. From 0.70 to 1.00 seconds, the tongue extends, makes one clear lick across the raised paw and retracts fully. After a brief pause, from 1.20 to 1.50 seconds, it makes a second visible lick and retracts again. The paw stays distinct from the muzzle, with a small natural wrist adjustment between the contacts. From 1.60 to 2.40 seconds, the mouth closes, the head rises slightly and the paw lowers comfortably onto the floor. By 2.70 seconds, the shoulders have resettled and the eyes glance gently toward the freshly groomed paw. Through 3.00 seconds, the cat remains seated with this relaxed head angle and soft breathing. From 3.00 to 4.00 seconds, the cat maintains the posture reached by 2.70 seconds, with only faint breathing and tiny settling movements. Preserve the individual cat's facial proportions, each eye's reference color, coat or bare-skin appearance, markings, ear type and existing tail anatomy as the pose changes. Keep the reference framing, background, floor and lighting consistent, with grounded shadows following the cat's movement. The cat is alone and the surrounding floor stays clear. 

overall_soundscape: Two quiet wet licking sounds accompany the two tongue contacts before 1.50 seconds. A faint body movement and soft paw-pad landing finish by 2.70 seconds, followed by quiet room tone and breathing.

non_diegetic_music: N/A
",02,02-orange-longhair,长毛橘猫,08,08-lick-left-paw,舔左前爪,10000,02-orange-longhair_08-lick-left-paw_seed-10000
065,21,cat_ids/02_长毛橘猫.png,"For the target video, at 0.00 seconds into the target video, <Picture 1> (from [Shot 1]) is fully referenced.

integrated_multimodal_description: [Shot 1] Live-action, photorealistic studio pet footage. A static medium full-body shot begins with the seated cat and scene in <Picture 1>. This is one continuous four-second shot. The cat calmly grooms its anatomical left front paw, on the viewer's right in the opening pose. From 0.00 to 0.60 seconds, it shifts weight onto its anatomical right front paw and the seated hindquarters, lifts the active paw toward the mouth and lowers the head slightly to meet it. The eyes soften as the paw rises in a small comfortable arc. From 0.70 to 1.00 seconds, the tongue extends, makes one clear lick across the raised paw and retracts fully. After a brief pause, from 1.20 to 1.50 seconds, it makes a second visible lick and retracts again. The paw stays distinct from the muzzle, with a small natural wrist adjustment between the contacts. From 1.60 to 2.40 seconds, the mouth closes, the head rises slightly and the paw lowers comfortably onto the floor. By 2.70 seconds, the shoulders have resettled and the eyes glance gently toward the freshly groomed paw. Through 3.00 seconds, the cat remains seated with this relaxed head angle and soft breathing. From 3.00 to 4.00 seconds, the cat maintains the posture reached by 2.70 seconds, with only faint breathing and tiny settling movements. Preserve the individual cat's facial proportions, each eye's reference color, coat or bare-skin appearance, markings, ear type and existing tail anatomy as the pose changes. Keep the reference framing, background, floor and lighting consistent, with grounded shadows following the cat's movement. The cat is alone and the surrounding floor stays clear. 

overall_soundscape: Two quiet wet licking sounds accompany the two tongue contacts before 1.50 seconds. A faint body movement and soft paw-pad landing finish by 2.70 seconds, followed by quiet room tone and breathing.

non_diegetic_music: N/A
",02,02-orange-longhair,长毛橘猫,08,08-lick-left-paw,舔左前爪,20000,02-orange-longhair_08-lick-left-paw_seed-20000
066,22,cat_ids/02_长毛橘猫.png,"For the target video, at 0.00 seconds into the target video, <Picture 1> (from [Shot 1]) is fully referenced.

integrated_multimodal_description: [Shot 1] Live-action, photorealistic studio pet footage. A static medium full-body shot begins with the seated cat and scene in <Picture 1>. This is one continuous four-second shot. The cat calmly grooms its anatomical right front paw, on the viewer's left in the opening pose. From 0.00 to 0.60 seconds, it shifts weight onto its anatomical left front paw and the seated hindquarters, lifts the active paw toward the mouth and lowers the head slightly to meet it. The eyes soften as the paw rises in a small comfortable arc. From 0.70 to 1.00 seconds, the tongue extends, makes one clear lick across the raised paw and retracts fully. After a brief pause, from 1.20 to 1.50 seconds, it makes a second visible lick and retracts again. The paw stays distinct from the muzzle, with a small natural wrist adjustment between the contacts. From 1.60 to 2.40 seconds, the mouth closes, the head rises slightly and the paw lowers comfortably onto the floor. By 2.70 seconds, the shoulders have resettled and the eyes glance gently toward the freshly groomed paw. Through 3.00 seconds, the cat remains seated with this relaxed head angle and soft breathing. From 3.00 to 4.00 seconds, the cat maintains the posture reached by 2.70 seconds, with only faint breathing and tiny settling movements. Preserve the individual cat's facial proportions, each eye's reference color, coat or bare-skin appearance, markings, ear type and existing tail anatomy as the pose changes. Keep the reference framing, background, floor and lighting consistent, with grounded shadows following the cat's movement. The cat is alone and the surrounding floor stays clear. 

overall_soundscape: Two quiet wet licking sounds accompany the two tongue contacts before 1.50 seconds. A faint body movement and soft paw-pad landing finish by 2.70 seconds, followed by quiet room tone and breathing.

non_diegetic_music: N/A
",02,02-orange-longhair,长毛橘猫,09,09-lick-right-paw,舔右前爪,0,02-orange-longhair_09-lick-right-paw_seed-0
067,22,cat_ids/02_长毛橘猫.png,"For the target video, at 0.00 seconds into the target video, <Picture 1> (from [Shot 1]) is fully referenced.

integrated_multimodal_description: [Shot 1] Live-action, photorealistic studio pet footage. A static medium full-body shot begins with the seated cat and scene in <Picture 1>. This is one continuous four-second shot. The cat calmly grooms its anatomical right front paw, on the viewer's left in the opening pose. From 0.00 to 0.60 seconds, it shifts weight onto its anatomical left front paw and the seated hindquarters, lifts the active paw toward the mouth and lowers the head slightly to meet it. The eyes soften as the paw rises in a small comfortable arc. From 0.70 to 1.00 seconds, the tongue extends, makes one clear lick across the raised paw and retracts fully. After a brief pause, from 1.20 to 1.50 seconds, it makes a second visible lick and retracts again. The paw stays distinct from the muzzle, with a small natural wrist adjustment between the contacts. From 1.60 to 2.40 seconds, the mouth closes, the head rises slightly and the paw lowers comfortably onto the floor. By 2.70 seconds, the shoulders have resettled and the eyes glance gently toward the freshly groomed paw. Through 3.00 seconds, the cat remains seated with this relaxed head angle and soft breathing. From 3.00 to 4.00 seconds, the cat maintains the posture reached by 2.70 seconds, with only faint breathing and tiny settling movements. Preserve the individual cat's facial proportions, each eye's reference color, coat or bare-skin appearance, markings, ear type and existing tail anatomy as the pose changes. Keep the reference framing, background, floor and lighting consistent, with grounded shadows following the cat's movement. The cat is alone and the surrounding floor stays clear. 

overall_soundscape: Two quiet wet licking sounds accompany the two tongue contacts before 1.50 seconds. A faint body movement and soft paw-pad landing finish by 2.70 seconds, followed by quiet room tone and breathing.

non_diegetic_music: N/A
",02,02-orange-longhair,长毛橘猫,09,09-lick-right-paw,舔右前爪,10000,02-orange-longhair_09-lick-right-paw_seed-10000
068,22,cat_ids/02_长毛橘猫.png,"For the target video, at 0.00 seconds into the target video, <Picture 1> (from [Shot 1]) is fully referenced.

integrated_multimodal_description: [Shot 1] Live-action, photorealistic studio pet footage. A static medium full-body shot begins with the seated cat and scene in <Picture 1>. This is one continuous four-second shot. The cat calmly grooms its anatomical right front paw, on the viewer's left in the opening pose. From 0.00 to 0.60 seconds, it shifts weight onto its anatomical left front paw and the seated hindquarters, lifts the active paw toward the mouth and lowers the head slightly to meet it. The eyes soften as the paw rises in a small comfortable arc. From 0.70 to 1.00 seconds, the tongue extends, makes one clear lick across the raised paw and retracts fully. After a brief pause, from 1.20 to 1.50 seconds, it makes a second visible lick and retracts again. The paw stays distinct from the muzzle, with a small natural wrist adjustment between the contacts. From 1.60 to 2.40 seconds, the mouth closes, the head rises slightly and the paw lowers comfortably onto the floor. By 2.70 seconds, the shoulders have resettled and the eyes glance gently toward the freshly groomed paw. Through 3.00 seconds, the cat remains seated with this relaxed head angle and soft breathing. From 3.00 to 4.00 seconds, the cat maintains the posture reached by 2.70 seconds, with only faint breathing and tiny settling movements. Preserve the individual cat's facial proportions, each eye's reference color, coat or bare-skin appearance, markings, ear type and existing tail anatomy as the pose changes. Keep the reference framing, background, floor and lighting consistent, with grounded shadows following the cat's movement. The cat is alone and the surrounding floor stays clear. 

overall_soundscape: Two quiet wet licking sounds accompany the two tongue contacts before 1.50 seconds. A faint body movement and soft paw-pad landing finish by 2.70 seconds, followed by quiet room tone and breathing.

non_diegetic_music: N/A
",02,02-orange-longhair,长毛橘猫,09,09-lick-right-paw,舔右前爪,20000,02-orange-longhair_09-lick-right-paw_seed-20000
069,23,cat_ids/02_长毛橘猫.png,"For the target video, at 0.00 seconds into the target video, <Picture 1> (from [Shot 1]) is fully referenced.

integrated_multimodal_description: [Shot 1] Live-action, photorealistic studio pet footage. A static medium full-body shot begins with the seated cat and scene in <Picture 1>. This is one continuous four-second shot. The cat eats one small mouthful of dry cat food at a comfortable pace. From 0.00 to 0.45 seconds, one shallow plain dish containing a small portion of food slides gently into view from the bottom edge along the floor and slows to a complete stop just ahead of the front paws, within comfortable reach. As it arrives, the cat looks down and begins lowering its head. From 0.45 to 1.05 seconds, the head lowers smoothly to the dish and the cat briefly sniffs just above the food; the ears make a small attentive adjustment. From 1.05 to 1.35 seconds, it takes one small mouthful and lifts its muzzle slightly clear of the food. From 1.35 to 2.50 seconds, it chews in a few small jaw movements with comfortable pauses, soft eyelids and subtle neck adjustments. By 2.70 seconds, the small mouthful is finished and the cat rests with its mouth closed and its head still comfortably lowered near the dish. This relaxed meal-side posture continues through 3.00 seconds, with the dish and remaining food staying in place. The dish keeps its shape and grounded contact shadow throughout. From 3.00 to 4.00 seconds, the cat maintains the posture reached by 2.70 seconds, with only faint breathing and tiny settling movements. Preserve the individual cat's facial proportions, each eye's reference color, coat or bare-skin appearance, markings, ear type and existing tail anatomy as the pose changes. Keep the reference framing, background, floor and lighting consistent, with grounded shadows following the cat's movement. Only the cat and this single dish of food occupy the scene. No person or hand enters.

overall_soundscape: A soft dish slide is heard at the start, followed by a faint sniff. A few small dry crunches accompany chewing between 1.35 and 2.50 seconds; after 2.70 seconds, only quiet studio ambience and faint breathing remain.

non_diegetic_music: N/A
",02,02-orange-longhair,长毛橘猫,10,10-eat-cat-food,吃猫粮,0,02-orange-longhair_10-eat-cat-food_seed-0
070,23,cat_ids/02_长毛橘猫.png,"For the target video, at 0.00 seconds into the target video, <Picture 1> (from [Shot 1]) is fully referenced.

integrated_multimodal_description: [Shot 1] Live-action, photorealistic studio pet footage. A static medium full-body shot begins with the seated cat and scene in <Picture 1>. This is one continuous four-second shot. The cat eats one small mouthful of dry cat food at a comfortable pace. From 0.00 to 0.45 seconds, one shallow plain dish containing a small portion of food slides gently into view from the bottom edge along the floor and slows to a complete stop just ahead of the front paws, within comfortable reach. As it arrives, the cat looks down and begins lowering its head. From 0.45 to 1.05 seconds, the head lowers smoothly to the dish and the cat briefly sniffs just above the food; the ears make a small attentive adjustment. From 1.05 to 1.35 seconds, it takes one small mouthful and lifts its muzzle slightly clear of the food. From 1.35 to 2.50 seconds, it chews in a few small jaw movements with comfortable pauses, soft eyelids and subtle neck adjustments. By 2.70 seconds, the small mouthful is finished and the cat rests with its mouth closed and its head still comfortably lowered near the dish. This relaxed meal-side posture continues through 3.00 seconds, with the dish and remaining food staying in place. The dish keeps its shape and grounded contact shadow throughout. From 3.00 to 4.00 seconds, the cat maintains the posture reached by 2.70 seconds, with only faint breathing and tiny settling movements. Preserve the individual cat's facial proportions, each eye's reference color, coat or bare-skin appearance, markings, ear type and existing tail anatomy as the pose changes. Keep the reference framing, background, floor and lighting consistent, with grounded shadows following the cat's movement. Only the cat and this single dish of food occupy the scene. No person or hand enters.

overall_soundscape: A soft dish slide is heard at the start, followed by a faint sniff. A few small dry crunches accompany chewing between 1.35 and 2.50 seconds; after 2.70 seconds, only quiet studio ambience and faint breathing remain.

non_diegetic_music: N/A
",02,02-orange-longhair,长毛橘猫,10,10-eat-cat-food,吃猫粮,10000,02-orange-longhair_10-eat-cat-food_seed-10000
071,23,cat_ids/02_长毛橘猫.png,"For the target video, at 0.00 seconds into the target video, <Picture 1> (from [Shot 1]) is fully referenced.

integrated_multimodal_description: [Shot 1] Live-action, photorealistic studio pet footage. A static medium full-body shot begins with the seated cat and scene in <Picture 1>. This is one continuous four-second shot. The cat eats one small mouthful of dry cat food at a comfortable pace. From 0.00 to 0.45 seconds, one shallow plain dish containing a small portion of food slides gently into view from the bottom edge along the floor and slows to a complete stop just ahead of the front paws, within comfortable reach. As it arrives, the cat looks down and begins lowering its head. From 0.45 to 1.05 seconds, the head lowers smoothly to the dish and the cat briefly sniffs just above the food; the ears make a small attentive adjustment. From 1.05 to 1.35 seconds, it takes one small mouthful and lifts its muzzle slightly clear of the food. From 1.35 to 2.50 seconds, it chews in a few small jaw movements with comfortable pauses, soft eyelids and subtle neck adjustments. By 2.70 seconds, the small mouthful is finished and the cat rests with its mouth closed and its head still comfortably lowered near the dish. This relaxed meal-side posture continues through 3.00 seconds, with the dish and remaining food staying in place. The dish keeps its shape and grounded contact shadow throughout. From 3.00 to 4.00 seconds, the cat maintains the posture reached by 2.70 seconds, with only faint breathing and tiny settling movements. Preserve the individual cat's facial proportions, each eye's reference color, coat or bare-skin appearance, markings, ear type and existing tail anatomy as the pose changes. Keep the reference framing, background, floor and lighting consistent, with grounded shadows following the cat's movement. Only the cat and this single dish of food occupy the scene. No person or hand enters.

overall_soundscape: A soft dish slide is heard at the start, followed by a faint sniff. A few small dry crunches accompany chewing between 1.35 and 2.50 seconds; after 2.70 seconds, only quiet studio ambience and faint breathing remain.

non_diegetic_music: N/A
",02,02-orange-longhair,长毛橘猫,10,10-eat-cat-food,吃猫粮,20000,02-orange-longhair_10-eat-cat-food_seed-20000
072,24,cat_ids/02_长毛橘猫.png,"For the target video, at 0.00 seconds into the target video, <Picture 1> (from [Shot 1]) is fully referenced.

integrated_multimodal_description: [Shot 1] Live-action, photorealistic studio pet footage. A static medium full-body shot begins with the seated cat and scene in <Picture 1>. This is one continuous four-second shot. The cat folds down into a compact curled sleeping pose, turning its head and shoulders toward its anatomical left, the viewer's right from the opening pose. From 0.00 to 0.40 seconds, the eyelids grow heavy, the chin dips and the front paws make small inward adjustments directly beneath the chest. From 0.40 to 1.50 seconds, both elbows fold and the chest descends toward the gathered paws. At the same time, the hindquarters lower beside the chest, the hind legs tuck inward and the spine curves into a small C shape. The shoulders and hips draw together into one compact oval footprint, with the belly facing the floor and the flank resting gently against it. The forepaws remain gathered under the face, and the existing tail settles beside the hindquarters. From 1.50 to 2.30 seconds, the cat rests its chin on the gathered front paws near the viewer's right side of the curled shape and closes its eyes completely. By 2.70 seconds, the head is resting, the shoulders are relaxed and the cat is comfortably curled up. From 2.70 to 3.00 seconds, it remains in this sleeping pose with closed eyes and a small, steady rise and fall of the flank. From 3.00 to 4.00 seconds, the cat maintains the posture reached by 2.70 seconds, with only faint breathing and tiny settling movements. Preserve the individual cat's facial proportions, each eye's reference color, coat or bare-skin appearance, markings, ear type and existing tail anatomy as the pose changes. Keep the reference framing, background, floor and lighting consistent, with grounded shadows following the cat's movement. The cat is alone and the surrounding floor stays clear. 

overall_soundscape: Small paw adjustments and a soft body contact accompany the descent. The movement sounds finish by 2.70 seconds, leaving calm, faint breathing over quiet studio room tone during the sleeping hold.

non_diegetic_music: N/A
",02,02-orange-longhair,长毛橘猫,11,11-curl-left-sleep,向左蜷卧入睡,0,02-orange-longhair_11-curl-left-sleep_seed-0
073,24,cat_ids/02_长毛橘猫.png,"For the target video, at 0.00 seconds into the target video, <Picture 1> (from [Shot 1]) is fully referenced.

integrated_multimodal_description: [Shot 1] Live-action, photorealistic studio pet footage. A static medium full-body shot begins with the seated cat and scene in <Picture 1>. This is one continuous four-second shot. The cat folds down into a compact curled sleeping pose, turning its head and shoulders toward its anatomical left, the viewer's right from the opening pose. From 0.00 to 0.40 seconds, the eyelids grow heavy, the chin dips and the front paws make small inward adjustments directly beneath the chest. From 0.40 to 1.50 seconds, both elbows fold and the chest descends toward the gathered paws. At the same time, the hindquarters lower beside the chest, the hind legs tuck inward and the spine curves into a small C shape. The shoulders and hips draw together into one compact oval footprint, with the belly facing the floor and the flank resting gently against it. The forepaws remain gathered under the face, and the existing tail settles beside the hindquarters. From 1.50 to 2.30 seconds, the cat rests its chin on the gathered front paws near the viewer's right side of the curled shape and closes its eyes completely. By 2.70 seconds, the head is resting, the shoulders are relaxed and the cat is comfortably curled up. From 2.70 to 3.00 seconds, it remains in this sleeping pose with closed eyes and a small, steady rise and fall of the flank. From 3.00 to 4.00 seconds, the cat maintains the posture reached by 2.70 seconds, with only faint breathing and tiny settling movements. Preserve the individual cat's facial proportions, each eye's reference color, coat or bare-skin appearance, markings, ear type and existing tail anatomy as the pose changes. Keep the reference framing, background, floor and lighting consistent, with grounded shadows following the cat's movement. The cat is alone and the surrounding floor stays clear. 

overall_soundscape: Small paw adjustments and a soft body contact accompany the descent. The movement sounds finish by 2.70 seconds, leaving calm, faint breathing over quiet studio room tone during the sleeping hold.

non_diegetic_music: N/A
",02,02-orange-longhair,长毛橘猫,11,11-curl-left-sleep,向左蜷卧入睡,10000,02-orange-longhair_11-curl-left-sleep_seed-10000
074,24,cat_ids/02_长毛橘猫.png,"For the target video, at 0.00 seconds into the target video, <Picture 1> (from [Shot 1]) is fully referenced.

integrated_multimodal_description: [Shot 1] Live-action, photorealistic studio pet footage. A static medium full-body shot begins with the seated cat and scene in <Picture 1>. This is one continuous four-second shot. The cat folds down into a compact curled sleeping pose, turning its head and shoulders toward its anatomical left, the viewer's right from the opening pose. From 0.00 to 0.40 seconds, the eyelids grow heavy, the chin dips and the front paws make small inward adjustments directly beneath the chest. From 0.40 to 1.50 seconds, both elbows fold and the chest descends toward the gathered paws. At the same time, the hindquarters lower beside the chest, the hind legs tuck inward and the spine curves into a small C shape. The shoulders and hips draw together into one compact oval footprint, with the belly facing the floor and the flank resting gently against it. The forepaws remain gathered under the face, and the existing tail settles beside the hindquarters. From 1.50 to 2.30 seconds, the cat rests its chin on the gathered front paws near the viewer's right side of the curled shape and closes its eyes completely. By 2.70 seconds, the head is resting, the shoulders are relaxed and the cat is comfortably curled up. From 2.70 to 3.00 seconds, it remains in this sleeping pose with closed eyes and a small, steady rise and fall of the flank. From 3.00 to 4.00 seconds, the cat maintains the posture reached by 2.70 seconds, with only faint breathing and tiny settling movements. Preserve the individual cat's facial proportions, each eye's reference color, coat or bare-skin appearance, markings, ear type and existing tail anatomy as the pose changes. Keep the reference framing, background, floor and lighting consistent, with grounded shadows following the cat's movement. The cat is alone and the surrounding floor stays clear. 

overall_soundscape: Small paw adjustments and a soft body contact accompany the descent. The movement sounds finish by 2.70 seconds, leaving calm, faint breathing over quiet studio room tone during the sleeping hold.

non_diegetic_music: N/A
",02,02-orange-longhair,长毛橘猫,11,11-curl-left-sleep,向左蜷卧入睡,20000,02-orange-longhair_11-curl-left-sleep_seed-20000
075,25,cat_ids/02_长毛橘猫.png,"For the target video, at 0.00 seconds into the target video, <Picture 1> (from [Shot 1]) is fully referenced.

integrated_multimodal_description: [Shot 1] Live-action, photorealistic studio pet footage. A static medium full-body shot begins with the seated cat and scene in <Picture 1>. This is one continuous four-second shot. The cat folds down into a compact curled sleeping pose, turning its head and shoulders toward its anatomical right, the viewer's left from the opening pose. From 0.00 to 0.40 seconds, the eyelids grow heavy, the chin dips and the front paws make small inward adjustments directly beneath the chest. From 0.40 to 1.50 seconds, both elbows fold and the chest descends toward the gathered paws. At the same time, the hindquarters lower beside the chest, the hind legs tuck inward and the spine curves into a small C shape. The shoulders and hips draw together into one compact oval footprint, with the belly facing the floor and the flank resting gently against it. The forepaws remain gathered under the face, and the existing tail settles beside the hindquarters. From 1.50 to 2.30 seconds, the cat rests its chin on the gathered front paws near the viewer's left side of the curled shape and closes its eyes completely. By 2.70 seconds, the head is resting, the shoulders are relaxed and the cat is comfortably curled up. From 2.70 to 3.00 seconds, it remains in this sleeping pose with closed eyes and a small, steady rise and fall of the flank. From 3.00 to 4.00 seconds, the cat maintains the posture reached by 2.70 seconds, with only faint breathing and tiny settling movements. Preserve the individual cat's facial proportions, each eye's reference color, coat or bare-skin appearance, markings, ear type and existing tail anatomy as the pose changes. Keep the reference framing, background, floor and lighting consistent, with grounded shadows following the cat's movement. The cat is alone and the surrounding floor stays clear. 

overall_soundscape: Small paw adjustments and a soft body contact accompany the descent. The movement sounds finish by 2.70 seconds, leaving calm, faint breathing over quiet studio room tone during the sleeping hold.

non_diegetic_music: N/A
",02,02-orange-longhair,长毛橘猫,12,12-curl-right-sleep,向右蜷卧入睡,0,02-orange-longhair_12-curl-right-sleep_seed-0
076,25,cat_ids/02_长毛橘猫.png,"For the target video, at 0.00 seconds into the target video, <Picture 1> (from [Shot 1]) is fully referenced.

integrated_multimodal_description: [Shot 1] Live-action, photorealistic studio pet footage. A static medium full-body shot begins with the seated cat and scene in <Picture 1>. This is one continuous four-second shot. The cat folds down into a compact curled sleeping pose, turning its head and shoulders toward its anatomical right, the viewer's left from the opening pose. From 0.00 to 0.40 seconds, the eyelids grow heavy, the chin dips and the front paws make small inward adjustments directly beneath the chest. From 0.40 to 1.50 seconds, both elbows fold and the chest descends toward the gathered paws. At the same time, the hindquarters lower beside the chest, the hind legs tuck inward and the spine curves into a small C shape. The shoulders and hips draw together into one compact oval footprint, with the belly facing the floor and the flank resting gently against it. The forepaws remain gathered under the face, and the existing tail settles beside the hindquarters. From 1.50 to 2.30 seconds, the cat rests its chin on the gathered front paws near the viewer's left side of the curled shape and closes its eyes completely. By 2.70 seconds, the head is resting, the shoulders are relaxed and the cat is comfortably curled up. From 2.70 to 3.00 seconds, it remains in this sleeping pose with closed eyes and a small, steady rise and fall of the flank. From 3.00 to 4.00 seconds, the cat maintains the posture reached by 2.70 seconds, with only faint breathing and tiny settling movements. Preserve the individual cat's facial proportions, each eye's reference color, coat or bare-skin appearance, markings, ear type and existing tail anatomy as the pose changes. Keep the reference framing, background, floor and lighting consistent, with grounded shadows following the cat's movement. The cat is alone and the surrounding floor stays clear. 

overall_soundscape: Small paw adjustments and a soft body contact accompany the descent. The movement sounds finish by 2.70 seconds, leaving calm, faint breathing over quiet studio room tone during the sleeping hold.

non_diegetic_music: N/A
",02,02-orange-longhair,长毛橘猫,12,12-curl-right-sleep,向右蜷卧入睡,10000,02-orange-longhair_12-curl-right-sleep_seed-10000
077,25,cat_ids/02_长毛橘猫.png,"For the target video, at 0.00 seconds into the target video, <Picture 1> (from [Shot 1]) is fully referenced.

integrated_multimodal_description: [Shot 1] Live-action, photorealistic studio pet footage. A static medium full-body shot begins with the seated cat and scene in <Picture 1>. This is one continuous four-second shot. The cat folds down into a compact curled sleeping pose, turning its head and shoulders toward its anatomical right, the viewer's left from the opening pose. From 0.00 to 0.40 seconds, the eyelids grow heavy, the chin dips and the front paws make small inward adjustments directly beneath the chest. From 0.40 to 1.50 seconds, both elbows fold and the chest descends toward the gathered paws. At the same time, the hindquarters lower beside the chest, the hind legs tuck inward and the spine curves into a small C shape. The shoulders and hips draw together into one compact oval footprint, with the belly facing the floor and the flank resting gently against it. The forepaws remain gathered under the face, and the existing tail settles beside the hindquarters. From 1.50 to 2.30 seconds, the cat rests its chin on the gathered front paws near the viewer's left side of the curled shape and closes its eyes completely. By 2.70 seconds, the head is resting, the shoulders are relaxed and the cat is comfortably curled up. From 2.70 to 3.00 seconds, it remains in this sleeping pose with closed eyes and a small, steady rise and fall of the flank. From 3.00 to 4.00 seconds, the cat maintains the posture reached by 2.70 seconds, with only faint breathing and tiny settling movements. Preserve the individual cat's facial proportions, each eye's reference color, coat or bare-skin appearance, markings, ear type and existing tail anatomy as the pose changes. Keep the reference framing, background, floor and lighting consistent, with grounded shadows following the cat's movement. The cat is alone and the surrounding floor stays clear. 

overall_soundscape: Small paw adjustments and a soft body contact accompany the descent. The movement sounds finish by 2.70 seconds, leaving calm, faint breathing over quiet studio room tone during the sleeping hold.

non_diegetic_music: N/A
",02,02-orange-longhair,长毛橘猫,12,12-curl-right-sleep,向右蜷卧入睡,20000,02-orange-longhair_12-curl-right-sleep_seed-20000
078,26,cat_ids/02_长毛橘猫.png,"For the target video, at 0.00 seconds into the target video, <Picture 1> (from [Shot 1]) is fully referenced.

integrated_multimodal_description: [Shot 1] Live-action, photorealistic studio pet footage. A static medium full-body shot begins with the seated cat and scene in <Picture 1>. This is one continuous four-second shot. The cat makes one small forward-and-upward hop, lands softly and returns to a comfortable upright seated pose. From 0.00 to 0.30 seconds, it holds the initial seated pose. At 0.30 seconds, one quiet off-screen tongue click draws its gaze slightly above the camera. From 0.30 to 0.85 seconds, the cat leans its chest slightly forward, raises the hindquarters out of the seated position and folds the hind legs into a compact crouch, with both front paws still touching the floor. From 0.85 to 1.10 seconds, the hind legs extend to push against the floor while both front paws lift and reach a short distance forward. From 1.10 to 1.35 seconds, the body travels through one low, compact arc, with all four paws visibly clear of the floor together for a brief moment. The head and chest stay low enough to preserve the available headroom, and the paws remain beneath or just ahead of the body. From 1.35 to 1.65 seconds, the front paws touch down first, followed closely by the hind paws; the elbows and hind legs bend to absorb the landing. The landing is no more than one front-paw length ahead of the starting position. The shadow stays on the floor, visibly separating from the paws during the hop and reconnecting at landing. From 1.65 to 2.50 seconds, the cat lowers its hindquarters, makes a small front-paw placement adjustment beneath the shoulders and raises its chest into an upright, front-facing seated pose near the starting position. By 2.70 seconds, it is comfortably balanced with both front paws on the floor and a relaxed, attentive gaze. This seated posture continues through 3.00 seconds. From 3.00 to 4.00 seconds, the cat maintains the posture reached by 2.70 seconds, with only faint breathing and tiny settling movements. Preserve the individual cat's facial proportions, each anatomical eye's reference color, body proportions, paw anatomy, coat or bare-skin appearance, markings, ear type and existing tail anatomy as the pose changes. Keep the camera position, perspective, focal length, crop, focus, exposure, white balance, reference background, floor and lighting consistent. The entire cat, including the ears, paws and any visible tail, remains inside the original frame with clear margins throughout. Only the cat is visible, and the surrounding floor stays clear.

overall_soundscape: Quiet studio room tone continues throughout. One soft off-screen tongue click at 0.30 seconds is followed by faint paw movement during the crouch, a muted push-off and closely spaced soft paw-pad impacts during the landing between 1.35 and 1.65 seconds. The final paw adjustment finishes by 2.70 seconds, leaving only room tone and faint breathing.

non_diegetic_music: N/A
",02,02-orange-longhair,长毛橘猫,13,13-small-jump,小幅跳跃,0,02-orange-longhair_13-small-jump_seed-0
079,26,cat_ids/02_长毛橘猫.png,"For the target video, at 0.00 seconds into the target video, <Picture 1> (from [Shot 1]) is fully referenced.

integrated_multimodal_description: [Shot 1] Live-action, photorealistic studio pet footage. A static medium full-body shot begins with the seated cat and scene in <Picture 1>. This is one continuous four-second shot. The cat makes one small forward-and-upward hop, lands softly and returns to a comfortable upright seated pose. From 0.00 to 0.30 seconds, it holds the initial seated pose. At 0.30 seconds, one quiet off-screen tongue click draws its gaze slightly above the camera. From 0.30 to 0.85 seconds, the cat leans its chest slightly forward, raises the hindquarters out of the seated position and folds the hind legs into a compact crouch, with both front paws still touching the floor. From 0.85 to 1.10 seconds, the hind legs extend to push against the floor while both front paws lift and reach a short distance forward. From 1.10 to 1.35 seconds, the body travels through one low, compact arc, with all four paws visibly clear of the floor together for a brief moment. The head and chest stay low enough to preserve the available headroom, and the paws remain beneath or just ahead of the body. From 1.35 to 1.65 seconds, the front paws touch down first, followed closely by the hind paws; the elbows and hind legs bend to absorb the landing. The landing is no more than one front-paw length ahead of the starting position. The shadow stays on the floor, visibly separating from the paws during the hop and reconnecting at landing. From 1.65 to 2.50 seconds, the cat lowers its hindquarters, makes a small front-paw placement adjustment beneath the shoulders and raises its chest into an upright, front-facing seated pose near the starting position. By 2.70 seconds, it is comfortably balanced with both front paws on the floor and a relaxed, attentive gaze. This seated posture continues through 3.00 seconds. From 3.00 to 4.00 seconds, the cat maintains the posture reached by 2.70 seconds, with only faint breathing and tiny settling movements. Preserve the individual cat's facial proportions, each anatomical eye's reference color, body proportions, paw anatomy, coat or bare-skin appearance, markings, ear type and existing tail anatomy as the pose changes. Keep the camera position, perspective, focal length, crop, focus, exposure, white balance, reference background, floor and lighting consistent. The entire cat, including the ears, paws and any visible tail, remains inside the original frame with clear margins throughout. Only the cat is visible, and the surrounding floor stays clear.

overall_soundscape: Quiet studio room tone continues throughout. One soft off-screen tongue click at 0.30 seconds is followed by faint paw movement during the crouch, a muted push-off and closely spaced soft paw-pad impacts during the landing between 1.35 and 1.65 seconds. The final paw adjustment finishes by 2.70 seconds, leaving only room tone and faint breathing.

non_diegetic_music: N/A
",02,02-orange-longhair,长毛橘猫,13,13-small-jump,小幅跳跃,10000,02-orange-longhair_13-small-jump_seed-10000
080,26,cat_ids/02_长毛橘猫.png,"For the target video, at 0.00 seconds into the target video, <Picture 1> (from [Shot 1]) is fully referenced.

integrated_multimodal_description: [Shot 1] Live-action, photorealistic studio pet footage. A static medium full-body shot begins with the seated cat and scene in <Picture 1>. This is one continuous four-second shot. The cat makes one small forward-and-upward hop, lands softly and returns to a comfortable upright seated pose. From 0.00 to 0.30 seconds, it holds the initial seated pose. At 0.30 seconds, one quiet off-screen tongue click draws its gaze slightly above the camera. From 0.30 to 0.85 seconds, the cat leans its chest slightly forward, raises the hindquarters out of the seated position and folds the hind legs into a compact crouch, with both front paws still touching the floor. From 0.85 to 1.10 seconds, the hind legs extend to push against the floor while both front paws lift and reach a short distance forward. From 1.10 to 1.35 seconds, the body travels through one low, compact arc, with all four paws visibly clear of the floor together for a brief moment. The head and chest stay low enough to preserve the available headroom, and the paws remain beneath or just ahead of the body. From 1.35 to 1.65 seconds, the front paws touch down first, followed closely by the hind paws; the elbows and hind legs bend to absorb the landing. The landing is no more than one front-paw length ahead of the starting position. The shadow stays on the floor, visibly separating from the paws during the hop and reconnecting at landing. From 1.65 to 2.50 seconds, the cat lowers its hindquarters, makes a small front-paw placement adjustment beneath the shoulders and raises its chest into an upright, front-facing seated pose near the starting position. By 2.70 seconds, it is comfortably balanced with both front paws on the floor and a relaxed, attentive gaze. This seated posture continues through 3.00 seconds. From 3.00 to 4.00 seconds, the cat maintains the posture reached by 2.70 seconds, with only faint breathing and tiny settling movements. Preserve the individual cat's facial proportions, each anatomical eye's reference color, body proportions, paw anatomy, coat or bare-skin appearance, markings, ear type and existing tail anatomy as the pose changes. Keep the camera position, perspective, focal length, crop, focus, exposure, white balance, reference background, floor and lighting consistent. The entire cat, including the ears, paws and any visible tail, remains inside the original frame with clear margins throughout. Only the cat is visible, and the surrounding floor stays clear.

overall_soundscape: Quiet studio room tone continues throughout. One soft off-screen tongue click at 0.30 seconds is followed by faint paw movement during the crouch, a muted push-off and closely spaced soft paw-pad impacts during the landing between 1.35 and 1.65 seconds. The final paw adjustment finishes by 2.70 seconds, leaving only room tone and faint breathing.

non_diegetic_music: N/A
",02,02-orange-longhair,长毛橘猫,13,13-small-jump,小幅跳跃,20000,02-orange-longhair_13-small-jump_seed-20000
081,27,cat_ids/02_长毛橘猫.png,"For the target video, at 0.00 seconds into the target video, <Picture 1> (from [Shot 1]) is fully referenced.

integrated_multimodal_description: [Shot 1] Live-action, photorealistic studio pet footage. A static medium full-body shot begins with the seated cat and scene in <Picture 1>. This is one continuous four-second shot. The cat stays seated while playing with one feather teaser wand, making two light alternating front-paw taps before settling. From 0.00 to 0.20 seconds, it holds the initial seated pose. From 0.20 to 0.60 seconds, one small feather tuft attached directly to the tip of a slender flexible rod enters smoothly from the viewer's right. The tuft stops just ahead of the cat's lower chest, slightly toward the viewer's right and within easy paw reach. The visible rod extends continuously from the tuft through the right edge to an off-screen holder; the holder and hand remain outside the frame. The cat's eyes track the tuft and its head follows with a small turn. From 0.60 to 1.15 seconds, the tuft makes one short sideways sway. Keeping the hindquarters seated and the anatomical right front paw, on the viewer's left, planted for support, the cat lifts its anatomical left front paw, on the viewer's right, taps the tuft once and returns that paw to the floor. From 1.15 to 1.95 seconds, the rod guides the tuft through a short arc toward the viewer's left, just in front of the chest. The cat transfers support onto the now-planted left front paw, lifts the anatomical right front paw, taps the tuft once and returns that paw to the floor. Each paw contact briefly bends the feathers and deflects the rod tip; the tuft remains attached and visibly distinct from the paw. Only one front paw is raised at a time, and the hindquarters stay on the floor throughout. From 1.95 to 2.15 seconds, the wand pauses while the cat watches with both front paws down. From 2.15 to 2.60 seconds, the wand withdraws smoothly along a short path toward the viewer's right and exits completely through the same edge. The cat follows with its eyes and a small head turn, keeping both front paws on the floor. By 2.70 seconds, it rests in a comfortable upright seated pose, looking slightly toward the departed toy. This attentive posture continues through 3.00 seconds. From 3.00 to 4.00 seconds, the toy stays outside the frame and the cat maintains this posture with only faint breathing and tiny settling movements. Preserve the individual cat's facial proportions, each anatomical eye's reference color, body proportions, paw anatomy, coat or bare-skin appearance, markings, ear type and existing tail anatomy as the pose changes. Keep the reference framing, background, floor and lighting consistent, with a locked camera and grounded shadows following the paw movements. The entire cat remains inside the original frame with clear margins throughout. Only the cat and this single connected wand occupy the scene; the feather tuft moves below the chin, keeping the eyes and face unobstructed.

overall_soundscape: Quiet studio ambience continues beneath a faint feather rustle and two soft paw-to-feather contacts during the alternating taps between 0.60 and 1.95 seconds. Light paw-pad landings accompany each paw's return to the floor. A final soft feather rustle ends as the wand leaves by 2.60 seconds; after 2.70 seconds, only room tone and faint breathing remain.

non_diegetic_music: N/A
",02,02-orange-longhair,长毛橘猫,14,14-play-teaser-wand,玩逗猫棒,0,02-orange-longhair_14-play-teaser-wand_seed-0
082,27,cat_ids/02_长毛橘猫.png,"For the target video, at 0.00 seconds into the target video, <Picture 1> (from [Shot 1]) is fully referenced.

integrated_multimodal_description: [Shot 1] Live-action, photorealistic studio pet footage. A static medium full-body shot begins with the seated cat and scene in <Picture 1>. This is one continuous four-second shot. The cat stays seated while playing with one feather teaser wand, making two light alternating front-paw taps before settling. From 0.00 to 0.20 seconds, it holds the initial seated pose. From 0.20 to 0.60 seconds, one small feather tuft attached directly to the tip of a slender flexible rod enters smoothly from the viewer's right. The tuft stops just ahead of the cat's lower chest, slightly toward the viewer's right and within easy paw reach. The visible rod extends continuously from the tuft through the right edge to an off-screen holder; the holder and hand remain outside the frame. The cat's eyes track the tuft and its head follows with a small turn. From 0.60 to 1.15 seconds, the tuft makes one short sideways sway. Keeping the hindquarters seated and the anatomical right front paw, on the viewer's left, planted for support, the cat lifts its anatomical left front paw, on the viewer's right, taps the tuft once and returns that paw to the floor. From 1.15 to 1.95 seconds, the rod guides the tuft through a short arc toward the viewer's left, just in front of the chest. The cat transfers support onto the now-planted left front paw, lifts the anatomical right front paw, taps the tuft once and returns that paw to the floor. Each paw contact briefly bends the feathers and deflects the rod tip; the tuft remains attached and visibly distinct from the paw. Only one front paw is raised at a time, and the hindquarters stay on the floor throughout. From 1.95 to 2.15 seconds, the wand pauses while the cat watches with both front paws down. From 2.15 to 2.60 seconds, the wand withdraws smoothly along a short path toward the viewer's right and exits completely through the same edge. The cat follows with its eyes and a small head turn, keeping both front paws on the floor. By 2.70 seconds, it rests in a comfortable upright seated pose, looking slightly toward the departed toy. This attentive posture continues through 3.00 seconds. From 3.00 to 4.00 seconds, the toy stays outside the frame and the cat maintains this posture with only faint breathing and tiny settling movements. Preserve the individual cat's facial proportions, each anatomical eye's reference color, body proportions, paw anatomy, coat or bare-skin appearance, markings, ear type and existing tail anatomy as the pose changes. Keep the reference framing, background, floor and lighting consistent, with a locked camera and grounded shadows following the paw movements. The entire cat remains inside the original frame with clear margins throughout. Only the cat and this single connected wand occupy the scene; the feather tuft moves below the chin, keeping the eyes and face unobstructed.

overall_soundscape: Quiet studio ambience continues beneath a faint feather rustle and two soft paw-to-feather contacts during the alternating taps between 0.60 and 1.95 seconds. Light paw-pad landings accompany each paw's return to the floor. A final soft feather rustle ends as the wand leaves by 2.60 seconds; after 2.70 seconds, only room tone and faint breathing remain.

non_diegetic_music: N/A
",02,02-orange-longhair,长毛橘猫,14,14-play-teaser-wand,玩逗猫棒,10000,02-orange-longhair_14-play-teaser-wand_seed-10000
083,27,cat_ids/02_长毛橘猫.png,"For the target video, at 0.00 seconds into the target video, <Picture 1> (from [Shot 1]) is fully referenced.

integrated_multimodal_description: [Shot 1] Live-action, photorealistic studio pet footage. A static medium full-body shot begins with the seated cat and scene in <Picture 1>. This is one continuous four-second shot. The cat stays seated while playing with one feather teaser wand, making two light alternating front-paw taps before settling. From 0.00 to 0.20 seconds, it holds the initial seated pose. From 0.20 to 0.60 seconds, one small feather tuft attached directly to the tip of a slender flexible rod enters smoothly from the viewer's right. The tuft stops just ahead of the cat's lower chest, slightly toward the viewer's right and within easy paw reach. The visible rod extends continuously from the tuft through the right edge to an off-screen holder; the holder and hand remain outside the frame. The cat's eyes track the tuft and its head follows with a small turn. From 0.60 to 1.15 seconds, the tuft makes one short sideways sway. Keeping the hindquarters seated and the anatomical right front paw, on the viewer's left, planted for support, the cat lifts its anatomical left front paw, on the viewer's right, taps the tuft once and returns that paw to the floor. From 1.15 to 1.95 seconds, the rod guides the tuft through a short arc toward the viewer's left, just in front of the chest. The cat transfers support onto the now-planted left front paw, lifts the anatomical right front paw, taps the tuft once and returns that paw to the floor. Each paw contact briefly bends the feathers and deflects the rod tip; the tuft remains attached and visibly distinct from the paw. Only one front paw is raised at a time, and the hindquarters stay on the floor throughout. From 1.95 to 2.15 seconds, the wand pauses while the cat watches with both front paws down. From 2.15 to 2.60 seconds, the wand withdraws smoothly along a short path toward the viewer's right and exits completely through the same edge. The cat follows with its eyes and a small head turn, keeping both front paws on the floor. By 2.70 seconds, it rests in a comfortable upright seated pose, looking slightly toward the departed toy. This attentive posture continues through 3.00 seconds. From 3.00 to 4.00 seconds, the toy stays outside the frame and the cat maintains this posture with only faint breathing and tiny settling movements. Preserve the individual cat's facial proportions, each anatomical eye's reference color, body proportions, paw anatomy, coat or bare-skin appearance, markings, ear type and existing tail anatomy as the pose changes. Keep the reference framing, background, floor and lighting consistent, with a locked camera and grounded shadows following the paw movements. The entire cat remains inside the original frame with clear margins throughout. Only the cat and this single connected wand occupy the scene; the feather tuft moves below the chin, keeping the eyes and face unobstructed.

overall_soundscape: Quiet studio ambience continues beneath a faint feather rustle and two soft paw-to-feather contacts during the alternating taps between 0.60 and 1.95 seconds. Light paw-pad landings accompany each paw's return to the floor. A final soft feather rustle ends as the wand leaves by 2.60 seconds; after 2.70 seconds, only room tone and faint breathing remain.

non_diegetic_music: N/A
",02,02-orange-longhair,长毛橘猫,14,14-play-teaser-wand,玩逗猫棒,20000,02-orange-longhair_14-play-teaser-wand_seed-20000
084,28,cat_ids/38_彼得秃猫.png,"For the target video, at 0.00 seconds into the target video, <Picture 1> (from [Shot 1]) is fully referenced.

integrated_multimodal_description: [Shot 1] Live-action, photorealistic studio pet footage. This is one continuous four-second shot. A locked camera matching the reference perspective frames a medium full-body, front-facing portrait. At 0.00 seconds, the cat starts from <Picture 1>. Throughout the shot, preserve the same cat's facial proportions; each anatomical eye's reference color; exact ear morphology; coat or skin-surface texture; intrinsic marking topology; body proportions; paw appearance; and reference tail state, including a long tail, short tail, visible stump, or no visible tail. These identity features remain consistent as their screen projection changes with the cat's pose. The camera holds a perfectly Static Shot; perspective, focal length, subject scale, crop, focus, exposure, white balance, lighting, background, and floor appearance established by <Picture 1> remain fixed. Physical shadows stay grounded and respond coherently to contact and weight transfer. The cat remains fully inside the frame with clear margins, and the clean frame contains only the cat. During 0.00–0.40 seconds, the cat holds its initial seated pose. From 0.40 to 0.90 seconds, a barely perceptible inhale creates one minute local change in the lower-chest contour while the body does not translate and the overall seated pose, paws, hindquarters, head direction, ears, and reference tail state remain stable. At 0.95 seconds, both upper eyelids lower together and reopen by 1.20 seconds in one complete natural blink; the eyes keep the same color, shape, spacing, and forward gaze when open. From 1.20 to 2.70 seconds, the chest completes one gentle exhale and returns to its starting contour. By 2.70 seconds, the blink and gentle exhale are complete, with the eyes open and the cat comfortably seated. From 2.70 to 3.00 seconds, this quiet seated posture continues. From 3.00 to 4.00 seconds, the cat remains comfortably seated with only faint breathing and minute surface settling.

overall_soundscape: Steady quiet studio room tone with one very soft inhale and exhale from the cat, completed by 2.70 seconds. The cat does not vocalize; quiet room tone and faint breathing continue afterward.

non_diegetic_music: N/A
",38,38-peterbald,彼得秃猫,01,01-idle-blink,自然呼吸与眨眼,0,38-peterbald_01-idle-blink_seed-0
085,28,cat_ids/38_彼得秃猫.png,"For the target video, at 0.00 seconds into the target video, <Picture 1> (from [Shot 1]) is fully referenced.

integrated_multimodal_description: [Shot 1] Live-action, photorealistic studio pet footage. This is one continuous four-second shot. A locked camera matching the reference perspective frames a medium full-body, front-facing portrait. At 0.00 seconds, the cat starts from <Picture 1>. Throughout the shot, preserve the same cat's facial proportions; each anatomical eye's reference color; exact ear morphology; coat or skin-surface texture; intrinsic marking topology; body proportions; paw appearance; and reference tail state, including a long tail, short tail, visible stump, or no visible tail. These identity features remain consistent as their screen projection changes with the cat's pose. The camera holds a perfectly Static Shot; perspective, focal length, subject scale, crop, focus, exposure, white balance, lighting, background, and floor appearance established by <Picture 1> remain fixed. Physical shadows stay grounded and respond coherently to contact and weight transfer. The cat remains fully inside the frame with clear margins, and the clean frame contains only the cat. During 0.00–0.40 seconds, the cat holds its initial seated pose. From 0.40 to 0.90 seconds, a barely perceptible inhale creates one minute local change in the lower-chest contour while the body does not translate and the overall seated pose, paws, hindquarters, head direction, ears, and reference tail state remain stable. At 0.95 seconds, both upper eyelids lower together and reopen by 1.20 seconds in one complete natural blink; the eyes keep the same color, shape, spacing, and forward gaze when open. From 1.20 to 2.70 seconds, the chest completes one gentle exhale and returns to its starting contour. By 2.70 seconds, the blink and gentle exhale are complete, with the eyes open and the cat comfortably seated. From 2.70 to 3.00 seconds, this quiet seated posture continues. From 3.00 to 4.00 seconds, the cat remains comfortably seated with only faint breathing and minute surface settling.

overall_soundscape: Steady quiet studio room tone with one very soft inhale and exhale from the cat, completed by 2.70 seconds. The cat does not vocalize; quiet room tone and faint breathing continue afterward.

non_diegetic_music: N/A
",38,38-peterbald,彼得秃猫,01,01-idle-blink,自然呼吸与眨眼,10000,38-peterbald_01-idle-blink_seed-10000
086,28,cat_ids/38_彼得秃猫.png,"For the target video, at 0.00 seconds into the target video, <Picture 1> (from [Shot 1]) is fully referenced.

integrated_multimodal_description: [Shot 1] Live-action, photorealistic studio pet footage. This is one continuous four-second shot. A locked camera matching the reference perspective frames a medium full-body, front-facing portrait. At 0.00 seconds, the cat starts from <Picture 1>. Throughout the shot, preserve the same cat's facial proportions; each anatomical eye's reference color; exact ear morphology; coat or skin-surface texture; intrinsic marking topology; body proportions; paw appearance; and reference tail state, including a long tail, short tail, visible stump, or no visible tail. These identity features remain consistent as their screen projection changes with the cat's pose. The camera holds a perfectly Static Shot; perspective, focal length, subject scale, crop, focus, exposure, white balance, lighting, background, and floor appearance established by <Picture 1> remain fixed. Physical shadows stay grounded and respond coherently to contact and weight transfer. The cat remains fully inside the frame with clear margins, and the clean frame contains only the cat. During 0.00–0.40 seconds, the cat holds its initial seated pose. From 0.40 to 0.90 seconds, a barely perceptible inhale creates one minute local change in the lower-chest contour while the body does not translate and the overall seated pose, paws, hindquarters, head direction, ears, and reference tail state remain stable. At 0.95 seconds, both upper eyelids lower together and reopen by 1.20 seconds in one complete natural blink; the eyes keep the same color, shape, spacing, and forward gaze when open. From 1.20 to 2.70 seconds, the chest completes one gentle exhale and returns to its starting contour. By 2.70 seconds, the blink and gentle exhale are complete, with the eyes open and the cat comfortably seated. From 2.70 to 3.00 seconds, this quiet seated posture continues. From 3.00 to 4.00 seconds, the cat remains comfortably seated with only faint breathing and minute surface settling.

overall_soundscape: Steady quiet studio room tone with one very soft inhale and exhale from the cat, completed by 2.70 seconds. The cat does not vocalize; quiet room tone and faint breathing continue afterward.

non_diegetic_music: N/A
",38,38-peterbald,彼得秃猫,01,01-idle-blink,自然呼吸与眨眼,20000,38-peterbald_01-idle-blink_seed-20000
087,29,cat_ids/38_彼得秃猫.png,"For the target video, at 0.00 seconds into the target video, <Picture 1> (from [Shot 1]) is fully referenced.

integrated_multimodal_description: [Shot 1] Live-action, photorealistic studio pet footage. A static medium full-body shot begins with the seated cat and scene in <Picture 1>. This is one continuous four-second shot. The main action is a brief outward tug and soft release of the cat's anatomical left ear, on the viewer's right in the opening pose. From 0.15 to 0.60 seconds, the ear tip is drawn a short distance diagonally outward and slightly upward toward the viewer's right, away from the crown. The tip leads, the upper ear follows in a small soft bend and the base stays attached. The ear keeps its normal length and characteristic reference shape. At the peak, the head follows by a tiny amount and the eyelids narrow briefly in a mild, relaxed reaction. At 0.65 seconds, the pull releases. The ear springs most of the way back by 1.10 seconds, then makes one much smaller settling movement, reaching its natural resting angle by 1.50 seconds. From 1.10 to 2.30 seconds, the head gently follows back, the eyes reopen comfortably and the shoulders soften with an exhale. By 2.70 seconds, the cat is seated and calmly attentive; through 3.00 seconds, it holds this relaxed posture with faint breathing. The tug is conveyed entirely by the ear movement and the cat's response; no person, hand or pulling device appears. From 3.00 to 4.00 seconds, the cat maintains the posture reached by 2.70 seconds, with only faint breathing and tiny settling movements. Preserve the individual cat's facial proportions, each eye's reference color, coat or bare-skin appearance, markings, ear type and existing tail anatomy as the pose changes. Keep the reference framing, background, floor and lighting consistent, with grounded shadows following the cat's movement. The cat is alone and the surrounding floor stays clear. 

overall_soundscape: Quiet studio ambience and faint breathing, with a soft incidental body movement as the head settles. Only breathing and room tone remain after 2.70 seconds.

non_diegetic_music: N/A
",38,38-peterbald,彼得秃猫,02,02-left-ear-tug,左耳轻拽回弹,0,38-peterbald_02-left-ear-tug_seed-0
088,29,cat_ids/38_彼得秃猫.png,"For the target video, at 0.00 seconds into the target video, <Picture 1> (from [Shot 1]) is fully referenced.

integrated_multimodal_description: [Shot 1] Live-action, photorealistic studio pet footage. A static medium full-body shot begins with the seated cat and scene in <Picture 1>. This is one continuous four-second shot. The main action is a brief outward tug and soft release of the cat's anatomical left ear, on the viewer's right in the opening pose. From 0.15 to 0.60 seconds, the ear tip is drawn a short distance diagonally outward and slightly upward toward the viewer's right, away from the crown. The tip leads, the upper ear follows in a small soft bend and the base stays attached. The ear keeps its normal length and characteristic reference shape. At the peak, the head follows by a tiny amount and the eyelids narrow briefly in a mild, relaxed reaction. At 0.65 seconds, the pull releases. The ear springs most of the way back by 1.10 seconds, then makes one much smaller settling movement, reaching its natural resting angle by 1.50 seconds. From 1.10 to 2.30 seconds, the head gently follows back, the eyes reopen comfortably and the shoulders soften with an exhale. By 2.70 seconds, the cat is seated and calmly attentive; through 3.00 seconds, it holds this relaxed posture with faint breathing. The tug is conveyed entirely by the ear movement and the cat's response; no person, hand or pulling device appears. From 3.00 to 4.00 seconds, the cat maintains the posture reached by 2.70 seconds, with only faint breathing and tiny settling movements. Preserve the individual cat's facial proportions, each eye's reference color, coat or bare-skin appearance, markings, ear type and existing tail anatomy as the pose changes. Keep the reference framing, background, floor and lighting consistent, with grounded shadows following the cat's movement. The cat is alone and the surrounding floor stays clear. 

overall_soundscape: Quiet studio ambience and faint breathing, with a soft incidental body movement as the head settles. Only breathing and room tone remain after 2.70 seconds.

non_diegetic_music: N/A
",38,38-peterbald,彼得秃猫,02,02-left-ear-tug,左耳轻拽回弹,10000,38-peterbald_02-left-ear-tug_seed-10000
089,29,cat_ids/38_彼得秃猫.png,"For the target video, at 0.00 seconds into the target video, <Picture 1> (from [Shot 1]) is fully referenced.

integrated_multimodal_description: [Shot 1] Live-action, photorealistic studio pet footage. A static medium full-body shot begins with the seated cat and scene in <Picture 1>. This is one continuous four-second shot. The main action is a brief outward tug and soft release of the cat's anatomical left ear, on the viewer's right in the opening pose. From 0.15 to 0.60 seconds, the ear tip is drawn a short distance diagonally outward and slightly upward toward the viewer's right, away from the crown. The tip leads, the upper ear follows in a small soft bend and the base stays attached. The ear keeps its normal length and characteristic reference shape. At the peak, the head follows by a tiny amount and the eyelids narrow briefly in a mild, relaxed reaction. At 0.65 seconds, the pull releases. The ear springs most of the way back by 1.10 seconds, then makes one much smaller settling movement, reaching its natural resting angle by 1.50 seconds. From 1.10 to 2.30 seconds, the head gently follows back, the eyes reopen comfortably and the shoulders soften with an exhale. By 2.70 seconds, the cat is seated and calmly attentive; through 3.00 seconds, it holds this relaxed posture with faint breathing. The tug is conveyed entirely by the ear movement and the cat's response; no person, hand or pulling device appears. From 3.00 to 4.00 seconds, the cat maintains the posture reached by 2.70 seconds, with only faint breathing and tiny settling movements. Preserve the individual cat's facial proportions, each eye's reference color, coat or bare-skin appearance, markings, ear type and existing tail anatomy as the pose changes. Keep the reference framing, background, floor and lighting consistent, with grounded shadows following the cat's movement. The cat is alone and the surrounding floor stays clear. 

overall_soundscape: Quiet studio ambience and faint breathing, with a soft incidental body movement as the head settles. Only breathing and room tone remain after 2.70 seconds.

non_diegetic_music: N/A
",38,38-peterbald,彼得秃猫,02,02-left-ear-tug,左耳轻拽回弹,20000,38-peterbald_02-left-ear-tug_seed-20000
090,30,cat_ids/38_彼得秃猫.png,"For the target video, at 0.00 seconds into the target video, <Picture 1> (from [Shot 1]) is fully referenced.

integrated_multimodal_description: [Shot 1] Live-action, photorealistic studio pet footage. A static medium full-body shot begins with the seated cat and scene in <Picture 1>. This is one continuous four-second shot. The main action is a brief outward tug and soft release of the cat's anatomical right ear, on the viewer's left in the opening pose. From 0.15 to 0.60 seconds, the ear tip is drawn a short distance diagonally outward and slightly upward toward the viewer's left, away from the crown. The tip leads, the upper ear follows in a small soft bend and the base stays attached. The ear keeps its normal length and characteristic reference shape. At the peak, the head follows by a tiny amount and the eyelids narrow briefly in a mild, relaxed reaction. At 0.65 seconds, the pull releases. The ear springs most of the way back by 1.10 seconds, then makes one much smaller settling movement, reaching its natural resting angle by 1.50 seconds. From 1.10 to 2.30 seconds, the head gently follows back, the eyes reopen comfortably and the shoulders soften with an exhale. By 2.70 seconds, the cat is seated and calmly attentive; through 3.00 seconds, it holds this relaxed posture with faint breathing. The tug is conveyed entirely by the ear movement and the cat's response; no person, hand or pulling device appears. From 3.00 to 4.00 seconds, the cat maintains the posture reached by 2.70 seconds, with only faint breathing and tiny settling movements. Preserve the individual cat's facial proportions, each eye's reference color, coat or bare-skin appearance, markings, ear type and existing tail anatomy as the pose changes. Keep the reference framing, background, floor and lighting consistent, with grounded shadows following the cat's movement. The cat is alone and the surrounding floor stays clear. 

overall_soundscape: Quiet studio ambience and faint breathing, with a soft incidental body movement as the head settles. Only breathing and room tone remain after 2.70 seconds.

non_diegetic_music: N/A
",38,38-peterbald,彼得秃猫,03,03-right-ear-tug,右耳轻拽回弹,0,38-peterbald_03-right-ear-tug_seed-0
091,30,cat_ids/38_彼得秃猫.png,"For the target video, at 0.00 seconds into the target video, <Picture 1> (from [Shot 1]) is fully referenced.

integrated_multimodal_description: [Shot 1] Live-action, photorealistic studio pet footage. A static medium full-body shot begins with the seated cat and scene in <Picture 1>. This is one continuous four-second shot. The main action is a brief outward tug and soft release of the cat's anatomical right ear, on the viewer's left in the opening pose. From 0.15 to 0.60 seconds, the ear tip is drawn a short distance diagonally outward and slightly upward toward the viewer's left, away from the crown. The tip leads, the upper ear follows in a small soft bend and the base stays attached. The ear keeps its normal length and characteristic reference shape. At the peak, the head follows by a tiny amount and the eyelids narrow briefly in a mild, relaxed reaction. At 0.65 seconds, the pull releases. The ear springs most of the way back by 1.10 seconds, then makes one much smaller settling movement, reaching its natural resting angle by 1.50 seconds. From 1.10 to 2.30 seconds, the head gently follows back, the eyes reopen comfortably and the shoulders soften with an exhale. By 2.70 seconds, the cat is seated and calmly attentive; through 3.00 seconds, it holds this relaxed posture with faint breathing. The tug is conveyed entirely by the ear movement and the cat's response; no person, hand or pulling device appears. From 3.00 to 4.00 seconds, the cat maintains the posture reached by 2.70 seconds, with only faint breathing and tiny settling movements. Preserve the individual cat's facial proportions, each eye's reference color, coat or bare-skin appearance, markings, ear type and existing tail anatomy as the pose changes. Keep the reference framing, background, floor and lighting consistent, with grounded shadows following the cat's movement. The cat is alone and the surrounding floor stays clear. 

overall_soundscape: Quiet studio ambience and faint breathing, with a soft incidental body movement as the head settles. Only breathing and room tone remain after 2.70 seconds.

non_diegetic_music: N/A
",38,38-peterbald,彼得秃猫,03,03-right-ear-tug,右耳轻拽回弹,10000,38-peterbald_03-right-ear-tug_seed-10000
092,30,cat_ids/38_彼得秃猫.png,"For the target video, at 0.00 seconds into the target video, <Picture 1> (from [Shot 1]) is fully referenced.

integrated_multimodal_description: [Shot 1] Live-action, photorealistic studio pet footage. A static medium full-body shot begins with the seated cat and scene in <Picture 1>. This is one continuous four-second shot. The main action is a brief outward tug and soft release of the cat's anatomical right ear, on the viewer's left in the opening pose. From 0.15 to 0.60 seconds, the ear tip is drawn a short distance diagonally outward and slightly upward toward the viewer's left, away from the crown. The tip leads, the upper ear follows in a small soft bend and the base stays attached. The ear keeps its normal length and characteristic reference shape. At the peak, the head follows by a tiny amount and the eyelids narrow briefly in a mild, relaxed reaction. At 0.65 seconds, the pull releases. The ear springs most of the way back by 1.10 seconds, then makes one much smaller settling movement, reaching its natural resting angle by 1.50 seconds. From 1.10 to 2.30 seconds, the head gently follows back, the eyes reopen comfortably and the shoulders soften with an exhale. By 2.70 seconds, the cat is seated and calmly attentive; through 3.00 seconds, it holds this relaxed posture with faint breathing. The tug is conveyed entirely by the ear movement and the cat's response; no person, hand or pulling device appears. From 3.00 to 4.00 seconds, the cat maintains the posture reached by 2.70 seconds, with only faint breathing and tiny settling movements. Preserve the individual cat's facial proportions, each eye's reference color, coat or bare-skin appearance, markings, ear type and existing tail anatomy as the pose changes. Keep the reference framing, background, floor and lighting consistent, with grounded shadows following the cat's movement. The cat is alone and the surrounding floor stays clear. 

overall_soundscape: Quiet studio ambience and faint breathing, with a soft incidental body movement as the head settles. Only breathing and room tone remain after 2.70 seconds.

non_diegetic_music: N/A
",38,38-peterbald,彼得秃猫,03,03-right-ear-tug,右耳轻拽回弹,20000,38-peterbald_03-right-ear-tug_seed-20000
093,31,cat_ids/38_彼得秃猫.png,"For the target video, at 0.00 seconds into the target video, <Picture 1> (from [Shot 1]) is fully referenced.

integrated_multimodal_description: [Shot 1] Live-action, photorealistic studio pet footage. This is one continuous four-second shot. A locked camera matching the reference perspective frames a medium full-body, front-facing portrait. At 0.00 seconds, the cat starts from <Picture 1>. Throughout the shot, preserve the same cat's facial proportions; each anatomical eye's reference color; exact ear morphology; coat or skin-surface texture; intrinsic marking topology; body proportions; paw appearance; and reference tail state, including a long tail, short tail, visible stump, or no visible tail. These identity features remain consistent as their screen projection changes with the cat's pose. The camera holds a perfectly Static Shot; perspective, focal length, subject scale, crop, focus, exposure, white balance, lighting, background, and floor appearance established by <Picture 1> remain fixed. Physical shadows stay grounded and respond coherently to contact and weight transfer. The cat remains fully inside the frame with clear margins. The clean frame contains only the cat and one transient wool ball defined in the motion path; only this prop unit and its associated contact shadow may cross a frame boundary along the specified entry or exit path. During 0.00–0.20 seconds, the cat holds its initial seated pose. At 0.20 seconds, one small, tightly wound matte wool ball enters from the viewer's left and rolls left-to-right along a straight path on the foreground floor, with visible rotation and one attached contact shadow. From 0.35 to 0.85 seconds, the cat's eyes track first and the head follows with one small turn; the body transfers a little weight onto the anatomical left front paw on the viewer's right while the anatomical right front paw on the viewer's left lifts. From 0.85 to 1.40 seconds, that lifted paw reaches in one compact arc and its pads meet the top of the ball, causing the ball to decelerate to a brief stop while retaining its size, round boundary and visibility. From 1.50 to 1.85 seconds, the same paw gives one short controlled nudge toward the viewer's right while beginning to retract. The ball resumes rolling at lower speed and, together with its contact shadow, exits completely beyond the viewer's right edge by 2.60 seconds. The cat keeps its eyes on the moving ball and lets its head follow the resumed roll, with the active paw landing comfortably by 2.60 seconds. The ball remains one distinct object during floor contact and brief paw contact, preserving a clear boundary from the paw and any visible tail. By 2.70 seconds, the cat is balanced on both front paws and still looks toward the departing ball; this attentive posture continues through 3.00 seconds. From 3.00 to 4.00 seconds, the ball stays outside the frame and the cat maintains this comfortable posture with faint breathing. No person or hand enters.

overall_soundscape: A soft wool ball rolls across the floor from left to right, slows under one muted paw contact, then resumes with a quieter roll before leaving the frame by 2.60 seconds. One light paw-pad landing accompanies the release of the ball; after 2.70 seconds, only steady studio room tone and faint breathing remain.

non_diegetic_music: N/A
",38,38-peterbald,彼得秃猫,04,04-right-paw-yarn-left-to-right,右前爪拨球-画面左到右,0,38-peterbald_04-right-paw-yarn-left-to-right_seed-0
094,31,cat_ids/38_彼得秃猫.png,"For the target video, at 0.00 seconds into the target video, <Picture 1> (from [Shot 1]) is fully referenced.

integrated_multimodal_description: [Shot 1] Live-action, photorealistic studio pet footage. This is one continuous four-second shot. A locked camera matching the reference perspective frames a medium full-body, front-facing portrait. At 0.00 seconds, the cat starts from <Picture 1>. Throughout the shot, preserve the same cat's facial proportions; each anatomical eye's reference color; exact ear morphology; coat or skin-surface texture; intrinsic marking topology; body proportions; paw appearance; and reference tail state, including a long tail, short tail, visible stump, or no visible tail. These identity features remain consistent as their screen projection changes with the cat's pose. The camera holds a perfectly Static Shot; perspective, focal length, subject scale, crop, focus, exposure, white balance, lighting, background, and floor appearance established by <Picture 1> remain fixed. Physical shadows stay grounded and respond coherently to contact and weight transfer. The cat remains fully inside the frame with clear margins. The clean frame contains only the cat and one transient wool ball defined in the motion path; only this prop unit and its associated contact shadow may cross a frame boundary along the specified entry or exit path. During 0.00–0.20 seconds, the cat holds its initial seated pose. At 0.20 seconds, one small, tightly wound matte wool ball enters from the viewer's left and rolls left-to-right along a straight path on the foreground floor, with visible rotation and one attached contact shadow. From 0.35 to 0.85 seconds, the cat's eyes track first and the head follows with one small turn; the body transfers a little weight onto the anatomical left front paw on the viewer's right while the anatomical right front paw on the viewer's left lifts. From 0.85 to 1.40 seconds, that lifted paw reaches in one compact arc and its pads meet the top of the ball, causing the ball to decelerate to a brief stop while retaining its size, round boundary and visibility. From 1.50 to 1.85 seconds, the same paw gives one short controlled nudge toward the viewer's right while beginning to retract. The ball resumes rolling at lower speed and, together with its contact shadow, exits completely beyond the viewer's right edge by 2.60 seconds. The cat keeps its eyes on the moving ball and lets its head follow the resumed roll, with the active paw landing comfortably by 2.60 seconds. The ball remains one distinct object during floor contact and brief paw contact, preserving a clear boundary from the paw and any visible tail. By 2.70 seconds, the cat is balanced on both front paws and still looks toward the departing ball; this attentive posture continues through 3.00 seconds. From 3.00 to 4.00 seconds, the ball stays outside the frame and the cat maintains this comfortable posture with faint breathing. No person or hand enters.

overall_soundscape: A soft wool ball rolls across the floor from left to right, slows under one muted paw contact, then resumes with a quieter roll before leaving the frame by 2.60 seconds. One light paw-pad landing accompanies the release of the ball; after 2.70 seconds, only steady studio room tone and faint breathing remain.

non_diegetic_music: N/A
",38,38-peterbald,彼得秃猫,04,04-right-paw-yarn-left-to-right,右前爪拨球-画面左到右,10000,38-peterbald_04-right-paw-yarn-left-to-right_seed-10000
095,31,cat_ids/38_彼得秃猫.png,"For the target video, at 0.00 seconds into the target video, <Picture 1> (from [Shot 1]) is fully referenced.

integrated_multimodal_description: [Shot 1] Live-action, photorealistic studio pet footage. This is one continuous four-second shot. A locked camera matching the reference perspective frames a medium full-body, front-facing portrait. At 0.00 seconds, the cat starts from <Picture 1>. Throughout the shot, preserve the same cat's facial proportions; each anatomical eye's reference color; exact ear morphology; coat or skin-surface texture; intrinsic marking topology; body proportions; paw appearance; and reference tail state, including a long tail, short tail, visible stump, or no visible tail. These identity features remain consistent as their screen projection changes with the cat's pose. The camera holds a perfectly Static Shot; perspective, focal length, subject scale, crop, focus, exposure, white balance, lighting, background, and floor appearance established by <Picture 1> remain fixed. Physical shadows stay grounded and respond coherently to contact and weight transfer. The cat remains fully inside the frame with clear margins. The clean frame contains only the cat and one transient wool ball defined in the motion path; only this prop unit and its associated contact shadow may cross a frame boundary along the specified entry or exit path. During 0.00–0.20 seconds, the cat holds its initial seated pose. At 0.20 seconds, one small, tightly wound matte wool ball enters from the viewer's left and rolls left-to-right along a straight path on the foreground floor, with visible rotation and one attached contact shadow. From 0.35 to 0.85 seconds, the cat's eyes track first and the head follows with one small turn; the body transfers a little weight onto the anatomical left front paw on the viewer's right while the anatomical right front paw on the viewer's left lifts. From 0.85 to 1.40 seconds, that lifted paw reaches in one compact arc and its pads meet the top of the ball, causing the ball to decelerate to a brief stop while retaining its size, round boundary and visibility. From 1.50 to 1.85 seconds, the same paw gives one short controlled nudge toward the viewer's right while beginning to retract. The ball resumes rolling at lower speed and, together with its contact shadow, exits completely beyond the viewer's right edge by 2.60 seconds. The cat keeps its eyes on the moving ball and lets its head follow the resumed roll, with the active paw landing comfortably by 2.60 seconds. The ball remains one distinct object during floor contact and brief paw contact, preserving a clear boundary from the paw and any visible tail. By 2.70 seconds, the cat is balanced on both front paws and still looks toward the departing ball; this attentive posture continues through 3.00 seconds. From 3.00 to 4.00 seconds, the ball stays outside the frame and the cat maintains this comfortable posture with faint breathing. No person or hand enters.

overall_soundscape: A soft wool ball rolls across the floor from left to right, slows under one muted paw contact, then resumes with a quieter roll before leaving the frame by 2.60 seconds. One light paw-pad landing accompanies the release of the ball; after 2.70 seconds, only steady studio room tone and faint breathing remain.

non_diegetic_music: N/A
",38,38-peterbald,彼得秃猫,04,04-right-paw-yarn-left-to-right,右前爪拨球-画面左到右,20000,38-peterbald_04-right-paw-yarn-left-to-right_seed-20000
096,32,cat_ids/38_彼得秃猫.png,"For the target video, at 0.00 seconds into the target video, <Picture 1> (from [Shot 1]) is fully referenced.

integrated_multimodal_description: [Shot 1] Live-action, photorealistic studio pet footage. This is one continuous four-second shot. A locked camera matching the reference perspective frames a medium full-body, front-facing portrait. At 0.00 seconds, the cat starts from <Picture 1>. Throughout the shot, preserve the same cat's facial proportions; each anatomical eye's reference color; exact ear morphology; coat or skin-surface texture; intrinsic marking topology; body proportions; paw appearance; and reference tail state, including a long tail, short tail, visible stump, or no visible tail. These identity features remain consistent as their screen projection changes with the cat's pose. The camera holds a perfectly Static Shot; perspective, focal length, subject scale, crop, focus, exposure, white balance, lighting, background, and floor appearance established by <Picture 1> remain fixed. Physical shadows stay grounded and respond coherently to contact and weight transfer. The cat remains fully inside the frame with clear margins. The clean frame contains only the cat and one transient wool ball defined in the motion path; only this prop unit and its associated contact shadow may cross a frame boundary along the specified entry or exit path. During 0.00–0.20 seconds, the cat holds its initial seated pose. At 0.20 seconds, one small, tightly wound matte wool ball enters from the viewer's right and rolls right-to-left along a straight path on the foreground floor, with visible rotation and one attached contact shadow. From 0.35 to 0.85 seconds, the cat's eyes track first and the head follows with one small turn; the body transfers a little weight onto the anatomical right front paw on the viewer's left while the anatomical left front paw on the viewer's right lifts. From 0.85 to 1.40 seconds, that lifted paw reaches in one compact arc and its pads meet the top of the ball, causing the ball to decelerate to a brief stop while retaining its size, round boundary and visibility. From 1.50 to 1.85 seconds, the same paw gives one short controlled nudge toward the viewer's left while beginning to retract. The ball resumes rolling at lower speed and, together with its contact shadow, exits completely beyond the viewer's left edge by 2.60 seconds. The cat keeps its eyes on the moving ball and lets its head follow the resumed roll, with the active paw landing comfortably by 2.60 seconds. The ball remains one distinct object during floor contact and brief paw contact, preserving a clear boundary from the paw and any visible tail. By 2.70 seconds, the cat is balanced on both front paws and still looks toward the departing ball; this attentive posture continues through 3.00 seconds. From 3.00 to 4.00 seconds, the ball stays outside the frame and the cat maintains this comfortable posture with faint breathing. No person or hand enters.

overall_soundscape: A soft wool ball rolls across the floor from right to left, slows under one muted paw contact, then resumes with a quieter roll before leaving the frame by 2.60 seconds. One light paw-pad landing accompanies the release of the ball; after 2.70 seconds, only steady studio room tone and faint breathing remain.

non_diegetic_music: N/A
",38,38-peterbald,彼得秃猫,05,05-left-paw-yarn-right-to-left,左前爪拨球-画面右到左,0,38-peterbald_05-left-paw-yarn-right-to-left_seed-0
097,32,cat_ids/38_彼得秃猫.png,"For the target video, at 0.00 seconds into the target video, <Picture 1> (from [Shot 1]) is fully referenced.

integrated_multimodal_description: [Shot 1] Live-action, photorealistic studio pet footage. This is one continuous four-second shot. A locked camera matching the reference perspective frames a medium full-body, front-facing portrait. At 0.00 seconds, the cat starts from <Picture 1>. Throughout the shot, preserve the same cat's facial proportions; each anatomical eye's reference color; exact ear morphology; coat or skin-surface texture; intrinsic marking topology; body proportions; paw appearance; and reference tail state, including a long tail, short tail, visible stump, or no visible tail. These identity features remain consistent as their screen projection changes with the cat's pose. The camera holds a perfectly Static Shot; perspective, focal length, subject scale, crop, focus, exposure, white balance, lighting, background, and floor appearance established by <Picture 1> remain fixed. Physical shadows stay grounded and respond coherently to contact and weight transfer. The cat remains fully inside the frame with clear margins. The clean frame contains only the cat and one transient wool ball defined in the motion path; only this prop unit and its associated contact shadow may cross a frame boundary along the specified entry or exit path. During 0.00–0.20 seconds, the cat holds its initial seated pose. At 0.20 seconds, one small, tightly wound matte wool ball enters from the viewer's right and rolls right-to-left along a straight path on the foreground floor, with visible rotation and one attached contact shadow. From 0.35 to 0.85 seconds, the cat's eyes track first and the head follows with one small turn; the body transfers a little weight onto the anatomical right front paw on the viewer's left while the anatomical left front paw on the viewer's right lifts. From 0.85 to 1.40 seconds, that lifted paw reaches in one compact arc and its pads meet the top of the ball, causing the ball to decelerate to a brief stop while retaining its size, round boundary and visibility. From 1.50 to 1.85 seconds, the same paw gives one short controlled nudge toward the viewer's left while beginning to retract. The ball resumes rolling at lower speed and, together with its contact shadow, exits completely beyond the viewer's left edge by 2.60 seconds. The cat keeps its eyes on the moving ball and lets its head follow the resumed roll, with the active paw landing comfortably by 2.60 seconds. The ball remains one distinct object during floor contact and brief paw contact, preserving a clear boundary from the paw and any visible tail. By 2.70 seconds, the cat is balanced on both front paws and still looks toward the departing ball; this attentive posture continues through 3.00 seconds. From 3.00 to 4.00 seconds, the ball stays outside the frame and the cat maintains this comfortable posture with faint breathing. No person or hand enters.

overall_soundscape: A soft wool ball rolls across the floor from right to left, slows under one muted paw contact, then resumes with a quieter roll before leaving the frame by 2.60 seconds. One light paw-pad landing accompanies the release of the ball; after 2.70 seconds, only steady studio room tone and faint breathing remain.

non_diegetic_music: N/A
",38,38-peterbald,彼得秃猫,05,05-left-paw-yarn-right-to-left,左前爪拨球-画面右到左,10000,38-peterbald_05-left-paw-yarn-right-to-left_seed-10000
098,32,cat_ids/38_彼得秃猫.png,"For the target video, at 0.00 seconds into the target video, <Picture 1> (from [Shot 1]) is fully referenced.

integrated_multimodal_description: [Shot 1] Live-action, photorealistic studio pet footage. This is one continuous four-second shot. A locked camera matching the reference perspective frames a medium full-body, front-facing portrait. At 0.00 seconds, the cat starts from <Picture 1>. Throughout the shot, preserve the same cat's facial proportions; each anatomical eye's reference color; exact ear morphology; coat or skin-surface texture; intrinsic marking topology; body proportions; paw appearance; and reference tail state, including a long tail, short tail, visible stump, or no visible tail. These identity features remain consistent as their screen projection changes with the cat's pose. The camera holds a perfectly Static Shot; perspective, focal length, subject scale, crop, focus, exposure, white balance, lighting, background, and floor appearance established by <Picture 1> remain fixed. Physical shadows stay grounded and respond coherently to contact and weight transfer. The cat remains fully inside the frame with clear margins. The clean frame contains only the cat and one transient wool ball defined in the motion path; only this prop unit and its associated contact shadow may cross a frame boundary along the specified entry or exit path. During 0.00–0.20 seconds, the cat holds its initial seated pose. At 0.20 seconds, one small, tightly wound matte wool ball enters from the viewer's right and rolls right-to-left along a straight path on the foreground floor, with visible rotation and one attached contact shadow. From 0.35 to 0.85 seconds, the cat's eyes track first and the head follows with one small turn; the body transfers a little weight onto the anatomical right front paw on the viewer's left while the anatomical left front paw on the viewer's right lifts. From 0.85 to 1.40 seconds, that lifted paw reaches in one compact arc and its pads meet the top of the ball, causing the ball to decelerate to a brief stop while retaining its size, round boundary and visibility. From 1.50 to 1.85 seconds, the same paw gives one short controlled nudge toward the viewer's left while beginning to retract. The ball resumes rolling at lower speed and, together with its contact shadow, exits completely beyond the viewer's left edge by 2.60 seconds. The cat keeps its eyes on the moving ball and lets its head follow the resumed roll, with the active paw landing comfortably by 2.60 seconds. The ball remains one distinct object during floor contact and brief paw contact, preserving a clear boundary from the paw and any visible tail. By 2.70 seconds, the cat is balanced on both front paws and still looks toward the departing ball; this attentive posture continues through 3.00 seconds. From 3.00 to 4.00 seconds, the ball stays outside the frame and the cat maintains this comfortable posture with faint breathing. No person or hand enters.

overall_soundscape: A soft wool ball rolls across the floor from right to left, slows under one muted paw contact, then resumes with a quieter roll before leaving the frame by 2.60 seconds. One light paw-pad landing accompanies the release of the ball; after 2.70 seconds, only steady studio room tone and faint breathing remain.

non_diegetic_music: N/A
",38,38-peterbald,彼得秃猫,05,05-left-paw-yarn-right-to-left,左前爪拨球-画面右到左,20000,38-peterbald_05-left-paw-yarn-right-to-left_seed-20000
099,33,cat_ids/38_彼得秃猫.png,"For the target video, at 0.00 seconds into the target video, <Picture 1> (from [Shot 1]) is fully referenced.

integrated_multimodal_description: [Shot 1] Live-action, photorealistic studio pet footage. A static medium full-body shot begins with the seated cat and scene in <Picture 1>. This is one continuous four-second shot. The cat lowers onto its anatomical left side, on the viewer's right from the opening pose, rolls belly-up and then makes one clearly visible air swat with its anatomical right front paw. From 0.00 to 0.40 seconds, it shifts weight toward the viewer's right, bends the left elbow and lowers the left shoulder. The head and chest travel down toward that same side of the image while the left hip settles nearby. From 0.40 to 1.20 seconds, the left shoulder and flank make gentle floor contact first, then the shoulders and pelvis roll together from that side onto the back. The head settles toward the viewer's right of the hips, so the sideways descent stays clear and continuous. The cat remains fully inside the original frame. By 1.30 seconds, the back is supported by the floor, the belly faces upward and is clearly visible to the camera, both front paws are bent above the chest and the hind legs rest loosely folded. The anatomical right front paw is now the active waving paw. From 1.35 to 1.80 seconds, its elbow extends and the paw travels roughly two paw-lengths out of its initial curled position, visibly away from the chest, leaving a clear gap between the paw and the body. From 1.80 to 2.15 seconds, this raised paw sweeps through a short, clearly visible arc in the air above the belly. From 2.15 to 2.55 seconds, the elbow bends and the paw curls back toward the chest, completing one distinct lift, sweep and return. The other forepaw stays loosely bent, and the body remains belly-up throughout this air swat. The eyes soften and make a small gaze adjustment as the paw returns; the head rests comfortably against the floor. By 2.70 seconds, the swat is complete and the cat is relaxed belly-up with loosely curled paws and gentle breathing; this pose continues through 3.00 seconds. The cat initiates the movement itself, and no person or hand appears. From 3.00 to 4.00 seconds, the cat maintains the posture reached by 2.70 seconds, with only faint breathing and tiny settling movements. Preserve the individual cat's facial proportions, each eye's reference color, coat or bare-skin appearance, markings, ear type and existing tail anatomy as the pose changes. Keep the reference framing, background, floor and lighting consistent, with grounded shadows following the cat's movement. The cat is alone and the surrounding floor stays clear. 

overall_soundscape: Soft paw shifts and a gentle shoulder-and-flank contact accompany the early sideways descent and roll. A light surface movement accompanies the small body adjustment during the air swat, with no impact sound from the raised paw. Movement sounds finish by 2.70 seconds; faint breathing continues over quiet studio room tone.

non_diegetic_music: N/A
",38,38-peterbald,彼得秃猫,06,06-roll-left-belly-up-swat,向左打滚露腹挥爪,0,38-peterbald_06-roll-left-belly-up-swat_seed-0
100,33,cat_ids/38_彼得秃猫.png,"For the target video, at 0.00 seconds into the target video, <Picture 1> (from [Shot 1]) is fully referenced.

integrated_multimodal_description: [Shot 1] Live-action, photorealistic studio pet footage. A static medium full-body shot begins with the seated cat and scene in <Picture 1>. This is one continuous four-second shot. The cat lowers onto its anatomical left side, on the viewer's right from the opening pose, rolls belly-up and then makes one clearly visible air swat with its anatomical right front paw. From 0.00 to 0.40 seconds, it shifts weight toward the viewer's right, bends the left elbow and lowers the left shoulder. The head and chest travel down toward that same side of the image while the left hip settles nearby. From 0.40 to 1.20 seconds, the left shoulder and flank make gentle floor contact first, then the shoulders and pelvis roll together from that side onto the back. The head settles toward the viewer's right of the hips, so the sideways descent stays clear and continuous. The cat remains fully inside the original frame. By 1.30 seconds, the back is supported by the floor, the belly faces upward and is clearly visible to the camera, both front paws are bent above the chest and the hind legs rest loosely folded. The anatomical right front paw is now the active waving paw. From 1.35 to 1.80 seconds, its elbow extends and the paw travels roughly two paw-lengths out of its initial curled position, visibly away from the chest, leaving a clear gap between the paw and the body. From 1.80 to 2.15 seconds, this raised paw sweeps through a short, clearly visible arc in the air above the belly. From 2.15 to 2.55 seconds, the elbow bends and the paw curls back toward the chest, completing one distinct lift, sweep and return. The other forepaw stays loosely bent, and the body remains belly-up throughout this air swat. The eyes soften and make a small gaze adjustment as the paw returns; the head rests comfortably against the floor. By 2.70 seconds, the swat is complete and the cat is relaxed belly-up with loosely curled paws and gentle breathing; this pose continues through 3.00 seconds. The cat initiates the movement itself, and no person or hand appears. From 3.00 to 4.00 seconds, the cat maintains the posture reached by 2.70 seconds, with only faint breathing and tiny settling movements. Preserve the individual cat's facial proportions, each eye's reference color, coat or bare-skin appearance, markings, ear type and existing tail anatomy as the pose changes. Keep the reference framing, background, floor and lighting consistent, with grounded shadows following the cat's movement. The cat is alone and the surrounding floor stays clear. 

overall_soundscape: Soft paw shifts and a gentle shoulder-and-flank contact accompany the early sideways descent and roll. A light surface movement accompanies the small body adjustment during the air swat, with no impact sound from the raised paw. Movement sounds finish by 2.70 seconds; faint breathing continues over quiet studio room tone.

non_diegetic_music: N/A
",38,38-peterbald,彼得秃猫,06,06-roll-left-belly-up-swat,向左打滚露腹挥爪,10000,38-peterbald_06-roll-left-belly-up-swat_seed-10000
101,33,cat_ids/38_彼得秃猫.png,"For the target video, at 0.00 seconds into the target video, <Picture 1> (from [Shot 1]) is fully referenced.

integrated_multimodal_description: [Shot 1] Live-action, photorealistic studio pet footage. A static medium full-body shot begins with the seated cat and scene in <Picture 1>. This is one continuous four-second shot. The cat lowers onto its anatomical left side, on the viewer's right from the opening pose, rolls belly-up and then makes one clearly visible air swat with its anatomical right front paw. From 0.00 to 0.40 seconds, it shifts weight toward the viewer's right, bends the left elbow and lowers the left shoulder. The head and chest travel down toward that same side of the image while the left hip settles nearby. From 0.40 to 1.20 seconds, the left shoulder and flank make gentle floor contact first, then the shoulders and pelvis roll together from that side onto the back. The head settles toward the viewer's right of the hips, so the sideways descent stays clear and continuous. The cat remains fully inside the original frame. By 1.30 seconds, the back is supported by the floor, the belly faces upward and is clearly visible to the camera, both front paws are bent above the chest and the hind legs rest loosely folded. The anatomical right front paw is now the active waving paw. From 1.35 to 1.80 seconds, its elbow extends and the paw travels roughly two paw-lengths out of its initial curled position, visibly away from the chest, leaving a clear gap between the paw and the body. From 1.80 to 2.15 seconds, this raised paw sweeps through a short, clearly visible arc in the air above the belly. From 2.15 to 2.55 seconds, the elbow bends and the paw curls back toward the chest, completing one distinct lift, sweep and return. The other forepaw stays loosely bent, and the body remains belly-up throughout this air swat. The eyes soften and make a small gaze adjustment as the paw returns; the head rests comfortably against the floor. By 2.70 seconds, the swat is complete and the cat is relaxed belly-up with loosely curled paws and gentle breathing; this pose continues through 3.00 seconds. The cat initiates the movement itself, and no person or hand appears. From 3.00 to 4.00 seconds, the cat maintains the posture reached by 2.70 seconds, with only faint breathing and tiny settling movements. Preserve the individual cat's facial proportions, each eye's reference color, coat or bare-skin appearance, markings, ear type and existing tail anatomy as the pose changes. Keep the reference framing, background, floor and lighting consistent, with grounded shadows following the cat's movement. The cat is alone and the surrounding floor stays clear. 

overall_soundscape: Soft paw shifts and a gentle shoulder-and-flank contact accompany the early sideways descent and roll. A light surface movement accompanies the small body adjustment during the air swat, with no impact sound from the raised paw. Movement sounds finish by 2.70 seconds; faint breathing continues over quiet studio room tone.

non_diegetic_music: N/A
",38,38-peterbald,彼得秃猫,06,06-roll-left-belly-up-swat,向左打滚露腹挥爪,20000,38-peterbald_06-roll-left-belly-up-swat_seed-20000
102,34,cat_ids/38_彼得秃猫.png,"For the target video, at 0.00 seconds into the target video, <Picture 1> (from [Shot 1]) is fully referenced.

integrated_multimodal_description: [Shot 1] Live-action, photorealistic studio pet footage. A static medium full-body shot begins with the seated cat and scene in <Picture 1>. This is one continuous four-second shot. The cat lowers onto its anatomical right side, on the viewer's left from the opening pose, rolls belly-up and then makes one clearly visible air swat with its anatomical left front paw. From 0.00 to 0.40 seconds, it shifts weight toward the viewer's left, bends the right elbow and lowers the right shoulder. The head and chest travel down toward that same side of the image while the right hip settles nearby. From 0.40 to 1.20 seconds, the right shoulder and flank make gentle floor contact first, then the shoulders and pelvis roll together from that side onto the back. The head settles toward the viewer's left of the hips, so the sideways descent stays clear and continuous. The cat remains fully inside the original frame. By 1.30 seconds, the back is supported by the floor, the belly faces upward and is clearly visible to the camera, both front paws are bent above the chest and the hind legs rest loosely folded. The anatomical left front paw is now the active waving paw. From 1.35 to 1.80 seconds, its elbow extends and the paw travels roughly two paw-lengths out of its initial curled position, visibly away from the chest, leaving a clear gap between the paw and the body. From 1.80 to 2.15 seconds, this raised paw sweeps through a short, clearly visible arc in the air above the belly. From 2.15 to 2.55 seconds, the elbow bends and the paw curls back toward the chest, completing one distinct lift, sweep and return. The other forepaw stays loosely bent, and the body remains belly-up throughout this air swat. The eyes soften and make a small gaze adjustment as the paw returns; the head rests comfortably against the floor. By 2.70 seconds, the swat is complete and the cat is relaxed belly-up with loosely curled paws and gentle breathing; this pose continues through 3.00 seconds. The cat initiates the movement itself, and no person or hand appears. From 3.00 to 4.00 seconds, the cat maintains the posture reached by 2.70 seconds, with only faint breathing and tiny settling movements. Preserve the individual cat's facial proportions, each eye's reference color, coat or bare-skin appearance, markings, ear type and existing tail anatomy as the pose changes. Keep the reference framing, background, floor and lighting consistent, with grounded shadows following the cat's movement. The cat is alone and the surrounding floor stays clear. 

overall_soundscape: Soft paw shifts and a gentle shoulder-and-flank contact accompany the early sideways descent and roll. A light surface movement accompanies the small body adjustment during the air swat, with no impact sound from the raised paw. Movement sounds finish by 2.70 seconds; faint breathing continues over quiet studio room tone.

non_diegetic_music: N/A
",38,38-peterbald,彼得秃猫,07,07-roll-right-belly-up-swat,向右打滚露腹挥爪,0,38-peterbald_07-roll-right-belly-up-swat_seed-0
103,34,cat_ids/38_彼得秃猫.png,"For the target video, at 0.00 seconds into the target video, <Picture 1> (from [Shot 1]) is fully referenced.

integrated_multimodal_description: [Shot 1] Live-action, photorealistic studio pet footage. A static medium full-body shot begins with the seated cat and scene in <Picture 1>. This is one continuous four-second shot. The cat lowers onto its anatomical right side, on the viewer's left from the opening pose, rolls belly-up and then makes one clearly visible air swat with its anatomical left front paw. From 0.00 to 0.40 seconds, it shifts weight toward the viewer's left, bends the right elbow and lowers the right shoulder. The head and chest travel down toward that same side of the image while the right hip settles nearby. From 0.40 to 1.20 seconds, the right shoulder and flank make gentle floor contact first, then the shoulders and pelvis roll together from that side onto the back. The head settles toward the viewer's left of the hips, so the sideways descent stays clear and continuous. The cat remains fully inside the original frame. By 1.30 seconds, the back is supported by the floor, the belly faces upward and is clearly visible to the camera, both front paws are bent above the chest and the hind legs rest loosely folded. The anatomical left front paw is now the active waving paw. From 1.35 to 1.80 seconds, its elbow extends and the paw travels roughly two paw-lengths out of its initial curled position, visibly away from the chest, leaving a clear gap between the paw and the body. From 1.80 to 2.15 seconds, this raised paw sweeps through a short, clearly visible arc in the air above the belly. From 2.15 to 2.55 seconds, the elbow bends and the paw curls back toward the chest, completing one distinct lift, sweep and return. The other forepaw stays loosely bent, and the body remains belly-up throughout this air swat. The eyes soften and make a small gaze adjustment as the paw returns; the head rests comfortably against the floor. By 2.70 seconds, the swat is complete and the cat is relaxed belly-up with loosely curled paws and gentle breathing; this pose continues through 3.00 seconds. The cat initiates the movement itself, and no person or hand appears. From 3.00 to 4.00 seconds, the cat maintains the posture reached by 2.70 seconds, with only faint breathing and tiny settling movements. Preserve the individual cat's facial proportions, each eye's reference color, coat or bare-skin appearance, markings, ear type and existing tail anatomy as the pose changes. Keep the reference framing, background, floor and lighting consistent, with grounded shadows following the cat's movement. The cat is alone and the surrounding floor stays clear. 

overall_soundscape: Soft paw shifts and a gentle shoulder-and-flank contact accompany the early sideways descent and roll. A light surface movement accompanies the small body adjustment during the air swat, with no impact sound from the raised paw. Movement sounds finish by 2.70 seconds; faint breathing continues over quiet studio room tone.

non_diegetic_music: N/A
",38,38-peterbald,彼得秃猫,07,07-roll-right-belly-up-swat,向右打滚露腹挥爪,10000,38-peterbald_07-roll-right-belly-up-swat_seed-10000
104,34,cat_ids/38_彼得秃猫.png,"For the target video, at 0.00 seconds into the target video, <Picture 1> (from [Shot 1]) is fully referenced.

integrated_multimodal_description: [Shot 1] Live-action, photorealistic studio pet footage. A static medium full-body shot begins with the seated cat and scene in <Picture 1>. This is one continuous four-second shot. The cat lowers onto its anatomical right side, on the viewer's left from the opening pose, rolls belly-up and then makes one clearly visible air swat with its anatomical left front paw. From 0.00 to 0.40 seconds, it shifts weight toward the viewer's left, bends the right elbow and lowers the right shoulder. The head and chest travel down toward that same side of the image while the right hip settles nearby. From 0.40 to 1.20 seconds, the right shoulder and flank make gentle floor contact first, then the shoulders and pelvis roll together from that side onto the back. The head settles toward the viewer's left of the hips, so the sideways descent stays clear and continuous. The cat remains fully inside the original frame. By 1.30 seconds, the back is supported by the floor, the belly faces upward and is clearly visible to the camera, both front paws are bent above the chest and the hind legs rest loosely folded. The anatomical left front paw is now the active waving paw. From 1.35 to 1.80 seconds, its elbow extends and the paw travels roughly two paw-lengths out of its initial curled position, visibly away from the chest, leaving a clear gap between the paw and the body. From 1.80 to 2.15 seconds, this raised paw sweeps through a short, clearly visible arc in the air above the belly. From 2.15 to 2.55 seconds, the elbow bends and the paw curls back toward the chest, completing one distinct lift, sweep and return. The other forepaw stays loosely bent, and the body remains belly-up throughout this air swat. The eyes soften and make a small gaze adjustment as the paw returns; the head rests comfortably against the floor. By 2.70 seconds, the swat is complete and the cat is relaxed belly-up with loosely curled paws and gentle breathing; this pose continues through 3.00 seconds. The cat initiates the movement itself, and no person or hand appears. From 3.00 to 4.00 seconds, the cat maintains the posture reached by 2.70 seconds, with only faint breathing and tiny settling movements. Preserve the individual cat's facial proportions, each eye's reference color, coat or bare-skin appearance, markings, ear type and existing tail anatomy as the pose changes. Keep the reference framing, background, floor and lighting consistent, with grounded shadows following the cat's movement. The cat is alone and the surrounding floor stays clear. 

overall_soundscape: Soft paw shifts and a gentle shoulder-and-flank contact accompany the early sideways descent and roll. A light surface movement accompanies the small body adjustment during the air swat, with no impact sound from the raised paw. Movement sounds finish by 2.70 seconds; faint breathing continues over quiet studio room tone.

non_diegetic_music: N/A
",38,38-peterbald,彼得秃猫,07,07-roll-right-belly-up-swat,向右打滚露腹挥爪,20000,38-peterbald_07-roll-right-belly-up-swat_seed-20000
105,35,cat_ids/38_彼得秃猫.png,"For the target video, at 0.00 seconds into the target video, <Picture 1> (from [Shot 1]) is fully referenced.

integrated_multimodal_description: [Shot 1] Live-action, photorealistic studio pet footage. A static medium full-body shot begins with the seated cat and scene in <Picture 1>. This is one continuous four-second shot. The cat calmly grooms its anatomical left front paw, on the viewer's right in the opening pose. From 0.00 to 0.60 seconds, it shifts weight onto its anatomical right front paw and the seated hindquarters, lifts the active paw toward the mouth and lowers the head slightly to meet it. The eyes soften as the paw rises in a small comfortable arc. From 0.70 to 1.00 seconds, the tongue extends, makes one clear lick across the raised paw and retracts fully. After a brief pause, from 1.20 to 1.50 seconds, it makes a second visible lick and retracts again. The paw stays distinct from the muzzle, with a small natural wrist adjustment between the contacts. From 1.60 to 2.40 seconds, the mouth closes, the head rises slightly and the paw lowers comfortably onto the floor. By 2.70 seconds, the shoulders have resettled and the eyes glance gently toward the freshly groomed paw. Through 3.00 seconds, the cat remains seated with this relaxed head angle and soft breathing. From 3.00 to 4.00 seconds, the cat maintains the posture reached by 2.70 seconds, with only faint breathing and tiny settling movements. Preserve the individual cat's facial proportions, each eye's reference color, coat or bare-skin appearance, markings, ear type and existing tail anatomy as the pose changes. Keep the reference framing, background, floor and lighting consistent, with grounded shadows following the cat's movement. The cat is alone and the surrounding floor stays clear. 

overall_soundscape: Two quiet wet licking sounds accompany the two tongue contacts before 1.50 seconds. A faint body movement and soft paw-pad landing finish by 2.70 seconds, followed by quiet room tone and breathing.

non_diegetic_music: N/A
",38,38-peterbald,彼得秃猫,08,08-lick-left-paw,舔左前爪,0,38-peterbald_08-lick-left-paw_seed-0
106,35,cat_ids/38_彼得秃猫.png,"For the target video, at 0.00 seconds into the target video, <Picture 1> (from [Shot 1]) is fully referenced.

integrated_multimodal_description: [Shot 1] Live-action, photorealistic studio pet footage. A static medium full-body shot begins with the seated cat and scene in <Picture 1>. This is one continuous four-second shot. The cat calmly grooms its anatomical left front paw, on the viewer's right in the opening pose. From 0.00 to 0.60 seconds, it shifts weight onto its anatomical right front paw and the seated hindquarters, lifts the active paw toward the mouth and lowers the head slightly to meet it. The eyes soften as the paw rises in a small comfortable arc. From 0.70 to 1.00 seconds, the tongue extends, makes one clear lick across the raised paw and retracts fully. After a brief pause, from 1.20 to 1.50 seconds, it makes a second visible lick and retracts again. The paw stays distinct from the muzzle, with a small natural wrist adjustment between the contacts. From 1.60 to 2.40 seconds, the mouth closes, the head rises slightly and the paw lowers comfortably onto the floor. By 2.70 seconds, the shoulders have resettled and the eyes glance gently toward the freshly groomed paw. Through 3.00 seconds, the cat remains seated with this relaxed head angle and soft breathing. From 3.00 to 4.00 seconds, the cat maintains the posture reached by 2.70 seconds, with only faint breathing and tiny settling movements. Preserve the individual cat's facial proportions, each eye's reference color, coat or bare-skin appearance, markings, ear type and existing tail anatomy as the pose changes. Keep the reference framing, background, floor and lighting consistent, with grounded shadows following the cat's movement. The cat is alone and the surrounding floor stays clear. 

overall_soundscape: Two quiet wet licking sounds accompany the two tongue contacts before 1.50 seconds. A faint body movement and soft paw-pad landing finish by 2.70 seconds, followed by quiet room tone and breathing.

non_diegetic_music: N/A
",38,38-peterbald,彼得秃猫,08,08-lick-left-paw,舔左前爪,10000,38-peterbald_08-lick-left-paw_seed-10000
107,35,cat_ids/38_彼得秃猫.png,"For the target video, at 0.00 seconds into the target video, <Picture 1> (from [Shot 1]) is fully referenced.

integrated_multimodal_description: [Shot 1] Live-action, photorealistic studio pet footage. A static medium full-body shot begins with the seated cat and scene in <Picture 1>. This is one continuous four-second shot. The cat calmly grooms its anatomical left front paw, on the viewer's right in the opening pose. From 0.00 to 0.60 seconds, it shifts weight onto its anatomical right front paw and the seated hindquarters, lifts the active paw toward the mouth and lowers the head slightly to meet it. The eyes soften as the paw rises in a small comfortable arc. From 0.70 to 1.00 seconds, the tongue extends, makes one clear lick across the raised paw and retracts fully. After a brief pause, from 1.20 to 1.50 seconds, it makes a second visible lick and retracts again. The paw stays distinct from the muzzle, with a small natural wrist adjustment between the contacts. From 1.60 to 2.40 seconds, the mouth closes, the head rises slightly and the paw lowers comfortably onto the floor. By 2.70 seconds, the shoulders have resettled and the eyes glance gently toward the freshly groomed paw. Through 3.00 seconds, the cat remains seated with this relaxed head angle and soft breathing. From 3.00 to 4.00 seconds, the cat maintains the posture reached by 2.70 seconds, with only faint breathing and tiny settling movements. Preserve the individual cat's facial proportions, each eye's reference color, coat or bare-skin appearance, markings, ear type and existing tail anatomy as the pose changes. Keep the reference framing, background, floor and lighting consistent, with grounded shadows following the cat's movement. The cat is alone and the surrounding floor stays clear. 

overall_soundscape: Two quiet wet licking sounds accompany the two tongue contacts before 1.50 seconds. A faint body movement and soft paw-pad landing finish by 2.70 seconds, followed by quiet room tone and breathing.

non_diegetic_music: N/A
",38,38-peterbald,彼得秃猫,08,08-lick-left-paw,舔左前爪,20000,38-peterbald_08-lick-left-paw_seed-20000
108,36,cat_ids/38_彼得秃猫.png,"For the target video, at 0.00 seconds into the target video, <Picture 1> (from [Shot 1]) is fully referenced.

integrated_multimodal_description: [Shot 1] Live-action, photorealistic studio pet footage. A static medium full-body shot begins with the seated cat and scene in <Picture 1>. This is one continuous four-second shot. The cat calmly grooms its anatomical right front paw, on the viewer's left in the opening pose. From 0.00 to 0.60 seconds, it shifts weight onto its anatomical left front paw and the seated hindquarters, lifts the active paw toward the mouth and lowers the head slightly to meet it. The eyes soften as the paw rises in a small comfortable arc. From 0.70 to 1.00 seconds, the tongue extends, makes one clear lick across the raised paw and retracts fully. After a brief pause, from 1.20 to 1.50 seconds, it makes a second visible lick and retracts again. The paw stays distinct from the muzzle, with a small natural wrist adjustment between the contacts. From 1.60 to 2.40 seconds, the mouth closes, the head rises slightly and the paw lowers comfortably onto the floor. By 2.70 seconds, the shoulders have resettled and the eyes glance gently toward the freshly groomed paw. Through 3.00 seconds, the cat remains seated with this relaxed head angle and soft breathing. From 3.00 to 4.00 seconds, the cat maintains the posture reached by 2.70 seconds, with only faint breathing and tiny settling movements. Preserve the individual cat's facial proportions, each eye's reference color, coat or bare-skin appearance, markings, ear type and existing tail anatomy as the pose changes. Keep the reference framing, background, floor and lighting consistent, with grounded shadows following the cat's movement. The cat is alone and the surrounding floor stays clear. 

overall_soundscape: Two quiet wet licking sounds accompany the two tongue contacts before 1.50 seconds. A faint body movement and soft paw-pad landing finish by 2.70 seconds, followed by quiet room tone and breathing.

non_diegetic_music: N/A
",38,38-peterbald,彼得秃猫,09,09-lick-right-paw,舔右前爪,0,38-peterbald_09-lick-right-paw_seed-0
109,36,cat_ids/38_彼得秃猫.png,"For the target video, at 0.00 seconds into the target video, <Picture 1> (from [Shot 1]) is fully referenced.

integrated_multimodal_description: [Shot 1] Live-action, photorealistic studio pet footage. A static medium full-body shot begins with the seated cat and scene in <Picture 1>. This is one continuous four-second shot. The cat calmly grooms its anatomical right front paw, on the viewer's left in the opening pose. From 0.00 to 0.60 seconds, it shifts weight onto its anatomical left front paw and the seated hindquarters, lifts the active paw toward the mouth and lowers the head slightly to meet it. The eyes soften as the paw rises in a small comfortable arc. From 0.70 to 1.00 seconds, the tongue extends, makes one clear lick across the raised paw and retracts fully. After a brief pause, from 1.20 to 1.50 seconds, it makes a second visible lick and retracts again. The paw stays distinct from the muzzle, with a small natural wrist adjustment between the contacts. From 1.60 to 2.40 seconds, the mouth closes, the head rises slightly and the paw lowers comfortably onto the floor. By 2.70 seconds, the shoulders have resettled and the eyes glance gently toward the freshly groomed paw. Through 3.00 seconds, the cat remains seated with this relaxed head angle and soft breathing. From 3.00 to 4.00 seconds, the cat maintains the posture reached by 2.70 seconds, with only faint breathing and tiny settling movements. Preserve the individual cat's facial proportions, each eye's reference color, coat or bare-skin appearance, markings, ear type and existing tail anatomy as the pose changes. Keep the reference framing, background, floor and lighting consistent, with grounded shadows following the cat's movement. The cat is alone and the surrounding floor stays clear. 

overall_soundscape: Two quiet wet licking sounds accompany the two tongue contacts before 1.50 seconds. A faint body movement and soft paw-pad landing finish by 2.70 seconds, followed by quiet room tone and breathing.

non_diegetic_music: N/A
",38,38-peterbald,彼得秃猫,09,09-lick-right-paw,舔右前爪,10000,38-peterbald_09-lick-right-paw_seed-10000
110,36,cat_ids/38_彼得秃猫.png,"For the target video, at 0.00 seconds into the target video, <Picture 1> (from [Shot 1]) is fully referenced.

integrated_multimodal_description: [Shot 1] Live-action, photorealistic studio pet footage. A static medium full-body shot begins with the seated cat and scene in <Picture 1>. This is one continuous four-second shot. The cat calmly grooms its anatomical right front paw, on the viewer's left in the opening pose. From 0.00 to 0.60 seconds, it shifts weight onto its anatomical left front paw and the seated hindquarters, lifts the active paw toward the mouth and lowers the head slightly to meet it. The eyes soften as the paw rises in a small comfortable arc. From 0.70 to 1.00 seconds, the tongue extends, makes one clear lick across the raised paw and retracts fully. After a brief pause, from 1.20 to 1.50 seconds, it makes a second visible lick and retracts again. The paw stays distinct from the muzzle, with a small natural wrist adjustment between the contacts. From 1.60 to 2.40 seconds, the mouth closes, the head rises slightly and the paw lowers comfortably onto the floor. By 2.70 seconds, the shoulders have resettled and the eyes glance gently toward the freshly groomed paw. Through 3.00 seconds, the cat remains seated with this relaxed head angle and soft breathing. From 3.00 to 4.00 seconds, the cat maintains the posture reached by 2.70 seconds, with only faint breathing and tiny settling movements. Preserve the individual cat's facial proportions, each eye's reference color, coat or bare-skin appearance, markings, ear type and existing tail anatomy as the pose changes. Keep the reference framing, background, floor and lighting consistent, with grounded shadows following the cat's movement. The cat is alone and the surrounding floor stays clear. 

overall_soundscape: Two quiet wet licking sounds accompany the two tongue contacts before 1.50 seconds. A faint body movement and soft paw-pad landing finish by 2.70 seconds, followed by quiet room tone and breathing.

non_diegetic_music: N/A
",38,38-peterbald,彼得秃猫,09,09-lick-right-paw,舔右前爪,20000,38-peterbald_09-lick-right-paw_seed-20000
111,37,cat_ids/38_彼得秃猫.png,"For the target video, at 0.00 seconds into the target video, <Picture 1> (from [Shot 1]) is fully referenced.

integrated_multimodal_description: [Shot 1] Live-action, photorealistic studio pet footage. A static medium full-body shot begins with the seated cat and scene in <Picture 1>. This is one continuous four-second shot. The cat eats one small mouthful of dry cat food at a comfortable pace. From 0.00 to 0.45 seconds, one shallow plain dish containing a small portion of food slides gently into view from the bottom edge along the floor and slows to a complete stop just ahead of the front paws, within comfortable reach. As it arrives, the cat looks down and begins lowering its head. From 0.45 to 1.05 seconds, the head lowers smoothly to the dish and the cat briefly sniffs just above the food; the ears make a small attentive adjustment. From 1.05 to 1.35 seconds, it takes one small mouthful and lifts its muzzle slightly clear of the food. From 1.35 to 2.50 seconds, it chews in a few small jaw movements with comfortable pauses, soft eyelids and subtle neck adjustments. By 2.70 seconds, the small mouthful is finished and the cat rests with its mouth closed and its head still comfortably lowered near the dish. This relaxed meal-side posture continues through 3.00 seconds, with the dish and remaining food staying in place. The dish keeps its shape and grounded contact shadow throughout. From 3.00 to 4.00 seconds, the cat maintains the posture reached by 2.70 seconds, with only faint breathing and tiny settling movements. Preserve the individual cat's facial proportions, each eye's reference color, coat or bare-skin appearance, markings, ear type and existing tail anatomy as the pose changes. Keep the reference framing, background, floor and lighting consistent, with grounded shadows following the cat's movement. Only the cat and this single dish of food occupy the scene. No person or hand enters.

overall_soundscape: A soft dish slide is heard at the start, followed by a faint sniff. A few small dry crunches accompany chewing between 1.35 and 2.50 seconds; after 2.70 seconds, only quiet studio ambience and faint breathing remain.

non_diegetic_music: N/A
",38,38-peterbald,彼得秃猫,10,10-eat-cat-food,吃猫粮,0,38-peterbald_10-eat-cat-food_seed-0
112,37,cat_ids/38_彼得秃猫.png,"For the target video, at 0.00 seconds into the target video, <Picture 1> (from [Shot 1]) is fully referenced.

integrated_multimodal_description: [Shot 1] Live-action, photorealistic studio pet footage. A static medium full-body shot begins with the seated cat and scene in <Picture 1>. This is one continuous four-second shot. The cat eats one small mouthful of dry cat food at a comfortable pace. From 0.00 to 0.45 seconds, one shallow plain dish containing a small portion of food slides gently into view from the bottom edge along the floor and slows to a complete stop just ahead of the front paws, within comfortable reach. As it arrives, the cat looks down and begins lowering its head. From 0.45 to 1.05 seconds, the head lowers smoothly to the dish and the cat briefly sniffs just above the food; the ears make a small attentive adjustment. From 1.05 to 1.35 seconds, it takes one small mouthful and lifts its muzzle slightly clear of the food. From 1.35 to 2.50 seconds, it chews in a few small jaw movements with comfortable pauses, soft eyelids and subtle neck adjustments. By 2.70 seconds, the small mouthful is finished and the cat rests with its mouth closed and its head still comfortably lowered near the dish. This relaxed meal-side posture continues through 3.00 seconds, with the dish and remaining food staying in place. The dish keeps its shape and grounded contact shadow throughout. From 3.00 to 4.00 seconds, the cat maintains the posture reached by 2.70 seconds, with only faint breathing and tiny settling movements. Preserve the individual cat's facial proportions, each eye's reference color, coat or bare-skin appearance, markings, ear type and existing tail anatomy as the pose changes. Keep the reference framing, background, floor and lighting consistent, with grounded shadows following the cat's movement. Only the cat and this single dish of food occupy the scene. No person or hand enters.

overall_soundscape: A soft dish slide is heard at the start, followed by a faint sniff. A few small dry crunches accompany chewing between 1.35 and 2.50 seconds; after 2.70 seconds, only quiet studio ambience and faint breathing remain.

non_diegetic_music: N/A
",38,38-peterbald,彼得秃猫,10,10-eat-cat-food,吃猫粮,10000,38-peterbald_10-eat-cat-food_seed-10000
113,37,cat_ids/38_彼得秃猫.png,"For the target video, at 0.00 seconds into the target video, <Picture 1> (from [Shot 1]) is fully referenced.

integrated_multimodal_description: [Shot 1] Live-action, photorealistic studio pet footage. A static medium full-body shot begins with the seated cat and scene in <Picture 1>. This is one continuous four-second shot. The cat eats one small mouthful of dry cat food at a comfortable pace. From 0.00 to 0.45 seconds, one shallow plain dish containing a small portion of food slides gently into view from the bottom edge along the floor and slows to a complete stop just ahead of the front paws, within comfortable reach. As it arrives, the cat looks down and begins lowering its head. From 0.45 to 1.05 seconds, the head lowers smoothly to the dish and the cat briefly sniffs just above the food; the ears make a small attentive adjustment. From 1.05 to 1.35 seconds, it takes one small mouthful and lifts its muzzle slightly clear of the food. From 1.35 to 2.50 seconds, it chews in a few small jaw movements with comfortable pauses, soft eyelids and subtle neck adjustments. By 2.70 seconds, the small mouthful is finished and the cat rests with its mouth closed and its head still comfortably lowered near the dish. This relaxed meal-side posture continues through 3.00 seconds, with the dish and remaining food staying in place. The dish keeps its shape and grounded contact shadow throughout. From 3.00 to 4.00 seconds, the cat maintains the posture reached by 2.70 seconds, with only faint breathing and tiny settling movements. Preserve the individual cat's facial proportions, each eye's reference color, coat or bare-skin appearance, markings, ear type and existing tail anatomy as the pose changes. Keep the reference framing, background, floor and lighting consistent, with grounded shadows following the cat's movement. Only the cat and this single dish of food occupy the scene. No person or hand enters.

overall_soundscape: A soft dish slide is heard at the start, followed by a faint sniff. A few small dry crunches accompany chewing between 1.35 and 2.50 seconds; after 2.70 seconds, only quiet studio ambience and faint breathing remain.

non_diegetic_music: N/A
",38,38-peterbald,彼得秃猫,10,10-eat-cat-food,吃猫粮,20000,38-peterbald_10-eat-cat-food_seed-20000
114,38,cat_ids/38_彼得秃猫.png,"For the target video, at 0.00 seconds into the target video, <Picture 1> (from [Shot 1]) is fully referenced.

integrated_multimodal_description: [Shot 1] Live-action, photorealistic studio pet footage. A static medium full-body shot begins with the seated cat and scene in <Picture 1>. This is one continuous four-second shot. The cat folds down into a compact curled sleeping pose, turning its head and shoulders toward its anatomical left, the viewer's right from the opening pose. From 0.00 to 0.40 seconds, the eyelids grow heavy, the chin dips and the front paws make small inward adjustments directly beneath the chest. From 0.40 to 1.50 seconds, both elbows fold and the chest descends toward the gathered paws. At the same time, the hindquarters lower beside the chest, the hind legs tuck inward and the spine curves into a small C shape. The shoulders and hips draw together into one compact oval footprint, with the belly facing the floor and the flank resting gently against it. The forepaws remain gathered under the face, and the existing tail settles beside the hindquarters. From 1.50 to 2.30 seconds, the cat rests its chin on the gathered front paws near the viewer's right side of the curled shape and closes its eyes completely. By 2.70 seconds, the head is resting, the shoulders are relaxed and the cat is comfortably curled up. From 2.70 to 3.00 seconds, it remains in this sleeping pose with closed eyes and a small, steady rise and fall of the flank. From 3.00 to 4.00 seconds, the cat maintains the posture reached by 2.70 seconds, with only faint breathing and tiny settling movements. Preserve the individual cat's facial proportions, each eye's reference color, coat or bare-skin appearance, markings, ear type and existing tail anatomy as the pose changes. Keep the reference framing, background, floor and lighting consistent, with grounded shadows following the cat's movement. The cat is alone and the surrounding floor stays clear. 

overall_soundscape: Small paw adjustments and a soft body contact accompany the descent. The movement sounds finish by 2.70 seconds, leaving calm, faint breathing over quiet studio room tone during the sleeping hold.

non_diegetic_music: N/A
",38,38-peterbald,彼得秃猫,11,11-curl-left-sleep,向左蜷卧入睡,0,38-peterbald_11-curl-left-sleep_seed-0
115,38,cat_ids/38_彼得秃猫.png,"For the target video, at 0.00 seconds into the target video, <Picture 1> (from [Shot 1]) is fully referenced.

integrated_multimodal_description: [Shot 1] Live-action, photorealistic studio pet footage. A static medium full-body shot begins with the seated cat and scene in <Picture 1>. This is one continuous four-second shot. The cat folds down into a compact curled sleeping pose, turning its head and shoulders toward its anatomical left, the viewer's right from the opening pose. From 0.00 to 0.40 seconds, the eyelids grow heavy, the chin dips and the front paws make small inward adjustments directly beneath the chest. From 0.40 to 1.50 seconds, both elbows fold and the chest descends toward the gathered paws. At the same time, the hindquarters lower beside the chest, the hind legs tuck inward and the spine curves into a small C shape. The shoulders and hips draw together into one compact oval footprint, with the belly facing the floor and the flank resting gently against it. The forepaws remain gathered under the face, and the existing tail settles beside the hindquarters. From 1.50 to 2.30 seconds, the cat rests its chin on the gathered front paws near the viewer's right side of the curled shape and closes its eyes completely. By 2.70 seconds, the head is resting, the shoulders are relaxed and the cat is comfortably curled up. From 2.70 to 3.00 seconds, it remains in this sleeping pose with closed eyes and a small, steady rise and fall of the flank. From 3.00 to 4.00 seconds, the cat maintains the posture reached by 2.70 seconds, with only faint breathing and tiny settling movements. Preserve the individual cat's facial proportions, each eye's reference color, coat or bare-skin appearance, markings, ear type and existing tail anatomy as the pose changes. Keep the reference framing, background, floor and lighting consistent, with grounded shadows following the cat's movement. The cat is alone and the surrounding floor stays clear. 

overall_soundscape: Small paw adjustments and a soft body contact accompany the descent. The movement sounds finish by 2.70 seconds, leaving calm, faint breathing over quiet studio room tone during the sleeping hold.

non_diegetic_music: N/A
",38,38-peterbald,彼得秃猫,11,11-curl-left-sleep,向左蜷卧入睡,10000,38-peterbald_11-curl-left-sleep_seed-10000
116,38,cat_ids/38_彼得秃猫.png,"For the target video, at 0.00 seconds into the target video, <Picture 1> (from [Shot 1]) is fully referenced.

integrated_multimodal_description: [Shot 1] Live-action, photorealistic studio pet footage. A static medium full-body shot begins with the seated cat and scene in <Picture 1>. This is one continuous four-second shot. The cat folds down into a compact curled sleeping pose, turning its head and shoulders toward its anatomical left, the viewer's right from the opening pose. From 0.00 to 0.40 seconds, the eyelids grow heavy, the chin dips and the front paws make small inward adjustments directly beneath the chest. From 0.40 to 1.50 seconds, both elbows fold and the chest descends toward the gathered paws. At the same time, the hindquarters lower beside the chest, the hind legs tuck inward and the spine curves into a small C shape. The shoulders and hips draw together into one compact oval footprint, with the belly facing the floor and the flank resting gently against it. The forepaws remain gathered under the face, and the existing tail settles beside the hindquarters. From 1.50 to 2.30 seconds, the cat rests its chin on the gathered front paws near the viewer's right side of the curled shape and closes its eyes completely. By 2.70 seconds, the head is resting, the shoulders are relaxed and the cat is comfortably curled up. From 2.70 to 3.00 seconds, it remains in this sleeping pose with closed eyes and a small, steady rise and fall of the flank. From 3.00 to 4.00 seconds, the cat maintains the posture reached by 2.70 seconds, with only faint breathing and tiny settling movements. Preserve the individual cat's facial proportions, each eye's reference color, coat or bare-skin appearance, markings, ear type and existing tail anatomy as the pose changes. Keep the reference framing, background, floor and lighting consistent, with grounded shadows following the cat's movement. The cat is alone and the surrounding floor stays clear. 

overall_soundscape: Small paw adjustments and a soft body contact accompany the descent. The movement sounds finish by 2.70 seconds, leaving calm, faint breathing over quiet studio room tone during the sleeping hold.

non_diegetic_music: N/A
",38,38-peterbald,彼得秃猫,11,11-curl-left-sleep,向左蜷卧入睡,20000,38-peterbald_11-curl-left-sleep_seed-20000
117,39,cat_ids/38_彼得秃猫.png,"For the target video, at 0.00 seconds into the target video, <Picture 1> (from [Shot 1]) is fully referenced.

integrated_multimodal_description: [Shot 1] Live-action, photorealistic studio pet footage. A static medium full-body shot begins with the seated cat and scene in <Picture 1>. This is one continuous four-second shot. The cat folds down into a compact curled sleeping pose, turning its head and shoulders toward its anatomical right, the viewer's left from the opening pose. From 0.00 to 0.40 seconds, the eyelids grow heavy, the chin dips and the front paws make small inward adjustments directly beneath the chest. From 0.40 to 1.50 seconds, both elbows fold and the chest descends toward the gathered paws. At the same time, the hindquarters lower beside the chest, the hind legs tuck inward and the spine curves into a small C shape. The shoulders and hips draw together into one compact oval footprint, with the belly facing the floor and the flank resting gently against it. The forepaws remain gathered under the face, and the existing tail settles beside the hindquarters. From 1.50 to 2.30 seconds, the cat rests its chin on the gathered front paws near the viewer's left side of the curled shape and closes its eyes completely. By 2.70 seconds, the head is resting, the shoulders are relaxed and the cat is comfortably curled up. From 2.70 to 3.00 seconds, it remains in this sleeping pose with closed eyes and a small, steady rise and fall of the flank. From 3.00 to 4.00 seconds, the cat maintains the posture reached by 2.70 seconds, with only faint breathing and tiny settling movements. Preserve the individual cat's facial proportions, each eye's reference color, coat or bare-skin appearance, markings, ear type and existing tail anatomy as the pose changes. Keep the reference framing, background, floor and lighting consistent, with grounded shadows following the cat's movement. The cat is alone and the surrounding floor stays clear. 

overall_soundscape: Small paw adjustments and a soft body contact accompany the descent. The movement sounds finish by 2.70 seconds, leaving calm, faint breathing over quiet studio room tone during the sleeping hold.

non_diegetic_music: N/A
",38,38-peterbald,彼得秃猫,12,12-curl-right-sleep,向右蜷卧入睡,0,38-peterbald_12-curl-right-sleep_seed-0
118,39,cat_ids/38_彼得秃猫.png,"For the target video, at 0.00 seconds into the target video, <Picture 1> (from [Shot 1]) is fully referenced.

integrated_multimodal_description: [Shot 1] Live-action, photorealistic studio pet footage. A static medium full-body shot begins with the seated cat and scene in <Picture 1>. This is one continuous four-second shot. The cat folds down into a compact curled sleeping pose, turning its head and shoulders toward its anatomical right, the viewer's left from the opening pose. From 0.00 to 0.40 seconds, the eyelids grow heavy, the chin dips and the front paws make small inward adjustments directly beneath the chest. From 0.40 to 1.50 seconds, both elbows fold and the chest descends toward the gathered paws. At the same time, the hindquarters lower beside the chest, the hind legs tuck inward and the spine curves into a small C shape. The shoulders and hips draw together into one compact oval footprint, with the belly facing the floor and the flank resting gently against it. The forepaws remain gathered under the face, and the existing tail settles beside the hindquarters. From 1.50 to 2.30 seconds, the cat rests its chin on the gathered front paws near the viewer's left side of the curled shape and closes its eyes completely. By 2.70 seconds, the head is resting, the shoulders are relaxed and the cat is comfortably curled up. From 2.70 to 3.00 seconds, it remains in this sleeping pose with closed eyes and a small, steady rise and fall of the flank. From 3.00 to 4.00 seconds, the cat maintains the posture reached by 2.70 seconds, with only faint breathing and tiny settling movements. Preserve the individual cat's facial proportions, each eye's reference color, coat or bare-skin appearance, markings, ear type and existing tail anatomy as the pose changes. Keep the reference framing, background, floor and lighting consistent, with grounded shadows following the cat's movement. The cat is alone and the surrounding floor stays clear. 

overall_soundscape: Small paw adjustments and a soft body contact accompany the descent. The movement sounds finish by 2.70 seconds, leaving calm, faint breathing over quiet studio room tone during the sleeping hold.

non_diegetic_music: N/A
",38,38-peterbald,彼得秃猫,12,12-curl-right-sleep,向右蜷卧入睡,10000,38-peterbald_12-curl-right-sleep_seed-10000
119,39,cat_ids/38_彼得秃猫.png,"For the target video, at 0.00 seconds into the target video, <Picture 1> (from [Shot 1]) is fully referenced.

integrated_multimodal_description: [Shot 1] Live-action, photorealistic studio pet footage. A static medium full-body shot begins with the seated cat and scene in <Picture 1>. This is one continuous four-second shot. The cat folds down into a compact curled sleeping pose, turning its head and shoulders toward its anatomical right, the viewer's left from the opening pose. From 0.00 to 0.40 seconds, the eyelids grow heavy, the chin dips and the front paws make small inward adjustments directly beneath the chest. From 0.40 to 1.50 seconds, both elbows fold and the chest descends toward the gathered paws. At the same time, the hindquarters lower beside the chest, the hind legs tuck inward and the spine curves into a small C shape. The shoulders and hips draw together into one compact oval footprint, with the belly facing the floor and the flank resting gently against it. The forepaws remain gathered under the face, and the existing tail settles beside the hindquarters. From 1.50 to 2.30 seconds, the cat rests its chin on the gathered front paws near the viewer's left side of the curled shape and closes its eyes completely. By 2.70 seconds, the head is resting, the shoulders are relaxed and the cat is comfortably curled up. From 2.70 to 3.00 seconds, it remains in this sleeping pose with closed eyes and a small, steady rise and fall of the flank. From 3.00 to 4.00 seconds, the cat maintains the posture reached by 2.70 seconds, with only faint breathing and tiny settling movements. Preserve the individual cat's facial proportions, each eye's reference color, coat or bare-skin appearance, markings, ear type and existing tail anatomy as the pose changes. Keep the reference framing, background, floor and lighting consistent, with grounded shadows following the cat's movement. The cat is alone and the surrounding floor stays clear. 

overall_soundscape: Small paw adjustments and a soft body contact accompany the descent. The movement sounds finish by 2.70 seconds, leaving calm, faint breathing over quiet studio room tone during the sleeping hold.

non_diegetic_music: N/A
",38,38-peterbald,彼得秃猫,12,12-curl-right-sleep,向右蜷卧入睡,20000,38-peterbald_12-curl-right-sleep_seed-20000
120,40,cat_ids/38_彼得秃猫.png,"For the target video, at 0.00 seconds into the target video, <Picture 1> (from [Shot 1]) is fully referenced.

integrated_multimodal_description: [Shot 1] Live-action, photorealistic studio pet footage. A static medium full-body shot begins with the seated cat and scene in <Picture 1>. This is one continuous four-second shot. The cat makes one small forward-and-upward hop, lands softly and returns to a comfortable upright seated pose. From 0.00 to 0.30 seconds, it holds the initial seated pose. At 0.30 seconds, one quiet off-screen tongue click draws its gaze slightly above the camera. From 0.30 to 0.85 seconds, the cat leans its chest slightly forward, raises the hindquarters out of the seated position and folds the hind legs into a compact crouch, with both front paws still touching the floor. From 0.85 to 1.10 seconds, the hind legs extend to push against the floor while both front paws lift and reach a short distance forward. From 1.10 to 1.35 seconds, the body travels through one low, compact arc, with all four paws visibly clear of the floor together for a brief moment. The head and chest stay low enough to preserve the available headroom, and the paws remain beneath or just ahead of the body. From 1.35 to 1.65 seconds, the front paws touch down first, followed closely by the hind paws; the elbows and hind legs bend to absorb the landing. The landing is no more than one front-paw length ahead of the starting position. The shadow stays on the floor, visibly separating from the paws during the hop and reconnecting at landing. From 1.65 to 2.50 seconds, the cat lowers its hindquarters, makes a small front-paw placement adjustment beneath the shoulders and raises its chest into an upright, front-facing seated pose near the starting position. By 2.70 seconds, it is comfortably balanced with both front paws on the floor and a relaxed, attentive gaze. This seated posture continues through 3.00 seconds. From 3.00 to 4.00 seconds, the cat maintains the posture reached by 2.70 seconds, with only faint breathing and tiny settling movements. Preserve the individual cat's facial proportions, each anatomical eye's reference color, body proportions, paw anatomy, coat or bare-skin appearance, markings, ear type and existing tail anatomy as the pose changes. Keep the camera position, perspective, focal length, crop, focus, exposure, white balance, reference background, floor and lighting consistent. The entire cat, including the ears, paws and any visible tail, remains inside the original frame with clear margins throughout. Only the cat is visible, and the surrounding floor stays clear.

overall_soundscape: Quiet studio room tone continues throughout. One soft off-screen tongue click at 0.30 seconds is followed by faint paw movement during the crouch, a muted push-off and closely spaced soft paw-pad impacts during the landing between 1.35 and 1.65 seconds. The final paw adjustment finishes by 2.70 seconds, leaving only room tone and faint breathing.

non_diegetic_music: N/A
",38,38-peterbald,彼得秃猫,13,13-small-jump,小幅跳跃,0,38-peterbald_13-small-jump_seed-0
121,40,cat_ids/38_彼得秃猫.png,"For the target video, at 0.00 seconds into the target video, <Picture 1> (from [Shot 1]) is fully referenced.

integrated_multimodal_description: [Shot 1] Live-action, photorealistic studio pet footage. A static medium full-body shot begins with the seated cat and scene in <Picture 1>. This is one continuous four-second shot. The cat makes one small forward-and-upward hop, lands softly and returns to a comfortable upright seated pose. From 0.00 to 0.30 seconds, it holds the initial seated pose. At 0.30 seconds, one quiet off-screen tongue click draws its gaze slightly above the camera. From 0.30 to 0.85 seconds, the cat leans its chest slightly forward, raises the hindquarters out of the seated position and folds the hind legs into a compact crouch, with both front paws still touching the floor. From 0.85 to 1.10 seconds, the hind legs extend to push against the floor while both front paws lift and reach a short distance forward. From 1.10 to 1.35 seconds, the body travels through one low, compact arc, with all four paws visibly clear of the floor together for a brief moment. The head and chest stay low enough to preserve the available headroom, and the paws remain beneath or just ahead of the body. From 1.35 to 1.65 seconds, the front paws touch down first, followed closely by the hind paws; the elbows and hind legs bend to absorb the landing. The landing is no more than one front-paw length ahead of the starting position. The shadow stays on the floor, visibly separating from the paws during the hop and reconnecting at landing. From 1.65 to 2.50 seconds, the cat lowers its hindquarters, makes a small front-paw placement adjustment beneath the shoulders and raises its chest into an upright, front-facing seated pose near the starting position. By 2.70 seconds, it is comfortably balanced with both front paws on the floor and a relaxed, attentive gaze. This seated posture continues through 3.00 seconds. From 3.00 to 4.00 seconds, the cat maintains the posture reached by 2.70 seconds, with only faint breathing and tiny settling movements. Preserve the individual cat's facial proportions, each anatomical eye's reference color, body proportions, paw anatomy, coat or bare-skin appearance, markings, ear type and existing tail anatomy as the pose changes. Keep the camera position, perspective, focal length, crop, focus, exposure, white balance, reference background, floor and lighting consistent. The entire cat, including the ears, paws and any visible tail, remains inside the original frame with clear margins throughout. Only the cat is visible, and the surrounding floor stays clear.

overall_soundscape: Quiet studio room tone continues throughout. One soft off-screen tongue click at 0.30 seconds is followed by faint paw movement during the crouch, a muted push-off and closely spaced soft paw-pad impacts during the landing between 1.35 and 1.65 seconds. The final paw adjustment finishes by 2.70 seconds, leaving only room tone and faint breathing.

non_diegetic_music: N/A
",38,38-peterbald,彼得秃猫,13,13-small-jump,小幅跳跃,10000,38-peterbald_13-small-jump_seed-10000
122,40,cat_ids/38_彼得秃猫.png,"For the target video, at 0.00 seconds into the target video, <Picture 1> (from [Shot 1]) is fully referenced.

integrated_multimodal_description: [Shot 1] Live-action, photorealistic studio pet footage. A static medium full-body shot begins with the seated cat and scene in <Picture 1>. This is one continuous four-second shot. The cat makes one small forward-and-upward hop, lands softly and returns to a comfortable upright seated pose. From 0.00 to 0.30 seconds, it holds the initial seated pose. At 0.30 seconds, one quiet off-screen tongue click draws its gaze slightly above the camera. From 0.30 to 0.85 seconds, the cat leans its chest slightly forward, raises the hindquarters out of the seated position and folds the hind legs into a compact crouch, with both front paws still touching the floor. From 0.85 to 1.10 seconds, the hind legs extend to push against the floor while both front paws lift and reach a short distance forward. From 1.10 to 1.35 seconds, the body travels through one low, compact arc, with all four paws visibly clear of the floor together for a brief moment. The head and chest stay low enough to preserve the available headroom, and the paws remain beneath or just ahead of the body. From 1.35 to 1.65 seconds, the front paws touch down first, followed closely by the hind paws; the elbows and hind legs bend to absorb the landing. The landing is no more than one front-paw length ahead of the starting position. The shadow stays on the floor, visibly separating from the paws during the hop and reconnecting at landing. From 1.65 to 2.50 seconds, the cat lowers its hindquarters, makes a small front-paw placement adjustment beneath the shoulders and raises its chest into an upright, front-facing seated pose near the starting position. By 2.70 seconds, it is comfortably balanced with both front paws on the floor and a relaxed, attentive gaze. This seated posture continues through 3.00 seconds. From 3.00 to 4.00 seconds, the cat maintains the posture reached by 2.70 seconds, with only faint breathing and tiny settling movements. Preserve the individual cat's facial proportions, each anatomical eye's reference color, body proportions, paw anatomy, coat or bare-skin appearance, markings, ear type and existing tail anatomy as the pose changes. Keep the camera position, perspective, focal length, crop, focus, exposure, white balance, reference background, floor and lighting consistent. The entire cat, including the ears, paws and any visible tail, remains inside the original frame with clear margins throughout. Only the cat is visible, and the surrounding floor stays clear.

overall_soundscape: Quiet studio room tone continues throughout. One soft off-screen tongue click at 0.30 seconds is followed by faint paw movement during the crouch, a muted push-off and closely spaced soft paw-pad impacts during the landing between 1.35 and 1.65 seconds. The final paw adjustment finishes by 2.70 seconds, leaving only room tone and faint breathing.

non_diegetic_music: N/A
",38,38-peterbald,彼得秃猫,13,13-small-jump,小幅跳跃,20000,38-peterbald_13-small-jump_seed-20000
123,41,cat_ids/38_彼得秃猫.png,"For the target video, at 0.00 seconds into the target video, <Picture 1> (from [Shot 1]) is fully referenced.

integrated_multimodal_description: [Shot 1] Live-action, photorealistic studio pet footage. A static medium full-body shot begins with the seated cat and scene in <Picture 1>. This is one continuous four-second shot. The cat stays seated while playing with one feather teaser wand, making two light alternating front-paw taps before settling. From 0.00 to 0.20 seconds, it holds the initial seated pose. From 0.20 to 0.60 seconds, one small feather tuft attached directly to the tip of a slender flexible rod enters smoothly from the viewer's right. The tuft stops just ahead of the cat's lower chest, slightly toward the viewer's right and within easy paw reach. The visible rod extends continuously from the tuft through the right edge to an off-screen holder; the holder and hand remain outside the frame. The cat's eyes track the tuft and its head follows with a small turn. From 0.60 to 1.15 seconds, the tuft makes one short sideways sway. Keeping the hindquarters seated and the anatomical right front paw, on the viewer's left, planted for support, the cat lifts its anatomical left front paw, on the viewer's right, taps the tuft once and returns that paw to the floor. From 1.15 to 1.95 seconds, the rod guides the tuft through a short arc toward the viewer's left, just in front of the chest. The cat transfers support onto the now-planted left front paw, lifts the anatomical right front paw, taps the tuft once and returns that paw to the floor. Each paw contact briefly bends the feathers and deflects the rod tip; the tuft remains attached and visibly distinct from the paw. Only one front paw is raised at a time, and the hindquarters stay on the floor throughout. From 1.95 to 2.15 seconds, the wand pauses while the cat watches with both front paws down. From 2.15 to 2.60 seconds, the wand withdraws smoothly along a short path toward the viewer's right and exits completely through the same edge. The cat follows with its eyes and a small head turn, keeping both front paws on the floor. By 2.70 seconds, it rests in a comfortable upright seated pose, looking slightly toward the departed toy. This attentive posture continues through 3.00 seconds. From 3.00 to 4.00 seconds, the toy stays outside the frame and the cat maintains this posture with only faint breathing and tiny settling movements. Preserve the individual cat's facial proportions, each anatomical eye's reference color, body proportions, paw anatomy, coat or bare-skin appearance, markings, ear type and existing tail anatomy as the pose changes. Keep the reference framing, background, floor and lighting consistent, with a locked camera and grounded shadows following the paw movements. The entire cat remains inside the original frame with clear margins throughout. Only the cat and this single connected wand occupy the scene; the feather tuft moves below the chin, keeping the eyes and face unobstructed.

overall_soundscape: Quiet studio ambience continues beneath a faint feather rustle and two soft paw-to-feather contacts during the alternating taps between 0.60 and 1.95 seconds. Light paw-pad landings accompany each paw's return to the floor. A final soft feather rustle ends as the wand leaves by 2.60 seconds; after 2.70 seconds, only room tone and faint breathing remain.

non_diegetic_music: N/A
",38,38-peterbald,彼得秃猫,14,14-play-teaser-wand,玩逗猫棒,0,38-peterbald_14-play-teaser-wand_seed-0
124,41,cat_ids/38_彼得秃猫.png,"For the target video, at 0.00 seconds into the target video, <Picture 1> (from [Shot 1]) is fully referenced.

integrated_multimodal_description: [Shot 1] Live-action, photorealistic studio pet footage. A static medium full-body shot begins with the seated cat and scene in <Picture 1>. This is one continuous four-second shot. The cat stays seated while playing with one feather teaser wand, making two light alternating front-paw taps before settling. From 0.00 to 0.20 seconds, it holds the initial seated pose. From 0.20 to 0.60 seconds, one small feather tuft attached directly to the tip of a slender flexible rod enters smoothly from the viewer's right. The tuft stops just ahead of the cat's lower chest, slightly toward the viewer's right and within easy paw reach. The visible rod extends continuously from the tuft through the right edge to an off-screen holder; the holder and hand remain outside the frame. The cat's eyes track the tuft and its head follows with a small turn. From 0.60 to 1.15 seconds, the tuft makes one short sideways sway. Keeping the hindquarters seated and the anatomical right front paw, on the viewer's left, planted for support, the cat lifts its anatomical left front paw, on the viewer's right, taps the tuft once and returns that paw to the floor. From 1.15 to 1.95 seconds, the rod guides the tuft through a short arc toward the viewer's left, just in front of the chest. The cat transfers support onto the now-planted left front paw, lifts the anatomical right front paw, taps the tuft once and returns that paw to the floor. Each paw contact briefly bends the feathers and deflects the rod tip; the tuft remains attached and visibly distinct from the paw. Only one front paw is raised at a time, and the hindquarters stay on the floor throughout. From 1.95 to 2.15 seconds, the wand pauses while the cat watches with both front paws down. From 2.15 to 2.60 seconds, the wand withdraws smoothly along a short path toward the viewer's right and exits completely through the same edge. The cat follows with its eyes and a small head turn, keeping both front paws on the floor. By 2.70 seconds, it rests in a comfortable upright seated pose, looking slightly toward the departed toy. This attentive posture continues through 3.00 seconds. From 3.00 to 4.00 seconds, the toy stays outside the frame and the cat maintains this posture with only faint breathing and tiny settling movements. Preserve the individual cat's facial proportions, each anatomical eye's reference color, body proportions, paw anatomy, coat or bare-skin appearance, markings, ear type and existing tail anatomy as the pose changes. Keep the reference framing, background, floor and lighting consistent, with a locked camera and grounded shadows following the paw movements. The entire cat remains inside the original frame with clear margins throughout. Only the cat and this single connected wand occupy the scene; the feather tuft moves below the chin, keeping the eyes and face unobstructed.

overall_soundscape: Quiet studio ambience continues beneath a faint feather rustle and two soft paw-to-feather contacts during the alternating taps between 0.60 and 1.95 seconds. Light paw-pad landings accompany each paw's return to the floor. A final soft feather rustle ends as the wand leaves by 2.60 seconds; after 2.70 seconds, only room tone and faint breathing remain.

non_diegetic_music: N/A
",38,38-peterbald,彼得秃猫,14,14-play-teaser-wand,玩逗猫棒,10000,38-peterbald_14-play-teaser-wand_seed-10000
125,41,cat_ids/38_彼得秃猫.png,"For the target video, at 0.00 seconds into the target video, <Picture 1> (from [Shot 1]) is fully referenced.

integrated_multimodal_description: [Shot 1] Live-action, photorealistic studio pet footage. A static medium full-body shot begins with the seated cat and scene in <Picture 1>. This is one continuous four-second shot. The cat stays seated while playing with one feather teaser wand, making two light alternating front-paw taps before settling. From 0.00 to 0.20 seconds, it holds the initial seated pose. From 0.20 to 0.60 seconds, one small feather tuft attached directly to the tip of a slender flexible rod enters smoothly from the viewer's right. The tuft stops just ahead of the cat's lower chest, slightly toward the viewer's right and within easy paw reach. The visible rod extends continuously from the tuft through the right edge to an off-screen holder; the holder and hand remain outside the frame. The cat's eyes track the tuft and its head follows with a small turn. From 0.60 to 1.15 seconds, the tuft makes one short sideways sway. Keeping the hindquarters seated and the anatomical right front paw, on the viewer's left, planted for support, the cat lifts its anatomical left front paw, on the viewer's right, taps the tuft once and returns that paw to the floor. From 1.15 to 1.95 seconds, the rod guides the tuft through a short arc toward the viewer's left, just in front of the chest. The cat transfers support onto the now-planted left front paw, lifts the anatomical right front paw, taps the tuft once and returns that paw to the floor. Each paw contact briefly bends the feathers and deflects the rod tip; the tuft remains attached and visibly distinct from the paw. Only one front paw is raised at a time, and the hindquarters stay on the floor throughout. From 1.95 to 2.15 seconds, the wand pauses while the cat watches with both front paws down. From 2.15 to 2.60 seconds, the wand withdraws smoothly along a short path toward the viewer's right and exits completely through the same edge. The cat follows with its eyes and a small head turn, keeping both front paws on the floor. By 2.70 seconds, it rests in a comfortable upright seated pose, looking slightly toward the departed toy. This attentive posture continues through 3.00 seconds. From 3.00 to 4.00 seconds, the toy stays outside the frame and the cat maintains this posture with only faint breathing and tiny settling movements. Preserve the individual cat's facial proportions, each anatomical eye's reference color, body proportions, paw anatomy, coat or bare-skin appearance, markings, ear type and existing tail anatomy as the pose changes. Keep the reference framing, background, floor and lighting consistent, with a locked camera and grounded shadows following the paw movements. The entire cat remains inside the original frame with clear margins throughout. Only the cat and this single connected wand occupy the scene; the feather tuft moves below the chin, keeping the eyes and face unobstructed.

overall_soundscape: Quiet studio ambience continues beneath a faint feather rustle and two soft paw-to-feather contacts during the alternating taps between 0.60 and 1.95 seconds. Light paw-pad landings accompany each paw's return to the floor. A final soft feather rustle ends as the wand leaves by 2.60 seconds; after 2.70 seconds, only room tone and faint breathing remain.

non_diegetic_music: N/A
",38,38-peterbald,彼得秃猫,14,14-play-teaser-wand,玩逗猫棒,20000,38-peterbald_14-play-teaser-wand_seed-20000
