id,source_id,input_image,source_reference_video,reference_video,prompt_file,cat_idx,cat_id,cat_name_zh,motion_idx,motion_id,motion_slug,motion_name_zh,seed,output_name,duration_seconds,reference_duration_seconds,fps,width,height,source_aspect_ratio,aspect_ratio,prompt_version,prompt_status,prompt_sha256,source_reference_sha256
000,0,../data_h3/cat_ids/00_短毛橘猫鱼骨纹.png,Ref_drag_ear.mp4,prepared/Ref_drag_ear.motion.mp4,prompts/drag_ear.v1.en.txt,00,00-orange-shorthair-mackerel-tabby,短毛橘猫鱼骨纹,02,02-pull-left-ear,drag_ear,左前爪轻擦左耳与脸部后恢复坐姿,0,000_00-orange-shorthair-mackerel-tabby_02-pull-left-ear_seed-0,4,4.0,24,480,832,15:26,9:16,drag_ear.v1,pending_model_validation,dbdc93fe3f0e922d0d53d3b6c78e213e176b5230876cf046e5da697fd2320d7b,241a5d66949edcf078e592e2d02939921c2ff68968a95640d4e5a7e2c4fe75c1
001,1,../data_h3/cat_ids/00_短毛橘猫鱼骨纹.png,Ref_drag_ear_mirror.mp4,prepared/Ref_drag_ear_mirror.motion.mp4,prompts/drag_ear_mirror.v1.en.txt,00,00-orange-shorthair-mackerel-tabby,短毛橘猫鱼骨纹,03,03-drag-ear-mirror,drag_ear_mirror,右前爪轻擦右耳与脸部后恢复坐姿,0,001_00-orange-shorthair-mackerel-tabby_03-drag-ear-mirror_seed-0,4,4.0,24,480,832,15:26,9:16,drag_ear_mirror.v1,pending_model_validation,68fc5e929e94c082c0da4f6ccda4e0b2f4f8e49e4da6baacf37e6a84c69f2fb3,f5a0412ed913f5aad8bffb33c68c3b0ad7f4923f44f06370f768483b146897f4
002,2,../data_h3/cat_ids/00_短毛橘猫鱼骨纹.png,Ref_cat_teaser1.mp4,prepared/Ref_cat_teaser1.motion.mp4,prompts/cat_teaser1.v1.en.txt,00,00-orange-shorthair-mackerel-tabby,短毛橘猫鱼骨纹,04,04-cat-teaser1,cat_teaser1,左前爪坐姿拨打逗猫棒后注视玩具,0,002_00-orange-shorthair-mackerel-tabby_04-cat-teaser1_seed-0,4,4.0,24,480,832,15:26,9:16,cat_teaser1.v1,pending_model_validation,28971748699ea020c1f7f9f78e45a8407665e85ec6df04732794d5fefc6126de,90ead0cb85338d88512f89fc4fdaa1599eaae717252a8a228289e47e9f7150f0
003,3,../data_h3/cat_ids/00_短毛橘猫鱼骨纹.png,Ref_cat_teaser1_mirror.mp4,prepared/Ref_cat_teaser1_mirror.motion.mp4,prompts/cat_teaser1_mirror.v1.en.txt,00,00-orange-shorthair-mackerel-tabby,短毛橘猫鱼骨纹,05,05-cat-teaser1-mirror,cat_teaser1_mirror,右前爪坐姿拨打逗猫棒后注视玩具,0,003_00-orange-shorthair-mackerel-tabby_05-cat-teaser1-mirror_seed-0,4,4.0,24,480,832,15:26,9:16,cat_teaser1_mirror.v1,pending_model_validation,5c7abea398cc5cec6ee97bd79e91c601838c2218c8101bd13041c5753a5e72ec,af450da4b11a442fbb8dc3b090842b494306a33800841e4f3ac9399fb1a3e695
004,4,../data_h3/cat_ids/00_短毛橘猫鱼骨纹.png,Ref_cat_teaser2.mp4,prepared/Ref_cat_teaser2.motion.mp4,prompts/cat_teaser2.v1.en.txt,00,00-orange-shorthair-mackerel-tabby,短毛橘猫鱼骨纹,06,06-cat-teaser2,cat_teaser2,起身向画面右侧追拍逗猫棒并站定,0,004_00-orange-shorthair-mackerel-tabby_06-cat-teaser2_seed-0,4,4.0,24,480,832,15:26,9:16,cat_teaser2.v1,pending_model_validation,d24950c871f5181f868624b0d0235308584d0cda7f2fe02eb6c362bca9be17e4,a8c95e9c38443d4d231086357cb356e7c98cb2af1a6bfa216feae39e945cc0ec
005,5,../data_h3/cat_ids/00_短毛橘猫鱼骨纹.png,Ref_cat_teaser2_mirror.mp4,prepared/Ref_cat_teaser2_mirror.motion.mp4,prompts/cat_teaser2_mirror.v1.en.txt,00,00-orange-shorthair-mackerel-tabby,短毛橘猫鱼骨纹,07,07-cat-teaser2-mirror,cat_teaser2_mirror,起身向画面左侧追拍逗猫棒并站定,0,005_00-orange-shorthair-mackerel-tabby_07-cat-teaser2-mirror_seed-0,4,4.0,24,480,832,15:26,9:16,cat_teaser2_mirror.v1,pending_model_validation,96e072371eb22e5b130ddeb5d0d5286b26069e03ec55aa98d8eb8998108588b0,7d4ae2310b662639649d68fa4f699951317c36f76eb715534248659d1924613d
006,6,../data_h3/cat_ids/00_短毛橘猫鱼骨纹.png,Ref_cat_teaser3.mp4,prepared/Ref_cat_teaser3.motion.mp4,prompts/cat_teaser3.v1.en.txt,00,00-orange-shorthair-mackerel-tabby,短毛橘猫鱼骨纹,08,08-cat-teaser3,cat_teaser3,双前爪抬起抓扑逗猫棒后落地坐定,0,006_00-orange-shorthair-mackerel-tabby_08-cat-teaser3_seed-0,4,4.0,24,480,832,15:26,9:16,cat_teaser3.v1,pending_model_validation,28125c76324f19aa23e77ae9b7227ec9da10d152f0fe3eb89243ddf4b0cd0c6b,71df79527a94810bcacebc9cb956fa137c891a4ed437386697434b19c5fbb7ce
007,7,../data_h3/cat_ids/00_短毛橘猫鱼骨纹.png,Ref_drag_yarn_ball_and_catch.mp4,prepared/Ref_drag_yarn_ball_and_catch.motion.mp4,prompts/drag_yarn_ball_and_catch.v1.en.txt,00,00-orange-shorthair-mackerel-tabby,短毛橘猫鱼骨纹,09,09-drag-yarn-ball-and-catch,drag_yarn_ball_and_catch,追扑从画面左向右滚动的毛线球并按住,0,007_00-orange-shorthair-mackerel-tabby_09-drag-yarn-ball-and-catch_seed-0,4,4.0,24,480,832,15:26,9:16,drag_yarn_ball_and_catch.v1,pending_model_validation,7ebe1b2a01564d805523f56b909e9a53772ebed08cbeda3c79c1765cceab70f6,5b888bc1cdc661bc3b5760445027966ef8d36a31c447614acbd23d3ca6af442e
008,8,../data_h3/cat_ids/00_短毛橘猫鱼骨纹.png,Ref_drag_yarn_ball_and_catch_mirror.mp4,prepared/Ref_drag_yarn_ball_and_catch_mirror.motion.mp4,prompts/drag_yarn_ball_and_catch_mirror.v1.en.txt,00,00-orange-shorthair-mackerel-tabby,短毛橘猫鱼骨纹,10,10-drag-yarn-ball-and-catch-mirror,drag_yarn_ball_and_catch_mirror,追扑从画面右向左滚动的毛线球并按住,0,008_00-orange-shorthair-mackerel-tabby_10-drag-yarn-ball-and-catch-mirror_seed-0,4,4.0,24,480,832,15:26,9:16,drag_yarn_ball_and_catch_mirror.v1,pending_model_validation,477225bf4f6fca729b4947c68a49ba53af5fb0428686571bc103a6f680058a2d,8b44957f6ebaca7c04c4a0af6bf4fbb65085b8ecf0acaf3433dc727a25b74982
009,9,../data_h3/cat_ids/00_短毛橘猫鱼骨纹.png, Ref_curl_up_and_lie_down.mp4,prepared/ Ref_curl_up_and_lie_down.motion.mp4,prompts/curl_up_and_lie_down.v1.en.txt,00,00-orange-shorthair-mackerel-tabby,短毛橘猫鱼骨纹,11,11-curl-up-and-lie-down,curl_up_and_lie_down,低头向画面左侧蜷卧并闭眼休息,0,009_00-orange-shorthair-mackerel-tabby_11-curl-up-and-lie-down_seed-0,4,4.0,24,480,832,15:26,9:16,curl_up_and_lie_down.v1,pending_model_validation,9217effb2f85c4322c192edb9cc4c687268e1285527679229ed2d92161f10f6b,8414a980252d2baee6444085d2755563b7e0ccb3a138027e7cc6c1233be766eb
010,10,../data_h3/cat_ids/00_短毛橘猫鱼骨纹.png,Ref_curl_up_and_lie_down_mirror.mp4,prepared/Ref_curl_up_and_lie_down_mirror.motion.mp4,prompts/curl_up_and_lie_down_mirror.v1.en.txt,00,00-orange-shorthair-mackerel-tabby,短毛橘猫鱼骨纹,12,12-curl-up-and-lie-down-mirror,curl_up_and_lie_down_mirror,低头向画面右侧蜷卧并闭眼休息,0,010_00-orange-shorthair-mackerel-tabby_12-curl-up-and-lie-down-mirror_seed-0,4,4.0,24,480,832,15:26,9:16,curl_up_and_lie_down_mirror.v1,pending_model_validation,0ae3d03ab930f2329999e943296bf3ba83b1968a23833a258ffc30a3fc3491e0,5dcfd307dd80e4bd86fa73aff45f41f66eced8aba348a07f81f559f008a63527
011,11,../data_h3/cat_ids/00_短毛橘猫鱼骨纹.png,walk_forward_to_screen.mp4,prepared/walk_forward_to_screen.motion.mp4,prompts/walk_forward_to_screen.v1.en.txt,00,00-orange-shorthair-mackerel-tabby,短毛橘猫鱼骨纹,13,13-walk-forward-to-screen,walk_forward_to_screen,起身向镜头走近并在近处站定,0,011_00-orange-shorthair-mackerel-tabby_13-walk-forward-to-screen_seed-0,4,4.041699,24,480,832,15:26,9:16,walk_forward_to_screen.v1,pending_model_validation,18c1e41e3d0bc7b332298f78c798593c6903d921bcab1cd40f5525438039f02c,b63a08fc2ef943e20b969f5567a1c9334a3d7ca21d68db70b052c4345a83014a
012,12,../data_h3/cat_ids/01_短毛橘猫经典虎斑.png,Ref_drag_ear.mp4,prepared/Ref_drag_ear.motion.mp4,prompts/drag_ear.v1.en.txt,01,01-orange-shorthair-classic-tabby,短毛橘猫经典虎斑,02,02-pull-left-ear,drag_ear,左前爪轻擦左耳与脸部后恢复坐姿,0,012_01-orange-shorthair-classic-tabby_02-pull-left-ear_seed-0,4,4.0,24,480,832,15:26,9:16,drag_ear.v1,pending_model_validation,dbdc93fe3f0e922d0d53d3b6c78e213e176b5230876cf046e5da697fd2320d7b,241a5d66949edcf078e592e2d02939921c2ff68968a95640d4e5a7e2c4fe75c1
013,13,../data_h3/cat_ids/01_短毛橘猫经典虎斑.png,Ref_drag_ear_mirror.mp4,prepared/Ref_drag_ear_mirror.motion.mp4,prompts/drag_ear_mirror.v1.en.txt,01,01-orange-shorthair-classic-tabby,短毛橘猫经典虎斑,03,03-drag-ear-mirror,drag_ear_mirror,右前爪轻擦右耳与脸部后恢复坐姿,0,013_01-orange-shorthair-classic-tabby_03-drag-ear-mirror_seed-0,4,4.0,24,480,832,15:26,9:16,drag_ear_mirror.v1,pending_model_validation,68fc5e929e94c082c0da4f6ccda4e0b2f4f8e49e4da6baacf37e6a84c69f2fb3,f5a0412ed913f5aad8bffb33c68c3b0ad7f4923f44f06370f768483b146897f4
014,14,../data_h3/cat_ids/01_短毛橘猫经典虎斑.png,Ref_cat_teaser1.mp4,prepared/Ref_cat_teaser1.motion.mp4,prompts/cat_teaser1.v1.en.txt,01,01-orange-shorthair-classic-tabby,短毛橘猫经典虎斑,04,04-cat-teaser1,cat_teaser1,左前爪坐姿拨打逗猫棒后注视玩具,0,014_01-orange-shorthair-classic-tabby_04-cat-teaser1_seed-0,4,4.0,24,480,832,15:26,9:16,cat_teaser1.v1,pending_model_validation,28971748699ea020c1f7f9f78e45a8407665e85ec6df04732794d5fefc6126de,90ead0cb85338d88512f89fc4fdaa1599eaae717252a8a228289e47e9f7150f0
015,15,../data_h3/cat_ids/01_短毛橘猫经典虎斑.png,Ref_cat_teaser1_mirror.mp4,prepared/Ref_cat_teaser1_mirror.motion.mp4,prompts/cat_teaser1_mirror.v1.en.txt,01,01-orange-shorthair-classic-tabby,短毛橘猫经典虎斑,05,05-cat-teaser1-mirror,cat_teaser1_mirror,右前爪坐姿拨打逗猫棒后注视玩具,0,015_01-orange-shorthair-classic-tabby_05-cat-teaser1-mirror_seed-0,4,4.0,24,480,832,15:26,9:16,cat_teaser1_mirror.v1,pending_model_validation,5c7abea398cc5cec6ee97bd79e91c601838c2218c8101bd13041c5753a5e72ec,af450da4b11a442fbb8dc3b090842b494306a33800841e4f3ac9399fb1a3e695
016,16,../data_h3/cat_ids/01_短毛橘猫经典虎斑.png,Ref_cat_teaser2.mp4,prepared/Ref_cat_teaser2.motion.mp4,prompts/cat_teaser2.v1.en.txt,01,01-orange-shorthair-classic-tabby,短毛橘猫经典虎斑,06,06-cat-teaser2,cat_teaser2,起身向画面右侧追拍逗猫棒并站定,0,016_01-orange-shorthair-classic-tabby_06-cat-teaser2_seed-0,4,4.0,24,480,832,15:26,9:16,cat_teaser2.v1,pending_model_validation,d24950c871f5181f868624b0d0235308584d0cda7f2fe02eb6c362bca9be17e4,a8c95e9c38443d4d231086357cb356e7c98cb2af1a6bfa216feae39e945cc0ec
017,17,../data_h3/cat_ids/01_短毛橘猫经典虎斑.png,Ref_cat_teaser2_mirror.mp4,prepared/Ref_cat_teaser2_mirror.motion.mp4,prompts/cat_teaser2_mirror.v1.en.txt,01,01-orange-shorthair-classic-tabby,短毛橘猫经典虎斑,07,07-cat-teaser2-mirror,cat_teaser2_mirror,起身向画面左侧追拍逗猫棒并站定,0,017_01-orange-shorthair-classic-tabby_07-cat-teaser2-mirror_seed-0,4,4.0,24,480,832,15:26,9:16,cat_teaser2_mirror.v1,pending_model_validation,96e072371eb22e5b130ddeb5d0d5286b26069e03ec55aa98d8eb8998108588b0,7d4ae2310b662639649d68fa4f699951317c36f76eb715534248659d1924613d
018,18,../data_h3/cat_ids/01_短毛橘猫经典虎斑.png,Ref_cat_teaser3.mp4,prepared/Ref_cat_teaser3.motion.mp4,prompts/cat_teaser3.v1.en.txt,01,01-orange-shorthair-classic-tabby,短毛橘猫经典虎斑,08,08-cat-teaser3,cat_teaser3,双前爪抬起抓扑逗猫棒后落地坐定,0,018_01-orange-shorthair-classic-tabby_08-cat-teaser3_seed-0,4,4.0,24,480,832,15:26,9:16,cat_teaser3.v1,pending_model_validation,28125c76324f19aa23e77ae9b7227ec9da10d152f0fe3eb89243ddf4b0cd0c6b,71df79527a94810bcacebc9cb956fa137c891a4ed437386697434b19c5fbb7ce
019,19,../data_h3/cat_ids/01_短毛橘猫经典虎斑.png,Ref_drag_yarn_ball_and_catch.mp4,prepared/Ref_drag_yarn_ball_and_catch.motion.mp4,prompts/drag_yarn_ball_and_catch.v1.en.txt,01,01-orange-shorthair-classic-tabby,短毛橘猫经典虎斑,09,09-drag-yarn-ball-and-catch,drag_yarn_ball_and_catch,追扑从画面左向右滚动的毛线球并按住,0,019_01-orange-shorthair-classic-tabby_09-drag-yarn-ball-and-catch_seed-0,4,4.0,24,480,832,15:26,9:16,drag_yarn_ball_and_catch.v1,pending_model_validation,7ebe1b2a01564d805523f56b909e9a53772ebed08cbeda3c79c1765cceab70f6,5b888bc1cdc661bc3b5760445027966ef8d36a31c447614acbd23d3ca6af442e
020,20,../data_h3/cat_ids/01_短毛橘猫经典虎斑.png,Ref_drag_yarn_ball_and_catch_mirror.mp4,prepared/Ref_drag_yarn_ball_and_catch_mirror.motion.mp4,prompts/drag_yarn_ball_and_catch_mirror.v1.en.txt,01,01-orange-shorthair-classic-tabby,短毛橘猫经典虎斑,10,10-drag-yarn-ball-and-catch-mirror,drag_yarn_ball_and_catch_mirror,追扑从画面右向左滚动的毛线球并按住,0,020_01-orange-shorthair-classic-tabby_10-drag-yarn-ball-and-catch-mirror_seed-0,4,4.0,24,480,832,15:26,9:16,drag_yarn_ball_and_catch_mirror.v1,pending_model_validation,477225bf4f6fca729b4947c68a49ba53af5fb0428686571bc103a6f680058a2d,8b44957f6ebaca7c04c4a0af6bf4fbb65085b8ecf0acaf3433dc727a25b74982
021,21,../data_h3/cat_ids/01_短毛橘猫经典虎斑.png, Ref_curl_up_and_lie_down.mp4,prepared/ Ref_curl_up_and_lie_down.motion.mp4,prompts/curl_up_and_lie_down.v1.en.txt,01,01-orange-shorthair-classic-tabby,短毛橘猫经典虎斑,11,11-curl-up-and-lie-down,curl_up_and_lie_down,低头向画面左侧蜷卧并闭眼休息,0,021_01-orange-shorthair-classic-tabby_11-curl-up-and-lie-down_seed-0,4,4.0,24,480,832,15:26,9:16,curl_up_and_lie_down.v1,pending_model_validation,9217effb2f85c4322c192edb9cc4c687268e1285527679229ed2d92161f10f6b,8414a980252d2baee6444085d2755563b7e0ccb3a138027e7cc6c1233be766eb
022,22,../data_h3/cat_ids/01_短毛橘猫经典虎斑.png,Ref_curl_up_and_lie_down_mirror.mp4,prepared/Ref_curl_up_and_lie_down_mirror.motion.mp4,prompts/curl_up_and_lie_down_mirror.v1.en.txt,01,01-orange-shorthair-classic-tabby,短毛橘猫经典虎斑,12,12-curl-up-and-lie-down-mirror,curl_up_and_lie_down_mirror,低头向画面右侧蜷卧并闭眼休息,0,022_01-orange-shorthair-classic-tabby_12-curl-up-and-lie-down-mirror_seed-0,4,4.0,24,480,832,15:26,9:16,curl_up_and_lie_down_mirror.v1,pending_model_validation,0ae3d03ab930f2329999e943296bf3ba83b1968a23833a258ffc30a3fc3491e0,5dcfd307dd80e4bd86fa73aff45f41f66eced8aba348a07f81f559f008a63527
023,23,../data_h3/cat_ids/01_短毛橘猫经典虎斑.png,walk_forward_to_screen.mp4,prepared/walk_forward_to_screen.motion.mp4,prompts/walk_forward_to_screen.v1.en.txt,01,01-orange-shorthair-classic-tabby,短毛橘猫经典虎斑,13,13-walk-forward-to-screen,walk_forward_to_screen,起身向镜头走近并在近处站定,0,023_01-orange-shorthair-classic-tabby_13-walk-forward-to-screen_seed-0,4,4.041699,24,480,832,15:26,9:16,walk_forward_to_screen.v1,pending_model_validation,18c1e41e3d0bc7b332298f78c798593c6903d921bcab1cd40f5525438039f02c,b63a08fc2ef943e20b969f5567a1c9334a3d7ca21d68db70b052c4345a83014a
024,24,../data_h3/cat_ids/02_长毛橘猫.png,Ref_drag_ear.mp4,prepared/Ref_drag_ear.motion.mp4,prompts/drag_ear.v1.en.txt,02,02-orange-longhair,长毛橘猫,02,02-pull-left-ear,drag_ear,左前爪轻擦左耳与脸部后恢复坐姿,0,024_02-orange-longhair_02-pull-left-ear_seed-0,4,4.0,24,480,832,15:26,9:16,drag_ear.v1,pending_model_validation,dbdc93fe3f0e922d0d53d3b6c78e213e176b5230876cf046e5da697fd2320d7b,241a5d66949edcf078e592e2d02939921c2ff68968a95640d4e5a7e2c4fe75c1
025,25,../data_h3/cat_ids/02_长毛橘猫.png,Ref_drag_ear_mirror.mp4,prepared/Ref_drag_ear_mirror.motion.mp4,prompts/drag_ear_mirror.v1.en.txt,02,02-orange-longhair,长毛橘猫,03,03-drag-ear-mirror,drag_ear_mirror,右前爪轻擦右耳与脸部后恢复坐姿,0,025_02-orange-longhair_03-drag-ear-mirror_seed-0,4,4.0,24,480,832,15:26,9:16,drag_ear_mirror.v1,pending_model_validation,68fc5e929e94c082c0da4f6ccda4e0b2f4f8e49e4da6baacf37e6a84c69f2fb3,f5a0412ed913f5aad8bffb33c68c3b0ad7f4923f44f06370f768483b146897f4
026,26,../data_h3/cat_ids/02_长毛橘猫.png,Ref_cat_teaser1.mp4,prepared/Ref_cat_teaser1.motion.mp4,prompts/cat_teaser1.v1.en.txt,02,02-orange-longhair,长毛橘猫,04,04-cat-teaser1,cat_teaser1,左前爪坐姿拨打逗猫棒后注视玩具,0,026_02-orange-longhair_04-cat-teaser1_seed-0,4,4.0,24,480,832,15:26,9:16,cat_teaser1.v1,pending_model_validation,28971748699ea020c1f7f9f78e45a8407665e85ec6df04732794d5fefc6126de,90ead0cb85338d88512f89fc4fdaa1599eaae717252a8a228289e47e9f7150f0
027,27,../data_h3/cat_ids/02_长毛橘猫.png,Ref_cat_teaser1_mirror.mp4,prepared/Ref_cat_teaser1_mirror.motion.mp4,prompts/cat_teaser1_mirror.v1.en.txt,02,02-orange-longhair,长毛橘猫,05,05-cat-teaser1-mirror,cat_teaser1_mirror,右前爪坐姿拨打逗猫棒后注视玩具,0,027_02-orange-longhair_05-cat-teaser1-mirror_seed-0,4,4.0,24,480,832,15:26,9:16,cat_teaser1_mirror.v1,pending_model_validation,5c7abea398cc5cec6ee97bd79e91c601838c2218c8101bd13041c5753a5e72ec,af450da4b11a442fbb8dc3b090842b494306a33800841e4f3ac9399fb1a3e695
028,28,../data_h3/cat_ids/02_长毛橘猫.png,Ref_cat_teaser2.mp4,prepared/Ref_cat_teaser2.motion.mp4,prompts/cat_teaser2.v1.en.txt,02,02-orange-longhair,长毛橘猫,06,06-cat-teaser2,cat_teaser2,起身向画面右侧追拍逗猫棒并站定,0,028_02-orange-longhair_06-cat-teaser2_seed-0,4,4.0,24,480,832,15:26,9:16,cat_teaser2.v1,pending_model_validation,d24950c871f5181f868624b0d0235308584d0cda7f2fe02eb6c362bca9be17e4,a8c95e9c38443d4d231086357cb356e7c98cb2af1a6bfa216feae39e945cc0ec
029,29,../data_h3/cat_ids/02_长毛橘猫.png,Ref_cat_teaser2_mirror.mp4,prepared/Ref_cat_teaser2_mirror.motion.mp4,prompts/cat_teaser2_mirror.v1.en.txt,02,02-orange-longhair,长毛橘猫,07,07-cat-teaser2-mirror,cat_teaser2_mirror,起身向画面左侧追拍逗猫棒并站定,0,029_02-orange-longhair_07-cat-teaser2-mirror_seed-0,4,4.0,24,480,832,15:26,9:16,cat_teaser2_mirror.v1,pending_model_validation,96e072371eb22e5b130ddeb5d0d5286b26069e03ec55aa98d8eb8998108588b0,7d4ae2310b662639649d68fa4f699951317c36f76eb715534248659d1924613d
030,30,../data_h3/cat_ids/02_长毛橘猫.png,Ref_cat_teaser3.mp4,prepared/Ref_cat_teaser3.motion.mp4,prompts/cat_teaser3.v1.en.txt,02,02-orange-longhair,长毛橘猫,08,08-cat-teaser3,cat_teaser3,双前爪抬起抓扑逗猫棒后落地坐定,0,030_02-orange-longhair_08-cat-teaser3_seed-0,4,4.0,24,480,832,15:26,9:16,cat_teaser3.v1,pending_model_validation,28125c76324f19aa23e77ae9b7227ec9da10d152f0fe3eb89243ddf4b0cd0c6b,71df79527a94810bcacebc9cb956fa137c891a4ed437386697434b19c5fbb7ce
031,31,../data_h3/cat_ids/02_长毛橘猫.png,Ref_drag_yarn_ball_and_catch.mp4,prepared/Ref_drag_yarn_ball_and_catch.motion.mp4,prompts/drag_yarn_ball_and_catch.v1.en.txt,02,02-orange-longhair,长毛橘猫,09,09-drag-yarn-ball-and-catch,drag_yarn_ball_and_catch,追扑从画面左向右滚动的毛线球并按住,0,031_02-orange-longhair_09-drag-yarn-ball-and-catch_seed-0,4,4.0,24,480,832,15:26,9:16,drag_yarn_ball_and_catch.v1,pending_model_validation,7ebe1b2a01564d805523f56b909e9a53772ebed08cbeda3c79c1765cceab70f6,5b888bc1cdc661bc3b5760445027966ef8d36a31c447614acbd23d3ca6af442e
032,32,../data_h3/cat_ids/02_长毛橘猫.png,Ref_drag_yarn_ball_and_catch_mirror.mp4,prepared/Ref_drag_yarn_ball_and_catch_mirror.motion.mp4,prompts/drag_yarn_ball_and_catch_mirror.v1.en.txt,02,02-orange-longhair,长毛橘猫,10,10-drag-yarn-ball-and-catch-mirror,drag_yarn_ball_and_catch_mirror,追扑从画面右向左滚动的毛线球并按住,0,032_02-orange-longhair_10-drag-yarn-ball-and-catch-mirror_seed-0,4,4.0,24,480,832,15:26,9:16,drag_yarn_ball_and_catch_mirror.v1,pending_model_validation,477225bf4f6fca729b4947c68a49ba53af5fb0428686571bc103a6f680058a2d,8b44957f6ebaca7c04c4a0af6bf4fbb65085b8ecf0acaf3433dc727a25b74982
033,33,../data_h3/cat_ids/02_长毛橘猫.png, Ref_curl_up_and_lie_down.mp4,prepared/ Ref_curl_up_and_lie_down.motion.mp4,prompts/curl_up_and_lie_down.v1.en.txt,02,02-orange-longhair,长毛橘猫,11,11-curl-up-and-lie-down,curl_up_and_lie_down,低头向画面左侧蜷卧并闭眼休息,0,033_02-orange-longhair_11-curl-up-and-lie-down_seed-0,4,4.0,24,480,832,15:26,9:16,curl_up_and_lie_down.v1,pending_model_validation,9217effb2f85c4322c192edb9cc4c687268e1285527679229ed2d92161f10f6b,8414a980252d2baee6444085d2755563b7e0ccb3a138027e7cc6c1233be766eb
034,34,../data_h3/cat_ids/02_长毛橘猫.png,Ref_curl_up_and_lie_down_mirror.mp4,prepared/Ref_curl_up_and_lie_down_mirror.motion.mp4,prompts/curl_up_and_lie_down_mirror.v1.en.txt,02,02-orange-longhair,长毛橘猫,12,12-curl-up-and-lie-down-mirror,curl_up_and_lie_down_mirror,低头向画面右侧蜷卧并闭眼休息,0,034_02-orange-longhair_12-curl-up-and-lie-down-mirror_seed-0,4,4.0,24,480,832,15:26,9:16,curl_up_and_lie_down_mirror.v1,pending_model_validation,0ae3d03ab930f2329999e943296bf3ba83b1968a23833a258ffc30a3fc3491e0,5dcfd307dd80e4bd86fa73aff45f41f66eced8aba348a07f81f559f008a63527
035,35,../data_h3/cat_ids/02_长毛橘猫.png,walk_forward_to_screen.mp4,prepared/walk_forward_to_screen.motion.mp4,prompts/walk_forward_to_screen.v1.en.txt,02,02-orange-longhair,长毛橘猫,13,13-walk-forward-to-screen,walk_forward_to_screen,起身向镜头走近并在近处站定,0,035_02-orange-longhair_13-walk-forward-to-screen_seed-0,4,4.041699,24,480,832,15:26,9:16,walk_forward_to_screen.v1,pending_model_validation,18c1e41e3d0bc7b332298f78c798593c6903d921bcab1cd40f5525438039f02c,b63a08fc2ef943e20b969f5567a1c9334a3d7ca21d68db70b052c4345a83014a
036,36,../data_h3/cat_ids/03_短毛奶油虎斑猫.png,Ref_drag_ear.mp4,prepared/Ref_drag_ear.motion.mp4,prompts/drag_ear.v1.en.txt,03,03-cream-shorthair-tabby,短毛奶油虎斑猫,02,02-pull-left-ear,drag_ear,左前爪轻擦左耳与脸部后恢复坐姿,0,036_03-cream-shorthair-tabby_02-pull-left-ear_seed-0,4,4.0,24,480,832,15:26,9:16,drag_ear.v1,pending_model_validation,dbdc93fe3f0e922d0d53d3b6c78e213e176b5230876cf046e5da697fd2320d7b,241a5d66949edcf078e592e2d02939921c2ff68968a95640d4e5a7e2c4fe75c1
037,37,../data_h3/cat_ids/03_短毛奶油虎斑猫.png,Ref_drag_ear_mirror.mp4,prepared/Ref_drag_ear_mirror.motion.mp4,prompts/drag_ear_mirror.v1.en.txt,03,03-cream-shorthair-tabby,短毛奶油虎斑猫,03,03-drag-ear-mirror,drag_ear_mirror,右前爪轻擦右耳与脸部后恢复坐姿,0,037_03-cream-shorthair-tabby_03-drag-ear-mirror_seed-0,4,4.0,24,480,832,15:26,9:16,drag_ear_mirror.v1,pending_model_validation,68fc5e929e94c082c0da4f6ccda4e0b2f4f8e49e4da6baacf37e6a84c69f2fb3,f5a0412ed913f5aad8bffb33c68c3b0ad7f4923f44f06370f768483b146897f4
038,38,../data_h3/cat_ids/03_短毛奶油虎斑猫.png,Ref_cat_teaser1.mp4,prepared/Ref_cat_teaser1.motion.mp4,prompts/cat_teaser1.v1.en.txt,03,03-cream-shorthair-tabby,短毛奶油虎斑猫,04,04-cat-teaser1,cat_teaser1,左前爪坐姿拨打逗猫棒后注视玩具,0,038_03-cream-shorthair-tabby_04-cat-teaser1_seed-0,4,4.0,24,480,832,15:26,9:16,cat_teaser1.v1,pending_model_validation,28971748699ea020c1f7f9f78e45a8407665e85ec6df04732794d5fefc6126de,90ead0cb85338d88512f89fc4fdaa1599eaae717252a8a228289e47e9f7150f0
039,39,../data_h3/cat_ids/03_短毛奶油虎斑猫.png,Ref_cat_teaser1_mirror.mp4,prepared/Ref_cat_teaser1_mirror.motion.mp4,prompts/cat_teaser1_mirror.v1.en.txt,03,03-cream-shorthair-tabby,短毛奶油虎斑猫,05,05-cat-teaser1-mirror,cat_teaser1_mirror,右前爪坐姿拨打逗猫棒后注视玩具,0,039_03-cream-shorthair-tabby_05-cat-teaser1-mirror_seed-0,4,4.0,24,480,832,15:26,9:16,cat_teaser1_mirror.v1,pending_model_validation,5c7abea398cc5cec6ee97bd79e91c601838c2218c8101bd13041c5753a5e72ec,af450da4b11a442fbb8dc3b090842b494306a33800841e4f3ac9399fb1a3e695
040,40,../data_h3/cat_ids/03_短毛奶油虎斑猫.png,Ref_cat_teaser2.mp4,prepared/Ref_cat_teaser2.motion.mp4,prompts/cat_teaser2.v1.en.txt,03,03-cream-shorthair-tabby,短毛奶油虎斑猫,06,06-cat-teaser2,cat_teaser2,起身向画面右侧追拍逗猫棒并站定,0,040_03-cream-shorthair-tabby_06-cat-teaser2_seed-0,4,4.0,24,480,832,15:26,9:16,cat_teaser2.v1,pending_model_validation,d24950c871f5181f868624b0d0235308584d0cda7f2fe02eb6c362bca9be17e4,a8c95e9c38443d4d231086357cb356e7c98cb2af1a6bfa216feae39e945cc0ec
041,41,../data_h3/cat_ids/03_短毛奶油虎斑猫.png,Ref_cat_teaser2_mirror.mp4,prepared/Ref_cat_teaser2_mirror.motion.mp4,prompts/cat_teaser2_mirror.v1.en.txt,03,03-cream-shorthair-tabby,短毛奶油虎斑猫,07,07-cat-teaser2-mirror,cat_teaser2_mirror,起身向画面左侧追拍逗猫棒并站定,0,041_03-cream-shorthair-tabby_07-cat-teaser2-mirror_seed-0,4,4.0,24,480,832,15:26,9:16,cat_teaser2_mirror.v1,pending_model_validation,96e072371eb22e5b130ddeb5d0d5286b26069e03ec55aa98d8eb8998108588b0,7d4ae2310b662639649d68fa4f699951317c36f76eb715534248659d1924613d
042,42,../data_h3/cat_ids/03_短毛奶油虎斑猫.png,Ref_cat_teaser3.mp4,prepared/Ref_cat_teaser3.motion.mp4,prompts/cat_teaser3.v1.en.txt,03,03-cream-shorthair-tabby,短毛奶油虎斑猫,08,08-cat-teaser3,cat_teaser3,双前爪抬起抓扑逗猫棒后落地坐定,0,042_03-cream-shorthair-tabby_08-cat-teaser3_seed-0,4,4.0,24,480,832,15:26,9:16,cat_teaser3.v1,pending_model_validation,28125c76324f19aa23e77ae9b7227ec9da10d152f0fe3eb89243ddf4b0cd0c6b,71df79527a94810bcacebc9cb956fa137c891a4ed437386697434b19c5fbb7ce
043,43,../data_h3/cat_ids/03_短毛奶油虎斑猫.png,Ref_drag_yarn_ball_and_catch.mp4,prepared/Ref_drag_yarn_ball_and_catch.motion.mp4,prompts/drag_yarn_ball_and_catch.v1.en.txt,03,03-cream-shorthair-tabby,短毛奶油虎斑猫,09,09-drag-yarn-ball-and-catch,drag_yarn_ball_and_catch,追扑从画面左向右滚动的毛线球并按住,0,043_03-cream-shorthair-tabby_09-drag-yarn-ball-and-catch_seed-0,4,4.0,24,480,832,15:26,9:16,drag_yarn_ball_and_catch.v1,pending_model_validation,7ebe1b2a01564d805523f56b909e9a53772ebed08cbeda3c79c1765cceab70f6,5b888bc1cdc661bc3b5760445027966ef8d36a31c447614acbd23d3ca6af442e
044,44,../data_h3/cat_ids/03_短毛奶油虎斑猫.png,Ref_drag_yarn_ball_and_catch_mirror.mp4,prepared/Ref_drag_yarn_ball_and_catch_mirror.motion.mp4,prompts/drag_yarn_ball_and_catch_mirror.v1.en.txt,03,03-cream-shorthair-tabby,短毛奶油虎斑猫,10,10-drag-yarn-ball-and-catch-mirror,drag_yarn_ball_and_catch_mirror,追扑从画面右向左滚动的毛线球并按住,0,044_03-cream-shorthair-tabby_10-drag-yarn-ball-and-catch-mirror_seed-0,4,4.0,24,480,832,15:26,9:16,drag_yarn_ball_and_catch_mirror.v1,pending_model_validation,477225bf4f6fca729b4947c68a49ba53af5fb0428686571bc103a6f680058a2d,8b44957f6ebaca7c04c4a0af6bf4fbb65085b8ecf0acaf3433dc727a25b74982
045,45,../data_h3/cat_ids/03_短毛奶油虎斑猫.png, Ref_curl_up_and_lie_down.mp4,prepared/ Ref_curl_up_and_lie_down.motion.mp4,prompts/curl_up_and_lie_down.v1.en.txt,03,03-cream-shorthair-tabby,短毛奶油虎斑猫,11,11-curl-up-and-lie-down,curl_up_and_lie_down,低头向画面左侧蜷卧并闭眼休息,0,045_03-cream-shorthair-tabby_11-curl-up-and-lie-down_seed-0,4,4.0,24,480,832,15:26,9:16,curl_up_and_lie_down.v1,pending_model_validation,9217effb2f85c4322c192edb9cc4c687268e1285527679229ed2d92161f10f6b,8414a980252d2baee6444085d2755563b7e0ccb3a138027e7cc6c1233be766eb
046,46,../data_h3/cat_ids/03_短毛奶油虎斑猫.png,Ref_curl_up_and_lie_down_mirror.mp4,prepared/Ref_curl_up_and_lie_down_mirror.motion.mp4,prompts/curl_up_and_lie_down_mirror.v1.en.txt,03,03-cream-shorthair-tabby,短毛奶油虎斑猫,12,12-curl-up-and-lie-down-mirror,curl_up_and_lie_down_mirror,低头向画面右侧蜷卧并闭眼休息,0,046_03-cream-shorthair-tabby_12-curl-up-and-lie-down-mirror_seed-0,4,4.0,24,480,832,15:26,9:16,curl_up_and_lie_down_mirror.v1,pending_model_validation,0ae3d03ab930f2329999e943296bf3ba83b1968a23833a258ffc30a3fc3491e0,5dcfd307dd80e4bd86fa73aff45f41f66eced8aba348a07f81f559f008a63527
047,47,../data_h3/cat_ids/03_短毛奶油虎斑猫.png,walk_forward_to_screen.mp4,prepared/walk_forward_to_screen.motion.mp4,prompts/walk_forward_to_screen.v1.en.txt,03,03-cream-shorthair-tabby,短毛奶油虎斑猫,13,13-walk-forward-to-screen,walk_forward_to_screen,起身向镜头走近并在近处站定,0,047_03-cream-shorthair-tabby_13-walk-forward-to-screen_seed-0,4,4.041699,24,480,832,15:26,9:16,walk_forward_to_screen.v1,pending_model_validation,18c1e41e3d0bc7b332298f78c798593c6903d921bcab1cd40f5525438039f02c,b63a08fc2ef943e20b969f5567a1c9334a3d7ca21d68db70b052c4345a83014a
048,48,../data_h3/cat_ids/04_长毛奶油加白猫.png,Ref_drag_ear.mp4,prepared/Ref_drag_ear.motion.mp4,prompts/drag_ear.v1.en.txt,04,04-cream-white-longhair,长毛奶油加白猫,02,02-pull-left-ear,drag_ear,左前爪轻擦左耳与脸部后恢复坐姿,0,048_04-cream-white-longhair_02-pull-left-ear_seed-0,4,4.0,24,480,832,15:26,9:16,drag_ear.v1,pending_model_validation,dbdc93fe3f0e922d0d53d3b6c78e213e176b5230876cf046e5da697fd2320d7b,241a5d66949edcf078e592e2d02939921c2ff68968a95640d4e5a7e2c4fe75c1
049,49,../data_h3/cat_ids/04_长毛奶油加白猫.png,Ref_drag_ear_mirror.mp4,prepared/Ref_drag_ear_mirror.motion.mp4,prompts/drag_ear_mirror.v1.en.txt,04,04-cream-white-longhair,长毛奶油加白猫,03,03-drag-ear-mirror,drag_ear_mirror,右前爪轻擦右耳与脸部后恢复坐姿,0,049_04-cream-white-longhair_03-drag-ear-mirror_seed-0,4,4.0,24,480,832,15:26,9:16,drag_ear_mirror.v1,pending_model_validation,68fc5e929e94c082c0da4f6ccda4e0b2f4f8e49e4da6baacf37e6a84c69f2fb3,f5a0412ed913f5aad8bffb33c68c3b0ad7f4923f44f06370f768483b146897f4
050,50,../data_h3/cat_ids/04_长毛奶油加白猫.png,Ref_cat_teaser1.mp4,prepared/Ref_cat_teaser1.motion.mp4,prompts/cat_teaser1.v1.en.txt,04,04-cream-white-longhair,长毛奶油加白猫,04,04-cat-teaser1,cat_teaser1,左前爪坐姿拨打逗猫棒后注视玩具,0,050_04-cream-white-longhair_04-cat-teaser1_seed-0,4,4.0,24,480,832,15:26,9:16,cat_teaser1.v1,pending_model_validation,28971748699ea020c1f7f9f78e45a8407665e85ec6df04732794d5fefc6126de,90ead0cb85338d88512f89fc4fdaa1599eaae717252a8a228289e47e9f7150f0
051,51,../data_h3/cat_ids/04_长毛奶油加白猫.png,Ref_cat_teaser1_mirror.mp4,prepared/Ref_cat_teaser1_mirror.motion.mp4,prompts/cat_teaser1_mirror.v1.en.txt,04,04-cream-white-longhair,长毛奶油加白猫,05,05-cat-teaser1-mirror,cat_teaser1_mirror,右前爪坐姿拨打逗猫棒后注视玩具,0,051_04-cream-white-longhair_05-cat-teaser1-mirror_seed-0,4,4.0,24,480,832,15:26,9:16,cat_teaser1_mirror.v1,pending_model_validation,5c7abea398cc5cec6ee97bd79e91c601838c2218c8101bd13041c5753a5e72ec,af450da4b11a442fbb8dc3b090842b494306a33800841e4f3ac9399fb1a3e695
052,52,../data_h3/cat_ids/04_长毛奶油加白猫.png,Ref_cat_teaser2.mp4,prepared/Ref_cat_teaser2.motion.mp4,prompts/cat_teaser2.v1.en.txt,04,04-cream-white-longhair,长毛奶油加白猫,06,06-cat-teaser2,cat_teaser2,起身向画面右侧追拍逗猫棒并站定,0,052_04-cream-white-longhair_06-cat-teaser2_seed-0,4,4.0,24,480,832,15:26,9:16,cat_teaser2.v1,pending_model_validation,d24950c871f5181f868624b0d0235308584d0cda7f2fe02eb6c362bca9be17e4,a8c95e9c38443d4d231086357cb356e7c98cb2af1a6bfa216feae39e945cc0ec
053,53,../data_h3/cat_ids/04_长毛奶油加白猫.png,Ref_cat_teaser2_mirror.mp4,prepared/Ref_cat_teaser2_mirror.motion.mp4,prompts/cat_teaser2_mirror.v1.en.txt,04,04-cream-white-longhair,长毛奶油加白猫,07,07-cat-teaser2-mirror,cat_teaser2_mirror,起身向画面左侧追拍逗猫棒并站定,0,053_04-cream-white-longhair_07-cat-teaser2-mirror_seed-0,4,4.0,24,480,832,15:26,9:16,cat_teaser2_mirror.v1,pending_model_validation,96e072371eb22e5b130ddeb5d0d5286b26069e03ec55aa98d8eb8998108588b0,7d4ae2310b662639649d68fa4f699951317c36f76eb715534248659d1924613d
054,54,../data_h3/cat_ids/04_长毛奶油加白猫.png,Ref_cat_teaser3.mp4,prepared/Ref_cat_teaser3.motion.mp4,prompts/cat_teaser3.v1.en.txt,04,04-cream-white-longhair,长毛奶油加白猫,08,08-cat-teaser3,cat_teaser3,双前爪抬起抓扑逗猫棒后落地坐定,0,054_04-cream-white-longhair_08-cat-teaser3_seed-0,4,4.0,24,480,832,15:26,9:16,cat_teaser3.v1,pending_model_validation,28125c76324f19aa23e77ae9b7227ec9da10d152f0fe3eb89243ddf4b0cd0c6b,71df79527a94810bcacebc9cb956fa137c891a4ed437386697434b19c5fbb7ce
055,55,../data_h3/cat_ids/04_长毛奶油加白猫.png,Ref_drag_yarn_ball_and_catch.mp4,prepared/Ref_drag_yarn_ball_and_catch.motion.mp4,prompts/drag_yarn_ball_and_catch.v1.en.txt,04,04-cream-white-longhair,长毛奶油加白猫,09,09-drag-yarn-ball-and-catch,drag_yarn_ball_and_catch,追扑从画面左向右滚动的毛线球并按住,0,055_04-cream-white-longhair_09-drag-yarn-ball-and-catch_seed-0,4,4.0,24,480,832,15:26,9:16,drag_yarn_ball_and_catch.v1,pending_model_validation,7ebe1b2a01564d805523f56b909e9a53772ebed08cbeda3c79c1765cceab70f6,5b888bc1cdc661bc3b5760445027966ef8d36a31c447614acbd23d3ca6af442e
056,56,../data_h3/cat_ids/04_长毛奶油加白猫.png,Ref_drag_yarn_ball_and_catch_mirror.mp4,prepared/Ref_drag_yarn_ball_and_catch_mirror.motion.mp4,prompts/drag_yarn_ball_and_catch_mirror.v1.en.txt,04,04-cream-white-longhair,长毛奶油加白猫,10,10-drag-yarn-ball-and-catch-mirror,drag_yarn_ball_and_catch_mirror,追扑从画面右向左滚动的毛线球并按住,0,056_04-cream-white-longhair_10-drag-yarn-ball-and-catch-mirror_seed-0,4,4.0,24,480,832,15:26,9:16,drag_yarn_ball_and_catch_mirror.v1,pending_model_validation,477225bf4f6fca729b4947c68a49ba53af5fb0428686571bc103a6f680058a2d,8b44957f6ebaca7c04c4a0af6bf4fbb65085b8ecf0acaf3433dc727a25b74982
057,57,../data_h3/cat_ids/04_长毛奶油加白猫.png, Ref_curl_up_and_lie_down.mp4,prepared/ Ref_curl_up_and_lie_down.motion.mp4,prompts/curl_up_and_lie_down.v1.en.txt,04,04-cream-white-longhair,长毛奶油加白猫,11,11-curl-up-and-lie-down,curl_up_and_lie_down,低头向画面左侧蜷卧并闭眼休息,0,057_04-cream-white-longhair_11-curl-up-and-lie-down_seed-0,4,4.0,24,480,832,15:26,9:16,curl_up_and_lie_down.v1,pending_model_validation,9217effb2f85c4322c192edb9cc4c687268e1285527679229ed2d92161f10f6b,8414a980252d2baee6444085d2755563b7e0ccb3a138027e7cc6c1233be766eb
058,58,../data_h3/cat_ids/04_长毛奶油加白猫.png,Ref_curl_up_and_lie_down_mirror.mp4,prepared/Ref_curl_up_and_lie_down_mirror.motion.mp4,prompts/curl_up_and_lie_down_mirror.v1.en.txt,04,04-cream-white-longhair,长毛奶油加白猫,12,12-curl-up-and-lie-down-mirror,curl_up_and_lie_down_mirror,低头向画面右侧蜷卧并闭眼休息,0,058_04-cream-white-longhair_12-curl-up-and-lie-down-mirror_seed-0,4,4.0,24,480,832,15:26,9:16,curl_up_and_lie_down_mirror.v1,pending_model_validation,0ae3d03ab930f2329999e943296bf3ba83b1968a23833a258ffc30a3fc3491e0,5dcfd307dd80e4bd86fa73aff45f41f66eced8aba348a07f81f559f008a63527
059,59,../data_h3/cat_ids/04_长毛奶油加白猫.png,walk_forward_to_screen.mp4,prepared/walk_forward_to_screen.motion.mp4,prompts/walk_forward_to_screen.v1.en.txt,04,04-cream-white-longhair,长毛奶油加白猫,13,13-walk-forward-to-screen,walk_forward_to_screen,起身向镜头走近并在近处站定,0,059_04-cream-white-longhair_13-walk-forward-to-screen_seed-0,4,4.041699,24,480,832,15:26,9:16,walk_forward_to_screen.v1,pending_model_validation,18c1e41e3d0bc7b332298f78c798593c6903d921bcab1cd40f5525438039f02c,b63a08fc2ef943e20b969f5567a1c9334a3d7ca21d68db70b052c4345a83014a
060,60,../data_h3/cat_ids/05_短毛橘白梵花猫.png,Ref_drag_ear.mp4,prepared/Ref_drag_ear.motion.mp4,prompts/drag_ear.v1.en.txt,05,05-orange-white-van-shorthair,短毛橘白梵花猫,02,02-pull-left-ear,drag_ear,左前爪轻擦左耳与脸部后恢复坐姿,0,060_05-orange-white-van-shorthair_02-pull-left-ear_seed-0,4,4.0,24,480,832,15:26,9:16,drag_ear.v1,pending_model_validation,dbdc93fe3f0e922d0d53d3b6c78e213e176b5230876cf046e5da697fd2320d7b,241a5d66949edcf078e592e2d02939921c2ff68968a95640d4e5a7e2c4fe75c1
061,61,../data_h3/cat_ids/05_短毛橘白梵花猫.png,Ref_drag_ear_mirror.mp4,prepared/Ref_drag_ear_mirror.motion.mp4,prompts/drag_ear_mirror.v1.en.txt,05,05-orange-white-van-shorthair,短毛橘白梵花猫,03,03-drag-ear-mirror,drag_ear_mirror,右前爪轻擦右耳与脸部后恢复坐姿,0,061_05-orange-white-van-shorthair_03-drag-ear-mirror_seed-0,4,4.0,24,480,832,15:26,9:16,drag_ear_mirror.v1,pending_model_validation,68fc5e929e94c082c0da4f6ccda4e0b2f4f8e49e4da6baacf37e6a84c69f2fb3,f5a0412ed913f5aad8bffb33c68c3b0ad7f4923f44f06370f768483b146897f4
062,62,../data_h3/cat_ids/05_短毛橘白梵花猫.png,Ref_cat_teaser1.mp4,prepared/Ref_cat_teaser1.motion.mp4,prompts/cat_teaser1.v1.en.txt,05,05-orange-white-van-shorthair,短毛橘白梵花猫,04,04-cat-teaser1,cat_teaser1,左前爪坐姿拨打逗猫棒后注视玩具,0,062_05-orange-white-van-shorthair_04-cat-teaser1_seed-0,4,4.0,24,480,832,15:26,9:16,cat_teaser1.v1,pending_model_validation,28971748699ea020c1f7f9f78e45a8407665e85ec6df04732794d5fefc6126de,90ead0cb85338d88512f89fc4fdaa1599eaae717252a8a228289e47e9f7150f0
063,63,../data_h3/cat_ids/05_短毛橘白梵花猫.png,Ref_cat_teaser1_mirror.mp4,prepared/Ref_cat_teaser1_mirror.motion.mp4,prompts/cat_teaser1_mirror.v1.en.txt,05,05-orange-white-van-shorthair,短毛橘白梵花猫,05,05-cat-teaser1-mirror,cat_teaser1_mirror,右前爪坐姿拨打逗猫棒后注视玩具,0,063_05-orange-white-van-shorthair_05-cat-teaser1-mirror_seed-0,4,4.0,24,480,832,15:26,9:16,cat_teaser1_mirror.v1,pending_model_validation,5c7abea398cc5cec6ee97bd79e91c601838c2218c8101bd13041c5753a5e72ec,af450da4b11a442fbb8dc3b090842b494306a33800841e4f3ac9399fb1a3e695
064,64,../data_h3/cat_ids/05_短毛橘白梵花猫.png,Ref_cat_teaser2.mp4,prepared/Ref_cat_teaser2.motion.mp4,prompts/cat_teaser2.v1.en.txt,05,05-orange-white-van-shorthair,短毛橘白梵花猫,06,06-cat-teaser2,cat_teaser2,起身向画面右侧追拍逗猫棒并站定,0,064_05-orange-white-van-shorthair_06-cat-teaser2_seed-0,4,4.0,24,480,832,15:26,9:16,cat_teaser2.v1,pending_model_validation,d24950c871f5181f868624b0d0235308584d0cda7f2fe02eb6c362bca9be17e4,a8c95e9c38443d4d231086357cb356e7c98cb2af1a6bfa216feae39e945cc0ec
065,65,../data_h3/cat_ids/05_短毛橘白梵花猫.png,Ref_cat_teaser2_mirror.mp4,prepared/Ref_cat_teaser2_mirror.motion.mp4,prompts/cat_teaser2_mirror.v1.en.txt,05,05-orange-white-van-shorthair,短毛橘白梵花猫,07,07-cat-teaser2-mirror,cat_teaser2_mirror,起身向画面左侧追拍逗猫棒并站定,0,065_05-orange-white-van-shorthair_07-cat-teaser2-mirror_seed-0,4,4.0,24,480,832,15:26,9:16,cat_teaser2_mirror.v1,pending_model_validation,96e072371eb22e5b130ddeb5d0d5286b26069e03ec55aa98d8eb8998108588b0,7d4ae2310b662639649d68fa4f699951317c36f76eb715534248659d1924613d
066,66,../data_h3/cat_ids/05_短毛橘白梵花猫.png,Ref_cat_teaser3.mp4,prepared/Ref_cat_teaser3.motion.mp4,prompts/cat_teaser3.v1.en.txt,05,05-orange-white-van-shorthair,短毛橘白梵花猫,08,08-cat-teaser3,cat_teaser3,双前爪抬起抓扑逗猫棒后落地坐定,0,066_05-orange-white-van-shorthair_08-cat-teaser3_seed-0,4,4.0,24,480,832,15:26,9:16,cat_teaser3.v1,pending_model_validation,28125c76324f19aa23e77ae9b7227ec9da10d152f0fe3eb89243ddf4b0cd0c6b,71df79527a94810bcacebc9cb956fa137c891a4ed437386697434b19c5fbb7ce
067,67,../data_h3/cat_ids/05_短毛橘白梵花猫.png,Ref_drag_yarn_ball_and_catch.mp4,prepared/Ref_drag_yarn_ball_and_catch.motion.mp4,prompts/drag_yarn_ball_and_catch.v1.en.txt,05,05-orange-white-van-shorthair,短毛橘白梵花猫,09,09-drag-yarn-ball-and-catch,drag_yarn_ball_and_catch,追扑从画面左向右滚动的毛线球并按住,0,067_05-orange-white-van-shorthair_09-drag-yarn-ball-and-catch_seed-0,4,4.0,24,480,832,15:26,9:16,drag_yarn_ball_and_catch.v1,pending_model_validation,7ebe1b2a01564d805523f56b909e9a53772ebed08cbeda3c79c1765cceab70f6,5b888bc1cdc661bc3b5760445027966ef8d36a31c447614acbd23d3ca6af442e
068,68,../data_h3/cat_ids/05_短毛橘白梵花猫.png,Ref_drag_yarn_ball_and_catch_mirror.mp4,prepared/Ref_drag_yarn_ball_and_catch_mirror.motion.mp4,prompts/drag_yarn_ball_and_catch_mirror.v1.en.txt,05,05-orange-white-van-shorthair,短毛橘白梵花猫,10,10-drag-yarn-ball-and-catch-mirror,drag_yarn_ball_and_catch_mirror,追扑从画面右向左滚动的毛线球并按住,0,068_05-orange-white-van-shorthair_10-drag-yarn-ball-and-catch-mirror_seed-0,4,4.0,24,480,832,15:26,9:16,drag_yarn_ball_and_catch_mirror.v1,pending_model_validation,477225bf4f6fca729b4947c68a49ba53af5fb0428686571bc103a6f680058a2d,8b44957f6ebaca7c04c4a0af6bf4fbb65085b8ecf0acaf3433dc727a25b74982
069,69,../data_h3/cat_ids/05_短毛橘白梵花猫.png, Ref_curl_up_and_lie_down.mp4,prepared/ Ref_curl_up_and_lie_down.motion.mp4,prompts/curl_up_and_lie_down.v1.en.txt,05,05-orange-white-van-shorthair,短毛橘白梵花猫,11,11-curl-up-and-lie-down,curl_up_and_lie_down,低头向画面左侧蜷卧并闭眼休息,0,069_05-orange-white-van-shorthair_11-curl-up-and-lie-down_seed-0,4,4.0,24,480,832,15:26,9:16,curl_up_and_lie_down.v1,pending_model_validation,9217effb2f85c4322c192edb9cc4c687268e1285527679229ed2d92161f10f6b,8414a980252d2baee6444085d2755563b7e0ccb3a138027e7cc6c1233be766eb
070,70,../data_h3/cat_ids/05_短毛橘白梵花猫.png,Ref_curl_up_and_lie_down_mirror.mp4,prepared/Ref_curl_up_and_lie_down_mirror.motion.mp4,prompts/curl_up_and_lie_down_mirror.v1.en.txt,05,05-orange-white-van-shorthair,短毛橘白梵花猫,12,12-curl-up-and-lie-down-mirror,curl_up_and_lie_down_mirror,低头向画面右侧蜷卧并闭眼休息,0,070_05-orange-white-van-shorthair_12-curl-up-and-lie-down-mirror_seed-0,4,4.0,24,480,832,15:26,9:16,curl_up_and_lie_down_mirror.v1,pending_model_validation,0ae3d03ab930f2329999e943296bf3ba83b1968a23833a258ffc30a3fc3491e0,5dcfd307dd80e4bd86fa73aff45f41f66eced8aba348a07f81f559f008a63527
071,71,../data_h3/cat_ids/05_短毛橘白梵花猫.png,walk_forward_to_screen.mp4,prepared/walk_forward_to_screen.motion.mp4,prompts/walk_forward_to_screen.v1.en.txt,05,05-orange-white-van-shorthair,短毛橘白梵花猫,13,13-walk-forward-to-screen,walk_forward_to_screen,起身向镜头走近并在近处站定,0,071_05-orange-white-van-shorthair_13-walk-forward-to-screen_seed-0,4,4.041699,24,480,832,15:26,9:16,walk_forward_to_screen.v1,pending_model_validation,18c1e41e3d0bc7b332298f78c798593c6903d921bcab1cd40f5525438039f02c,b63a08fc2ef943e20b969f5567a1c9334a3d7ca21d68db70b052c4345a83014a
072,72,../data_h3/cat_ids/06_短毛黑猫.png,Ref_drag_ear.mp4,prepared/Ref_drag_ear.motion.mp4,prompts/drag_ear.v1.en.txt,06,06-black-shorthair,短毛黑猫,02,02-pull-left-ear,drag_ear,左前爪轻擦左耳与脸部后恢复坐姿,0,072_06-black-shorthair_02-pull-left-ear_seed-0,4,4.0,24,480,832,15:26,9:16,drag_ear.v1,pending_model_validation,dbdc93fe3f0e922d0d53d3b6c78e213e176b5230876cf046e5da697fd2320d7b,241a5d66949edcf078e592e2d02939921c2ff68968a95640d4e5a7e2c4fe75c1
073,73,../data_h3/cat_ids/06_短毛黑猫.png,Ref_drag_ear_mirror.mp4,prepared/Ref_drag_ear_mirror.motion.mp4,prompts/drag_ear_mirror.v1.en.txt,06,06-black-shorthair,短毛黑猫,03,03-drag-ear-mirror,drag_ear_mirror,右前爪轻擦右耳与脸部后恢复坐姿,0,073_06-black-shorthair_03-drag-ear-mirror_seed-0,4,4.0,24,480,832,15:26,9:16,drag_ear_mirror.v1,pending_model_validation,68fc5e929e94c082c0da4f6ccda4e0b2f4f8e49e4da6baacf37e6a84c69f2fb3,f5a0412ed913f5aad8bffb33c68c3b0ad7f4923f44f06370f768483b146897f4
074,74,../data_h3/cat_ids/06_短毛黑猫.png,Ref_cat_teaser1.mp4,prepared/Ref_cat_teaser1.motion.mp4,prompts/cat_teaser1.v1.en.txt,06,06-black-shorthair,短毛黑猫,04,04-cat-teaser1,cat_teaser1,左前爪坐姿拨打逗猫棒后注视玩具,0,074_06-black-shorthair_04-cat-teaser1_seed-0,4,4.0,24,480,832,15:26,9:16,cat_teaser1.v1,pending_model_validation,28971748699ea020c1f7f9f78e45a8407665e85ec6df04732794d5fefc6126de,90ead0cb85338d88512f89fc4fdaa1599eaae717252a8a228289e47e9f7150f0
075,75,../data_h3/cat_ids/06_短毛黑猫.png,Ref_cat_teaser1_mirror.mp4,prepared/Ref_cat_teaser1_mirror.motion.mp4,prompts/cat_teaser1_mirror.v1.en.txt,06,06-black-shorthair,短毛黑猫,05,05-cat-teaser1-mirror,cat_teaser1_mirror,右前爪坐姿拨打逗猫棒后注视玩具,0,075_06-black-shorthair_05-cat-teaser1-mirror_seed-0,4,4.0,24,480,832,15:26,9:16,cat_teaser1_mirror.v1,pending_model_validation,5c7abea398cc5cec6ee97bd79e91c601838c2218c8101bd13041c5753a5e72ec,af450da4b11a442fbb8dc3b090842b494306a33800841e4f3ac9399fb1a3e695
076,76,../data_h3/cat_ids/06_短毛黑猫.png,Ref_cat_teaser2.mp4,prepared/Ref_cat_teaser2.motion.mp4,prompts/cat_teaser2.v1.en.txt,06,06-black-shorthair,短毛黑猫,06,06-cat-teaser2,cat_teaser2,起身向画面右侧追拍逗猫棒并站定,0,076_06-black-shorthair_06-cat-teaser2_seed-0,4,4.0,24,480,832,15:26,9:16,cat_teaser2.v1,pending_model_validation,d24950c871f5181f868624b0d0235308584d0cda7f2fe02eb6c362bca9be17e4,a8c95e9c38443d4d231086357cb356e7c98cb2af1a6bfa216feae39e945cc0ec
077,77,../data_h3/cat_ids/06_短毛黑猫.png,Ref_cat_teaser2_mirror.mp4,prepared/Ref_cat_teaser2_mirror.motion.mp4,prompts/cat_teaser2_mirror.v1.en.txt,06,06-black-shorthair,短毛黑猫,07,07-cat-teaser2-mirror,cat_teaser2_mirror,起身向画面左侧追拍逗猫棒并站定,0,077_06-black-shorthair_07-cat-teaser2-mirror_seed-0,4,4.0,24,480,832,15:26,9:16,cat_teaser2_mirror.v1,pending_model_validation,96e072371eb22e5b130ddeb5d0d5286b26069e03ec55aa98d8eb8998108588b0,7d4ae2310b662639649d68fa4f699951317c36f76eb715534248659d1924613d
078,78,../data_h3/cat_ids/06_短毛黑猫.png,Ref_cat_teaser3.mp4,prepared/Ref_cat_teaser3.motion.mp4,prompts/cat_teaser3.v1.en.txt,06,06-black-shorthair,短毛黑猫,08,08-cat-teaser3,cat_teaser3,双前爪抬起抓扑逗猫棒后落地坐定,0,078_06-black-shorthair_08-cat-teaser3_seed-0,4,4.0,24,480,832,15:26,9:16,cat_teaser3.v1,pending_model_validation,28125c76324f19aa23e77ae9b7227ec9da10d152f0fe3eb89243ddf4b0cd0c6b,71df79527a94810bcacebc9cb956fa137c891a4ed437386697434b19c5fbb7ce
079,79,../data_h3/cat_ids/06_短毛黑猫.png,Ref_drag_yarn_ball_and_catch.mp4,prepared/Ref_drag_yarn_ball_and_catch.motion.mp4,prompts/drag_yarn_ball_and_catch.v1.en.txt,06,06-black-shorthair,短毛黑猫,09,09-drag-yarn-ball-and-catch,drag_yarn_ball_and_catch,追扑从画面左向右滚动的毛线球并按住,0,079_06-black-shorthair_09-drag-yarn-ball-and-catch_seed-0,4,4.0,24,480,832,15:26,9:16,drag_yarn_ball_and_catch.v1,pending_model_validation,7ebe1b2a01564d805523f56b909e9a53772ebed08cbeda3c79c1765cceab70f6,5b888bc1cdc661bc3b5760445027966ef8d36a31c447614acbd23d3ca6af442e
080,80,../data_h3/cat_ids/06_短毛黑猫.png,Ref_drag_yarn_ball_and_catch_mirror.mp4,prepared/Ref_drag_yarn_ball_and_catch_mirror.motion.mp4,prompts/drag_yarn_ball_and_catch_mirror.v1.en.txt,06,06-black-shorthair,短毛黑猫,10,10-drag-yarn-ball-and-catch-mirror,drag_yarn_ball_and_catch_mirror,追扑从画面右向左滚动的毛线球并按住,0,080_06-black-shorthair_10-drag-yarn-ball-and-catch-mirror_seed-0,4,4.0,24,480,832,15:26,9:16,drag_yarn_ball_and_catch_mirror.v1,pending_model_validation,477225bf4f6fca729b4947c68a49ba53af5fb0428686571bc103a6f680058a2d,8b44957f6ebaca7c04c4a0af6bf4fbb65085b8ecf0acaf3433dc727a25b74982
081,81,../data_h3/cat_ids/06_短毛黑猫.png, Ref_curl_up_and_lie_down.mp4,prepared/ Ref_curl_up_and_lie_down.motion.mp4,prompts/curl_up_and_lie_down.v1.en.txt,06,06-black-shorthair,短毛黑猫,11,11-curl-up-and-lie-down,curl_up_and_lie_down,低头向画面左侧蜷卧并闭眼休息,0,081_06-black-shorthair_11-curl-up-and-lie-down_seed-0,4,4.0,24,480,832,15:26,9:16,curl_up_and_lie_down.v1,pending_model_validation,9217effb2f85c4322c192edb9cc4c687268e1285527679229ed2d92161f10f6b,8414a980252d2baee6444085d2755563b7e0ccb3a138027e7cc6c1233be766eb
082,82,../data_h3/cat_ids/06_短毛黑猫.png,Ref_curl_up_and_lie_down_mirror.mp4,prepared/Ref_curl_up_and_lie_down_mirror.motion.mp4,prompts/curl_up_and_lie_down_mirror.v1.en.txt,06,06-black-shorthair,短毛黑猫,12,12-curl-up-and-lie-down-mirror,curl_up_and_lie_down_mirror,低头向画面右侧蜷卧并闭眼休息,0,082_06-black-shorthair_12-curl-up-and-lie-down-mirror_seed-0,4,4.0,24,480,832,15:26,9:16,curl_up_and_lie_down_mirror.v1,pending_model_validation,0ae3d03ab930f2329999e943296bf3ba83b1968a23833a258ffc30a3fc3491e0,5dcfd307dd80e4bd86fa73aff45f41f66eced8aba348a07f81f559f008a63527
083,83,../data_h3/cat_ids/06_短毛黑猫.png,walk_forward_to_screen.mp4,prepared/walk_forward_to_screen.motion.mp4,prompts/walk_forward_to_screen.v1.en.txt,06,06-black-shorthair,短毛黑猫,13,13-walk-forward-to-screen,walk_forward_to_screen,起身向镜头走近并在近处站定,0,083_06-black-shorthair_13-walk-forward-to-screen_seed-0,4,4.041699,24,480,832,15:26,9:16,walk_forward_to_screen.v1,pending_model_validation,18c1e41e3d0bc7b332298f78c798593c6903d921bcab1cd40f5525438039f02c,b63a08fc2ef943e20b969f5567a1c9334a3d7ca21d68db70b052c4345a83014a
084,84,../data_h3/cat_ids/07_长毛异瞳白猫.png,Ref_drag_ear.mp4,prepared/Ref_drag_ear.motion.mp4,prompts/drag_ear.v1.en.txt,07,07-odd-eyed-white-longhair,长毛异瞳白猫,02,02-pull-left-ear,drag_ear,左前爪轻擦左耳与脸部后恢复坐姿,0,084_07-odd-eyed-white-longhair_02-pull-left-ear_seed-0,4,4.0,24,480,832,15:26,9:16,drag_ear.v1,pending_model_validation,dbdc93fe3f0e922d0d53d3b6c78e213e176b5230876cf046e5da697fd2320d7b,241a5d66949edcf078e592e2d02939921c2ff68968a95640d4e5a7e2c4fe75c1
085,85,../data_h3/cat_ids/07_长毛异瞳白猫.png,Ref_drag_ear_mirror.mp4,prepared/Ref_drag_ear_mirror.motion.mp4,prompts/drag_ear_mirror.v1.en.txt,07,07-odd-eyed-white-longhair,长毛异瞳白猫,03,03-drag-ear-mirror,drag_ear_mirror,右前爪轻擦右耳与脸部后恢复坐姿,0,085_07-odd-eyed-white-longhair_03-drag-ear-mirror_seed-0,4,4.0,24,480,832,15:26,9:16,drag_ear_mirror.v1,pending_model_validation,68fc5e929e94c082c0da4f6ccda4e0b2f4f8e49e4da6baacf37e6a84c69f2fb3,f5a0412ed913f5aad8bffb33c68c3b0ad7f4923f44f06370f768483b146897f4
086,86,../data_h3/cat_ids/07_长毛异瞳白猫.png,Ref_cat_teaser1.mp4,prepared/Ref_cat_teaser1.motion.mp4,prompts/cat_teaser1.v1.en.txt,07,07-odd-eyed-white-longhair,长毛异瞳白猫,04,04-cat-teaser1,cat_teaser1,左前爪坐姿拨打逗猫棒后注视玩具,0,086_07-odd-eyed-white-longhair_04-cat-teaser1_seed-0,4,4.0,24,480,832,15:26,9:16,cat_teaser1.v1,pending_model_validation,28971748699ea020c1f7f9f78e45a8407665e85ec6df04732794d5fefc6126de,90ead0cb85338d88512f89fc4fdaa1599eaae717252a8a228289e47e9f7150f0
087,87,../data_h3/cat_ids/07_长毛异瞳白猫.png,Ref_cat_teaser1_mirror.mp4,prepared/Ref_cat_teaser1_mirror.motion.mp4,prompts/cat_teaser1_mirror.v1.en.txt,07,07-odd-eyed-white-longhair,长毛异瞳白猫,05,05-cat-teaser1-mirror,cat_teaser1_mirror,右前爪坐姿拨打逗猫棒后注视玩具,0,087_07-odd-eyed-white-longhair_05-cat-teaser1-mirror_seed-0,4,4.0,24,480,832,15:26,9:16,cat_teaser1_mirror.v1,pending_model_validation,5c7abea398cc5cec6ee97bd79e91c601838c2218c8101bd13041c5753a5e72ec,af450da4b11a442fbb8dc3b090842b494306a33800841e4f3ac9399fb1a3e695
088,88,../data_h3/cat_ids/07_长毛异瞳白猫.png,Ref_cat_teaser2.mp4,prepared/Ref_cat_teaser2.motion.mp4,prompts/cat_teaser2.v1.en.txt,07,07-odd-eyed-white-longhair,长毛异瞳白猫,06,06-cat-teaser2,cat_teaser2,起身向画面右侧追拍逗猫棒并站定,0,088_07-odd-eyed-white-longhair_06-cat-teaser2_seed-0,4,4.0,24,480,832,15:26,9:16,cat_teaser2.v1,pending_model_validation,d24950c871f5181f868624b0d0235308584d0cda7f2fe02eb6c362bca9be17e4,a8c95e9c38443d4d231086357cb356e7c98cb2af1a6bfa216feae39e945cc0ec
089,89,../data_h3/cat_ids/07_长毛异瞳白猫.png,Ref_cat_teaser2_mirror.mp4,prepared/Ref_cat_teaser2_mirror.motion.mp4,prompts/cat_teaser2_mirror.v1.en.txt,07,07-odd-eyed-white-longhair,长毛异瞳白猫,07,07-cat-teaser2-mirror,cat_teaser2_mirror,起身向画面左侧追拍逗猫棒并站定,0,089_07-odd-eyed-white-longhair_07-cat-teaser2-mirror_seed-0,4,4.0,24,480,832,15:26,9:16,cat_teaser2_mirror.v1,pending_model_validation,96e072371eb22e5b130ddeb5d0d5286b26069e03ec55aa98d8eb8998108588b0,7d4ae2310b662639649d68fa4f699951317c36f76eb715534248659d1924613d
090,90,../data_h3/cat_ids/07_长毛异瞳白猫.png,Ref_cat_teaser3.mp4,prepared/Ref_cat_teaser3.motion.mp4,prompts/cat_teaser3.v1.en.txt,07,07-odd-eyed-white-longhair,长毛异瞳白猫,08,08-cat-teaser3,cat_teaser3,双前爪抬起抓扑逗猫棒后落地坐定,0,090_07-odd-eyed-white-longhair_08-cat-teaser3_seed-0,4,4.0,24,480,832,15:26,9:16,cat_teaser3.v1,pending_model_validation,28125c76324f19aa23e77ae9b7227ec9da10d152f0fe3eb89243ddf4b0cd0c6b,71df79527a94810bcacebc9cb956fa137c891a4ed437386697434b19c5fbb7ce
091,91,../data_h3/cat_ids/07_长毛异瞳白猫.png,Ref_drag_yarn_ball_and_catch.mp4,prepared/Ref_drag_yarn_ball_and_catch.motion.mp4,prompts/drag_yarn_ball_and_catch.v1.en.txt,07,07-odd-eyed-white-longhair,长毛异瞳白猫,09,09-drag-yarn-ball-and-catch,drag_yarn_ball_and_catch,追扑从画面左向右滚动的毛线球并按住,0,091_07-odd-eyed-white-longhair_09-drag-yarn-ball-and-catch_seed-0,4,4.0,24,480,832,15:26,9:16,drag_yarn_ball_and_catch.v1,pending_model_validation,7ebe1b2a01564d805523f56b909e9a53772ebed08cbeda3c79c1765cceab70f6,5b888bc1cdc661bc3b5760445027966ef8d36a31c447614acbd23d3ca6af442e
092,92,../data_h3/cat_ids/07_长毛异瞳白猫.png,Ref_drag_yarn_ball_and_catch_mirror.mp4,prepared/Ref_drag_yarn_ball_and_catch_mirror.motion.mp4,prompts/drag_yarn_ball_and_catch_mirror.v1.en.txt,07,07-odd-eyed-white-longhair,长毛异瞳白猫,10,10-drag-yarn-ball-and-catch-mirror,drag_yarn_ball_and_catch_mirror,追扑从画面右向左滚动的毛线球并按住,0,092_07-odd-eyed-white-longhair_10-drag-yarn-ball-and-catch-mirror_seed-0,4,4.0,24,480,832,15:26,9:16,drag_yarn_ball_and_catch_mirror.v1,pending_model_validation,477225bf4f6fca729b4947c68a49ba53af5fb0428686571bc103a6f680058a2d,8b44957f6ebaca7c04c4a0af6bf4fbb65085b8ecf0acaf3433dc727a25b74982
093,93,../data_h3/cat_ids/07_长毛异瞳白猫.png, Ref_curl_up_and_lie_down.mp4,prepared/ Ref_curl_up_and_lie_down.motion.mp4,prompts/curl_up_and_lie_down.v1.en.txt,07,07-odd-eyed-white-longhair,长毛异瞳白猫,11,11-curl-up-and-lie-down,curl_up_and_lie_down,低头向画面左侧蜷卧并闭眼休息,0,093_07-odd-eyed-white-longhair_11-curl-up-and-lie-down_seed-0,4,4.0,24,480,832,15:26,9:16,curl_up_and_lie_down.v1,pending_model_validation,9217effb2f85c4322c192edb9cc4c687268e1285527679229ed2d92161f10f6b,8414a980252d2baee6444085d2755563b7e0ccb3a138027e7cc6c1233be766eb
094,94,../data_h3/cat_ids/07_长毛异瞳白猫.png,Ref_curl_up_and_lie_down_mirror.mp4,prepared/Ref_curl_up_and_lie_down_mirror.motion.mp4,prompts/curl_up_and_lie_down_mirror.v1.en.txt,07,07-odd-eyed-white-longhair,长毛异瞳白猫,12,12-curl-up-and-lie-down-mirror,curl_up_and_lie_down_mirror,低头向画面右侧蜷卧并闭眼休息,0,094_07-odd-eyed-white-longhair_12-curl-up-and-lie-down-mirror_seed-0,4,4.0,24,480,832,15:26,9:16,curl_up_and_lie_down_mirror.v1,pending_model_validation,0ae3d03ab930f2329999e943296bf3ba83b1968a23833a258ffc30a3fc3491e0,5dcfd307dd80e4bd86fa73aff45f41f66eced8aba348a07f81f559f008a63527
095,95,../data_h3/cat_ids/07_长毛异瞳白猫.png,walk_forward_to_screen.mp4,prepared/walk_forward_to_screen.motion.mp4,prompts/walk_forward_to_screen.v1.en.txt,07,07-odd-eyed-white-longhair,长毛异瞳白猫,13,13-walk-forward-to-screen,walk_forward_to_screen,起身向镜头走近并在近处站定,0,095_07-odd-eyed-white-longhair_13-walk-forward-to-screen_seed-0,4,4.041699,24,480,832,15:26,9:16,walk_forward_to_screen.v1,pending_model_validation,18c1e41e3d0bc7b332298f78c798593c6903d921bcab1cd40f5525438039f02c,b63a08fc2ef943e20b969f5567a1c9334a3d7ca21d68db70b052c4345a83014a
096,96,../data_h3/cat_ids/08_短毛棕色鱼骨纹猫.png,Ref_drag_ear.mp4,prepared/Ref_drag_ear.motion.mp4,prompts/drag_ear.v1.en.txt,08,08-brown-shorthair-mackerel-tabby,短毛棕色鱼骨纹猫,02,02-pull-left-ear,drag_ear,左前爪轻擦左耳与脸部后恢复坐姿,0,096_08-brown-shorthair-mackerel-tabby_02-pull-left-ear_seed-0,4,4.0,24,480,832,15:26,9:16,drag_ear.v1,pending_model_validation,dbdc93fe3f0e922d0d53d3b6c78e213e176b5230876cf046e5da697fd2320d7b,241a5d66949edcf078e592e2d02939921c2ff68968a95640d4e5a7e2c4fe75c1
097,97,../data_h3/cat_ids/08_短毛棕色鱼骨纹猫.png,Ref_drag_ear_mirror.mp4,prepared/Ref_drag_ear_mirror.motion.mp4,prompts/drag_ear_mirror.v1.en.txt,08,08-brown-shorthair-mackerel-tabby,短毛棕色鱼骨纹猫,03,03-drag-ear-mirror,drag_ear_mirror,右前爪轻擦右耳与脸部后恢复坐姿,0,097_08-brown-shorthair-mackerel-tabby_03-drag-ear-mirror_seed-0,4,4.0,24,480,832,15:26,9:16,drag_ear_mirror.v1,pending_model_validation,68fc5e929e94c082c0da4f6ccda4e0b2f4f8e49e4da6baacf37e6a84c69f2fb3,f5a0412ed913f5aad8bffb33c68c3b0ad7f4923f44f06370f768483b146897f4
098,98,../data_h3/cat_ids/08_短毛棕色鱼骨纹猫.png,Ref_cat_teaser1.mp4,prepared/Ref_cat_teaser1.motion.mp4,prompts/cat_teaser1.v1.en.txt,08,08-brown-shorthair-mackerel-tabby,短毛棕色鱼骨纹猫,04,04-cat-teaser1,cat_teaser1,左前爪坐姿拨打逗猫棒后注视玩具,0,098_08-brown-shorthair-mackerel-tabby_04-cat-teaser1_seed-0,4,4.0,24,480,832,15:26,9:16,cat_teaser1.v1,pending_model_validation,28971748699ea020c1f7f9f78e45a8407665e85ec6df04732794d5fefc6126de,90ead0cb85338d88512f89fc4fdaa1599eaae717252a8a228289e47e9f7150f0
099,99,../data_h3/cat_ids/08_短毛棕色鱼骨纹猫.png,Ref_cat_teaser1_mirror.mp4,prepared/Ref_cat_teaser1_mirror.motion.mp4,prompts/cat_teaser1_mirror.v1.en.txt,08,08-brown-shorthair-mackerel-tabby,短毛棕色鱼骨纹猫,05,05-cat-teaser1-mirror,cat_teaser1_mirror,右前爪坐姿拨打逗猫棒后注视玩具,0,099_08-brown-shorthair-mackerel-tabby_05-cat-teaser1-mirror_seed-0,4,4.0,24,480,832,15:26,9:16,cat_teaser1_mirror.v1,pending_model_validation,5c7abea398cc5cec6ee97bd79e91c601838c2218c8101bd13041c5753a5e72ec,af450da4b11a442fbb8dc3b090842b494306a33800841e4f3ac9399fb1a3e695
100,100,../data_h3/cat_ids/08_短毛棕色鱼骨纹猫.png,Ref_cat_teaser2.mp4,prepared/Ref_cat_teaser2.motion.mp4,prompts/cat_teaser2.v1.en.txt,08,08-brown-shorthair-mackerel-tabby,短毛棕色鱼骨纹猫,06,06-cat-teaser2,cat_teaser2,起身向画面右侧追拍逗猫棒并站定,0,100_08-brown-shorthair-mackerel-tabby_06-cat-teaser2_seed-0,4,4.0,24,480,832,15:26,9:16,cat_teaser2.v1,pending_model_validation,d24950c871f5181f868624b0d0235308584d0cda7f2fe02eb6c362bca9be17e4,a8c95e9c38443d4d231086357cb356e7c98cb2af1a6bfa216feae39e945cc0ec
101,101,../data_h3/cat_ids/08_短毛棕色鱼骨纹猫.png,Ref_cat_teaser2_mirror.mp4,prepared/Ref_cat_teaser2_mirror.motion.mp4,prompts/cat_teaser2_mirror.v1.en.txt,08,08-brown-shorthair-mackerel-tabby,短毛棕色鱼骨纹猫,07,07-cat-teaser2-mirror,cat_teaser2_mirror,起身向画面左侧追拍逗猫棒并站定,0,101_08-brown-shorthair-mackerel-tabby_07-cat-teaser2-mirror_seed-0,4,4.0,24,480,832,15:26,9:16,cat_teaser2_mirror.v1,pending_model_validation,96e072371eb22e5b130ddeb5d0d5286b26069e03ec55aa98d8eb8998108588b0,7d4ae2310b662639649d68fa4f699951317c36f76eb715534248659d1924613d
102,102,../data_h3/cat_ids/08_短毛棕色鱼骨纹猫.png,Ref_cat_teaser3.mp4,prepared/Ref_cat_teaser3.motion.mp4,prompts/cat_teaser3.v1.en.txt,08,08-brown-shorthair-mackerel-tabby,短毛棕色鱼骨纹猫,08,08-cat-teaser3,cat_teaser3,双前爪抬起抓扑逗猫棒后落地坐定,0,102_08-brown-shorthair-mackerel-tabby_08-cat-teaser3_seed-0,4,4.0,24,480,832,15:26,9:16,cat_teaser3.v1,pending_model_validation,28125c76324f19aa23e77ae9b7227ec9da10d152f0fe3eb89243ddf4b0cd0c6b,71df79527a94810bcacebc9cb956fa137c891a4ed437386697434b19c5fbb7ce
103,103,../data_h3/cat_ids/08_短毛棕色鱼骨纹猫.png,Ref_drag_yarn_ball_and_catch.mp4,prepared/Ref_drag_yarn_ball_and_catch.motion.mp4,prompts/drag_yarn_ball_and_catch.v1.en.txt,08,08-brown-shorthair-mackerel-tabby,短毛棕色鱼骨纹猫,09,09-drag-yarn-ball-and-catch,drag_yarn_ball_and_catch,追扑从画面左向右滚动的毛线球并按住,0,103_08-brown-shorthair-mackerel-tabby_09-drag-yarn-ball-and-catch_seed-0,4,4.0,24,480,832,15:26,9:16,drag_yarn_ball_and_catch.v1,pending_model_validation,7ebe1b2a01564d805523f56b909e9a53772ebed08cbeda3c79c1765cceab70f6,5b888bc1cdc661bc3b5760445027966ef8d36a31c447614acbd23d3ca6af442e
104,104,../data_h3/cat_ids/08_短毛棕色鱼骨纹猫.png,Ref_drag_yarn_ball_and_catch_mirror.mp4,prepared/Ref_drag_yarn_ball_and_catch_mirror.motion.mp4,prompts/drag_yarn_ball_and_catch_mirror.v1.en.txt,08,08-brown-shorthair-mackerel-tabby,短毛棕色鱼骨纹猫,10,10-drag-yarn-ball-and-catch-mirror,drag_yarn_ball_and_catch_mirror,追扑从画面右向左滚动的毛线球并按住,0,104_08-brown-shorthair-mackerel-tabby_10-drag-yarn-ball-and-catch-mirror_seed-0,4,4.0,24,480,832,15:26,9:16,drag_yarn_ball_and_catch_mirror.v1,pending_model_validation,477225bf4f6fca729b4947c68a49ba53af5fb0428686571bc103a6f680058a2d,8b44957f6ebaca7c04c4a0af6bf4fbb65085b8ecf0acaf3433dc727a25b74982
105,105,../data_h3/cat_ids/08_短毛棕色鱼骨纹猫.png, Ref_curl_up_and_lie_down.mp4,prepared/ Ref_curl_up_and_lie_down.motion.mp4,prompts/curl_up_and_lie_down.v1.en.txt,08,08-brown-shorthair-mackerel-tabby,短毛棕色鱼骨纹猫,11,11-curl-up-and-lie-down,curl_up_and_lie_down,低头向画面左侧蜷卧并闭眼休息,0,105_08-brown-shorthair-mackerel-tabby_11-curl-up-and-lie-down_seed-0,4,4.0,24,480,832,15:26,9:16,curl_up_and_lie_down.v1,pending_model_validation,9217effb2f85c4322c192edb9cc4c687268e1285527679229ed2d92161f10f6b,8414a980252d2baee6444085d2755563b7e0ccb3a138027e7cc6c1233be766eb
106,106,../data_h3/cat_ids/08_短毛棕色鱼骨纹猫.png,Ref_curl_up_and_lie_down_mirror.mp4,prepared/Ref_curl_up_and_lie_down_mirror.motion.mp4,prompts/curl_up_and_lie_down_mirror.v1.en.txt,08,08-brown-shorthair-mackerel-tabby,短毛棕色鱼骨纹猫,12,12-curl-up-and-lie-down-mirror,curl_up_and_lie_down_mirror,低头向画面右侧蜷卧并闭眼休息,0,106_08-brown-shorthair-mackerel-tabby_12-curl-up-and-lie-down-mirror_seed-0,4,4.0,24,480,832,15:26,9:16,curl_up_and_lie_down_mirror.v1,pending_model_validation,0ae3d03ab930f2329999e943296bf3ba83b1968a23833a258ffc30a3fc3491e0,5dcfd307dd80e4bd86fa73aff45f41f66eced8aba348a07f81f559f008a63527
107,107,../data_h3/cat_ids/08_短毛棕色鱼骨纹猫.png,walk_forward_to_screen.mp4,prepared/walk_forward_to_screen.motion.mp4,prompts/walk_forward_to_screen.v1.en.txt,08,08-brown-shorthair-mackerel-tabby,短毛棕色鱼骨纹猫,13,13-walk-forward-to-screen,walk_forward_to_screen,起身向镜头走近并在近处站定,0,107_08-brown-shorthair-mackerel-tabby_13-walk-forward-to-screen_seed-0,4,4.041699,24,480,832,15:26,9:16,walk_forward_to_screen.v1,pending_model_validation,18c1e41e3d0bc7b332298f78c798593c6903d921bcab1cd40f5525438039f02c,b63a08fc2ef943e20b969f5567a1c9334a3d7ca21d68db70b052c4345a83014a
108,108,../data_h3/cat_ids/09_短毛棕色经典虎斑猫.png,Ref_drag_ear.mp4,prepared/Ref_drag_ear.motion.mp4,prompts/drag_ear.v1.en.txt,09,09-brown-shorthair-classic-tabby,短毛棕色经典虎斑猫,02,02-pull-left-ear,drag_ear,左前爪轻擦左耳与脸部后恢复坐姿,0,108_09-brown-shorthair-classic-tabby_02-pull-left-ear_seed-0,4,4.0,24,480,832,15:26,9:16,drag_ear.v1,pending_model_validation,dbdc93fe3f0e922d0d53d3b6c78e213e176b5230876cf046e5da697fd2320d7b,241a5d66949edcf078e592e2d02939921c2ff68968a95640d4e5a7e2c4fe75c1
109,109,../data_h3/cat_ids/09_短毛棕色经典虎斑猫.png,Ref_drag_ear_mirror.mp4,prepared/Ref_drag_ear_mirror.motion.mp4,prompts/drag_ear_mirror.v1.en.txt,09,09-brown-shorthair-classic-tabby,短毛棕色经典虎斑猫,03,03-drag-ear-mirror,drag_ear_mirror,右前爪轻擦右耳与脸部后恢复坐姿,0,109_09-brown-shorthair-classic-tabby_03-drag-ear-mirror_seed-0,4,4.0,24,480,832,15:26,9:16,drag_ear_mirror.v1,pending_model_validation,68fc5e929e94c082c0da4f6ccda4e0b2f4f8e49e4da6baacf37e6a84c69f2fb3,f5a0412ed913f5aad8bffb33c68c3b0ad7f4923f44f06370f768483b146897f4
110,110,../data_h3/cat_ids/09_短毛棕色经典虎斑猫.png,Ref_cat_teaser1.mp4,prepared/Ref_cat_teaser1.motion.mp4,prompts/cat_teaser1.v1.en.txt,09,09-brown-shorthair-classic-tabby,短毛棕色经典虎斑猫,04,04-cat-teaser1,cat_teaser1,左前爪坐姿拨打逗猫棒后注视玩具,0,110_09-brown-shorthair-classic-tabby_04-cat-teaser1_seed-0,4,4.0,24,480,832,15:26,9:16,cat_teaser1.v1,pending_model_validation,28971748699ea020c1f7f9f78e45a8407665e85ec6df04732794d5fefc6126de,90ead0cb85338d88512f89fc4fdaa1599eaae717252a8a228289e47e9f7150f0
111,111,../data_h3/cat_ids/09_短毛棕色经典虎斑猫.png,Ref_cat_teaser1_mirror.mp4,prepared/Ref_cat_teaser1_mirror.motion.mp4,prompts/cat_teaser1_mirror.v1.en.txt,09,09-brown-shorthair-classic-tabby,短毛棕色经典虎斑猫,05,05-cat-teaser1-mirror,cat_teaser1_mirror,右前爪坐姿拨打逗猫棒后注视玩具,0,111_09-brown-shorthair-classic-tabby_05-cat-teaser1-mirror_seed-0,4,4.0,24,480,832,15:26,9:16,cat_teaser1_mirror.v1,pending_model_validation,5c7abea398cc5cec6ee97bd79e91c601838c2218c8101bd13041c5753a5e72ec,af450da4b11a442fbb8dc3b090842b494306a33800841e4f3ac9399fb1a3e695
112,112,../data_h3/cat_ids/09_短毛棕色经典虎斑猫.png,Ref_cat_teaser2.mp4,prepared/Ref_cat_teaser2.motion.mp4,prompts/cat_teaser2.v1.en.txt,09,09-brown-shorthair-classic-tabby,短毛棕色经典虎斑猫,06,06-cat-teaser2,cat_teaser2,起身向画面右侧追拍逗猫棒并站定,0,112_09-brown-shorthair-classic-tabby_06-cat-teaser2_seed-0,4,4.0,24,480,832,15:26,9:16,cat_teaser2.v1,pending_model_validation,d24950c871f5181f868624b0d0235308584d0cda7f2fe02eb6c362bca9be17e4,a8c95e9c38443d4d231086357cb356e7c98cb2af1a6bfa216feae39e945cc0ec
113,113,../data_h3/cat_ids/09_短毛棕色经典虎斑猫.png,Ref_cat_teaser2_mirror.mp4,prepared/Ref_cat_teaser2_mirror.motion.mp4,prompts/cat_teaser2_mirror.v1.en.txt,09,09-brown-shorthair-classic-tabby,短毛棕色经典虎斑猫,07,07-cat-teaser2-mirror,cat_teaser2_mirror,起身向画面左侧追拍逗猫棒并站定,0,113_09-brown-shorthair-classic-tabby_07-cat-teaser2-mirror_seed-0,4,4.0,24,480,832,15:26,9:16,cat_teaser2_mirror.v1,pending_model_validation,96e072371eb22e5b130ddeb5d0d5286b26069e03ec55aa98d8eb8998108588b0,7d4ae2310b662639649d68fa4f699951317c36f76eb715534248659d1924613d
114,114,../data_h3/cat_ids/09_短毛棕色经典虎斑猫.png,Ref_cat_teaser3.mp4,prepared/Ref_cat_teaser3.motion.mp4,prompts/cat_teaser3.v1.en.txt,09,09-brown-shorthair-classic-tabby,短毛棕色经典虎斑猫,08,08-cat-teaser3,cat_teaser3,双前爪抬起抓扑逗猫棒后落地坐定,0,114_09-brown-shorthair-classic-tabby_08-cat-teaser3_seed-0,4,4.0,24,480,832,15:26,9:16,cat_teaser3.v1,pending_model_validation,28125c76324f19aa23e77ae9b7227ec9da10d152f0fe3eb89243ddf4b0cd0c6b,71df79527a94810bcacebc9cb956fa137c891a4ed437386697434b19c5fbb7ce
115,115,../data_h3/cat_ids/09_短毛棕色经典虎斑猫.png,Ref_drag_yarn_ball_and_catch.mp4,prepared/Ref_drag_yarn_ball_and_catch.motion.mp4,prompts/drag_yarn_ball_and_catch.v1.en.txt,09,09-brown-shorthair-classic-tabby,短毛棕色经典虎斑猫,09,09-drag-yarn-ball-and-catch,drag_yarn_ball_and_catch,追扑从画面左向右滚动的毛线球并按住,0,115_09-brown-shorthair-classic-tabby_09-drag-yarn-ball-and-catch_seed-0,4,4.0,24,480,832,15:26,9:16,drag_yarn_ball_and_catch.v1,pending_model_validation,7ebe1b2a01564d805523f56b909e9a53772ebed08cbeda3c79c1765cceab70f6,5b888bc1cdc661bc3b5760445027966ef8d36a31c447614acbd23d3ca6af442e
116,116,../data_h3/cat_ids/09_短毛棕色经典虎斑猫.png,Ref_drag_yarn_ball_and_catch_mirror.mp4,prepared/Ref_drag_yarn_ball_and_catch_mirror.motion.mp4,prompts/drag_yarn_ball_and_catch_mirror.v1.en.txt,09,09-brown-shorthair-classic-tabby,短毛棕色经典虎斑猫,10,10-drag-yarn-ball-and-catch-mirror,drag_yarn_ball_and_catch_mirror,追扑从画面右向左滚动的毛线球并按住,0,116_09-brown-shorthair-classic-tabby_10-drag-yarn-ball-and-catch-mirror_seed-0,4,4.0,24,480,832,15:26,9:16,drag_yarn_ball_and_catch_mirror.v1,pending_model_validation,477225bf4f6fca729b4947c68a49ba53af5fb0428686571bc103a6f680058a2d,8b44957f6ebaca7c04c4a0af6bf4fbb65085b8ecf0acaf3433dc727a25b74982
117,117,../data_h3/cat_ids/09_短毛棕色经典虎斑猫.png, Ref_curl_up_and_lie_down.mp4,prepared/ Ref_curl_up_and_lie_down.motion.mp4,prompts/curl_up_and_lie_down.v1.en.txt,09,09-brown-shorthair-classic-tabby,短毛棕色经典虎斑猫,11,11-curl-up-and-lie-down,curl_up_and_lie_down,低头向画面左侧蜷卧并闭眼休息,0,117_09-brown-shorthair-classic-tabby_11-curl-up-and-lie-down_seed-0,4,4.0,24,480,832,15:26,9:16,curl_up_and_lie_down.v1,pending_model_validation,9217effb2f85c4322c192edb9cc4c687268e1285527679229ed2d92161f10f6b,8414a980252d2baee6444085d2755563b7e0ccb3a138027e7cc6c1233be766eb
118,118,../data_h3/cat_ids/09_短毛棕色经典虎斑猫.png,Ref_curl_up_and_lie_down_mirror.mp4,prepared/Ref_curl_up_and_lie_down_mirror.motion.mp4,prompts/curl_up_and_lie_down_mirror.v1.en.txt,09,09-brown-shorthair-classic-tabby,短毛棕色经典虎斑猫,12,12-curl-up-and-lie-down-mirror,curl_up_and_lie_down_mirror,低头向画面右侧蜷卧并闭眼休息,0,118_09-brown-shorthair-classic-tabby_12-curl-up-and-lie-down-mirror_seed-0,4,4.0,24,480,832,15:26,9:16,curl_up_and_lie_down_mirror.v1,pending_model_validation,0ae3d03ab930f2329999e943296bf3ba83b1968a23833a258ffc30a3fc3491e0,5dcfd307dd80e4bd86fa73aff45f41f66eced8aba348a07f81f559f008a63527
119,119,../data_h3/cat_ids/09_短毛棕色经典虎斑猫.png,walk_forward_to_screen.mp4,prepared/walk_forward_to_screen.motion.mp4,prompts/walk_forward_to_screen.v1.en.txt,09,09-brown-shorthair-classic-tabby,短毛棕色经典虎斑猫,13,13-walk-forward-to-screen,walk_forward_to_screen,起身向镜头走近并在近处站定,0,119_09-brown-shorthair-classic-tabby_13-walk-forward-to-screen_seed-0,4,4.041699,24,480,832,15:26,9:16,walk_forward_to_screen.v1,pending_model_validation,18c1e41e3d0bc7b332298f78c798593c6903d921bcab1cd40f5525438039f02c,b63a08fc2ef943e20b969f5567a1c9334a3d7ca21d68db70b052c4345a83014a
120,120,../data_h3/cat_ids/10_短毛银色斑点猫.png,Ref_drag_ear.mp4,prepared/Ref_drag_ear.motion.mp4,prompts/drag_ear.v1.en.txt,10,10-silver-spotted-shorthair,短毛银色斑点猫,02,02-pull-left-ear,drag_ear,左前爪轻擦左耳与脸部后恢复坐姿,0,120_10-silver-spotted-shorthair_02-pull-left-ear_seed-0,4,4.0,24,480,832,15:26,9:16,drag_ear.v1,pending_model_validation,dbdc93fe3f0e922d0d53d3b6c78e213e176b5230876cf046e5da697fd2320d7b,241a5d66949edcf078e592e2d02939921c2ff68968a95640d4e5a7e2c4fe75c1
121,121,../data_h3/cat_ids/10_短毛银色斑点猫.png,Ref_drag_ear_mirror.mp4,prepared/Ref_drag_ear_mirror.motion.mp4,prompts/drag_ear_mirror.v1.en.txt,10,10-silver-spotted-shorthair,短毛银色斑点猫,03,03-drag-ear-mirror,drag_ear_mirror,右前爪轻擦右耳与脸部后恢复坐姿,0,121_10-silver-spotted-shorthair_03-drag-ear-mirror_seed-0,4,4.0,24,480,832,15:26,9:16,drag_ear_mirror.v1,pending_model_validation,68fc5e929e94c082c0da4f6ccda4e0b2f4f8e49e4da6baacf37e6a84c69f2fb3,f5a0412ed913f5aad8bffb33c68c3b0ad7f4923f44f06370f768483b146897f4
122,122,../data_h3/cat_ids/10_短毛银色斑点猫.png,Ref_cat_teaser1.mp4,prepared/Ref_cat_teaser1.motion.mp4,prompts/cat_teaser1.v1.en.txt,10,10-silver-spotted-shorthair,短毛银色斑点猫,04,04-cat-teaser1,cat_teaser1,左前爪坐姿拨打逗猫棒后注视玩具,0,122_10-silver-spotted-shorthair_04-cat-teaser1_seed-0,4,4.0,24,480,832,15:26,9:16,cat_teaser1.v1,pending_model_validation,28971748699ea020c1f7f9f78e45a8407665e85ec6df04732794d5fefc6126de,90ead0cb85338d88512f89fc4fdaa1599eaae717252a8a228289e47e9f7150f0
123,123,../data_h3/cat_ids/10_短毛银色斑点猫.png,Ref_cat_teaser1_mirror.mp4,prepared/Ref_cat_teaser1_mirror.motion.mp4,prompts/cat_teaser1_mirror.v1.en.txt,10,10-silver-spotted-shorthair,短毛银色斑点猫,05,05-cat-teaser1-mirror,cat_teaser1_mirror,右前爪坐姿拨打逗猫棒后注视玩具,0,123_10-silver-spotted-shorthair_05-cat-teaser1-mirror_seed-0,4,4.0,24,480,832,15:26,9:16,cat_teaser1_mirror.v1,pending_model_validation,5c7abea398cc5cec6ee97bd79e91c601838c2218c8101bd13041c5753a5e72ec,af450da4b11a442fbb8dc3b090842b494306a33800841e4f3ac9399fb1a3e695
124,124,../data_h3/cat_ids/10_短毛银色斑点猫.png,Ref_cat_teaser2.mp4,prepared/Ref_cat_teaser2.motion.mp4,prompts/cat_teaser2.v1.en.txt,10,10-silver-spotted-shorthair,短毛银色斑点猫,06,06-cat-teaser2,cat_teaser2,起身向画面右侧追拍逗猫棒并站定,0,124_10-silver-spotted-shorthair_06-cat-teaser2_seed-0,4,4.0,24,480,832,15:26,9:16,cat_teaser2.v1,pending_model_validation,d24950c871f5181f868624b0d0235308584d0cda7f2fe02eb6c362bca9be17e4,a8c95e9c38443d4d231086357cb356e7c98cb2af1a6bfa216feae39e945cc0ec
125,125,../data_h3/cat_ids/10_短毛银色斑点猫.png,Ref_cat_teaser2_mirror.mp4,prepared/Ref_cat_teaser2_mirror.motion.mp4,prompts/cat_teaser2_mirror.v1.en.txt,10,10-silver-spotted-shorthair,短毛银色斑点猫,07,07-cat-teaser2-mirror,cat_teaser2_mirror,起身向画面左侧追拍逗猫棒并站定,0,125_10-silver-spotted-shorthair_07-cat-teaser2-mirror_seed-0,4,4.0,24,480,832,15:26,9:16,cat_teaser2_mirror.v1,pending_model_validation,96e072371eb22e5b130ddeb5d0d5286b26069e03ec55aa98d8eb8998108588b0,7d4ae2310b662639649d68fa4f699951317c36f76eb715534248659d1924613d
126,126,../data_h3/cat_ids/10_短毛银色斑点猫.png,Ref_cat_teaser3.mp4,prepared/Ref_cat_teaser3.motion.mp4,prompts/cat_teaser3.v1.en.txt,10,10-silver-spotted-shorthair,短毛银色斑点猫,08,08-cat-teaser3,cat_teaser3,双前爪抬起抓扑逗猫棒后落地坐定,0,126_10-silver-spotted-shorthair_08-cat-teaser3_seed-0,4,4.0,24,480,832,15:26,9:16,cat_teaser3.v1,pending_model_validation,28125c76324f19aa23e77ae9b7227ec9da10d152f0fe3eb89243ddf4b0cd0c6b,71df79527a94810bcacebc9cb956fa137c891a4ed437386697434b19c5fbb7ce
127,127,../data_h3/cat_ids/10_短毛银色斑点猫.png,Ref_drag_yarn_ball_and_catch.mp4,prepared/Ref_drag_yarn_ball_and_catch.motion.mp4,prompts/drag_yarn_ball_and_catch.v1.en.txt,10,10-silver-spotted-shorthair,短毛银色斑点猫,09,09-drag-yarn-ball-and-catch,drag_yarn_ball_and_catch,追扑从画面左向右滚动的毛线球并按住,0,127_10-silver-spotted-shorthair_09-drag-yarn-ball-and-catch_seed-0,4,4.0,24,480,832,15:26,9:16,drag_yarn_ball_and_catch.v1,pending_model_validation,7ebe1b2a01564d805523f56b909e9a53772ebed08cbeda3c79c1765cceab70f6,5b888bc1cdc661bc3b5760445027966ef8d36a31c447614acbd23d3ca6af442e
128,128,../data_h3/cat_ids/10_短毛银色斑点猫.png,Ref_drag_yarn_ball_and_catch_mirror.mp4,prepared/Ref_drag_yarn_ball_and_catch_mirror.motion.mp4,prompts/drag_yarn_ball_and_catch_mirror.v1.en.txt,10,10-silver-spotted-shorthair,短毛银色斑点猫,10,10-drag-yarn-ball-and-catch-mirror,drag_yarn_ball_and_catch_mirror,追扑从画面右向左滚动的毛线球并按住,0,128_10-silver-spotted-shorthair_10-drag-yarn-ball-and-catch-mirror_seed-0,4,4.0,24,480,832,15:26,9:16,drag_yarn_ball_and_catch_mirror.v1,pending_model_validation,477225bf4f6fca729b4947c68a49ba53af5fb0428686571bc103a6f680058a2d,8b44957f6ebaca7c04c4a0af6bf4fbb65085b8ecf0acaf3433dc727a25b74982
129,129,../data_h3/cat_ids/10_短毛银色斑点猫.png, Ref_curl_up_and_lie_down.mp4,prepared/ Ref_curl_up_and_lie_down.motion.mp4,prompts/curl_up_and_lie_down.v1.en.txt,10,10-silver-spotted-shorthair,短毛银色斑点猫,11,11-curl-up-and-lie-down,curl_up_and_lie_down,低头向画面左侧蜷卧并闭眼休息,0,129_10-silver-spotted-shorthair_11-curl-up-and-lie-down_seed-0,4,4.0,24,480,832,15:26,9:16,curl_up_and_lie_down.v1,pending_model_validation,9217effb2f85c4322c192edb9cc4c687268e1285527679229ed2d92161f10f6b,8414a980252d2baee6444085d2755563b7e0ccb3a138027e7cc6c1233be766eb
130,130,../data_h3/cat_ids/10_短毛银色斑点猫.png,Ref_curl_up_and_lie_down_mirror.mp4,prepared/Ref_curl_up_and_lie_down_mirror.motion.mp4,prompts/curl_up_and_lie_down_mirror.v1.en.txt,10,10-silver-spotted-shorthair,短毛银色斑点猫,12,12-curl-up-and-lie-down-mirror,curl_up_and_lie_down_mirror,低头向画面右侧蜷卧并闭眼休息,0,130_10-silver-spotted-shorthair_12-curl-up-and-lie-down-mirror_seed-0,4,4.0,24,480,832,15:26,9:16,curl_up_and_lie_down_mirror.v1,pending_model_validation,0ae3d03ab930f2329999e943296bf3ba83b1968a23833a258ffc30a3fc3491e0,5dcfd307dd80e4bd86fa73aff45f41f66eced8aba348a07f81f559f008a63527
131,131,../data_h3/cat_ids/10_短毛银色斑点猫.png,walk_forward_to_screen.mp4,prepared/walk_forward_to_screen.motion.mp4,prompts/walk_forward_to_screen.v1.en.txt,10,10-silver-spotted-shorthair,短毛银色斑点猫,13,13-walk-forward-to-screen,walk_forward_to_screen,起身向镜头走近并在近处站定,0,131_10-silver-spotted-shorthair_13-walk-forward-to-screen_seed-0,4,4.041699,24,480,832,15:26,9:16,walk_forward_to_screen.v1,pending_model_validation,18c1e41e3d0bc7b332298f78c798593c6903d921bcab1cd40f5525438039f02c,b63a08fc2ef943e20b969f5567a1c9334a3d7ca21d68db70b052c4345a83014a
132,132,../data_h3/cat_ids/11_黑白燕尾服猫.png,Ref_drag_ear.mp4,prepared/Ref_drag_ear.motion.mp4,prompts/drag_ear.v1.en.txt,11,11-black-white-tuxedo,黑白燕尾服猫,02,02-pull-left-ear,drag_ear,左前爪轻擦左耳与脸部后恢复坐姿,0,132_11-black-white-tuxedo_02-pull-left-ear_seed-0,4,4.0,24,480,832,15:26,9:16,drag_ear.v1,pending_model_validation,dbdc93fe3f0e922d0d53d3b6c78e213e176b5230876cf046e5da697fd2320d7b,241a5d66949edcf078e592e2d02939921c2ff68968a95640d4e5a7e2c4fe75c1
133,133,../data_h3/cat_ids/11_黑白燕尾服猫.png,Ref_drag_ear_mirror.mp4,prepared/Ref_drag_ear_mirror.motion.mp4,prompts/drag_ear_mirror.v1.en.txt,11,11-black-white-tuxedo,黑白燕尾服猫,03,03-drag-ear-mirror,drag_ear_mirror,右前爪轻擦右耳与脸部后恢复坐姿,0,133_11-black-white-tuxedo_03-drag-ear-mirror_seed-0,4,4.0,24,480,832,15:26,9:16,drag_ear_mirror.v1,pending_model_validation,68fc5e929e94c082c0da4f6ccda4e0b2f4f8e49e4da6baacf37e6a84c69f2fb3,f5a0412ed913f5aad8bffb33c68c3b0ad7f4923f44f06370f768483b146897f4
134,134,../data_h3/cat_ids/11_黑白燕尾服猫.png,Ref_cat_teaser1.mp4,prepared/Ref_cat_teaser1.motion.mp4,prompts/cat_teaser1.v1.en.txt,11,11-black-white-tuxedo,黑白燕尾服猫,04,04-cat-teaser1,cat_teaser1,左前爪坐姿拨打逗猫棒后注视玩具,0,134_11-black-white-tuxedo_04-cat-teaser1_seed-0,4,4.0,24,480,832,15:26,9:16,cat_teaser1.v1,pending_model_validation,28971748699ea020c1f7f9f78e45a8407665e85ec6df04732794d5fefc6126de,90ead0cb85338d88512f89fc4fdaa1599eaae717252a8a228289e47e9f7150f0
135,135,../data_h3/cat_ids/11_黑白燕尾服猫.png,Ref_cat_teaser1_mirror.mp4,prepared/Ref_cat_teaser1_mirror.motion.mp4,prompts/cat_teaser1_mirror.v1.en.txt,11,11-black-white-tuxedo,黑白燕尾服猫,05,05-cat-teaser1-mirror,cat_teaser1_mirror,右前爪坐姿拨打逗猫棒后注视玩具,0,135_11-black-white-tuxedo_05-cat-teaser1-mirror_seed-0,4,4.0,24,480,832,15:26,9:16,cat_teaser1_mirror.v1,pending_model_validation,5c7abea398cc5cec6ee97bd79e91c601838c2218c8101bd13041c5753a5e72ec,af450da4b11a442fbb8dc3b090842b494306a33800841e4f3ac9399fb1a3e695
136,136,../data_h3/cat_ids/11_黑白燕尾服猫.png,Ref_cat_teaser2.mp4,prepared/Ref_cat_teaser2.motion.mp4,prompts/cat_teaser2.v1.en.txt,11,11-black-white-tuxedo,黑白燕尾服猫,06,06-cat-teaser2,cat_teaser2,起身向画面右侧追拍逗猫棒并站定,0,136_11-black-white-tuxedo_06-cat-teaser2_seed-0,4,4.0,24,480,832,15:26,9:16,cat_teaser2.v1,pending_model_validation,d24950c871f5181f868624b0d0235308584d0cda7f2fe02eb6c362bca9be17e4,a8c95e9c38443d4d231086357cb356e7c98cb2af1a6bfa216feae39e945cc0ec
137,137,../data_h3/cat_ids/11_黑白燕尾服猫.png,Ref_cat_teaser2_mirror.mp4,prepared/Ref_cat_teaser2_mirror.motion.mp4,prompts/cat_teaser2_mirror.v1.en.txt,11,11-black-white-tuxedo,黑白燕尾服猫,07,07-cat-teaser2-mirror,cat_teaser2_mirror,起身向画面左侧追拍逗猫棒并站定,0,137_11-black-white-tuxedo_07-cat-teaser2-mirror_seed-0,4,4.0,24,480,832,15:26,9:16,cat_teaser2_mirror.v1,pending_model_validation,96e072371eb22e5b130ddeb5d0d5286b26069e03ec55aa98d8eb8998108588b0,7d4ae2310b662639649d68fa4f699951317c36f76eb715534248659d1924613d
138,138,../data_h3/cat_ids/11_黑白燕尾服猫.png,Ref_cat_teaser3.mp4,prepared/Ref_cat_teaser3.motion.mp4,prompts/cat_teaser3.v1.en.txt,11,11-black-white-tuxedo,黑白燕尾服猫,08,08-cat-teaser3,cat_teaser3,双前爪抬起抓扑逗猫棒后落地坐定,0,138_11-black-white-tuxedo_08-cat-teaser3_seed-0,4,4.0,24,480,832,15:26,9:16,cat_teaser3.v1,pending_model_validation,28125c76324f19aa23e77ae9b7227ec9da10d152f0fe3eb89243ddf4b0cd0c6b,71df79527a94810bcacebc9cb956fa137c891a4ed437386697434b19c5fbb7ce
139,139,../data_h3/cat_ids/11_黑白燕尾服猫.png,Ref_drag_yarn_ball_and_catch.mp4,prepared/Ref_drag_yarn_ball_and_catch.motion.mp4,prompts/drag_yarn_ball_and_catch.v1.en.txt,11,11-black-white-tuxedo,黑白燕尾服猫,09,09-drag-yarn-ball-and-catch,drag_yarn_ball_and_catch,追扑从画面左向右滚动的毛线球并按住,0,139_11-black-white-tuxedo_09-drag-yarn-ball-and-catch_seed-0,4,4.0,24,480,832,15:26,9:16,drag_yarn_ball_and_catch.v1,pending_model_validation,7ebe1b2a01564d805523f56b909e9a53772ebed08cbeda3c79c1765cceab70f6,5b888bc1cdc661bc3b5760445027966ef8d36a31c447614acbd23d3ca6af442e
140,140,../data_h3/cat_ids/11_黑白燕尾服猫.png,Ref_drag_yarn_ball_and_catch_mirror.mp4,prepared/Ref_drag_yarn_ball_and_catch_mirror.motion.mp4,prompts/drag_yarn_ball_and_catch_mirror.v1.en.txt,11,11-black-white-tuxedo,黑白燕尾服猫,10,10-drag-yarn-ball-and-catch-mirror,drag_yarn_ball_and_catch_mirror,追扑从画面右向左滚动的毛线球并按住,0,140_11-black-white-tuxedo_10-drag-yarn-ball-and-catch-mirror_seed-0,4,4.0,24,480,832,15:26,9:16,drag_yarn_ball_and_catch_mirror.v1,pending_model_validation,477225bf4f6fca729b4947c68a49ba53af5fb0428686571bc103a6f680058a2d,8b44957f6ebaca7c04c4a0af6bf4fbb65085b8ecf0acaf3433dc727a25b74982
141,141,../data_h3/cat_ids/11_黑白燕尾服猫.png, Ref_curl_up_and_lie_down.mp4,prepared/ Ref_curl_up_and_lie_down.motion.mp4,prompts/curl_up_and_lie_down.v1.en.txt,11,11-black-white-tuxedo,黑白燕尾服猫,11,11-curl-up-and-lie-down,curl_up_and_lie_down,低头向画面左侧蜷卧并闭眼休息,0,141_11-black-white-tuxedo_11-curl-up-and-lie-down_seed-0,4,4.0,24,480,832,15:26,9:16,curl_up_and_lie_down.v1,pending_model_validation,9217effb2f85c4322c192edb9cc4c687268e1285527679229ed2d92161f10f6b,8414a980252d2baee6444085d2755563b7e0ccb3a138027e7cc6c1233be766eb
142,142,../data_h3/cat_ids/11_黑白燕尾服猫.png,Ref_curl_up_and_lie_down_mirror.mp4,prepared/Ref_curl_up_and_lie_down_mirror.motion.mp4,prompts/curl_up_and_lie_down_mirror.v1.en.txt,11,11-black-white-tuxedo,黑白燕尾服猫,12,12-curl-up-and-lie-down-mirror,curl_up_and_lie_down_mirror,低头向画面右侧蜷卧并闭眼休息,0,142_11-black-white-tuxedo_12-curl-up-and-lie-down-mirror_seed-0,4,4.0,24,480,832,15:26,9:16,curl_up_and_lie_down_mirror.v1,pending_model_validation,0ae3d03ab930f2329999e943296bf3ba83b1968a23833a258ffc30a3fc3491e0,5dcfd307dd80e4bd86fa73aff45f41f66eced8aba348a07f81f559f008a63527
143,143,../data_h3/cat_ids/11_黑白燕尾服猫.png,walk_forward_to_screen.mp4,prepared/walk_forward_to_screen.motion.mp4,prompts/walk_forward_to_screen.v1.en.txt,11,11-black-white-tuxedo,黑白燕尾服猫,13,13-walk-forward-to-screen,walk_forward_to_screen,起身向镜头走近并在近处站定,0,143_11-black-white-tuxedo_13-walk-forward-to-screen_seed-0,4,4.041699,24,480,832,15:26,9:16,walk_forward_to_screen.v1,pending_model_validation,18c1e41e3d0bc7b332298f78c798593c6903d921bcab1cd40f5525438039f02c,b63a08fc2ef943e20b969f5567a1c9334a3d7ca21d68db70b052c4345a83014a
144,144,../data_h3/cat_ids/12_短毛三花猫.png,Ref_drag_ear.mp4,prepared/Ref_drag_ear.motion.mp4,prompts/drag_ear.v1.en.txt,12,12-calico-shorthair,短毛三花猫,02,02-pull-left-ear,drag_ear,左前爪轻擦左耳与脸部后恢复坐姿,0,144_12-calico-shorthair_02-pull-left-ear_seed-0,4,4.0,24,480,832,15:26,9:16,drag_ear.v1,pending_model_validation,dbdc93fe3f0e922d0d53d3b6c78e213e176b5230876cf046e5da697fd2320d7b,241a5d66949edcf078e592e2d02939921c2ff68968a95640d4e5a7e2c4fe75c1
145,145,../data_h3/cat_ids/12_短毛三花猫.png,Ref_drag_ear_mirror.mp4,prepared/Ref_drag_ear_mirror.motion.mp4,prompts/drag_ear_mirror.v1.en.txt,12,12-calico-shorthair,短毛三花猫,03,03-drag-ear-mirror,drag_ear_mirror,右前爪轻擦右耳与脸部后恢复坐姿,0,145_12-calico-shorthair_03-drag-ear-mirror_seed-0,4,4.0,24,480,832,15:26,9:16,drag_ear_mirror.v1,pending_model_validation,68fc5e929e94c082c0da4f6ccda4e0b2f4f8e49e4da6baacf37e6a84c69f2fb3,f5a0412ed913f5aad8bffb33c68c3b0ad7f4923f44f06370f768483b146897f4
146,146,../data_h3/cat_ids/12_短毛三花猫.png,Ref_cat_teaser1.mp4,prepared/Ref_cat_teaser1.motion.mp4,prompts/cat_teaser1.v1.en.txt,12,12-calico-shorthair,短毛三花猫,04,04-cat-teaser1,cat_teaser1,左前爪坐姿拨打逗猫棒后注视玩具,0,146_12-calico-shorthair_04-cat-teaser1_seed-0,4,4.0,24,480,832,15:26,9:16,cat_teaser1.v1,pending_model_validation,28971748699ea020c1f7f9f78e45a8407665e85ec6df04732794d5fefc6126de,90ead0cb85338d88512f89fc4fdaa1599eaae717252a8a228289e47e9f7150f0
147,147,../data_h3/cat_ids/12_短毛三花猫.png,Ref_cat_teaser1_mirror.mp4,prepared/Ref_cat_teaser1_mirror.motion.mp4,prompts/cat_teaser1_mirror.v1.en.txt,12,12-calico-shorthair,短毛三花猫,05,05-cat-teaser1-mirror,cat_teaser1_mirror,右前爪坐姿拨打逗猫棒后注视玩具,0,147_12-calico-shorthair_05-cat-teaser1-mirror_seed-0,4,4.0,24,480,832,15:26,9:16,cat_teaser1_mirror.v1,pending_model_validation,5c7abea398cc5cec6ee97bd79e91c601838c2218c8101bd13041c5753a5e72ec,af450da4b11a442fbb8dc3b090842b494306a33800841e4f3ac9399fb1a3e695
148,148,../data_h3/cat_ids/12_短毛三花猫.png,Ref_cat_teaser2.mp4,prepared/Ref_cat_teaser2.motion.mp4,prompts/cat_teaser2.v1.en.txt,12,12-calico-shorthair,短毛三花猫,06,06-cat-teaser2,cat_teaser2,起身向画面右侧追拍逗猫棒并站定,0,148_12-calico-shorthair_06-cat-teaser2_seed-0,4,4.0,24,480,832,15:26,9:16,cat_teaser2.v1,pending_model_validation,d24950c871f5181f868624b0d0235308584d0cda7f2fe02eb6c362bca9be17e4,a8c95e9c38443d4d231086357cb356e7c98cb2af1a6bfa216feae39e945cc0ec
149,149,../data_h3/cat_ids/12_短毛三花猫.png,Ref_cat_teaser2_mirror.mp4,prepared/Ref_cat_teaser2_mirror.motion.mp4,prompts/cat_teaser2_mirror.v1.en.txt,12,12-calico-shorthair,短毛三花猫,07,07-cat-teaser2-mirror,cat_teaser2_mirror,起身向画面左侧追拍逗猫棒并站定,0,149_12-calico-shorthair_07-cat-teaser2-mirror_seed-0,4,4.0,24,480,832,15:26,9:16,cat_teaser2_mirror.v1,pending_model_validation,96e072371eb22e5b130ddeb5d0d5286b26069e03ec55aa98d8eb8998108588b0,7d4ae2310b662639649d68fa4f699951317c36f76eb715534248659d1924613d
150,150,../data_h3/cat_ids/12_短毛三花猫.png,Ref_cat_teaser3.mp4,prepared/Ref_cat_teaser3.motion.mp4,prompts/cat_teaser3.v1.en.txt,12,12-calico-shorthair,短毛三花猫,08,08-cat-teaser3,cat_teaser3,双前爪抬起抓扑逗猫棒后落地坐定,0,150_12-calico-shorthair_08-cat-teaser3_seed-0,4,4.0,24,480,832,15:26,9:16,cat_teaser3.v1,pending_model_validation,28125c76324f19aa23e77ae9b7227ec9da10d152f0fe3eb89243ddf4b0cd0c6b,71df79527a94810bcacebc9cb956fa137c891a4ed437386697434b19c5fbb7ce
151,151,../data_h3/cat_ids/12_短毛三花猫.png,Ref_drag_yarn_ball_and_catch.mp4,prepared/Ref_drag_yarn_ball_and_catch.motion.mp4,prompts/drag_yarn_ball_and_catch.v1.en.txt,12,12-calico-shorthair,短毛三花猫,09,09-drag-yarn-ball-and-catch,drag_yarn_ball_and_catch,追扑从画面左向右滚动的毛线球并按住,0,151_12-calico-shorthair_09-drag-yarn-ball-and-catch_seed-0,4,4.0,24,480,832,15:26,9:16,drag_yarn_ball_and_catch.v1,pending_model_validation,7ebe1b2a01564d805523f56b909e9a53772ebed08cbeda3c79c1765cceab70f6,5b888bc1cdc661bc3b5760445027966ef8d36a31c447614acbd23d3ca6af442e
152,152,../data_h3/cat_ids/12_短毛三花猫.png,Ref_drag_yarn_ball_and_catch_mirror.mp4,prepared/Ref_drag_yarn_ball_and_catch_mirror.motion.mp4,prompts/drag_yarn_ball_and_catch_mirror.v1.en.txt,12,12-calico-shorthair,短毛三花猫,10,10-drag-yarn-ball-and-catch-mirror,drag_yarn_ball_and_catch_mirror,追扑从画面右向左滚动的毛线球并按住,0,152_12-calico-shorthair_10-drag-yarn-ball-and-catch-mirror_seed-0,4,4.0,24,480,832,15:26,9:16,drag_yarn_ball_and_catch_mirror.v1,pending_model_validation,477225bf4f6fca729b4947c68a49ba53af5fb0428686571bc103a6f680058a2d,8b44957f6ebaca7c04c4a0af6bf4fbb65085b8ecf0acaf3433dc727a25b74982
153,153,../data_h3/cat_ids/12_短毛三花猫.png, Ref_curl_up_and_lie_down.mp4,prepared/ Ref_curl_up_and_lie_down.motion.mp4,prompts/curl_up_and_lie_down.v1.en.txt,12,12-calico-shorthair,短毛三花猫,11,11-curl-up-and-lie-down,curl_up_and_lie_down,低头向画面左侧蜷卧并闭眼休息,0,153_12-calico-shorthair_11-curl-up-and-lie-down_seed-0,4,4.0,24,480,832,15:26,9:16,curl_up_and_lie_down.v1,pending_model_validation,9217effb2f85c4322c192edb9cc4c687268e1285527679229ed2d92161f10f6b,8414a980252d2baee6444085d2755563b7e0ccb3a138027e7cc6c1233be766eb
154,154,../data_h3/cat_ids/12_短毛三花猫.png,Ref_curl_up_and_lie_down_mirror.mp4,prepared/Ref_curl_up_and_lie_down_mirror.motion.mp4,prompts/curl_up_and_lie_down_mirror.v1.en.txt,12,12-calico-shorthair,短毛三花猫,12,12-curl-up-and-lie-down-mirror,curl_up_and_lie_down_mirror,低头向画面右侧蜷卧并闭眼休息,0,154_12-calico-shorthair_12-curl-up-and-lie-down-mirror_seed-0,4,4.0,24,480,832,15:26,9:16,curl_up_and_lie_down_mirror.v1,pending_model_validation,0ae3d03ab930f2329999e943296bf3ba83b1968a23833a258ffc30a3fc3491e0,5dcfd307dd80e4bd86fa73aff45f41f66eced8aba348a07f81f559f008a63527
155,155,../data_h3/cat_ids/12_短毛三花猫.png,walk_forward_to_screen.mp4,prepared/walk_forward_to_screen.motion.mp4,prompts/walk_forward_to_screen.v1.en.txt,12,12-calico-shorthair,短毛三花猫,13,13-walk-forward-to-screen,walk_forward_to_screen,起身向镜头走近并在近处站定,0,155_12-calico-shorthair_13-walk-forward-to-screen_seed-0,4,4.041699,24,480,832,15:26,9:16,walk_forward_to_screen.v1,pending_model_validation,18c1e41e3d0bc7b332298f78c798593c6903d921bcab1cd40f5525438039f02c,b63a08fc2ef943e20b969f5567a1c9334a3d7ca21d68db70b052c4345a83014a
156,156,../data_h3/cat_ids/13_短毛淡三花猫.png,Ref_drag_ear.mp4,prepared/Ref_drag_ear.motion.mp4,prompts/drag_ear.v1.en.txt,13,13-dilute-calico-shorthair,短毛淡三花猫,02,02-pull-left-ear,drag_ear,左前爪轻擦左耳与脸部后恢复坐姿,0,156_13-dilute-calico-shorthair_02-pull-left-ear_seed-0,4,4.0,24,480,832,15:26,9:16,drag_ear.v1,pending_model_validation,dbdc93fe3f0e922d0d53d3b6c78e213e176b5230876cf046e5da697fd2320d7b,241a5d66949edcf078e592e2d02939921c2ff68968a95640d4e5a7e2c4fe75c1
157,157,../data_h3/cat_ids/13_短毛淡三花猫.png,Ref_drag_ear_mirror.mp4,prepared/Ref_drag_ear_mirror.motion.mp4,prompts/drag_ear_mirror.v1.en.txt,13,13-dilute-calico-shorthair,短毛淡三花猫,03,03-drag-ear-mirror,drag_ear_mirror,右前爪轻擦右耳与脸部后恢复坐姿,0,157_13-dilute-calico-shorthair_03-drag-ear-mirror_seed-0,4,4.0,24,480,832,15:26,9:16,drag_ear_mirror.v1,pending_model_validation,68fc5e929e94c082c0da4f6ccda4e0b2f4f8e49e4da6baacf37e6a84c69f2fb3,f5a0412ed913f5aad8bffb33c68c3b0ad7f4923f44f06370f768483b146897f4
158,158,../data_h3/cat_ids/13_短毛淡三花猫.png,Ref_cat_teaser1.mp4,prepared/Ref_cat_teaser1.motion.mp4,prompts/cat_teaser1.v1.en.txt,13,13-dilute-calico-shorthair,短毛淡三花猫,04,04-cat-teaser1,cat_teaser1,左前爪坐姿拨打逗猫棒后注视玩具,0,158_13-dilute-calico-shorthair_04-cat-teaser1_seed-0,4,4.0,24,480,832,15:26,9:16,cat_teaser1.v1,pending_model_validation,28971748699ea020c1f7f9f78e45a8407665e85ec6df04732794d5fefc6126de,90ead0cb85338d88512f89fc4fdaa1599eaae717252a8a228289e47e9f7150f0
159,159,../data_h3/cat_ids/13_短毛淡三花猫.png,Ref_cat_teaser1_mirror.mp4,prepared/Ref_cat_teaser1_mirror.motion.mp4,prompts/cat_teaser1_mirror.v1.en.txt,13,13-dilute-calico-shorthair,短毛淡三花猫,05,05-cat-teaser1-mirror,cat_teaser1_mirror,右前爪坐姿拨打逗猫棒后注视玩具,0,159_13-dilute-calico-shorthair_05-cat-teaser1-mirror_seed-0,4,4.0,24,480,832,15:26,9:16,cat_teaser1_mirror.v1,pending_model_validation,5c7abea398cc5cec6ee97bd79e91c601838c2218c8101bd13041c5753a5e72ec,af450da4b11a442fbb8dc3b090842b494306a33800841e4f3ac9399fb1a3e695
160,160,../data_h3/cat_ids/13_短毛淡三花猫.png,Ref_cat_teaser2.mp4,prepared/Ref_cat_teaser2.motion.mp4,prompts/cat_teaser2.v1.en.txt,13,13-dilute-calico-shorthair,短毛淡三花猫,06,06-cat-teaser2,cat_teaser2,起身向画面右侧追拍逗猫棒并站定,0,160_13-dilute-calico-shorthair_06-cat-teaser2_seed-0,4,4.0,24,480,832,15:26,9:16,cat_teaser2.v1,pending_model_validation,d24950c871f5181f868624b0d0235308584d0cda7f2fe02eb6c362bca9be17e4,a8c95e9c38443d4d231086357cb356e7c98cb2af1a6bfa216feae39e945cc0ec
161,161,../data_h3/cat_ids/13_短毛淡三花猫.png,Ref_cat_teaser2_mirror.mp4,prepared/Ref_cat_teaser2_mirror.motion.mp4,prompts/cat_teaser2_mirror.v1.en.txt,13,13-dilute-calico-shorthair,短毛淡三花猫,07,07-cat-teaser2-mirror,cat_teaser2_mirror,起身向画面左侧追拍逗猫棒并站定,0,161_13-dilute-calico-shorthair_07-cat-teaser2-mirror_seed-0,4,4.0,24,480,832,15:26,9:16,cat_teaser2_mirror.v1,pending_model_validation,96e072371eb22e5b130ddeb5d0d5286b26069e03ec55aa98d8eb8998108588b0,7d4ae2310b662639649d68fa4f699951317c36f76eb715534248659d1924613d
162,162,../data_h3/cat_ids/13_短毛淡三花猫.png,Ref_cat_teaser3.mp4,prepared/Ref_cat_teaser3.motion.mp4,prompts/cat_teaser3.v1.en.txt,13,13-dilute-calico-shorthair,短毛淡三花猫,08,08-cat-teaser3,cat_teaser3,双前爪抬起抓扑逗猫棒后落地坐定,0,162_13-dilute-calico-shorthair_08-cat-teaser3_seed-0,4,4.0,24,480,832,15:26,9:16,cat_teaser3.v1,pending_model_validation,28125c76324f19aa23e77ae9b7227ec9da10d152f0fe3eb89243ddf4b0cd0c6b,71df79527a94810bcacebc9cb956fa137c891a4ed437386697434b19c5fbb7ce
163,163,../data_h3/cat_ids/13_短毛淡三花猫.png,Ref_drag_yarn_ball_and_catch.mp4,prepared/Ref_drag_yarn_ball_and_catch.motion.mp4,prompts/drag_yarn_ball_and_catch.v1.en.txt,13,13-dilute-calico-shorthair,短毛淡三花猫,09,09-drag-yarn-ball-and-catch,drag_yarn_ball_and_catch,追扑从画面左向右滚动的毛线球并按住,0,163_13-dilute-calico-shorthair_09-drag-yarn-ball-and-catch_seed-0,4,4.0,24,480,832,15:26,9:16,drag_yarn_ball_and_catch.v1,pending_model_validation,7ebe1b2a01564d805523f56b909e9a53772ebed08cbeda3c79c1765cceab70f6,5b888bc1cdc661bc3b5760445027966ef8d36a31c447614acbd23d3ca6af442e
164,164,../data_h3/cat_ids/13_短毛淡三花猫.png,Ref_drag_yarn_ball_and_catch_mirror.mp4,prepared/Ref_drag_yarn_ball_and_catch_mirror.motion.mp4,prompts/drag_yarn_ball_and_catch_mirror.v1.en.txt,13,13-dilute-calico-shorthair,短毛淡三花猫,10,10-drag-yarn-ball-and-catch-mirror,drag_yarn_ball_and_catch_mirror,追扑从画面右向左滚动的毛线球并按住,0,164_13-dilute-calico-shorthair_10-drag-yarn-ball-and-catch-mirror_seed-0,4,4.0,24,480,832,15:26,9:16,drag_yarn_ball_and_catch_mirror.v1,pending_model_validation,477225bf4f6fca729b4947c68a49ba53af5fb0428686571bc103a6f680058a2d,8b44957f6ebaca7c04c4a0af6bf4fbb65085b8ecf0acaf3433dc727a25b74982
165,165,../data_h3/cat_ids/13_短毛淡三花猫.png, Ref_curl_up_and_lie_down.mp4,prepared/ Ref_curl_up_and_lie_down.motion.mp4,prompts/curl_up_and_lie_down.v1.en.txt,13,13-dilute-calico-shorthair,短毛淡三花猫,11,11-curl-up-and-lie-down,curl_up_and_lie_down,低头向画面左侧蜷卧并闭眼休息,0,165_13-dilute-calico-shorthair_11-curl-up-and-lie-down_seed-0,4,4.0,24,480,832,15:26,9:16,curl_up_and_lie_down.v1,pending_model_validation,9217effb2f85c4322c192edb9cc4c687268e1285527679229ed2d92161f10f6b,8414a980252d2baee6444085d2755563b7e0ccb3a138027e7cc6c1233be766eb
166,166,../data_h3/cat_ids/13_短毛淡三花猫.png,Ref_curl_up_and_lie_down_mirror.mp4,prepared/Ref_curl_up_and_lie_down_mirror.motion.mp4,prompts/curl_up_and_lie_down_mirror.v1.en.txt,13,13-dilute-calico-shorthair,短毛淡三花猫,12,12-curl-up-and-lie-down-mirror,curl_up_and_lie_down_mirror,低头向画面右侧蜷卧并闭眼休息,0,166_13-dilute-calico-shorthair_12-curl-up-and-lie-down-mirror_seed-0,4,4.0,24,480,832,15:26,9:16,curl_up_and_lie_down_mirror.v1,pending_model_validation,0ae3d03ab930f2329999e943296bf3ba83b1968a23833a258ffc30a3fc3491e0,5dcfd307dd80e4bd86fa73aff45f41f66eced8aba348a07f81f559f008a63527
167,167,../data_h3/cat_ids/13_短毛淡三花猫.png,walk_forward_to_screen.mp4,prepared/walk_forward_to_screen.motion.mp4,prompts/walk_forward_to_screen.v1.en.txt,13,13-dilute-calico-shorthair,短毛淡三花猫,13,13-walk-forward-to-screen,walk_forward_to_screen,起身向镜头走近并在近处站定,0,167_13-dilute-calico-shorthair_13-walk-forward-to-screen_seed-0,4,4.041699,24,480,832,15:26,9:16,walk_forward_to_screen.v1,pending_model_validation,18c1e41e3d0bc7b332298f78c798593c6903d921bcab1cd40f5525438039f02c,b63a08fc2ef943e20b969f5567a1c9334a3d7ca21d68db70b052c4345a83014a
168,168,../data_h3/cat_ids/14_短毛黑玳瑁猫.png,Ref_drag_ear.mp4,prepared/Ref_drag_ear.motion.mp4,prompts/drag_ear.v1.en.txt,14,14-black-tortoiseshell-shorthair,短毛黑玳瑁猫,02,02-pull-left-ear,drag_ear,左前爪轻擦左耳与脸部后恢复坐姿,0,168_14-black-tortoiseshell-shorthair_02-pull-left-ear_seed-0,4,4.0,24,480,832,15:26,9:16,drag_ear.v1,pending_model_validation,dbdc93fe3f0e922d0d53d3b6c78e213e176b5230876cf046e5da697fd2320d7b,241a5d66949edcf078e592e2d02939921c2ff68968a95640d4e5a7e2c4fe75c1
169,169,../data_h3/cat_ids/14_短毛黑玳瑁猫.png,Ref_drag_ear_mirror.mp4,prepared/Ref_drag_ear_mirror.motion.mp4,prompts/drag_ear_mirror.v1.en.txt,14,14-black-tortoiseshell-shorthair,短毛黑玳瑁猫,03,03-drag-ear-mirror,drag_ear_mirror,右前爪轻擦右耳与脸部后恢复坐姿,0,169_14-black-tortoiseshell-shorthair_03-drag-ear-mirror_seed-0,4,4.0,24,480,832,15:26,9:16,drag_ear_mirror.v1,pending_model_validation,68fc5e929e94c082c0da4f6ccda4e0b2f4f8e49e4da6baacf37e6a84c69f2fb3,f5a0412ed913f5aad8bffb33c68c3b0ad7f4923f44f06370f768483b146897f4
170,170,../data_h3/cat_ids/14_短毛黑玳瑁猫.png,Ref_cat_teaser1.mp4,prepared/Ref_cat_teaser1.motion.mp4,prompts/cat_teaser1.v1.en.txt,14,14-black-tortoiseshell-shorthair,短毛黑玳瑁猫,04,04-cat-teaser1,cat_teaser1,左前爪坐姿拨打逗猫棒后注视玩具,0,170_14-black-tortoiseshell-shorthair_04-cat-teaser1_seed-0,4,4.0,24,480,832,15:26,9:16,cat_teaser1.v1,pending_model_validation,28971748699ea020c1f7f9f78e45a8407665e85ec6df04732794d5fefc6126de,90ead0cb85338d88512f89fc4fdaa1599eaae717252a8a228289e47e9f7150f0
171,171,../data_h3/cat_ids/14_短毛黑玳瑁猫.png,Ref_cat_teaser1_mirror.mp4,prepared/Ref_cat_teaser1_mirror.motion.mp4,prompts/cat_teaser1_mirror.v1.en.txt,14,14-black-tortoiseshell-shorthair,短毛黑玳瑁猫,05,05-cat-teaser1-mirror,cat_teaser1_mirror,右前爪坐姿拨打逗猫棒后注视玩具,0,171_14-black-tortoiseshell-shorthair_05-cat-teaser1-mirror_seed-0,4,4.0,24,480,832,15:26,9:16,cat_teaser1_mirror.v1,pending_model_validation,5c7abea398cc5cec6ee97bd79e91c601838c2218c8101bd13041c5753a5e72ec,af450da4b11a442fbb8dc3b090842b494306a33800841e4f3ac9399fb1a3e695
172,172,../data_h3/cat_ids/14_短毛黑玳瑁猫.png,Ref_cat_teaser2.mp4,prepared/Ref_cat_teaser2.motion.mp4,prompts/cat_teaser2.v1.en.txt,14,14-black-tortoiseshell-shorthair,短毛黑玳瑁猫,06,06-cat-teaser2,cat_teaser2,起身向画面右侧追拍逗猫棒并站定,0,172_14-black-tortoiseshell-shorthair_06-cat-teaser2_seed-0,4,4.0,24,480,832,15:26,9:16,cat_teaser2.v1,pending_model_validation,d24950c871f5181f868624b0d0235308584d0cda7f2fe02eb6c362bca9be17e4,a8c95e9c38443d4d231086357cb356e7c98cb2af1a6bfa216feae39e945cc0ec
173,173,../data_h3/cat_ids/14_短毛黑玳瑁猫.png,Ref_cat_teaser2_mirror.mp4,prepared/Ref_cat_teaser2_mirror.motion.mp4,prompts/cat_teaser2_mirror.v1.en.txt,14,14-black-tortoiseshell-shorthair,短毛黑玳瑁猫,07,07-cat-teaser2-mirror,cat_teaser2_mirror,起身向画面左侧追拍逗猫棒并站定,0,173_14-black-tortoiseshell-shorthair_07-cat-teaser2-mirror_seed-0,4,4.0,24,480,832,15:26,9:16,cat_teaser2_mirror.v1,pending_model_validation,96e072371eb22e5b130ddeb5d0d5286b26069e03ec55aa98d8eb8998108588b0,7d4ae2310b662639649d68fa4f699951317c36f76eb715534248659d1924613d
174,174,../data_h3/cat_ids/14_短毛黑玳瑁猫.png,Ref_cat_teaser3.mp4,prepared/Ref_cat_teaser3.motion.mp4,prompts/cat_teaser3.v1.en.txt,14,14-black-tortoiseshell-shorthair,短毛黑玳瑁猫,08,08-cat-teaser3,cat_teaser3,双前爪抬起抓扑逗猫棒后落地坐定,0,174_14-black-tortoiseshell-shorthair_08-cat-teaser3_seed-0,4,4.0,24,480,832,15:26,9:16,cat_teaser3.v1,pending_model_validation,28125c76324f19aa23e77ae9b7227ec9da10d152f0fe3eb89243ddf4b0cd0c6b,71df79527a94810bcacebc9cb956fa137c891a4ed437386697434b19c5fbb7ce
175,175,../data_h3/cat_ids/14_短毛黑玳瑁猫.png,Ref_drag_yarn_ball_and_catch.mp4,prepared/Ref_drag_yarn_ball_and_catch.motion.mp4,prompts/drag_yarn_ball_and_catch.v1.en.txt,14,14-black-tortoiseshell-shorthair,短毛黑玳瑁猫,09,09-drag-yarn-ball-and-catch,drag_yarn_ball_and_catch,追扑从画面左向右滚动的毛线球并按住,0,175_14-black-tortoiseshell-shorthair_09-drag-yarn-ball-and-catch_seed-0,4,4.0,24,480,832,15:26,9:16,drag_yarn_ball_and_catch.v1,pending_model_validation,7ebe1b2a01564d805523f56b909e9a53772ebed08cbeda3c79c1765cceab70f6,5b888bc1cdc661bc3b5760445027966ef8d36a31c447614acbd23d3ca6af442e
176,176,../data_h3/cat_ids/14_短毛黑玳瑁猫.png,Ref_drag_yarn_ball_and_catch_mirror.mp4,prepared/Ref_drag_yarn_ball_and_catch_mirror.motion.mp4,prompts/drag_yarn_ball_and_catch_mirror.v1.en.txt,14,14-black-tortoiseshell-shorthair,短毛黑玳瑁猫,10,10-drag-yarn-ball-and-catch-mirror,drag_yarn_ball_and_catch_mirror,追扑从画面右向左滚动的毛线球并按住,0,176_14-black-tortoiseshell-shorthair_10-drag-yarn-ball-and-catch-mirror_seed-0,4,4.0,24,480,832,15:26,9:16,drag_yarn_ball_and_catch_mirror.v1,pending_model_validation,477225bf4f6fca729b4947c68a49ba53af5fb0428686571bc103a6f680058a2d,8b44957f6ebaca7c04c4a0af6bf4fbb65085b8ecf0acaf3433dc727a25b74982
177,177,../data_h3/cat_ids/14_短毛黑玳瑁猫.png, Ref_curl_up_and_lie_down.mp4,prepared/ Ref_curl_up_and_lie_down.motion.mp4,prompts/curl_up_and_lie_down.v1.en.txt,14,14-black-tortoiseshell-shorthair,短毛黑玳瑁猫,11,11-curl-up-and-lie-down,curl_up_and_lie_down,低头向画面左侧蜷卧并闭眼休息,0,177_14-black-tortoiseshell-shorthair_11-curl-up-and-lie-down_seed-0,4,4.0,24,480,832,15:26,9:16,curl_up_and_lie_down.v1,pending_model_validation,9217effb2f85c4322c192edb9cc4c687268e1285527679229ed2d92161f10f6b,8414a980252d2baee6444085d2755563b7e0ccb3a138027e7cc6c1233be766eb
178,178,../data_h3/cat_ids/14_短毛黑玳瑁猫.png,Ref_curl_up_and_lie_down_mirror.mp4,prepared/Ref_curl_up_and_lie_down_mirror.motion.mp4,prompts/curl_up_and_lie_down_mirror.v1.en.txt,14,14-black-tortoiseshell-shorthair,短毛黑玳瑁猫,12,12-curl-up-and-lie-down-mirror,curl_up_and_lie_down_mirror,低头向画面右侧蜷卧并闭眼休息,0,178_14-black-tortoiseshell-shorthair_12-curl-up-and-lie-down-mirror_seed-0,4,4.0,24,480,832,15:26,9:16,curl_up_and_lie_down_mirror.v1,pending_model_validation,0ae3d03ab930f2329999e943296bf3ba83b1968a23833a258ffc30a3fc3491e0,5dcfd307dd80e4bd86fa73aff45f41f66eced8aba348a07f81f559f008a63527
179,179,../data_h3/cat_ids/14_短毛黑玳瑁猫.png,walk_forward_to_screen.mp4,prepared/walk_forward_to_screen.motion.mp4,prompts/walk_forward_to_screen.v1.en.txt,14,14-black-tortoiseshell-shorthair,短毛黑玳瑁猫,13,13-walk-forward-to-screen,walk_forward_to_screen,起身向镜头走近并在近处站定,0,179_14-black-tortoiseshell-shorthair_13-walk-forward-to-screen_seed-0,4,4.041699,24,480,832,15:26,9:16,walk_forward_to_screen.v1,pending_model_validation,18c1e41e3d0bc7b332298f78c798593c6903d921bcab1cd40f5525438039f02c,b63a08fc2ef943e20b969f5567a1c9334a3d7ca21d68db70b052c4345a83014a
180,180,../data_h3/cat_ids/15_短毛蓝奶油玳瑁猫.png,Ref_drag_ear.mp4,prepared/Ref_drag_ear.motion.mp4,prompts/drag_ear.v1.en.txt,15,15-blue-cream-tortoiseshell-shorthair,短毛蓝奶油玳瑁猫,02,02-pull-left-ear,drag_ear,左前爪轻擦左耳与脸部后恢复坐姿,0,180_15-blue-cream-tortoiseshell-shorthair_02-pull-left-ear_seed-0,4,4.0,24,480,832,15:26,9:16,drag_ear.v1,pending_model_validation,dbdc93fe3f0e922d0d53d3b6c78e213e176b5230876cf046e5da697fd2320d7b,241a5d66949edcf078e592e2d02939921c2ff68968a95640d4e5a7e2c4fe75c1
181,181,../data_h3/cat_ids/15_短毛蓝奶油玳瑁猫.png,Ref_drag_ear_mirror.mp4,prepared/Ref_drag_ear_mirror.motion.mp4,prompts/drag_ear_mirror.v1.en.txt,15,15-blue-cream-tortoiseshell-shorthair,短毛蓝奶油玳瑁猫,03,03-drag-ear-mirror,drag_ear_mirror,右前爪轻擦右耳与脸部后恢复坐姿,0,181_15-blue-cream-tortoiseshell-shorthair_03-drag-ear-mirror_seed-0,4,4.0,24,480,832,15:26,9:16,drag_ear_mirror.v1,pending_model_validation,68fc5e929e94c082c0da4f6ccda4e0b2f4f8e49e4da6baacf37e6a84c69f2fb3,f5a0412ed913f5aad8bffb33c68c3b0ad7f4923f44f06370f768483b146897f4
182,182,../data_h3/cat_ids/15_短毛蓝奶油玳瑁猫.png,Ref_cat_teaser1.mp4,prepared/Ref_cat_teaser1.motion.mp4,prompts/cat_teaser1.v1.en.txt,15,15-blue-cream-tortoiseshell-shorthair,短毛蓝奶油玳瑁猫,04,04-cat-teaser1,cat_teaser1,左前爪坐姿拨打逗猫棒后注视玩具,0,182_15-blue-cream-tortoiseshell-shorthair_04-cat-teaser1_seed-0,4,4.0,24,480,832,15:26,9:16,cat_teaser1.v1,pending_model_validation,28971748699ea020c1f7f9f78e45a8407665e85ec6df04732794d5fefc6126de,90ead0cb85338d88512f89fc4fdaa1599eaae717252a8a228289e47e9f7150f0
183,183,../data_h3/cat_ids/15_短毛蓝奶油玳瑁猫.png,Ref_cat_teaser1_mirror.mp4,prepared/Ref_cat_teaser1_mirror.motion.mp4,prompts/cat_teaser1_mirror.v1.en.txt,15,15-blue-cream-tortoiseshell-shorthair,短毛蓝奶油玳瑁猫,05,05-cat-teaser1-mirror,cat_teaser1_mirror,右前爪坐姿拨打逗猫棒后注视玩具,0,183_15-blue-cream-tortoiseshell-shorthair_05-cat-teaser1-mirror_seed-0,4,4.0,24,480,832,15:26,9:16,cat_teaser1_mirror.v1,pending_model_validation,5c7abea398cc5cec6ee97bd79e91c601838c2218c8101bd13041c5753a5e72ec,af450da4b11a442fbb8dc3b090842b494306a33800841e4f3ac9399fb1a3e695
184,184,../data_h3/cat_ids/15_短毛蓝奶油玳瑁猫.png,Ref_cat_teaser2.mp4,prepared/Ref_cat_teaser2.motion.mp4,prompts/cat_teaser2.v1.en.txt,15,15-blue-cream-tortoiseshell-shorthair,短毛蓝奶油玳瑁猫,06,06-cat-teaser2,cat_teaser2,起身向画面右侧追拍逗猫棒并站定,0,184_15-blue-cream-tortoiseshell-shorthair_06-cat-teaser2_seed-0,4,4.0,24,480,832,15:26,9:16,cat_teaser2.v1,pending_model_validation,d24950c871f5181f868624b0d0235308584d0cda7f2fe02eb6c362bca9be17e4,a8c95e9c38443d4d231086357cb356e7c98cb2af1a6bfa216feae39e945cc0ec
185,185,../data_h3/cat_ids/15_短毛蓝奶油玳瑁猫.png,Ref_cat_teaser2_mirror.mp4,prepared/Ref_cat_teaser2_mirror.motion.mp4,prompts/cat_teaser2_mirror.v1.en.txt,15,15-blue-cream-tortoiseshell-shorthair,短毛蓝奶油玳瑁猫,07,07-cat-teaser2-mirror,cat_teaser2_mirror,起身向画面左侧追拍逗猫棒并站定,0,185_15-blue-cream-tortoiseshell-shorthair_07-cat-teaser2-mirror_seed-0,4,4.0,24,480,832,15:26,9:16,cat_teaser2_mirror.v1,pending_model_validation,96e072371eb22e5b130ddeb5d0d5286b26069e03ec55aa98d8eb8998108588b0,7d4ae2310b662639649d68fa4f699951317c36f76eb715534248659d1924613d
186,186,../data_h3/cat_ids/15_短毛蓝奶油玳瑁猫.png,Ref_cat_teaser3.mp4,prepared/Ref_cat_teaser3.motion.mp4,prompts/cat_teaser3.v1.en.txt,15,15-blue-cream-tortoiseshell-shorthair,短毛蓝奶油玳瑁猫,08,08-cat-teaser3,cat_teaser3,双前爪抬起抓扑逗猫棒后落地坐定,0,186_15-blue-cream-tortoiseshell-shorthair_08-cat-teaser3_seed-0,4,4.0,24,480,832,15:26,9:16,cat_teaser3.v1,pending_model_validation,28125c76324f19aa23e77ae9b7227ec9da10d152f0fe3eb89243ddf4b0cd0c6b,71df79527a94810bcacebc9cb956fa137c891a4ed437386697434b19c5fbb7ce
187,187,../data_h3/cat_ids/15_短毛蓝奶油玳瑁猫.png,Ref_drag_yarn_ball_and_catch.mp4,prepared/Ref_drag_yarn_ball_and_catch.motion.mp4,prompts/drag_yarn_ball_and_catch.v1.en.txt,15,15-blue-cream-tortoiseshell-shorthair,短毛蓝奶油玳瑁猫,09,09-drag-yarn-ball-and-catch,drag_yarn_ball_and_catch,追扑从画面左向右滚动的毛线球并按住,0,187_15-blue-cream-tortoiseshell-shorthair_09-drag-yarn-ball-and-catch_seed-0,4,4.0,24,480,832,15:26,9:16,drag_yarn_ball_and_catch.v1,pending_model_validation,7ebe1b2a01564d805523f56b909e9a53772ebed08cbeda3c79c1765cceab70f6,5b888bc1cdc661bc3b5760445027966ef8d36a31c447614acbd23d3ca6af442e
188,188,../data_h3/cat_ids/15_短毛蓝奶油玳瑁猫.png,Ref_drag_yarn_ball_and_catch_mirror.mp4,prepared/Ref_drag_yarn_ball_and_catch_mirror.motion.mp4,prompts/drag_yarn_ball_and_catch_mirror.v1.en.txt,15,15-blue-cream-tortoiseshell-shorthair,短毛蓝奶油玳瑁猫,10,10-drag-yarn-ball-and-catch-mirror,drag_yarn_ball_and_catch_mirror,追扑从画面右向左滚动的毛线球并按住,0,188_15-blue-cream-tortoiseshell-shorthair_10-drag-yarn-ball-and-catch-mirror_seed-0,4,4.0,24,480,832,15:26,9:16,drag_yarn_ball_and_catch_mirror.v1,pending_model_validation,477225bf4f6fca729b4947c68a49ba53af5fb0428686571bc103a6f680058a2d,8b44957f6ebaca7c04c4a0af6bf4fbb65085b8ecf0acaf3433dc727a25b74982
189,189,../data_h3/cat_ids/15_短毛蓝奶油玳瑁猫.png, Ref_curl_up_and_lie_down.mp4,prepared/ Ref_curl_up_and_lie_down.motion.mp4,prompts/curl_up_and_lie_down.v1.en.txt,15,15-blue-cream-tortoiseshell-shorthair,短毛蓝奶油玳瑁猫,11,11-curl-up-and-lie-down,curl_up_and_lie_down,低头向画面左侧蜷卧并闭眼休息,0,189_15-blue-cream-tortoiseshell-shorthair_11-curl-up-and-lie-down_seed-0,4,4.0,24,480,832,15:26,9:16,curl_up_and_lie_down.v1,pending_model_validation,9217effb2f85c4322c192edb9cc4c687268e1285527679229ed2d92161f10f6b,8414a980252d2baee6444085d2755563b7e0ccb3a138027e7cc6c1233be766eb
190,190,../data_h3/cat_ids/15_短毛蓝奶油玳瑁猫.png,Ref_curl_up_and_lie_down_mirror.mp4,prepared/Ref_curl_up_and_lie_down_mirror.motion.mp4,prompts/curl_up_and_lie_down_mirror.v1.en.txt,15,15-blue-cream-tortoiseshell-shorthair,短毛蓝奶油玳瑁猫,12,12-curl-up-and-lie-down-mirror,curl_up_and_lie_down_mirror,低头向画面右侧蜷卧并闭眼休息,0,190_15-blue-cream-tortoiseshell-shorthair_12-curl-up-and-lie-down-mirror_seed-0,4,4.0,24,480,832,15:26,9:16,curl_up_and_lie_down_mirror.v1,pending_model_validation,0ae3d03ab930f2329999e943296bf3ba83b1968a23833a258ffc30a3fc3491e0,5dcfd307dd80e4bd86fa73aff45f41f66eced8aba348a07f81f559f008a63527
191,191,../data_h3/cat_ids/15_短毛蓝奶油玳瑁猫.png,walk_forward_to_screen.mp4,prepared/walk_forward_to_screen.motion.mp4,prompts/walk_forward_to_screen.v1.en.txt,15,15-blue-cream-tortoiseshell-shorthair,短毛蓝奶油玳瑁猫,13,13-walk-forward-to-screen,walk_forward_to_screen,起身向镜头走近并在近处站定,0,191_15-blue-cream-tortoiseshell-shorthair_13-walk-forward-to-screen_seed-0,4,4.041699,24,480,832,15:26,9:16,walk_forward_to_screen.v1,pending_model_validation,18c1e41e3d0bc7b332298f78c798593c6903d921bcab1cd40f5525438039f02c,b63a08fc2ef943e20b969f5567a1c9334a3d7ca21d68db70b052c4345a83014a
192,192,../data_h3/cat_ids/16_阿比西尼亚猫原色.png,Ref_drag_ear.mp4,prepared/Ref_drag_ear.motion.mp4,prompts/drag_ear.v1.en.txt,16,16-abyssinian-ruddy,阿比西尼亚猫原色,02,02-pull-left-ear,drag_ear,左前爪轻擦左耳与脸部后恢复坐姿,0,192_16-abyssinian-ruddy_02-pull-left-ear_seed-0,4,4.0,24,480,832,15:26,9:16,drag_ear.v1,pending_model_validation,dbdc93fe3f0e922d0d53d3b6c78e213e176b5230876cf046e5da697fd2320d7b,241a5d66949edcf078e592e2d02939921c2ff68968a95640d4e5a7e2c4fe75c1
193,193,../data_h3/cat_ids/16_阿比西尼亚猫原色.png,Ref_drag_ear_mirror.mp4,prepared/Ref_drag_ear_mirror.motion.mp4,prompts/drag_ear_mirror.v1.en.txt,16,16-abyssinian-ruddy,阿比西尼亚猫原色,03,03-drag-ear-mirror,drag_ear_mirror,右前爪轻擦右耳与脸部后恢复坐姿,0,193_16-abyssinian-ruddy_03-drag-ear-mirror_seed-0,4,4.0,24,480,832,15:26,9:16,drag_ear_mirror.v1,pending_model_validation,68fc5e929e94c082c0da4f6ccda4e0b2f4f8e49e4da6baacf37e6a84c69f2fb3,f5a0412ed913f5aad8bffb33c68c3b0ad7f4923f44f06370f768483b146897f4
194,194,../data_h3/cat_ids/16_阿比西尼亚猫原色.png,Ref_cat_teaser1.mp4,prepared/Ref_cat_teaser1.motion.mp4,prompts/cat_teaser1.v1.en.txt,16,16-abyssinian-ruddy,阿比西尼亚猫原色,04,04-cat-teaser1,cat_teaser1,左前爪坐姿拨打逗猫棒后注视玩具,0,194_16-abyssinian-ruddy_04-cat-teaser1_seed-0,4,4.0,24,480,832,15:26,9:16,cat_teaser1.v1,pending_model_validation,28971748699ea020c1f7f9f78e45a8407665e85ec6df04732794d5fefc6126de,90ead0cb85338d88512f89fc4fdaa1599eaae717252a8a228289e47e9f7150f0
195,195,../data_h3/cat_ids/16_阿比西尼亚猫原色.png,Ref_cat_teaser1_mirror.mp4,prepared/Ref_cat_teaser1_mirror.motion.mp4,prompts/cat_teaser1_mirror.v1.en.txt,16,16-abyssinian-ruddy,阿比西尼亚猫原色,05,05-cat-teaser1-mirror,cat_teaser1_mirror,右前爪坐姿拨打逗猫棒后注视玩具,0,195_16-abyssinian-ruddy_05-cat-teaser1-mirror_seed-0,4,4.0,24,480,832,15:26,9:16,cat_teaser1_mirror.v1,pending_model_validation,5c7abea398cc5cec6ee97bd79e91c601838c2218c8101bd13041c5753a5e72ec,af450da4b11a442fbb8dc3b090842b494306a33800841e4f3ac9399fb1a3e695
196,196,../data_h3/cat_ids/16_阿比西尼亚猫原色.png,Ref_cat_teaser2.mp4,prepared/Ref_cat_teaser2.motion.mp4,prompts/cat_teaser2.v1.en.txt,16,16-abyssinian-ruddy,阿比西尼亚猫原色,06,06-cat-teaser2,cat_teaser2,起身向画面右侧追拍逗猫棒并站定,0,196_16-abyssinian-ruddy_06-cat-teaser2_seed-0,4,4.0,24,480,832,15:26,9:16,cat_teaser2.v1,pending_model_validation,d24950c871f5181f868624b0d0235308584d0cda7f2fe02eb6c362bca9be17e4,a8c95e9c38443d4d231086357cb356e7c98cb2af1a6bfa216feae39e945cc0ec
197,197,../data_h3/cat_ids/16_阿比西尼亚猫原色.png,Ref_cat_teaser2_mirror.mp4,prepared/Ref_cat_teaser2_mirror.motion.mp4,prompts/cat_teaser2_mirror.v1.en.txt,16,16-abyssinian-ruddy,阿比西尼亚猫原色,07,07-cat-teaser2-mirror,cat_teaser2_mirror,起身向画面左侧追拍逗猫棒并站定,0,197_16-abyssinian-ruddy_07-cat-teaser2-mirror_seed-0,4,4.0,24,480,832,15:26,9:16,cat_teaser2_mirror.v1,pending_model_validation,96e072371eb22e5b130ddeb5d0d5286b26069e03ec55aa98d8eb8998108588b0,7d4ae2310b662639649d68fa4f699951317c36f76eb715534248659d1924613d
198,198,../data_h3/cat_ids/16_阿比西尼亚猫原色.png,Ref_cat_teaser3.mp4,prepared/Ref_cat_teaser3.motion.mp4,prompts/cat_teaser3.v1.en.txt,16,16-abyssinian-ruddy,阿比西尼亚猫原色,08,08-cat-teaser3,cat_teaser3,双前爪抬起抓扑逗猫棒后落地坐定,0,198_16-abyssinian-ruddy_08-cat-teaser3_seed-0,4,4.0,24,480,832,15:26,9:16,cat_teaser3.v1,pending_model_validation,28125c76324f19aa23e77ae9b7227ec9da10d152f0fe3eb89243ddf4b0cd0c6b,71df79527a94810bcacebc9cb956fa137c891a4ed437386697434b19c5fbb7ce
199,199,../data_h3/cat_ids/16_阿比西尼亚猫原色.png,Ref_drag_yarn_ball_and_catch.mp4,prepared/Ref_drag_yarn_ball_and_catch.motion.mp4,prompts/drag_yarn_ball_and_catch.v1.en.txt,16,16-abyssinian-ruddy,阿比西尼亚猫原色,09,09-drag-yarn-ball-and-catch,drag_yarn_ball_and_catch,追扑从画面左向右滚动的毛线球并按住,0,199_16-abyssinian-ruddy_09-drag-yarn-ball-and-catch_seed-0,4,4.0,24,480,832,15:26,9:16,drag_yarn_ball_and_catch.v1,pending_model_validation,7ebe1b2a01564d805523f56b909e9a53772ebed08cbeda3c79c1765cceab70f6,5b888bc1cdc661bc3b5760445027966ef8d36a31c447614acbd23d3ca6af442e
200,200,../data_h3/cat_ids/16_阿比西尼亚猫原色.png,Ref_drag_yarn_ball_and_catch_mirror.mp4,prepared/Ref_drag_yarn_ball_and_catch_mirror.motion.mp4,prompts/drag_yarn_ball_and_catch_mirror.v1.en.txt,16,16-abyssinian-ruddy,阿比西尼亚猫原色,10,10-drag-yarn-ball-and-catch-mirror,drag_yarn_ball_and_catch_mirror,追扑从画面右向左滚动的毛线球并按住,0,200_16-abyssinian-ruddy_10-drag-yarn-ball-and-catch-mirror_seed-0,4,4.0,24,480,832,15:26,9:16,drag_yarn_ball_and_catch_mirror.v1,pending_model_validation,477225bf4f6fca729b4947c68a49ba53af5fb0428686571bc103a6f680058a2d,8b44957f6ebaca7c04c4a0af6bf4fbb65085b8ecf0acaf3433dc727a25b74982
201,201,../data_h3/cat_ids/16_阿比西尼亚猫原色.png, Ref_curl_up_and_lie_down.mp4,prepared/ Ref_curl_up_and_lie_down.motion.mp4,prompts/curl_up_and_lie_down.v1.en.txt,16,16-abyssinian-ruddy,阿比西尼亚猫原色,11,11-curl-up-and-lie-down,curl_up_and_lie_down,低头向画面左侧蜷卧并闭眼休息,0,201_16-abyssinian-ruddy_11-curl-up-and-lie-down_seed-0,4,4.0,24,480,832,15:26,9:16,curl_up_and_lie_down.v1,pending_model_validation,9217effb2f85c4322c192edb9cc4c687268e1285527679229ed2d92161f10f6b,8414a980252d2baee6444085d2755563b7e0ccb3a138027e7cc6c1233be766eb
202,202,../data_h3/cat_ids/16_阿比西尼亚猫原色.png,Ref_curl_up_and_lie_down_mirror.mp4,prepared/Ref_curl_up_and_lie_down_mirror.motion.mp4,prompts/curl_up_and_lie_down_mirror.v1.en.txt,16,16-abyssinian-ruddy,阿比西尼亚猫原色,12,12-curl-up-and-lie-down-mirror,curl_up_and_lie_down_mirror,低头向画面右侧蜷卧并闭眼休息,0,202_16-abyssinian-ruddy_12-curl-up-and-lie-down-mirror_seed-0,4,4.0,24,480,832,15:26,9:16,curl_up_and_lie_down_mirror.v1,pending_model_validation,0ae3d03ab930f2329999e943296bf3ba83b1968a23833a258ffc30a3fc3491e0,5dcfd307dd80e4bd86fa73aff45f41f66eced8aba348a07f81f559f008a63527
203,203,../data_h3/cat_ids/16_阿比西尼亚猫原色.png,walk_forward_to_screen.mp4,prepared/walk_forward_to_screen.motion.mp4,prompts/walk_forward_to_screen.v1.en.txt,16,16-abyssinian-ruddy,阿比西尼亚猫原色,13,13-walk-forward-to-screen,walk_forward_to_screen,起身向镜头走近并在近处站定,0,203_16-abyssinian-ruddy_13-walk-forward-to-screen_seed-0,4,4.041699,24,480,832,15:26,9:16,walk_forward_to_screen.v1,pending_model_validation,18c1e41e3d0bc7b332298f78c798593c6903d921bcab1cd40f5525438039f02c,b63a08fc2ef943e20b969f5567a1c9334a3d7ca21d68db70b052c4345a83014a
204,204,../data_h3/cat_ids/17_索马里猫索雷尔色.png,Ref_drag_ear.mp4,prepared/Ref_drag_ear.motion.mp4,prompts/drag_ear.v1.en.txt,17,17-somali-sorrel,索马里猫索雷尔色,02,02-pull-left-ear,drag_ear,左前爪轻擦左耳与脸部后恢复坐姿,0,204_17-somali-sorrel_02-pull-left-ear_seed-0,4,4.0,24,480,832,15:26,9:16,drag_ear.v1,pending_model_validation,dbdc93fe3f0e922d0d53d3b6c78e213e176b5230876cf046e5da697fd2320d7b,241a5d66949edcf078e592e2d02939921c2ff68968a95640d4e5a7e2c4fe75c1
205,205,../data_h3/cat_ids/17_索马里猫索雷尔色.png,Ref_drag_ear_mirror.mp4,prepared/Ref_drag_ear_mirror.motion.mp4,prompts/drag_ear_mirror.v1.en.txt,17,17-somali-sorrel,索马里猫索雷尔色,03,03-drag-ear-mirror,drag_ear_mirror,右前爪轻擦右耳与脸部后恢复坐姿,0,205_17-somali-sorrel_03-drag-ear-mirror_seed-0,4,4.0,24,480,832,15:26,9:16,drag_ear_mirror.v1,pending_model_validation,68fc5e929e94c082c0da4f6ccda4e0b2f4f8e49e4da6baacf37e6a84c69f2fb3,f5a0412ed913f5aad8bffb33c68c3b0ad7f4923f44f06370f768483b146897f4
206,206,../data_h3/cat_ids/17_索马里猫索雷尔色.png,Ref_cat_teaser1.mp4,prepared/Ref_cat_teaser1.motion.mp4,prompts/cat_teaser1.v1.en.txt,17,17-somali-sorrel,索马里猫索雷尔色,04,04-cat-teaser1,cat_teaser1,左前爪坐姿拨打逗猫棒后注视玩具,0,206_17-somali-sorrel_04-cat-teaser1_seed-0,4,4.0,24,480,832,15:26,9:16,cat_teaser1.v1,pending_model_validation,28971748699ea020c1f7f9f78e45a8407665e85ec6df04732794d5fefc6126de,90ead0cb85338d88512f89fc4fdaa1599eaae717252a8a228289e47e9f7150f0
207,207,../data_h3/cat_ids/17_索马里猫索雷尔色.png,Ref_cat_teaser1_mirror.mp4,prepared/Ref_cat_teaser1_mirror.motion.mp4,prompts/cat_teaser1_mirror.v1.en.txt,17,17-somali-sorrel,索马里猫索雷尔色,05,05-cat-teaser1-mirror,cat_teaser1_mirror,右前爪坐姿拨打逗猫棒后注视玩具,0,207_17-somali-sorrel_05-cat-teaser1-mirror_seed-0,4,4.0,24,480,832,15:26,9:16,cat_teaser1_mirror.v1,pending_model_validation,5c7abea398cc5cec6ee97bd79e91c601838c2218c8101bd13041c5753a5e72ec,af450da4b11a442fbb8dc3b090842b494306a33800841e4f3ac9399fb1a3e695
208,208,../data_h3/cat_ids/17_索马里猫索雷尔色.png,Ref_cat_teaser2.mp4,prepared/Ref_cat_teaser2.motion.mp4,prompts/cat_teaser2.v1.en.txt,17,17-somali-sorrel,索马里猫索雷尔色,06,06-cat-teaser2,cat_teaser2,起身向画面右侧追拍逗猫棒并站定,0,208_17-somali-sorrel_06-cat-teaser2_seed-0,4,4.0,24,480,832,15:26,9:16,cat_teaser2.v1,pending_model_validation,d24950c871f5181f868624b0d0235308584d0cda7f2fe02eb6c362bca9be17e4,a8c95e9c38443d4d231086357cb356e7c98cb2af1a6bfa216feae39e945cc0ec
209,209,../data_h3/cat_ids/17_索马里猫索雷尔色.png,Ref_cat_teaser2_mirror.mp4,prepared/Ref_cat_teaser2_mirror.motion.mp4,prompts/cat_teaser2_mirror.v1.en.txt,17,17-somali-sorrel,索马里猫索雷尔色,07,07-cat-teaser2-mirror,cat_teaser2_mirror,起身向画面左侧追拍逗猫棒并站定,0,209_17-somali-sorrel_07-cat-teaser2-mirror_seed-0,4,4.0,24,480,832,15:26,9:16,cat_teaser2_mirror.v1,pending_model_validation,96e072371eb22e5b130ddeb5d0d5286b26069e03ec55aa98d8eb8998108588b0,7d4ae2310b662639649d68fa4f699951317c36f76eb715534248659d1924613d
210,210,../data_h3/cat_ids/17_索马里猫索雷尔色.png,Ref_cat_teaser3.mp4,prepared/Ref_cat_teaser3.motion.mp4,prompts/cat_teaser3.v1.en.txt,17,17-somali-sorrel,索马里猫索雷尔色,08,08-cat-teaser3,cat_teaser3,双前爪抬起抓扑逗猫棒后落地坐定,0,210_17-somali-sorrel_08-cat-teaser3_seed-0,4,4.0,24,480,832,15:26,9:16,cat_teaser3.v1,pending_model_validation,28125c76324f19aa23e77ae9b7227ec9da10d152f0fe3eb89243ddf4b0cd0c6b,71df79527a94810bcacebc9cb956fa137c891a4ed437386697434b19c5fbb7ce
211,211,../data_h3/cat_ids/17_索马里猫索雷尔色.png,Ref_drag_yarn_ball_and_catch.mp4,prepared/Ref_drag_yarn_ball_and_catch.motion.mp4,prompts/drag_yarn_ball_and_catch.v1.en.txt,17,17-somali-sorrel,索马里猫索雷尔色,09,09-drag-yarn-ball-and-catch,drag_yarn_ball_and_catch,追扑从画面左向右滚动的毛线球并按住,0,211_17-somali-sorrel_09-drag-yarn-ball-and-catch_seed-0,4,4.0,24,480,832,15:26,9:16,drag_yarn_ball_and_catch.v1,pending_model_validation,7ebe1b2a01564d805523f56b909e9a53772ebed08cbeda3c79c1765cceab70f6,5b888bc1cdc661bc3b5760445027966ef8d36a31c447614acbd23d3ca6af442e
212,212,../data_h3/cat_ids/17_索马里猫索雷尔色.png,Ref_drag_yarn_ball_and_catch_mirror.mp4,prepared/Ref_drag_yarn_ball_and_catch_mirror.motion.mp4,prompts/drag_yarn_ball_and_catch_mirror.v1.en.txt,17,17-somali-sorrel,索马里猫索雷尔色,10,10-drag-yarn-ball-and-catch-mirror,drag_yarn_ball_and_catch_mirror,追扑从画面右向左滚动的毛线球并按住,0,212_17-somali-sorrel_10-drag-yarn-ball-and-catch-mirror_seed-0,4,4.0,24,480,832,15:26,9:16,drag_yarn_ball_and_catch_mirror.v1,pending_model_validation,477225bf4f6fca729b4947c68a49ba53af5fb0428686571bc103a6f680058a2d,8b44957f6ebaca7c04c4a0af6bf4fbb65085b8ecf0acaf3433dc727a25b74982
213,213,../data_h3/cat_ids/17_索马里猫索雷尔色.png, Ref_curl_up_and_lie_down.mp4,prepared/ Ref_curl_up_and_lie_down.motion.mp4,prompts/curl_up_and_lie_down.v1.en.txt,17,17-somali-sorrel,索马里猫索雷尔色,11,11-curl-up-and-lie-down,curl_up_and_lie_down,低头向画面左侧蜷卧并闭眼休息,0,213_17-somali-sorrel_11-curl-up-and-lie-down_seed-0,4,4.0,24,480,832,15:26,9:16,curl_up_and_lie_down.v1,pending_model_validation,9217effb2f85c4322c192edb9cc4c687268e1285527679229ed2d92161f10f6b,8414a980252d2baee6444085d2755563b7e0ccb3a138027e7cc6c1233be766eb
214,214,../data_h3/cat_ids/17_索马里猫索雷尔色.png,Ref_curl_up_and_lie_down_mirror.mp4,prepared/Ref_curl_up_and_lie_down_mirror.motion.mp4,prompts/curl_up_and_lie_down_mirror.v1.en.txt,17,17-somali-sorrel,索马里猫索雷尔色,12,12-curl-up-and-lie-down-mirror,curl_up_and_lie_down_mirror,低头向画面右侧蜷卧并闭眼休息,0,214_17-somali-sorrel_12-curl-up-and-lie-down-mirror_seed-0,4,4.0,24,480,832,15:26,9:16,curl_up_and_lie_down_mirror.v1,pending_model_validation,0ae3d03ab930f2329999e943296bf3ba83b1968a23833a258ffc30a3fc3491e0,5dcfd307dd80e4bd86fa73aff45f41f66eced8aba348a07f81f559f008a63527
215,215,../data_h3/cat_ids/17_索马里猫索雷尔色.png,walk_forward_to_screen.mp4,prepared/walk_forward_to_screen.motion.mp4,prompts/walk_forward_to_screen.v1.en.txt,17,17-somali-sorrel,索马里猫索雷尔色,13,13-walk-forward-to-screen,walk_forward_to_screen,起身向镜头走近并在近处站定,0,215_17-somali-sorrel_13-walk-forward-to-screen_seed-0,4,4.041699,24,480,832,15:26,9:16,walk_forward_to_screen.v1,pending_model_validation,18c1e41e3d0bc7b332298f78c798593c6903d921bcab1cd40f5525438039f02c,b63a08fc2ef943e20b969f5567a1c9334a3d7ca21d68db70b052c4345a83014a
216,216,../data_h3/cat_ids/18_孟加拉猫玫瑰斑.png,Ref_drag_ear.mp4,prepared/Ref_drag_ear.motion.mp4,prompts/drag_ear.v1.en.txt,18,18-bengal-rosetted,孟加拉猫玫瑰斑,02,02-pull-left-ear,drag_ear,左前爪轻擦左耳与脸部后恢复坐姿,0,216_18-bengal-rosetted_02-pull-left-ear_seed-0,4,4.0,24,480,832,15:26,9:16,drag_ear.v1,pending_model_validation,dbdc93fe3f0e922d0d53d3b6c78e213e176b5230876cf046e5da697fd2320d7b,241a5d66949edcf078e592e2d02939921c2ff68968a95640d4e5a7e2c4fe75c1
217,217,../data_h3/cat_ids/18_孟加拉猫玫瑰斑.png,Ref_drag_ear_mirror.mp4,prepared/Ref_drag_ear_mirror.motion.mp4,prompts/drag_ear_mirror.v1.en.txt,18,18-bengal-rosetted,孟加拉猫玫瑰斑,03,03-drag-ear-mirror,drag_ear_mirror,右前爪轻擦右耳与脸部后恢复坐姿,0,217_18-bengal-rosetted_03-drag-ear-mirror_seed-0,4,4.0,24,480,832,15:26,9:16,drag_ear_mirror.v1,pending_model_validation,68fc5e929e94c082c0da4f6ccda4e0b2f4f8e49e4da6baacf37e6a84c69f2fb3,f5a0412ed913f5aad8bffb33c68c3b0ad7f4923f44f06370f768483b146897f4
218,218,../data_h3/cat_ids/18_孟加拉猫玫瑰斑.png,Ref_cat_teaser1.mp4,prepared/Ref_cat_teaser1.motion.mp4,prompts/cat_teaser1.v1.en.txt,18,18-bengal-rosetted,孟加拉猫玫瑰斑,04,04-cat-teaser1,cat_teaser1,左前爪坐姿拨打逗猫棒后注视玩具,0,218_18-bengal-rosetted_04-cat-teaser1_seed-0,4,4.0,24,480,832,15:26,9:16,cat_teaser1.v1,pending_model_validation,28971748699ea020c1f7f9f78e45a8407665e85ec6df04732794d5fefc6126de,90ead0cb85338d88512f89fc4fdaa1599eaae717252a8a228289e47e9f7150f0
219,219,../data_h3/cat_ids/18_孟加拉猫玫瑰斑.png,Ref_cat_teaser1_mirror.mp4,prepared/Ref_cat_teaser1_mirror.motion.mp4,prompts/cat_teaser1_mirror.v1.en.txt,18,18-bengal-rosetted,孟加拉猫玫瑰斑,05,05-cat-teaser1-mirror,cat_teaser1_mirror,右前爪坐姿拨打逗猫棒后注视玩具,0,219_18-bengal-rosetted_05-cat-teaser1-mirror_seed-0,4,4.0,24,480,832,15:26,9:16,cat_teaser1_mirror.v1,pending_model_validation,5c7abea398cc5cec6ee97bd79e91c601838c2218c8101bd13041c5753a5e72ec,af450da4b11a442fbb8dc3b090842b494306a33800841e4f3ac9399fb1a3e695
220,220,../data_h3/cat_ids/18_孟加拉猫玫瑰斑.png,Ref_cat_teaser2.mp4,prepared/Ref_cat_teaser2.motion.mp4,prompts/cat_teaser2.v1.en.txt,18,18-bengal-rosetted,孟加拉猫玫瑰斑,06,06-cat-teaser2,cat_teaser2,起身向画面右侧追拍逗猫棒并站定,0,220_18-bengal-rosetted_06-cat-teaser2_seed-0,4,4.0,24,480,832,15:26,9:16,cat_teaser2.v1,pending_model_validation,d24950c871f5181f868624b0d0235308584d0cda7f2fe02eb6c362bca9be17e4,a8c95e9c38443d4d231086357cb356e7c98cb2af1a6bfa216feae39e945cc0ec
221,221,../data_h3/cat_ids/18_孟加拉猫玫瑰斑.png,Ref_cat_teaser2_mirror.mp4,prepared/Ref_cat_teaser2_mirror.motion.mp4,prompts/cat_teaser2_mirror.v1.en.txt,18,18-bengal-rosetted,孟加拉猫玫瑰斑,07,07-cat-teaser2-mirror,cat_teaser2_mirror,起身向画面左侧追拍逗猫棒并站定,0,221_18-bengal-rosetted_07-cat-teaser2-mirror_seed-0,4,4.0,24,480,832,15:26,9:16,cat_teaser2_mirror.v1,pending_model_validation,96e072371eb22e5b130ddeb5d0d5286b26069e03ec55aa98d8eb8998108588b0,7d4ae2310b662639649d68fa4f699951317c36f76eb715534248659d1924613d
222,222,../data_h3/cat_ids/18_孟加拉猫玫瑰斑.png,Ref_cat_teaser3.mp4,prepared/Ref_cat_teaser3.motion.mp4,prompts/cat_teaser3.v1.en.txt,18,18-bengal-rosetted,孟加拉猫玫瑰斑,08,08-cat-teaser3,cat_teaser3,双前爪抬起抓扑逗猫棒后落地坐定,0,222_18-bengal-rosetted_08-cat-teaser3_seed-0,4,4.0,24,480,832,15:26,9:16,cat_teaser3.v1,pending_model_validation,28125c76324f19aa23e77ae9b7227ec9da10d152f0fe3eb89243ddf4b0cd0c6b,71df79527a94810bcacebc9cb956fa137c891a4ed437386697434b19c5fbb7ce
223,223,../data_h3/cat_ids/18_孟加拉猫玫瑰斑.png,Ref_drag_yarn_ball_and_catch.mp4,prepared/Ref_drag_yarn_ball_and_catch.motion.mp4,prompts/drag_yarn_ball_and_catch.v1.en.txt,18,18-bengal-rosetted,孟加拉猫玫瑰斑,09,09-drag-yarn-ball-and-catch,drag_yarn_ball_and_catch,追扑从画面左向右滚动的毛线球并按住,0,223_18-bengal-rosetted_09-drag-yarn-ball-and-catch_seed-0,4,4.0,24,480,832,15:26,9:16,drag_yarn_ball_and_catch.v1,pending_model_validation,7ebe1b2a01564d805523f56b909e9a53772ebed08cbeda3c79c1765cceab70f6,5b888bc1cdc661bc3b5760445027966ef8d36a31c447614acbd23d3ca6af442e
224,224,../data_h3/cat_ids/18_孟加拉猫玫瑰斑.png,Ref_drag_yarn_ball_and_catch_mirror.mp4,prepared/Ref_drag_yarn_ball_and_catch_mirror.motion.mp4,prompts/drag_yarn_ball_and_catch_mirror.v1.en.txt,18,18-bengal-rosetted,孟加拉猫玫瑰斑,10,10-drag-yarn-ball-and-catch-mirror,drag_yarn_ball_and_catch_mirror,追扑从画面右向左滚动的毛线球并按住,0,224_18-bengal-rosetted_10-drag-yarn-ball-and-catch-mirror_seed-0,4,4.0,24,480,832,15:26,9:16,drag_yarn_ball_and_catch_mirror.v1,pending_model_validation,477225bf4f6fca729b4947c68a49ba53af5fb0428686571bc103a6f680058a2d,8b44957f6ebaca7c04c4a0af6bf4fbb65085b8ecf0acaf3433dc727a25b74982
225,225,../data_h3/cat_ids/18_孟加拉猫玫瑰斑.png, Ref_curl_up_and_lie_down.mp4,prepared/ Ref_curl_up_and_lie_down.motion.mp4,prompts/curl_up_and_lie_down.v1.en.txt,18,18-bengal-rosetted,孟加拉猫玫瑰斑,11,11-curl-up-and-lie-down,curl_up_and_lie_down,低头向画面左侧蜷卧并闭眼休息,0,225_18-bengal-rosetted_11-curl-up-and-lie-down_seed-0,4,4.0,24,480,832,15:26,9:16,curl_up_and_lie_down.v1,pending_model_validation,9217effb2f85c4322c192edb9cc4c687268e1285527679229ed2d92161f10f6b,8414a980252d2baee6444085d2755563b7e0ccb3a138027e7cc6c1233be766eb
226,226,../data_h3/cat_ids/18_孟加拉猫玫瑰斑.png,Ref_curl_up_and_lie_down_mirror.mp4,prepared/Ref_curl_up_and_lie_down_mirror.motion.mp4,prompts/curl_up_and_lie_down_mirror.v1.en.txt,18,18-bengal-rosetted,孟加拉猫玫瑰斑,12,12-curl-up-and-lie-down-mirror,curl_up_and_lie_down_mirror,低头向画面右侧蜷卧并闭眼休息,0,226_18-bengal-rosetted_12-curl-up-and-lie-down-mirror_seed-0,4,4.0,24,480,832,15:26,9:16,curl_up_and_lie_down_mirror.v1,pending_model_validation,0ae3d03ab930f2329999e943296bf3ba83b1968a23833a258ffc30a3fc3491e0,5dcfd307dd80e4bd86fa73aff45f41f66eced8aba348a07f81f559f008a63527
227,227,../data_h3/cat_ids/18_孟加拉猫玫瑰斑.png,walk_forward_to_screen.mp4,prepared/walk_forward_to_screen.motion.mp4,prompts/walk_forward_to_screen.v1.en.txt,18,18-bengal-rosetted,孟加拉猫玫瑰斑,13,13-walk-forward-to-screen,walk_forward_to_screen,起身向镜头走近并在近处站定,0,227_18-bengal-rosetted_13-walk-forward-to-screen_seed-0,4,4.041699,24,480,832,15:26,9:16,walk_forward_to_screen.v1,pending_model_validation,18c1e41e3d0bc7b332298f78c798593c6903d921bcab1cd40f5525438039f02c,b63a08fc2ef943e20b969f5567a1c9334a3d7ca21d68db70b052c4345a83014a
228,228,../data_h3/cat_ids/19_孟加拉猫雪色大理石纹.png,Ref_drag_ear.mp4,prepared/Ref_drag_ear.motion.mp4,prompts/drag_ear.v1.en.txt,19,19-bengal-snow-marbled,孟加拉猫雪色大理石纹,02,02-pull-left-ear,drag_ear,左前爪轻擦左耳与脸部后恢复坐姿,0,228_19-bengal-snow-marbled_02-pull-left-ear_seed-0,4,4.0,24,480,832,15:26,9:16,drag_ear.v1,pending_model_validation,dbdc93fe3f0e922d0d53d3b6c78e213e176b5230876cf046e5da697fd2320d7b,241a5d66949edcf078e592e2d02939921c2ff68968a95640d4e5a7e2c4fe75c1
229,229,../data_h3/cat_ids/19_孟加拉猫雪色大理石纹.png,Ref_drag_ear_mirror.mp4,prepared/Ref_drag_ear_mirror.motion.mp4,prompts/drag_ear_mirror.v1.en.txt,19,19-bengal-snow-marbled,孟加拉猫雪色大理石纹,03,03-drag-ear-mirror,drag_ear_mirror,右前爪轻擦右耳与脸部后恢复坐姿,0,229_19-bengal-snow-marbled_03-drag-ear-mirror_seed-0,4,4.0,24,480,832,15:26,9:16,drag_ear_mirror.v1,pending_model_validation,68fc5e929e94c082c0da4f6ccda4e0b2f4f8e49e4da6baacf37e6a84c69f2fb3,f5a0412ed913f5aad8bffb33c68c3b0ad7f4923f44f06370f768483b146897f4
230,230,../data_h3/cat_ids/19_孟加拉猫雪色大理石纹.png,Ref_cat_teaser1.mp4,prepared/Ref_cat_teaser1.motion.mp4,prompts/cat_teaser1.v1.en.txt,19,19-bengal-snow-marbled,孟加拉猫雪色大理石纹,04,04-cat-teaser1,cat_teaser1,左前爪坐姿拨打逗猫棒后注视玩具,0,230_19-bengal-snow-marbled_04-cat-teaser1_seed-0,4,4.0,24,480,832,15:26,9:16,cat_teaser1.v1,pending_model_validation,28971748699ea020c1f7f9f78e45a8407665e85ec6df04732794d5fefc6126de,90ead0cb85338d88512f89fc4fdaa1599eaae717252a8a228289e47e9f7150f0
231,231,../data_h3/cat_ids/19_孟加拉猫雪色大理石纹.png,Ref_cat_teaser1_mirror.mp4,prepared/Ref_cat_teaser1_mirror.motion.mp4,prompts/cat_teaser1_mirror.v1.en.txt,19,19-bengal-snow-marbled,孟加拉猫雪色大理石纹,05,05-cat-teaser1-mirror,cat_teaser1_mirror,右前爪坐姿拨打逗猫棒后注视玩具,0,231_19-bengal-snow-marbled_05-cat-teaser1-mirror_seed-0,4,4.0,24,480,832,15:26,9:16,cat_teaser1_mirror.v1,pending_model_validation,5c7abea398cc5cec6ee97bd79e91c601838c2218c8101bd13041c5753a5e72ec,af450da4b11a442fbb8dc3b090842b494306a33800841e4f3ac9399fb1a3e695
232,232,../data_h3/cat_ids/19_孟加拉猫雪色大理石纹.png,Ref_cat_teaser2.mp4,prepared/Ref_cat_teaser2.motion.mp4,prompts/cat_teaser2.v1.en.txt,19,19-bengal-snow-marbled,孟加拉猫雪色大理石纹,06,06-cat-teaser2,cat_teaser2,起身向画面右侧追拍逗猫棒并站定,0,232_19-bengal-snow-marbled_06-cat-teaser2_seed-0,4,4.0,24,480,832,15:26,9:16,cat_teaser2.v1,pending_model_validation,d24950c871f5181f868624b0d0235308584d0cda7f2fe02eb6c362bca9be17e4,a8c95e9c38443d4d231086357cb356e7c98cb2af1a6bfa216feae39e945cc0ec
233,233,../data_h3/cat_ids/19_孟加拉猫雪色大理石纹.png,Ref_cat_teaser2_mirror.mp4,prepared/Ref_cat_teaser2_mirror.motion.mp4,prompts/cat_teaser2_mirror.v1.en.txt,19,19-bengal-snow-marbled,孟加拉猫雪色大理石纹,07,07-cat-teaser2-mirror,cat_teaser2_mirror,起身向画面左侧追拍逗猫棒并站定,0,233_19-bengal-snow-marbled_07-cat-teaser2-mirror_seed-0,4,4.0,24,480,832,15:26,9:16,cat_teaser2_mirror.v1,pending_model_validation,96e072371eb22e5b130ddeb5d0d5286b26069e03ec55aa98d8eb8998108588b0,7d4ae2310b662639649d68fa4f699951317c36f76eb715534248659d1924613d
234,234,../data_h3/cat_ids/19_孟加拉猫雪色大理石纹.png,Ref_cat_teaser3.mp4,prepared/Ref_cat_teaser3.motion.mp4,prompts/cat_teaser3.v1.en.txt,19,19-bengal-snow-marbled,孟加拉猫雪色大理石纹,08,08-cat-teaser3,cat_teaser3,双前爪抬起抓扑逗猫棒后落地坐定,0,234_19-bengal-snow-marbled_08-cat-teaser3_seed-0,4,4.0,24,480,832,15:26,9:16,cat_teaser3.v1,pending_model_validation,28125c76324f19aa23e77ae9b7227ec9da10d152f0fe3eb89243ddf4b0cd0c6b,71df79527a94810bcacebc9cb956fa137c891a4ed437386697434b19c5fbb7ce
235,235,../data_h3/cat_ids/19_孟加拉猫雪色大理石纹.png,Ref_drag_yarn_ball_and_catch.mp4,prepared/Ref_drag_yarn_ball_and_catch.motion.mp4,prompts/drag_yarn_ball_and_catch.v1.en.txt,19,19-bengal-snow-marbled,孟加拉猫雪色大理石纹,09,09-drag-yarn-ball-and-catch,drag_yarn_ball_and_catch,追扑从画面左向右滚动的毛线球并按住,0,235_19-bengal-snow-marbled_09-drag-yarn-ball-and-catch_seed-0,4,4.0,24,480,832,15:26,9:16,drag_yarn_ball_and_catch.v1,pending_model_validation,7ebe1b2a01564d805523f56b909e9a53772ebed08cbeda3c79c1765cceab70f6,5b888bc1cdc661bc3b5760445027966ef8d36a31c447614acbd23d3ca6af442e
236,236,../data_h3/cat_ids/19_孟加拉猫雪色大理石纹.png,Ref_drag_yarn_ball_and_catch_mirror.mp4,prepared/Ref_drag_yarn_ball_and_catch_mirror.motion.mp4,prompts/drag_yarn_ball_and_catch_mirror.v1.en.txt,19,19-bengal-snow-marbled,孟加拉猫雪色大理石纹,10,10-drag-yarn-ball-and-catch-mirror,drag_yarn_ball_and_catch_mirror,追扑从画面右向左滚动的毛线球并按住,0,236_19-bengal-snow-marbled_10-drag-yarn-ball-and-catch-mirror_seed-0,4,4.0,24,480,832,15:26,9:16,drag_yarn_ball_and_catch_mirror.v1,pending_model_validation,477225bf4f6fca729b4947c68a49ba53af5fb0428686571bc103a6f680058a2d,8b44957f6ebaca7c04c4a0af6bf4fbb65085b8ecf0acaf3433dc727a25b74982
237,237,../data_h3/cat_ids/19_孟加拉猫雪色大理石纹.png, Ref_curl_up_and_lie_down.mp4,prepared/ Ref_curl_up_and_lie_down.motion.mp4,prompts/curl_up_and_lie_down.v1.en.txt,19,19-bengal-snow-marbled,孟加拉猫雪色大理石纹,11,11-curl-up-and-lie-down,curl_up_and_lie_down,低头向画面左侧蜷卧并闭眼休息,0,237_19-bengal-snow-marbled_11-curl-up-and-lie-down_seed-0,4,4.0,24,480,832,15:26,9:16,curl_up_and_lie_down.v1,pending_model_validation,9217effb2f85c4322c192edb9cc4c687268e1285527679229ed2d92161f10f6b,8414a980252d2baee6444085d2755563b7e0ccb3a138027e7cc6c1233be766eb
238,238,../data_h3/cat_ids/19_孟加拉猫雪色大理石纹.png,Ref_curl_up_and_lie_down_mirror.mp4,prepared/Ref_curl_up_and_lie_down_mirror.motion.mp4,prompts/curl_up_and_lie_down_mirror.v1.en.txt,19,19-bengal-snow-marbled,孟加拉猫雪色大理石纹,12,12-curl-up-and-lie-down-mirror,curl_up_and_lie_down_mirror,低头向画面右侧蜷卧并闭眼休息,0,238_19-bengal-snow-marbled_12-curl-up-and-lie-down-mirror_seed-0,4,4.0,24,480,832,15:26,9:16,curl_up_and_lie_down_mirror.v1,pending_model_validation,0ae3d03ab930f2329999e943296bf3ba83b1968a23833a258ffc30a3fc3491e0,5dcfd307dd80e4bd86fa73aff45f41f66eced8aba348a07f81f559f008a63527
239,239,../data_h3/cat_ids/19_孟加拉猫雪色大理石纹.png,walk_forward_to_screen.mp4,prepared/walk_forward_to_screen.motion.mp4,prompts/walk_forward_to_screen.v1.en.txt,19,19-bengal-snow-marbled,孟加拉猫雪色大理石纹,13,13-walk-forward-to-screen,walk_forward_to_screen,起身向镜头走近并在近处站定,0,239_19-bengal-snow-marbled_13-walk-forward-to-screen_seed-0,4,4.041699,24,480,832,15:26,9:16,walk_forward_to_screen.v1,pending_model_validation,18c1e41e3d0bc7b332298f78c798593c6903d921bcab1cd40f5525438039f02c,b63a08fc2ef943e20b969f5567a1c9334a3d7ca21d68db70b052c4345a83014a
240,240,../data_h3/cat_ids/20_埃及猫.png,Ref_drag_ear.mp4,prepared/Ref_drag_ear.motion.mp4,prompts/drag_ear.v1.en.txt,20,20-egyptian-mau,埃及猫,02,02-pull-left-ear,drag_ear,左前爪轻擦左耳与脸部后恢复坐姿,0,240_20-egyptian-mau_02-pull-left-ear_seed-0,4,4.0,24,480,832,15:26,9:16,drag_ear.v1,pending_model_validation,dbdc93fe3f0e922d0d53d3b6c78e213e176b5230876cf046e5da697fd2320d7b,241a5d66949edcf078e592e2d02939921c2ff68968a95640d4e5a7e2c4fe75c1
241,241,../data_h3/cat_ids/20_埃及猫.png,Ref_drag_ear_mirror.mp4,prepared/Ref_drag_ear_mirror.motion.mp4,prompts/drag_ear_mirror.v1.en.txt,20,20-egyptian-mau,埃及猫,03,03-drag-ear-mirror,drag_ear_mirror,右前爪轻擦右耳与脸部后恢复坐姿,0,241_20-egyptian-mau_03-drag-ear-mirror_seed-0,4,4.0,24,480,832,15:26,9:16,drag_ear_mirror.v1,pending_model_validation,68fc5e929e94c082c0da4f6ccda4e0b2f4f8e49e4da6baacf37e6a84c69f2fb3,f5a0412ed913f5aad8bffb33c68c3b0ad7f4923f44f06370f768483b146897f4
242,242,../data_h3/cat_ids/20_埃及猫.png,Ref_cat_teaser1.mp4,prepared/Ref_cat_teaser1.motion.mp4,prompts/cat_teaser1.v1.en.txt,20,20-egyptian-mau,埃及猫,04,04-cat-teaser1,cat_teaser1,左前爪坐姿拨打逗猫棒后注视玩具,0,242_20-egyptian-mau_04-cat-teaser1_seed-0,4,4.0,24,480,832,15:26,9:16,cat_teaser1.v1,pending_model_validation,28971748699ea020c1f7f9f78e45a8407665e85ec6df04732794d5fefc6126de,90ead0cb85338d88512f89fc4fdaa1599eaae717252a8a228289e47e9f7150f0
243,243,../data_h3/cat_ids/20_埃及猫.png,Ref_cat_teaser1_mirror.mp4,prepared/Ref_cat_teaser1_mirror.motion.mp4,prompts/cat_teaser1_mirror.v1.en.txt,20,20-egyptian-mau,埃及猫,05,05-cat-teaser1-mirror,cat_teaser1_mirror,右前爪坐姿拨打逗猫棒后注视玩具,0,243_20-egyptian-mau_05-cat-teaser1-mirror_seed-0,4,4.0,24,480,832,15:26,9:16,cat_teaser1_mirror.v1,pending_model_validation,5c7abea398cc5cec6ee97bd79e91c601838c2218c8101bd13041c5753a5e72ec,af450da4b11a442fbb8dc3b090842b494306a33800841e4f3ac9399fb1a3e695
244,244,../data_h3/cat_ids/20_埃及猫.png,Ref_cat_teaser2.mp4,prepared/Ref_cat_teaser2.motion.mp4,prompts/cat_teaser2.v1.en.txt,20,20-egyptian-mau,埃及猫,06,06-cat-teaser2,cat_teaser2,起身向画面右侧追拍逗猫棒并站定,0,244_20-egyptian-mau_06-cat-teaser2_seed-0,4,4.0,24,480,832,15:26,9:16,cat_teaser2.v1,pending_model_validation,d24950c871f5181f868624b0d0235308584d0cda7f2fe02eb6c362bca9be17e4,a8c95e9c38443d4d231086357cb356e7c98cb2af1a6bfa216feae39e945cc0ec
245,245,../data_h3/cat_ids/20_埃及猫.png,Ref_cat_teaser2_mirror.mp4,prepared/Ref_cat_teaser2_mirror.motion.mp4,prompts/cat_teaser2_mirror.v1.en.txt,20,20-egyptian-mau,埃及猫,07,07-cat-teaser2-mirror,cat_teaser2_mirror,起身向画面左侧追拍逗猫棒并站定,0,245_20-egyptian-mau_07-cat-teaser2-mirror_seed-0,4,4.0,24,480,832,15:26,9:16,cat_teaser2_mirror.v1,pending_model_validation,96e072371eb22e5b130ddeb5d0d5286b26069e03ec55aa98d8eb8998108588b0,7d4ae2310b662639649d68fa4f699951317c36f76eb715534248659d1924613d
246,246,../data_h3/cat_ids/20_埃及猫.png,Ref_cat_teaser3.mp4,prepared/Ref_cat_teaser3.motion.mp4,prompts/cat_teaser3.v1.en.txt,20,20-egyptian-mau,埃及猫,08,08-cat-teaser3,cat_teaser3,双前爪抬起抓扑逗猫棒后落地坐定,0,246_20-egyptian-mau_08-cat-teaser3_seed-0,4,4.0,24,480,832,15:26,9:16,cat_teaser3.v1,pending_model_validation,28125c76324f19aa23e77ae9b7227ec9da10d152f0fe3eb89243ddf4b0cd0c6b,71df79527a94810bcacebc9cb956fa137c891a4ed437386697434b19c5fbb7ce
247,247,../data_h3/cat_ids/20_埃及猫.png,Ref_drag_yarn_ball_and_catch.mp4,prepared/Ref_drag_yarn_ball_and_catch.motion.mp4,prompts/drag_yarn_ball_and_catch.v1.en.txt,20,20-egyptian-mau,埃及猫,09,09-drag-yarn-ball-and-catch,drag_yarn_ball_and_catch,追扑从画面左向右滚动的毛线球并按住,0,247_20-egyptian-mau_09-drag-yarn-ball-and-catch_seed-0,4,4.0,24,480,832,15:26,9:16,drag_yarn_ball_and_catch.v1,pending_model_validation,7ebe1b2a01564d805523f56b909e9a53772ebed08cbeda3c79c1765cceab70f6,5b888bc1cdc661bc3b5760445027966ef8d36a31c447614acbd23d3ca6af442e
248,248,../data_h3/cat_ids/20_埃及猫.png,Ref_drag_yarn_ball_and_catch_mirror.mp4,prepared/Ref_drag_yarn_ball_and_catch_mirror.motion.mp4,prompts/drag_yarn_ball_and_catch_mirror.v1.en.txt,20,20-egyptian-mau,埃及猫,10,10-drag-yarn-ball-and-catch-mirror,drag_yarn_ball_and_catch_mirror,追扑从画面右向左滚动的毛线球并按住,0,248_20-egyptian-mau_10-drag-yarn-ball-and-catch-mirror_seed-0,4,4.0,24,480,832,15:26,9:16,drag_yarn_ball_and_catch_mirror.v1,pending_model_validation,477225bf4f6fca729b4947c68a49ba53af5fb0428686571bc103a6f680058a2d,8b44957f6ebaca7c04c4a0af6bf4fbb65085b8ecf0acaf3433dc727a25b74982
249,249,../data_h3/cat_ids/20_埃及猫.png, Ref_curl_up_and_lie_down.mp4,prepared/ Ref_curl_up_and_lie_down.motion.mp4,prompts/curl_up_and_lie_down.v1.en.txt,20,20-egyptian-mau,埃及猫,11,11-curl-up-and-lie-down,curl_up_and_lie_down,低头向画面左侧蜷卧并闭眼休息,0,249_20-egyptian-mau_11-curl-up-and-lie-down_seed-0,4,4.0,24,480,832,15:26,9:16,curl_up_and_lie_down.v1,pending_model_validation,9217effb2f85c4322c192edb9cc4c687268e1285527679229ed2d92161f10f6b,8414a980252d2baee6444085d2755563b7e0ccb3a138027e7cc6c1233be766eb
250,250,../data_h3/cat_ids/20_埃及猫.png,Ref_curl_up_and_lie_down_mirror.mp4,prepared/Ref_curl_up_and_lie_down_mirror.motion.mp4,prompts/curl_up_and_lie_down_mirror.v1.en.txt,20,20-egyptian-mau,埃及猫,12,12-curl-up-and-lie-down-mirror,curl_up_and_lie_down_mirror,低头向画面右侧蜷卧并闭眼休息,0,250_20-egyptian-mau_12-curl-up-and-lie-down-mirror_seed-0,4,4.0,24,480,832,15:26,9:16,curl_up_and_lie_down_mirror.v1,pending_model_validation,0ae3d03ab930f2329999e943296bf3ba83b1968a23833a258ffc30a3fc3491e0,5dcfd307dd80e4bd86fa73aff45f41f66eced8aba348a07f81f559f008a63527
251,251,../data_h3/cat_ids/20_埃及猫.png,walk_forward_to_screen.mp4,prepared/walk_forward_to_screen.motion.mp4,prompts/walk_forward_to_screen.v1.en.txt,20,20-egyptian-mau,埃及猫,13,13-walk-forward-to-screen,walk_forward_to_screen,起身向镜头走近并在近处站定,0,251_20-egyptian-mau_13-walk-forward-to-screen_seed-0,4,4.041699,24,480,832,15:26,9:16,walk_forward_to_screen.v1,pending_model_validation,18c1e41e3d0bc7b332298f78c798593c6903d921bcab1cd40f5525438039f02c,b63a08fc2ef943e20b969f5567a1c9334a3d7ca21d68db70b052c4345a83014a
252,252,../data_h3/cat_ids/21_奥西猫黄褐色.png,Ref_drag_ear.mp4,prepared/Ref_drag_ear.motion.mp4,prompts/drag_ear.v1.en.txt,21,21-ocicat-tawny,奥西猫黄褐色,02,02-pull-left-ear,drag_ear,左前爪轻擦左耳与脸部后恢复坐姿,0,252_21-ocicat-tawny_02-pull-left-ear_seed-0,4,4.0,24,480,832,15:26,9:16,drag_ear.v1,pending_model_validation,dbdc93fe3f0e922d0d53d3b6c78e213e176b5230876cf046e5da697fd2320d7b,241a5d66949edcf078e592e2d02939921c2ff68968a95640d4e5a7e2c4fe75c1
253,253,../data_h3/cat_ids/21_奥西猫黄褐色.png,Ref_drag_ear_mirror.mp4,prepared/Ref_drag_ear_mirror.motion.mp4,prompts/drag_ear_mirror.v1.en.txt,21,21-ocicat-tawny,奥西猫黄褐色,03,03-drag-ear-mirror,drag_ear_mirror,右前爪轻擦右耳与脸部后恢复坐姿,0,253_21-ocicat-tawny_03-drag-ear-mirror_seed-0,4,4.0,24,480,832,15:26,9:16,drag_ear_mirror.v1,pending_model_validation,68fc5e929e94c082c0da4f6ccda4e0b2f4f8e49e4da6baacf37e6a84c69f2fb3,f5a0412ed913f5aad8bffb33c68c3b0ad7f4923f44f06370f768483b146897f4
254,254,../data_h3/cat_ids/21_奥西猫黄褐色.png,Ref_cat_teaser1.mp4,prepared/Ref_cat_teaser1.motion.mp4,prompts/cat_teaser1.v1.en.txt,21,21-ocicat-tawny,奥西猫黄褐色,04,04-cat-teaser1,cat_teaser1,左前爪坐姿拨打逗猫棒后注视玩具,0,254_21-ocicat-tawny_04-cat-teaser1_seed-0,4,4.0,24,480,832,15:26,9:16,cat_teaser1.v1,pending_model_validation,28971748699ea020c1f7f9f78e45a8407665e85ec6df04732794d5fefc6126de,90ead0cb85338d88512f89fc4fdaa1599eaae717252a8a228289e47e9f7150f0
255,255,../data_h3/cat_ids/21_奥西猫黄褐色.png,Ref_cat_teaser1_mirror.mp4,prepared/Ref_cat_teaser1_mirror.motion.mp4,prompts/cat_teaser1_mirror.v1.en.txt,21,21-ocicat-tawny,奥西猫黄褐色,05,05-cat-teaser1-mirror,cat_teaser1_mirror,右前爪坐姿拨打逗猫棒后注视玩具,0,255_21-ocicat-tawny_05-cat-teaser1-mirror_seed-0,4,4.0,24,480,832,15:26,9:16,cat_teaser1_mirror.v1,pending_model_validation,5c7abea398cc5cec6ee97bd79e91c601838c2218c8101bd13041c5753a5e72ec,af450da4b11a442fbb8dc3b090842b494306a33800841e4f3ac9399fb1a3e695
256,256,../data_h3/cat_ids/21_奥西猫黄褐色.png,Ref_cat_teaser2.mp4,prepared/Ref_cat_teaser2.motion.mp4,prompts/cat_teaser2.v1.en.txt,21,21-ocicat-tawny,奥西猫黄褐色,06,06-cat-teaser2,cat_teaser2,起身向画面右侧追拍逗猫棒并站定,0,256_21-ocicat-tawny_06-cat-teaser2_seed-0,4,4.0,24,480,832,15:26,9:16,cat_teaser2.v1,pending_model_validation,d24950c871f5181f868624b0d0235308584d0cda7f2fe02eb6c362bca9be17e4,a8c95e9c38443d4d231086357cb356e7c98cb2af1a6bfa216feae39e945cc0ec
257,257,../data_h3/cat_ids/21_奥西猫黄褐色.png,Ref_cat_teaser2_mirror.mp4,prepared/Ref_cat_teaser2_mirror.motion.mp4,prompts/cat_teaser2_mirror.v1.en.txt,21,21-ocicat-tawny,奥西猫黄褐色,07,07-cat-teaser2-mirror,cat_teaser2_mirror,起身向画面左侧追拍逗猫棒并站定,0,257_21-ocicat-tawny_07-cat-teaser2-mirror_seed-0,4,4.0,24,480,832,15:26,9:16,cat_teaser2_mirror.v1,pending_model_validation,96e072371eb22e5b130ddeb5d0d5286b26069e03ec55aa98d8eb8998108588b0,7d4ae2310b662639649d68fa4f699951317c36f76eb715534248659d1924613d
258,258,../data_h3/cat_ids/21_奥西猫黄褐色.png,Ref_cat_teaser3.mp4,prepared/Ref_cat_teaser3.motion.mp4,prompts/cat_teaser3.v1.en.txt,21,21-ocicat-tawny,奥西猫黄褐色,08,08-cat-teaser3,cat_teaser3,双前爪抬起抓扑逗猫棒后落地坐定,0,258_21-ocicat-tawny_08-cat-teaser3_seed-0,4,4.0,24,480,832,15:26,9:16,cat_teaser3.v1,pending_model_validation,28125c76324f19aa23e77ae9b7227ec9da10d152f0fe3eb89243ddf4b0cd0c6b,71df79527a94810bcacebc9cb956fa137c891a4ed437386697434b19c5fbb7ce
259,259,../data_h3/cat_ids/21_奥西猫黄褐色.png,Ref_drag_yarn_ball_and_catch.mp4,prepared/Ref_drag_yarn_ball_and_catch.motion.mp4,prompts/drag_yarn_ball_and_catch.v1.en.txt,21,21-ocicat-tawny,奥西猫黄褐色,09,09-drag-yarn-ball-and-catch,drag_yarn_ball_and_catch,追扑从画面左向右滚动的毛线球并按住,0,259_21-ocicat-tawny_09-drag-yarn-ball-and-catch_seed-0,4,4.0,24,480,832,15:26,9:16,drag_yarn_ball_and_catch.v1,pending_model_validation,7ebe1b2a01564d805523f56b909e9a53772ebed08cbeda3c79c1765cceab70f6,5b888bc1cdc661bc3b5760445027966ef8d36a31c447614acbd23d3ca6af442e
260,260,../data_h3/cat_ids/21_奥西猫黄褐色.png,Ref_drag_yarn_ball_and_catch_mirror.mp4,prepared/Ref_drag_yarn_ball_and_catch_mirror.motion.mp4,prompts/drag_yarn_ball_and_catch_mirror.v1.en.txt,21,21-ocicat-tawny,奥西猫黄褐色,10,10-drag-yarn-ball-and-catch-mirror,drag_yarn_ball_and_catch_mirror,追扑从画面右向左滚动的毛线球并按住,0,260_21-ocicat-tawny_10-drag-yarn-ball-and-catch-mirror_seed-0,4,4.0,24,480,832,15:26,9:16,drag_yarn_ball_and_catch_mirror.v1,pending_model_validation,477225bf4f6fca729b4947c68a49ba53af5fb0428686571bc103a6f680058a2d,8b44957f6ebaca7c04c4a0af6bf4fbb65085b8ecf0acaf3433dc727a25b74982
261,261,../data_h3/cat_ids/21_奥西猫黄褐色.png, Ref_curl_up_and_lie_down.mp4,prepared/ Ref_curl_up_and_lie_down.motion.mp4,prompts/curl_up_and_lie_down.v1.en.txt,21,21-ocicat-tawny,奥西猫黄褐色,11,11-curl-up-and-lie-down,curl_up_and_lie_down,低头向画面左侧蜷卧并闭眼休息,0,261_21-ocicat-tawny_11-curl-up-and-lie-down_seed-0,4,4.0,24,480,832,15:26,9:16,curl_up_and_lie_down.v1,pending_model_validation,9217effb2f85c4322c192edb9cc4c687268e1285527679229ed2d92161f10f6b,8414a980252d2baee6444085d2755563b7e0ccb3a138027e7cc6c1233be766eb
262,262,../data_h3/cat_ids/21_奥西猫黄褐色.png,Ref_curl_up_and_lie_down_mirror.mp4,prepared/Ref_curl_up_and_lie_down_mirror.motion.mp4,prompts/curl_up_and_lie_down_mirror.v1.en.txt,21,21-ocicat-tawny,奥西猫黄褐色,12,12-curl-up-and-lie-down-mirror,curl_up_and_lie_down_mirror,低头向画面右侧蜷卧并闭眼休息,0,262_21-ocicat-tawny_12-curl-up-and-lie-down-mirror_seed-0,4,4.0,24,480,832,15:26,9:16,curl_up_and_lie_down_mirror.v1,pending_model_validation,0ae3d03ab930f2329999e943296bf3ba83b1968a23833a258ffc30a3fc3491e0,5dcfd307dd80e4bd86fa73aff45f41f66eced8aba348a07f81f559f008a63527
263,263,../data_h3/cat_ids/21_奥西猫黄褐色.png,walk_forward_to_screen.mp4,prepared/walk_forward_to_screen.motion.mp4,prompts/walk_forward_to_screen.v1.en.txt,21,21-ocicat-tawny,奥西猫黄褐色,13,13-walk-forward-to-screen,walk_forward_to_screen,起身向镜头走近并在近处站定,0,263_21-ocicat-tawny_13-walk-forward-to-screen_seed-0,4,4.041699,24,480,832,15:26,9:16,walk_forward_to_screen.v1,pending_model_validation,18c1e41e3d0bc7b332298f78c798593c6903d921bcab1cd40f5525438039f02c,b63a08fc2ef943e20b969f5567a1c9334a3d7ca21d68db70b052c4345a83014a
264,264,../data_h3/cat_ids/22_萨凡纳猫.png,Ref_drag_ear.mp4,prepared/Ref_drag_ear.motion.mp4,prompts/drag_ear.v1.en.txt,22,22-savannah,萨凡纳猫,02,02-pull-left-ear,drag_ear,左前爪轻擦左耳与脸部后恢复坐姿,0,264_22-savannah_02-pull-left-ear_seed-0,4,4.0,24,480,832,15:26,9:16,drag_ear.v1,pending_model_validation,dbdc93fe3f0e922d0d53d3b6c78e213e176b5230876cf046e5da697fd2320d7b,241a5d66949edcf078e592e2d02939921c2ff68968a95640d4e5a7e2c4fe75c1
265,265,../data_h3/cat_ids/22_萨凡纳猫.png,Ref_drag_ear_mirror.mp4,prepared/Ref_drag_ear_mirror.motion.mp4,prompts/drag_ear_mirror.v1.en.txt,22,22-savannah,萨凡纳猫,03,03-drag-ear-mirror,drag_ear_mirror,右前爪轻擦右耳与脸部后恢复坐姿,0,265_22-savannah_03-drag-ear-mirror_seed-0,4,4.0,24,480,832,15:26,9:16,drag_ear_mirror.v1,pending_model_validation,68fc5e929e94c082c0da4f6ccda4e0b2f4f8e49e4da6baacf37e6a84c69f2fb3,f5a0412ed913f5aad8bffb33c68c3b0ad7f4923f44f06370f768483b146897f4
266,266,../data_h3/cat_ids/22_萨凡纳猫.png,Ref_cat_teaser1.mp4,prepared/Ref_cat_teaser1.motion.mp4,prompts/cat_teaser1.v1.en.txt,22,22-savannah,萨凡纳猫,04,04-cat-teaser1,cat_teaser1,左前爪坐姿拨打逗猫棒后注视玩具,0,266_22-savannah_04-cat-teaser1_seed-0,4,4.0,24,480,832,15:26,9:16,cat_teaser1.v1,pending_model_validation,28971748699ea020c1f7f9f78e45a8407665e85ec6df04732794d5fefc6126de,90ead0cb85338d88512f89fc4fdaa1599eaae717252a8a228289e47e9f7150f0
267,267,../data_h3/cat_ids/22_萨凡纳猫.png,Ref_cat_teaser1_mirror.mp4,prepared/Ref_cat_teaser1_mirror.motion.mp4,prompts/cat_teaser1_mirror.v1.en.txt,22,22-savannah,萨凡纳猫,05,05-cat-teaser1-mirror,cat_teaser1_mirror,右前爪坐姿拨打逗猫棒后注视玩具,0,267_22-savannah_05-cat-teaser1-mirror_seed-0,4,4.0,24,480,832,15:26,9:16,cat_teaser1_mirror.v1,pending_model_validation,5c7abea398cc5cec6ee97bd79e91c601838c2218c8101bd13041c5753a5e72ec,af450da4b11a442fbb8dc3b090842b494306a33800841e4f3ac9399fb1a3e695
268,268,../data_h3/cat_ids/22_萨凡纳猫.png,Ref_cat_teaser2.mp4,prepared/Ref_cat_teaser2.motion.mp4,prompts/cat_teaser2.v1.en.txt,22,22-savannah,萨凡纳猫,06,06-cat-teaser2,cat_teaser2,起身向画面右侧追拍逗猫棒并站定,0,268_22-savannah_06-cat-teaser2_seed-0,4,4.0,24,480,832,15:26,9:16,cat_teaser2.v1,pending_model_validation,d24950c871f5181f868624b0d0235308584d0cda7f2fe02eb6c362bca9be17e4,a8c95e9c38443d4d231086357cb356e7c98cb2af1a6bfa216feae39e945cc0ec
269,269,../data_h3/cat_ids/22_萨凡纳猫.png,Ref_cat_teaser2_mirror.mp4,prepared/Ref_cat_teaser2_mirror.motion.mp4,prompts/cat_teaser2_mirror.v1.en.txt,22,22-savannah,萨凡纳猫,07,07-cat-teaser2-mirror,cat_teaser2_mirror,起身向画面左侧追拍逗猫棒并站定,0,269_22-savannah_07-cat-teaser2-mirror_seed-0,4,4.0,24,480,832,15:26,9:16,cat_teaser2_mirror.v1,pending_model_validation,96e072371eb22e5b130ddeb5d0d5286b26069e03ec55aa98d8eb8998108588b0,7d4ae2310b662639649d68fa4f699951317c36f76eb715534248659d1924613d
270,270,../data_h3/cat_ids/22_萨凡纳猫.png,Ref_cat_teaser3.mp4,prepared/Ref_cat_teaser3.motion.mp4,prompts/cat_teaser3.v1.en.txt,22,22-savannah,萨凡纳猫,08,08-cat-teaser3,cat_teaser3,双前爪抬起抓扑逗猫棒后落地坐定,0,270_22-savannah_08-cat-teaser3_seed-0,4,4.0,24,480,832,15:26,9:16,cat_teaser3.v1,pending_model_validation,28125c76324f19aa23e77ae9b7227ec9da10d152f0fe3eb89243ddf4b0cd0c6b,71df79527a94810bcacebc9cb956fa137c891a4ed437386697434b19c5fbb7ce
271,271,../data_h3/cat_ids/22_萨凡纳猫.png,Ref_drag_yarn_ball_and_catch.mp4,prepared/Ref_drag_yarn_ball_and_catch.motion.mp4,prompts/drag_yarn_ball_and_catch.v1.en.txt,22,22-savannah,萨凡纳猫,09,09-drag-yarn-ball-and-catch,drag_yarn_ball_and_catch,追扑从画面左向右滚动的毛线球并按住,0,271_22-savannah_09-drag-yarn-ball-and-catch_seed-0,4,4.0,24,480,832,15:26,9:16,drag_yarn_ball_and_catch.v1,pending_model_validation,7ebe1b2a01564d805523f56b909e9a53772ebed08cbeda3c79c1765cceab70f6,5b888bc1cdc661bc3b5760445027966ef8d36a31c447614acbd23d3ca6af442e
272,272,../data_h3/cat_ids/22_萨凡纳猫.png,Ref_drag_yarn_ball_and_catch_mirror.mp4,prepared/Ref_drag_yarn_ball_and_catch_mirror.motion.mp4,prompts/drag_yarn_ball_and_catch_mirror.v1.en.txt,22,22-savannah,萨凡纳猫,10,10-drag-yarn-ball-and-catch-mirror,drag_yarn_ball_and_catch_mirror,追扑从画面右向左滚动的毛线球并按住,0,272_22-savannah_10-drag-yarn-ball-and-catch-mirror_seed-0,4,4.0,24,480,832,15:26,9:16,drag_yarn_ball_and_catch_mirror.v1,pending_model_validation,477225bf4f6fca729b4947c68a49ba53af5fb0428686571bc103a6f680058a2d,8b44957f6ebaca7c04c4a0af6bf4fbb65085b8ecf0acaf3433dc727a25b74982
273,273,../data_h3/cat_ids/22_萨凡纳猫.png, Ref_curl_up_and_lie_down.mp4,prepared/ Ref_curl_up_and_lie_down.motion.mp4,prompts/curl_up_and_lie_down.v1.en.txt,22,22-savannah,萨凡纳猫,11,11-curl-up-and-lie-down,curl_up_and_lie_down,低头向画面左侧蜷卧并闭眼休息,0,273_22-savannah_11-curl-up-and-lie-down_seed-0,4,4.0,24,480,832,15:26,9:16,curl_up_and_lie_down.v1,pending_model_validation,9217effb2f85c4322c192edb9cc4c687268e1285527679229ed2d92161f10f6b,8414a980252d2baee6444085d2755563b7e0ccb3a138027e7cc6c1233be766eb
274,274,../data_h3/cat_ids/22_萨凡纳猫.png,Ref_curl_up_and_lie_down_mirror.mp4,prepared/Ref_curl_up_and_lie_down_mirror.motion.mp4,prompts/curl_up_and_lie_down_mirror.v1.en.txt,22,22-savannah,萨凡纳猫,12,12-curl-up-and-lie-down-mirror,curl_up_and_lie_down_mirror,低头向画面右侧蜷卧并闭眼休息,0,274_22-savannah_12-curl-up-and-lie-down-mirror_seed-0,4,4.0,24,480,832,15:26,9:16,curl_up_and_lie_down_mirror.v1,pending_model_validation,0ae3d03ab930f2329999e943296bf3ba83b1968a23833a258ffc30a3fc3491e0,5dcfd307dd80e4bd86fa73aff45f41f66eced8aba348a07f81f559f008a63527
275,275,../data_h3/cat_ids/22_萨凡纳猫.png,walk_forward_to_screen.mp4,prepared/walk_forward_to_screen.motion.mp4,prompts/walk_forward_to_screen.v1.en.txt,22,22-savannah,萨凡纳猫,13,13-walk-forward-to-screen,walk_forward_to_screen,起身向镜头走近并在近处站定,0,275_22-savannah_13-walk-forward-to-screen_seed-0,4,4.041699,24,480,832,15:26,9:16,walk_forward_to_screen.v1,pending_model_validation,18c1e41e3d0bc7b332298f78c798593c6903d921bcab1cd40f5525438039f02c,b63a08fc2ef943e20b969f5567a1c9334a3d7ca21d68db70b052c4345a83014a
276,276,../data_h3/cat_ids/23_缅因猫.png,Ref_drag_ear.mp4,prepared/Ref_drag_ear.motion.mp4,prompts/drag_ear.v1.en.txt,23,23-maine-coon,缅因猫,02,02-pull-left-ear,drag_ear,左前爪轻擦左耳与脸部后恢复坐姿,0,276_23-maine-coon_02-pull-left-ear_seed-0,4,4.0,24,480,832,15:26,9:16,drag_ear.v1,pending_model_validation,dbdc93fe3f0e922d0d53d3b6c78e213e176b5230876cf046e5da697fd2320d7b,241a5d66949edcf078e592e2d02939921c2ff68968a95640d4e5a7e2c4fe75c1
277,277,../data_h3/cat_ids/23_缅因猫.png,Ref_drag_ear_mirror.mp4,prepared/Ref_drag_ear_mirror.motion.mp4,prompts/drag_ear_mirror.v1.en.txt,23,23-maine-coon,缅因猫,03,03-drag-ear-mirror,drag_ear_mirror,右前爪轻擦右耳与脸部后恢复坐姿,0,277_23-maine-coon_03-drag-ear-mirror_seed-0,4,4.0,24,480,832,15:26,9:16,drag_ear_mirror.v1,pending_model_validation,68fc5e929e94c082c0da4f6ccda4e0b2f4f8e49e4da6baacf37e6a84c69f2fb3,f5a0412ed913f5aad8bffb33c68c3b0ad7f4923f44f06370f768483b146897f4
278,278,../data_h3/cat_ids/23_缅因猫.png,Ref_cat_teaser1.mp4,prepared/Ref_cat_teaser1.motion.mp4,prompts/cat_teaser1.v1.en.txt,23,23-maine-coon,缅因猫,04,04-cat-teaser1,cat_teaser1,左前爪坐姿拨打逗猫棒后注视玩具,0,278_23-maine-coon_04-cat-teaser1_seed-0,4,4.0,24,480,832,15:26,9:16,cat_teaser1.v1,pending_model_validation,28971748699ea020c1f7f9f78e45a8407665e85ec6df04732794d5fefc6126de,90ead0cb85338d88512f89fc4fdaa1599eaae717252a8a228289e47e9f7150f0
279,279,../data_h3/cat_ids/23_缅因猫.png,Ref_cat_teaser1_mirror.mp4,prepared/Ref_cat_teaser1_mirror.motion.mp4,prompts/cat_teaser1_mirror.v1.en.txt,23,23-maine-coon,缅因猫,05,05-cat-teaser1-mirror,cat_teaser1_mirror,右前爪坐姿拨打逗猫棒后注视玩具,0,279_23-maine-coon_05-cat-teaser1-mirror_seed-0,4,4.0,24,480,832,15:26,9:16,cat_teaser1_mirror.v1,pending_model_validation,5c7abea398cc5cec6ee97bd79e91c601838c2218c8101bd13041c5753a5e72ec,af450da4b11a442fbb8dc3b090842b494306a33800841e4f3ac9399fb1a3e695
280,280,../data_h3/cat_ids/23_缅因猫.png,Ref_cat_teaser2.mp4,prepared/Ref_cat_teaser2.motion.mp4,prompts/cat_teaser2.v1.en.txt,23,23-maine-coon,缅因猫,06,06-cat-teaser2,cat_teaser2,起身向画面右侧追拍逗猫棒并站定,0,280_23-maine-coon_06-cat-teaser2_seed-0,4,4.0,24,480,832,15:26,9:16,cat_teaser2.v1,pending_model_validation,d24950c871f5181f868624b0d0235308584d0cda7f2fe02eb6c362bca9be17e4,a8c95e9c38443d4d231086357cb356e7c98cb2af1a6bfa216feae39e945cc0ec
281,281,../data_h3/cat_ids/23_缅因猫.png,Ref_cat_teaser2_mirror.mp4,prepared/Ref_cat_teaser2_mirror.motion.mp4,prompts/cat_teaser2_mirror.v1.en.txt,23,23-maine-coon,缅因猫,07,07-cat-teaser2-mirror,cat_teaser2_mirror,起身向画面左侧追拍逗猫棒并站定,0,281_23-maine-coon_07-cat-teaser2-mirror_seed-0,4,4.0,24,480,832,15:26,9:16,cat_teaser2_mirror.v1,pending_model_validation,96e072371eb22e5b130ddeb5d0d5286b26069e03ec55aa98d8eb8998108588b0,7d4ae2310b662639649d68fa4f699951317c36f76eb715534248659d1924613d
282,282,../data_h3/cat_ids/23_缅因猫.png,Ref_cat_teaser3.mp4,prepared/Ref_cat_teaser3.motion.mp4,prompts/cat_teaser3.v1.en.txt,23,23-maine-coon,缅因猫,08,08-cat-teaser3,cat_teaser3,双前爪抬起抓扑逗猫棒后落地坐定,0,282_23-maine-coon_08-cat-teaser3_seed-0,4,4.0,24,480,832,15:26,9:16,cat_teaser3.v1,pending_model_validation,28125c76324f19aa23e77ae9b7227ec9da10d152f0fe3eb89243ddf4b0cd0c6b,71df79527a94810bcacebc9cb956fa137c891a4ed437386697434b19c5fbb7ce
283,283,../data_h3/cat_ids/23_缅因猫.png,Ref_drag_yarn_ball_and_catch.mp4,prepared/Ref_drag_yarn_ball_and_catch.motion.mp4,prompts/drag_yarn_ball_and_catch.v1.en.txt,23,23-maine-coon,缅因猫,09,09-drag-yarn-ball-and-catch,drag_yarn_ball_and_catch,追扑从画面左向右滚动的毛线球并按住,0,283_23-maine-coon_09-drag-yarn-ball-and-catch_seed-0,4,4.0,24,480,832,15:26,9:16,drag_yarn_ball_and_catch.v1,pending_model_validation,7ebe1b2a01564d805523f56b909e9a53772ebed08cbeda3c79c1765cceab70f6,5b888bc1cdc661bc3b5760445027966ef8d36a31c447614acbd23d3ca6af442e
284,284,../data_h3/cat_ids/23_缅因猫.png,Ref_drag_yarn_ball_and_catch_mirror.mp4,prepared/Ref_drag_yarn_ball_and_catch_mirror.motion.mp4,prompts/drag_yarn_ball_and_catch_mirror.v1.en.txt,23,23-maine-coon,缅因猫,10,10-drag-yarn-ball-and-catch-mirror,drag_yarn_ball_and_catch_mirror,追扑从画面右向左滚动的毛线球并按住,0,284_23-maine-coon_10-drag-yarn-ball-and-catch-mirror_seed-0,4,4.0,24,480,832,15:26,9:16,drag_yarn_ball_and_catch_mirror.v1,pending_model_validation,477225bf4f6fca729b4947c68a49ba53af5fb0428686571bc103a6f680058a2d,8b44957f6ebaca7c04c4a0af6bf4fbb65085b8ecf0acaf3433dc727a25b74982
285,285,../data_h3/cat_ids/23_缅因猫.png, Ref_curl_up_and_lie_down.mp4,prepared/ Ref_curl_up_and_lie_down.motion.mp4,prompts/curl_up_and_lie_down.v1.en.txt,23,23-maine-coon,缅因猫,11,11-curl-up-and-lie-down,curl_up_and_lie_down,低头向画面左侧蜷卧并闭眼休息,0,285_23-maine-coon_11-curl-up-and-lie-down_seed-0,4,4.0,24,480,832,15:26,9:16,curl_up_and_lie_down.v1,pending_model_validation,9217effb2f85c4322c192edb9cc4c687268e1285527679229ed2d92161f10f6b,8414a980252d2baee6444085d2755563b7e0ccb3a138027e7cc6c1233be766eb
286,286,../data_h3/cat_ids/23_缅因猫.png,Ref_curl_up_and_lie_down_mirror.mp4,prepared/Ref_curl_up_and_lie_down_mirror.motion.mp4,prompts/curl_up_and_lie_down_mirror.v1.en.txt,23,23-maine-coon,缅因猫,12,12-curl-up-and-lie-down-mirror,curl_up_and_lie_down_mirror,低头向画面右侧蜷卧并闭眼休息,0,286_23-maine-coon_12-curl-up-and-lie-down-mirror_seed-0,4,4.0,24,480,832,15:26,9:16,curl_up_and_lie_down_mirror.v1,pending_model_validation,0ae3d03ab930f2329999e943296bf3ba83b1968a23833a258ffc30a3fc3491e0,5dcfd307dd80e4bd86fa73aff45f41f66eced8aba348a07f81f559f008a63527
287,287,../data_h3/cat_ids/23_缅因猫.png,walk_forward_to_screen.mp4,prepared/walk_forward_to_screen.motion.mp4,prompts/walk_forward_to_screen.v1.en.txt,23,23-maine-coon,缅因猫,13,13-walk-forward-to-screen,walk_forward_to_screen,起身向镜头走近并在近处站定,0,287_23-maine-coon_13-walk-forward-to-screen_seed-0,4,4.041699,24,480,832,15:26,9:16,walk_forward_to_screen.v1,pending_model_validation,18c1e41e3d0bc7b332298f78c798593c6903d921bcab1cd40f5525438039f02c,b63a08fc2ef943e20b969f5567a1c9334a3d7ca21d68db70b052c4345a83014a
288,288,../data_h3/cat_ids/24_挪威森林猫琥珀色.png,Ref_drag_ear.mp4,prepared/Ref_drag_ear.motion.mp4,prompts/drag_ear.v1.en.txt,24,24-norwegian-forest-amber,挪威森林猫琥珀色,02,02-pull-left-ear,drag_ear,左前爪轻擦左耳与脸部后恢复坐姿,0,288_24-norwegian-forest-amber_02-pull-left-ear_seed-0,4,4.0,24,480,832,15:26,9:16,drag_ear.v1,pending_model_validation,dbdc93fe3f0e922d0d53d3b6c78e213e176b5230876cf046e5da697fd2320d7b,241a5d66949edcf078e592e2d02939921c2ff68968a95640d4e5a7e2c4fe75c1
289,289,../data_h3/cat_ids/24_挪威森林猫琥珀色.png,Ref_drag_ear_mirror.mp4,prepared/Ref_drag_ear_mirror.motion.mp4,prompts/drag_ear_mirror.v1.en.txt,24,24-norwegian-forest-amber,挪威森林猫琥珀色,03,03-drag-ear-mirror,drag_ear_mirror,右前爪轻擦右耳与脸部后恢复坐姿,0,289_24-norwegian-forest-amber_03-drag-ear-mirror_seed-0,4,4.0,24,480,832,15:26,9:16,drag_ear_mirror.v1,pending_model_validation,68fc5e929e94c082c0da4f6ccda4e0b2f4f8e49e4da6baacf37e6a84c69f2fb3,f5a0412ed913f5aad8bffb33c68c3b0ad7f4923f44f06370f768483b146897f4
290,290,../data_h3/cat_ids/24_挪威森林猫琥珀色.png,Ref_cat_teaser1.mp4,prepared/Ref_cat_teaser1.motion.mp4,prompts/cat_teaser1.v1.en.txt,24,24-norwegian-forest-amber,挪威森林猫琥珀色,04,04-cat-teaser1,cat_teaser1,左前爪坐姿拨打逗猫棒后注视玩具,0,290_24-norwegian-forest-amber_04-cat-teaser1_seed-0,4,4.0,24,480,832,15:26,9:16,cat_teaser1.v1,pending_model_validation,28971748699ea020c1f7f9f78e45a8407665e85ec6df04732794d5fefc6126de,90ead0cb85338d88512f89fc4fdaa1599eaae717252a8a228289e47e9f7150f0
291,291,../data_h3/cat_ids/24_挪威森林猫琥珀色.png,Ref_cat_teaser1_mirror.mp4,prepared/Ref_cat_teaser1_mirror.motion.mp4,prompts/cat_teaser1_mirror.v1.en.txt,24,24-norwegian-forest-amber,挪威森林猫琥珀色,05,05-cat-teaser1-mirror,cat_teaser1_mirror,右前爪坐姿拨打逗猫棒后注视玩具,0,291_24-norwegian-forest-amber_05-cat-teaser1-mirror_seed-0,4,4.0,24,480,832,15:26,9:16,cat_teaser1_mirror.v1,pending_model_validation,5c7abea398cc5cec6ee97bd79e91c601838c2218c8101bd13041c5753a5e72ec,af450da4b11a442fbb8dc3b090842b494306a33800841e4f3ac9399fb1a3e695
292,292,../data_h3/cat_ids/24_挪威森林猫琥珀色.png,Ref_cat_teaser2.mp4,prepared/Ref_cat_teaser2.motion.mp4,prompts/cat_teaser2.v1.en.txt,24,24-norwegian-forest-amber,挪威森林猫琥珀色,06,06-cat-teaser2,cat_teaser2,起身向画面右侧追拍逗猫棒并站定,0,292_24-norwegian-forest-amber_06-cat-teaser2_seed-0,4,4.0,24,480,832,15:26,9:16,cat_teaser2.v1,pending_model_validation,d24950c871f5181f868624b0d0235308584d0cda7f2fe02eb6c362bca9be17e4,a8c95e9c38443d4d231086357cb356e7c98cb2af1a6bfa216feae39e945cc0ec
293,293,../data_h3/cat_ids/24_挪威森林猫琥珀色.png,Ref_cat_teaser2_mirror.mp4,prepared/Ref_cat_teaser2_mirror.motion.mp4,prompts/cat_teaser2_mirror.v1.en.txt,24,24-norwegian-forest-amber,挪威森林猫琥珀色,07,07-cat-teaser2-mirror,cat_teaser2_mirror,起身向画面左侧追拍逗猫棒并站定,0,293_24-norwegian-forest-amber_07-cat-teaser2-mirror_seed-0,4,4.0,24,480,832,15:26,9:16,cat_teaser2_mirror.v1,pending_model_validation,96e072371eb22e5b130ddeb5d0d5286b26069e03ec55aa98d8eb8998108588b0,7d4ae2310b662639649d68fa4f699951317c36f76eb715534248659d1924613d
294,294,../data_h3/cat_ids/24_挪威森林猫琥珀色.png,Ref_cat_teaser3.mp4,prepared/Ref_cat_teaser3.motion.mp4,prompts/cat_teaser3.v1.en.txt,24,24-norwegian-forest-amber,挪威森林猫琥珀色,08,08-cat-teaser3,cat_teaser3,双前爪抬起抓扑逗猫棒后落地坐定,0,294_24-norwegian-forest-amber_08-cat-teaser3_seed-0,4,4.0,24,480,832,15:26,9:16,cat_teaser3.v1,pending_model_validation,28125c76324f19aa23e77ae9b7227ec9da10d152f0fe3eb89243ddf4b0cd0c6b,71df79527a94810bcacebc9cb956fa137c891a4ed437386697434b19c5fbb7ce
295,295,../data_h3/cat_ids/24_挪威森林猫琥珀色.png,Ref_drag_yarn_ball_and_catch.mp4,prepared/Ref_drag_yarn_ball_and_catch.motion.mp4,prompts/drag_yarn_ball_and_catch.v1.en.txt,24,24-norwegian-forest-amber,挪威森林猫琥珀色,09,09-drag-yarn-ball-and-catch,drag_yarn_ball_and_catch,追扑从画面左向右滚动的毛线球并按住,0,295_24-norwegian-forest-amber_09-drag-yarn-ball-and-catch_seed-0,4,4.0,24,480,832,15:26,9:16,drag_yarn_ball_and_catch.v1,pending_model_validation,7ebe1b2a01564d805523f56b909e9a53772ebed08cbeda3c79c1765cceab70f6,5b888bc1cdc661bc3b5760445027966ef8d36a31c447614acbd23d3ca6af442e
296,296,../data_h3/cat_ids/24_挪威森林猫琥珀色.png,Ref_drag_yarn_ball_and_catch_mirror.mp4,prepared/Ref_drag_yarn_ball_and_catch_mirror.motion.mp4,prompts/drag_yarn_ball_and_catch_mirror.v1.en.txt,24,24-norwegian-forest-amber,挪威森林猫琥珀色,10,10-drag-yarn-ball-and-catch-mirror,drag_yarn_ball_and_catch_mirror,追扑从画面右向左滚动的毛线球并按住,0,296_24-norwegian-forest-amber_10-drag-yarn-ball-and-catch-mirror_seed-0,4,4.0,24,480,832,15:26,9:16,drag_yarn_ball_and_catch_mirror.v1,pending_model_validation,477225bf4f6fca729b4947c68a49ba53af5fb0428686571bc103a6f680058a2d,8b44957f6ebaca7c04c4a0af6bf4fbb65085b8ecf0acaf3433dc727a25b74982
297,297,../data_h3/cat_ids/24_挪威森林猫琥珀色.png, Ref_curl_up_and_lie_down.mp4,prepared/ Ref_curl_up_and_lie_down.motion.mp4,prompts/curl_up_and_lie_down.v1.en.txt,24,24-norwegian-forest-amber,挪威森林猫琥珀色,11,11-curl-up-and-lie-down,curl_up_and_lie_down,低头向画面左侧蜷卧并闭眼休息,0,297_24-norwegian-forest-amber_11-curl-up-and-lie-down_seed-0,4,4.0,24,480,832,15:26,9:16,curl_up_and_lie_down.v1,pending_model_validation,9217effb2f85c4322c192edb9cc4c687268e1285527679229ed2d92161f10f6b,8414a980252d2baee6444085d2755563b7e0ccb3a138027e7cc6c1233be766eb
298,298,../data_h3/cat_ids/24_挪威森林猫琥珀色.png,Ref_curl_up_and_lie_down_mirror.mp4,prepared/Ref_curl_up_and_lie_down_mirror.motion.mp4,prompts/curl_up_and_lie_down_mirror.v1.en.txt,24,24-norwegian-forest-amber,挪威森林猫琥珀色,12,12-curl-up-and-lie-down-mirror,curl_up_and_lie_down_mirror,低头向画面右侧蜷卧并闭眼休息,0,298_24-norwegian-forest-amber_12-curl-up-and-lie-down-mirror_seed-0,4,4.0,24,480,832,15:26,9:16,curl_up_and_lie_down_mirror.v1,pending_model_validation,0ae3d03ab930f2329999e943296bf3ba83b1968a23833a258ffc30a3fc3491e0,5dcfd307dd80e4bd86fa73aff45f41f66eced8aba348a07f81f559f008a63527
299,299,../data_h3/cat_ids/24_挪威森林猫琥珀色.png,walk_forward_to_screen.mp4,prepared/walk_forward_to_screen.motion.mp4,prompts/walk_forward_to_screen.v1.en.txt,24,24-norwegian-forest-amber,挪威森林猫琥珀色,13,13-walk-forward-to-screen,walk_forward_to_screen,起身向镜头走近并在近处站定,0,299_24-norwegian-forest-amber_13-walk-forward-to-screen_seed-0,4,4.041699,24,480,832,15:26,9:16,walk_forward_to_screen.v1,pending_model_validation,18c1e41e3d0bc7b332298f78c798593c6903d921bcab1cd40f5525438039f02c,b63a08fc2ef943e20b969f5567a1c9334a3d7ca21d68db70b052c4345a83014a
300,300,../data_h3/cat_ids/25_西伯利亚猫银色.png,Ref_drag_ear.mp4,prepared/Ref_drag_ear.motion.mp4,prompts/drag_ear.v1.en.txt,25,25-siberian-silver,西伯利亚猫银色,02,02-pull-left-ear,drag_ear,左前爪轻擦左耳与脸部后恢复坐姿,0,300_25-siberian-silver_02-pull-left-ear_seed-0,4,4.0,24,480,832,15:26,9:16,drag_ear.v1,pending_model_validation,dbdc93fe3f0e922d0d53d3b6c78e213e176b5230876cf046e5da697fd2320d7b,241a5d66949edcf078e592e2d02939921c2ff68968a95640d4e5a7e2c4fe75c1
301,301,../data_h3/cat_ids/25_西伯利亚猫银色.png,Ref_drag_ear_mirror.mp4,prepared/Ref_drag_ear_mirror.motion.mp4,prompts/drag_ear_mirror.v1.en.txt,25,25-siberian-silver,西伯利亚猫银色,03,03-drag-ear-mirror,drag_ear_mirror,右前爪轻擦右耳与脸部后恢复坐姿,0,301_25-siberian-silver_03-drag-ear-mirror_seed-0,4,4.0,24,480,832,15:26,9:16,drag_ear_mirror.v1,pending_model_validation,68fc5e929e94c082c0da4f6ccda4e0b2f4f8e49e4da6baacf37e6a84c69f2fb3,f5a0412ed913f5aad8bffb33c68c3b0ad7f4923f44f06370f768483b146897f4
302,302,../data_h3/cat_ids/25_西伯利亚猫银色.png,Ref_cat_teaser1.mp4,prepared/Ref_cat_teaser1.motion.mp4,prompts/cat_teaser1.v1.en.txt,25,25-siberian-silver,西伯利亚猫银色,04,04-cat-teaser1,cat_teaser1,左前爪坐姿拨打逗猫棒后注视玩具,0,302_25-siberian-silver_04-cat-teaser1_seed-0,4,4.0,24,480,832,15:26,9:16,cat_teaser1.v1,pending_model_validation,28971748699ea020c1f7f9f78e45a8407665e85ec6df04732794d5fefc6126de,90ead0cb85338d88512f89fc4fdaa1599eaae717252a8a228289e47e9f7150f0
303,303,../data_h3/cat_ids/25_西伯利亚猫银色.png,Ref_cat_teaser1_mirror.mp4,prepared/Ref_cat_teaser1_mirror.motion.mp4,prompts/cat_teaser1_mirror.v1.en.txt,25,25-siberian-silver,西伯利亚猫银色,05,05-cat-teaser1-mirror,cat_teaser1_mirror,右前爪坐姿拨打逗猫棒后注视玩具,0,303_25-siberian-silver_05-cat-teaser1-mirror_seed-0,4,4.0,24,480,832,15:26,9:16,cat_teaser1_mirror.v1,pending_model_validation,5c7abea398cc5cec6ee97bd79e91c601838c2218c8101bd13041c5753a5e72ec,af450da4b11a442fbb8dc3b090842b494306a33800841e4f3ac9399fb1a3e695
304,304,../data_h3/cat_ids/25_西伯利亚猫银色.png,Ref_cat_teaser2.mp4,prepared/Ref_cat_teaser2.motion.mp4,prompts/cat_teaser2.v1.en.txt,25,25-siberian-silver,西伯利亚猫银色,06,06-cat-teaser2,cat_teaser2,起身向画面右侧追拍逗猫棒并站定,0,304_25-siberian-silver_06-cat-teaser2_seed-0,4,4.0,24,480,832,15:26,9:16,cat_teaser2.v1,pending_model_validation,d24950c871f5181f868624b0d0235308584d0cda7f2fe02eb6c362bca9be17e4,a8c95e9c38443d4d231086357cb356e7c98cb2af1a6bfa216feae39e945cc0ec
305,305,../data_h3/cat_ids/25_西伯利亚猫银色.png,Ref_cat_teaser2_mirror.mp4,prepared/Ref_cat_teaser2_mirror.motion.mp4,prompts/cat_teaser2_mirror.v1.en.txt,25,25-siberian-silver,西伯利亚猫银色,07,07-cat-teaser2-mirror,cat_teaser2_mirror,起身向画面左侧追拍逗猫棒并站定,0,305_25-siberian-silver_07-cat-teaser2-mirror_seed-0,4,4.0,24,480,832,15:26,9:16,cat_teaser2_mirror.v1,pending_model_validation,96e072371eb22e5b130ddeb5d0d5286b26069e03ec55aa98d8eb8998108588b0,7d4ae2310b662639649d68fa4f699951317c36f76eb715534248659d1924613d
306,306,../data_h3/cat_ids/25_西伯利亚猫银色.png,Ref_cat_teaser3.mp4,prepared/Ref_cat_teaser3.motion.mp4,prompts/cat_teaser3.v1.en.txt,25,25-siberian-silver,西伯利亚猫银色,08,08-cat-teaser3,cat_teaser3,双前爪抬起抓扑逗猫棒后落地坐定,0,306_25-siberian-silver_08-cat-teaser3_seed-0,4,4.0,24,480,832,15:26,9:16,cat_teaser3.v1,pending_model_validation,28125c76324f19aa23e77ae9b7227ec9da10d152f0fe3eb89243ddf4b0cd0c6b,71df79527a94810bcacebc9cb956fa137c891a4ed437386697434b19c5fbb7ce
307,307,../data_h3/cat_ids/25_西伯利亚猫银色.png,Ref_drag_yarn_ball_and_catch.mp4,prepared/Ref_drag_yarn_ball_and_catch.motion.mp4,prompts/drag_yarn_ball_and_catch.v1.en.txt,25,25-siberian-silver,西伯利亚猫银色,09,09-drag-yarn-ball-and-catch,drag_yarn_ball_and_catch,追扑从画面左向右滚动的毛线球并按住,0,307_25-siberian-silver_09-drag-yarn-ball-and-catch_seed-0,4,4.0,24,480,832,15:26,9:16,drag_yarn_ball_and_catch.v1,pending_model_validation,7ebe1b2a01564d805523f56b909e9a53772ebed08cbeda3c79c1765cceab70f6,5b888bc1cdc661bc3b5760445027966ef8d36a31c447614acbd23d3ca6af442e
308,308,../data_h3/cat_ids/25_西伯利亚猫银色.png,Ref_drag_yarn_ball_and_catch_mirror.mp4,prepared/Ref_drag_yarn_ball_and_catch_mirror.motion.mp4,prompts/drag_yarn_ball_and_catch_mirror.v1.en.txt,25,25-siberian-silver,西伯利亚猫银色,10,10-drag-yarn-ball-and-catch-mirror,drag_yarn_ball_and_catch_mirror,追扑从画面右向左滚动的毛线球并按住,0,308_25-siberian-silver_10-drag-yarn-ball-and-catch-mirror_seed-0,4,4.0,24,480,832,15:26,9:16,drag_yarn_ball_and_catch_mirror.v1,pending_model_validation,477225bf4f6fca729b4947c68a49ba53af5fb0428686571bc103a6f680058a2d,8b44957f6ebaca7c04c4a0af6bf4fbb65085b8ecf0acaf3433dc727a25b74982
309,309,../data_h3/cat_ids/25_西伯利亚猫银色.png, Ref_curl_up_and_lie_down.mp4,prepared/ Ref_curl_up_and_lie_down.motion.mp4,prompts/curl_up_and_lie_down.v1.en.txt,25,25-siberian-silver,西伯利亚猫银色,11,11-curl-up-and-lie-down,curl_up_and_lie_down,低头向画面左侧蜷卧并闭眼休息,0,309_25-siberian-silver_11-curl-up-and-lie-down_seed-0,4,4.0,24,480,832,15:26,9:16,curl_up_and_lie_down.v1,pending_model_validation,9217effb2f85c4322c192edb9cc4c687268e1285527679229ed2d92161f10f6b,8414a980252d2baee6444085d2755563b7e0ccb3a138027e7cc6c1233be766eb
310,310,../data_h3/cat_ids/25_西伯利亚猫银色.png,Ref_curl_up_and_lie_down_mirror.mp4,prepared/Ref_curl_up_and_lie_down_mirror.motion.mp4,prompts/curl_up_and_lie_down_mirror.v1.en.txt,25,25-siberian-silver,西伯利亚猫银色,12,12-curl-up-and-lie-down-mirror,curl_up_and_lie_down_mirror,低头向画面右侧蜷卧并闭眼休息,0,310_25-siberian-silver_12-curl-up-and-lie-down-mirror_seed-0,4,4.0,24,480,832,15:26,9:16,curl_up_and_lie_down_mirror.v1,pending_model_validation,0ae3d03ab930f2329999e943296bf3ba83b1968a23833a258ffc30a3fc3491e0,5dcfd307dd80e4bd86fa73aff45f41f66eced8aba348a07f81f559f008a63527
311,311,../data_h3/cat_ids/25_西伯利亚猫银色.png,walk_forward_to_screen.mp4,prepared/walk_forward_to_screen.motion.mp4,prompts/walk_forward_to_screen.v1.en.txt,25,25-siberian-silver,西伯利亚猫银色,13,13-walk-forward-to-screen,walk_forward_to_screen,起身向镜头走近并在近处站定,0,311_25-siberian-silver_13-walk-forward-to-screen_seed-0,4,4.041699,24,480,832,15:26,9:16,walk_forward_to_screen.v1,pending_model_validation,18c1e41e3d0bc7b332298f78c798593c6903d921bcab1cd40f5525438039f02c,b63a08fc2ef943e20b969f5567a1c9334a3d7ca21d68db70b052c4345a83014a
312,312,../data_h3/cat_ids/26_涅瓦假面猫海豹山猫纹.png,Ref_drag_ear.mp4,prepared/Ref_drag_ear.motion.mp4,prompts/drag_ear.v1.en.txt,26,26-neva-masquerade-seal-lynx-point,涅瓦假面猫海豹山猫纹,02,02-pull-left-ear,drag_ear,左前爪轻擦左耳与脸部后恢复坐姿,0,312_26-neva-masquerade-seal-lynx-point_02-pull-left-ear_seed-0,4,4.0,24,480,832,15:26,9:16,drag_ear.v1,pending_model_validation,dbdc93fe3f0e922d0d53d3b6c78e213e176b5230876cf046e5da697fd2320d7b,241a5d66949edcf078e592e2d02939921c2ff68968a95640d4e5a7e2c4fe75c1
313,313,../data_h3/cat_ids/26_涅瓦假面猫海豹山猫纹.png,Ref_drag_ear_mirror.mp4,prepared/Ref_drag_ear_mirror.motion.mp4,prompts/drag_ear_mirror.v1.en.txt,26,26-neva-masquerade-seal-lynx-point,涅瓦假面猫海豹山猫纹,03,03-drag-ear-mirror,drag_ear_mirror,右前爪轻擦右耳与脸部后恢复坐姿,0,313_26-neva-masquerade-seal-lynx-point_03-drag-ear-mirror_seed-0,4,4.0,24,480,832,15:26,9:16,drag_ear_mirror.v1,pending_model_validation,68fc5e929e94c082c0da4f6ccda4e0b2f4f8e49e4da6baacf37e6a84c69f2fb3,f5a0412ed913f5aad8bffb33c68c3b0ad7f4923f44f06370f768483b146897f4
314,314,../data_h3/cat_ids/26_涅瓦假面猫海豹山猫纹.png,Ref_cat_teaser1.mp4,prepared/Ref_cat_teaser1.motion.mp4,prompts/cat_teaser1.v1.en.txt,26,26-neva-masquerade-seal-lynx-point,涅瓦假面猫海豹山猫纹,04,04-cat-teaser1,cat_teaser1,左前爪坐姿拨打逗猫棒后注视玩具,0,314_26-neva-masquerade-seal-lynx-point_04-cat-teaser1_seed-0,4,4.0,24,480,832,15:26,9:16,cat_teaser1.v1,pending_model_validation,28971748699ea020c1f7f9f78e45a8407665e85ec6df04732794d5fefc6126de,90ead0cb85338d88512f89fc4fdaa1599eaae717252a8a228289e47e9f7150f0
315,315,../data_h3/cat_ids/26_涅瓦假面猫海豹山猫纹.png,Ref_cat_teaser1_mirror.mp4,prepared/Ref_cat_teaser1_mirror.motion.mp4,prompts/cat_teaser1_mirror.v1.en.txt,26,26-neva-masquerade-seal-lynx-point,涅瓦假面猫海豹山猫纹,05,05-cat-teaser1-mirror,cat_teaser1_mirror,右前爪坐姿拨打逗猫棒后注视玩具,0,315_26-neva-masquerade-seal-lynx-point_05-cat-teaser1-mirror_seed-0,4,4.0,24,480,832,15:26,9:16,cat_teaser1_mirror.v1,pending_model_validation,5c7abea398cc5cec6ee97bd79e91c601838c2218c8101bd13041c5753a5e72ec,af450da4b11a442fbb8dc3b090842b494306a33800841e4f3ac9399fb1a3e695
316,316,../data_h3/cat_ids/26_涅瓦假面猫海豹山猫纹.png,Ref_cat_teaser2.mp4,prepared/Ref_cat_teaser2.motion.mp4,prompts/cat_teaser2.v1.en.txt,26,26-neva-masquerade-seal-lynx-point,涅瓦假面猫海豹山猫纹,06,06-cat-teaser2,cat_teaser2,起身向画面右侧追拍逗猫棒并站定,0,316_26-neva-masquerade-seal-lynx-point_06-cat-teaser2_seed-0,4,4.0,24,480,832,15:26,9:16,cat_teaser2.v1,pending_model_validation,d24950c871f5181f868624b0d0235308584d0cda7f2fe02eb6c362bca9be17e4,a8c95e9c38443d4d231086357cb356e7c98cb2af1a6bfa216feae39e945cc0ec
317,317,../data_h3/cat_ids/26_涅瓦假面猫海豹山猫纹.png,Ref_cat_teaser2_mirror.mp4,prepared/Ref_cat_teaser2_mirror.motion.mp4,prompts/cat_teaser2_mirror.v1.en.txt,26,26-neva-masquerade-seal-lynx-point,涅瓦假面猫海豹山猫纹,07,07-cat-teaser2-mirror,cat_teaser2_mirror,起身向画面左侧追拍逗猫棒并站定,0,317_26-neva-masquerade-seal-lynx-point_07-cat-teaser2-mirror_seed-0,4,4.0,24,480,832,15:26,9:16,cat_teaser2_mirror.v1,pending_model_validation,96e072371eb22e5b130ddeb5d0d5286b26069e03ec55aa98d8eb8998108588b0,7d4ae2310b662639649d68fa4f699951317c36f76eb715534248659d1924613d
318,318,../data_h3/cat_ids/26_涅瓦假面猫海豹山猫纹.png,Ref_cat_teaser3.mp4,prepared/Ref_cat_teaser3.motion.mp4,prompts/cat_teaser3.v1.en.txt,26,26-neva-masquerade-seal-lynx-point,涅瓦假面猫海豹山猫纹,08,08-cat-teaser3,cat_teaser3,双前爪抬起抓扑逗猫棒后落地坐定,0,318_26-neva-masquerade-seal-lynx-point_08-cat-teaser3_seed-0,4,4.0,24,480,832,15:26,9:16,cat_teaser3.v1,pending_model_validation,28125c76324f19aa23e77ae9b7227ec9da10d152f0fe3eb89243ddf4b0cd0c6b,71df79527a94810bcacebc9cb956fa137c891a4ed437386697434b19c5fbb7ce
319,319,../data_h3/cat_ids/26_涅瓦假面猫海豹山猫纹.png,Ref_drag_yarn_ball_and_catch.mp4,prepared/Ref_drag_yarn_ball_and_catch.motion.mp4,prompts/drag_yarn_ball_and_catch.v1.en.txt,26,26-neva-masquerade-seal-lynx-point,涅瓦假面猫海豹山猫纹,09,09-drag-yarn-ball-and-catch,drag_yarn_ball_and_catch,追扑从画面左向右滚动的毛线球并按住,0,319_26-neva-masquerade-seal-lynx-point_09-drag-yarn-ball-and-catch_seed-0,4,4.0,24,480,832,15:26,9:16,drag_yarn_ball_and_catch.v1,pending_model_validation,7ebe1b2a01564d805523f56b909e9a53772ebed08cbeda3c79c1765cceab70f6,5b888bc1cdc661bc3b5760445027966ef8d36a31c447614acbd23d3ca6af442e
320,320,../data_h3/cat_ids/26_涅瓦假面猫海豹山猫纹.png,Ref_drag_yarn_ball_and_catch_mirror.mp4,prepared/Ref_drag_yarn_ball_and_catch_mirror.motion.mp4,prompts/drag_yarn_ball_and_catch_mirror.v1.en.txt,26,26-neva-masquerade-seal-lynx-point,涅瓦假面猫海豹山猫纹,10,10-drag-yarn-ball-and-catch-mirror,drag_yarn_ball_and_catch_mirror,追扑从画面右向左滚动的毛线球并按住,0,320_26-neva-masquerade-seal-lynx-point_10-drag-yarn-ball-and-catch-mirror_seed-0,4,4.0,24,480,832,15:26,9:16,drag_yarn_ball_and_catch_mirror.v1,pending_model_validation,477225bf4f6fca729b4947c68a49ba53af5fb0428686571bc103a6f680058a2d,8b44957f6ebaca7c04c4a0af6bf4fbb65085b8ecf0acaf3433dc727a25b74982
321,321,../data_h3/cat_ids/26_涅瓦假面猫海豹山猫纹.png, Ref_curl_up_and_lie_down.mp4,prepared/ Ref_curl_up_and_lie_down.motion.mp4,prompts/curl_up_and_lie_down.v1.en.txt,26,26-neva-masquerade-seal-lynx-point,涅瓦假面猫海豹山猫纹,11,11-curl-up-and-lie-down,curl_up_and_lie_down,低头向画面左侧蜷卧并闭眼休息,0,321_26-neva-masquerade-seal-lynx-point_11-curl-up-and-lie-down_seed-0,4,4.0,24,480,832,15:26,9:16,curl_up_and_lie_down.v1,pending_model_validation,9217effb2f85c4322c192edb9cc4c687268e1285527679229ed2d92161f10f6b,8414a980252d2baee6444085d2755563b7e0ccb3a138027e7cc6c1233be766eb
322,322,../data_h3/cat_ids/26_涅瓦假面猫海豹山猫纹.png,Ref_curl_up_and_lie_down_mirror.mp4,prepared/Ref_curl_up_and_lie_down_mirror.motion.mp4,prompts/curl_up_and_lie_down_mirror.v1.en.txt,26,26-neva-masquerade-seal-lynx-point,涅瓦假面猫海豹山猫纹,12,12-curl-up-and-lie-down-mirror,curl_up_and_lie_down_mirror,低头向画面右侧蜷卧并闭眼休息,0,322_26-neva-masquerade-seal-lynx-point_12-curl-up-and-lie-down-mirror_seed-0,4,4.0,24,480,832,15:26,9:16,curl_up_and_lie_down_mirror.v1,pending_model_validation,0ae3d03ab930f2329999e943296bf3ba83b1968a23833a258ffc30a3fc3491e0,5dcfd307dd80e4bd86fa73aff45f41f66eced8aba348a07f81f559f008a63527
323,323,../data_h3/cat_ids/26_涅瓦假面猫海豹山猫纹.png,walk_forward_to_screen.mp4,prepared/walk_forward_to_screen.motion.mp4,prompts/walk_forward_to_screen.v1.en.txt,26,26-neva-masquerade-seal-lynx-point,涅瓦假面猫海豹山猫纹,13,13-walk-forward-to-screen,walk_forward_to_screen,起身向镜头走近并在近处站定,0,323_26-neva-masquerade-seal-lynx-point_13-walk-forward-to-screen_seed-0,4,4.041699,24,480,832,15:26,9:16,walk_forward_to_screen.v1,pending_model_validation,18c1e41e3d0bc7b332298f78c798593c6903d921bcab1cd40f5525438039f02c,b63a08fc2ef943e20b969f5567a1c9334a3d7ca21d68db70b052c4345a83014a
324,324,../data_h3/cat_ids/27_布偶猫蓝双色.png,Ref_drag_ear.mp4,prepared/Ref_drag_ear.motion.mp4,prompts/drag_ear.v1.en.txt,27,27-ragdoll-blue-bicolor,布偶猫蓝双色,02,02-pull-left-ear,drag_ear,左前爪轻擦左耳与脸部后恢复坐姿,0,324_27-ragdoll-blue-bicolor_02-pull-left-ear_seed-0,4,4.0,24,480,832,15:26,9:16,drag_ear.v1,pending_model_validation,dbdc93fe3f0e922d0d53d3b6c78e213e176b5230876cf046e5da697fd2320d7b,241a5d66949edcf078e592e2d02939921c2ff68968a95640d4e5a7e2c4fe75c1
325,325,../data_h3/cat_ids/27_布偶猫蓝双色.png,Ref_drag_ear_mirror.mp4,prepared/Ref_drag_ear_mirror.motion.mp4,prompts/drag_ear_mirror.v1.en.txt,27,27-ragdoll-blue-bicolor,布偶猫蓝双色,03,03-drag-ear-mirror,drag_ear_mirror,右前爪轻擦右耳与脸部后恢复坐姿,0,325_27-ragdoll-blue-bicolor_03-drag-ear-mirror_seed-0,4,4.0,24,480,832,15:26,9:16,drag_ear_mirror.v1,pending_model_validation,68fc5e929e94c082c0da4f6ccda4e0b2f4f8e49e4da6baacf37e6a84c69f2fb3,f5a0412ed913f5aad8bffb33c68c3b0ad7f4923f44f06370f768483b146897f4
326,326,../data_h3/cat_ids/27_布偶猫蓝双色.png,Ref_cat_teaser1.mp4,prepared/Ref_cat_teaser1.motion.mp4,prompts/cat_teaser1.v1.en.txt,27,27-ragdoll-blue-bicolor,布偶猫蓝双色,04,04-cat-teaser1,cat_teaser1,左前爪坐姿拨打逗猫棒后注视玩具,0,326_27-ragdoll-blue-bicolor_04-cat-teaser1_seed-0,4,4.0,24,480,832,15:26,9:16,cat_teaser1.v1,pending_model_validation,28971748699ea020c1f7f9f78e45a8407665e85ec6df04732794d5fefc6126de,90ead0cb85338d88512f89fc4fdaa1599eaae717252a8a228289e47e9f7150f0
327,327,../data_h3/cat_ids/27_布偶猫蓝双色.png,Ref_cat_teaser1_mirror.mp4,prepared/Ref_cat_teaser1_mirror.motion.mp4,prompts/cat_teaser1_mirror.v1.en.txt,27,27-ragdoll-blue-bicolor,布偶猫蓝双色,05,05-cat-teaser1-mirror,cat_teaser1_mirror,右前爪坐姿拨打逗猫棒后注视玩具,0,327_27-ragdoll-blue-bicolor_05-cat-teaser1-mirror_seed-0,4,4.0,24,480,832,15:26,9:16,cat_teaser1_mirror.v1,pending_model_validation,5c7abea398cc5cec6ee97bd79e91c601838c2218c8101bd13041c5753a5e72ec,af450da4b11a442fbb8dc3b090842b494306a33800841e4f3ac9399fb1a3e695
328,328,../data_h3/cat_ids/27_布偶猫蓝双色.png,Ref_cat_teaser2.mp4,prepared/Ref_cat_teaser2.motion.mp4,prompts/cat_teaser2.v1.en.txt,27,27-ragdoll-blue-bicolor,布偶猫蓝双色,06,06-cat-teaser2,cat_teaser2,起身向画面右侧追拍逗猫棒并站定,0,328_27-ragdoll-blue-bicolor_06-cat-teaser2_seed-0,4,4.0,24,480,832,15:26,9:16,cat_teaser2.v1,pending_model_validation,d24950c871f5181f868624b0d0235308584d0cda7f2fe02eb6c362bca9be17e4,a8c95e9c38443d4d231086357cb356e7c98cb2af1a6bfa216feae39e945cc0ec
329,329,../data_h3/cat_ids/27_布偶猫蓝双色.png,Ref_cat_teaser2_mirror.mp4,prepared/Ref_cat_teaser2_mirror.motion.mp4,prompts/cat_teaser2_mirror.v1.en.txt,27,27-ragdoll-blue-bicolor,布偶猫蓝双色,07,07-cat-teaser2-mirror,cat_teaser2_mirror,起身向画面左侧追拍逗猫棒并站定,0,329_27-ragdoll-blue-bicolor_07-cat-teaser2-mirror_seed-0,4,4.0,24,480,832,15:26,9:16,cat_teaser2_mirror.v1,pending_model_validation,96e072371eb22e5b130ddeb5d0d5286b26069e03ec55aa98d8eb8998108588b0,7d4ae2310b662639649d68fa4f699951317c36f76eb715534248659d1924613d
330,330,../data_h3/cat_ids/27_布偶猫蓝双色.png,Ref_cat_teaser3.mp4,prepared/Ref_cat_teaser3.motion.mp4,prompts/cat_teaser3.v1.en.txt,27,27-ragdoll-blue-bicolor,布偶猫蓝双色,08,08-cat-teaser3,cat_teaser3,双前爪抬起抓扑逗猫棒后落地坐定,0,330_27-ragdoll-blue-bicolor_08-cat-teaser3_seed-0,4,4.0,24,480,832,15:26,9:16,cat_teaser3.v1,pending_model_validation,28125c76324f19aa23e77ae9b7227ec9da10d152f0fe3eb89243ddf4b0cd0c6b,71df79527a94810bcacebc9cb956fa137c891a4ed437386697434b19c5fbb7ce
331,331,../data_h3/cat_ids/27_布偶猫蓝双色.png,Ref_drag_yarn_ball_and_catch.mp4,prepared/Ref_drag_yarn_ball_and_catch.motion.mp4,prompts/drag_yarn_ball_and_catch.v1.en.txt,27,27-ragdoll-blue-bicolor,布偶猫蓝双色,09,09-drag-yarn-ball-and-catch,drag_yarn_ball_and_catch,追扑从画面左向右滚动的毛线球并按住,0,331_27-ragdoll-blue-bicolor_09-drag-yarn-ball-and-catch_seed-0,4,4.0,24,480,832,15:26,9:16,drag_yarn_ball_and_catch.v1,pending_model_validation,7ebe1b2a01564d805523f56b909e9a53772ebed08cbeda3c79c1765cceab70f6,5b888bc1cdc661bc3b5760445027966ef8d36a31c447614acbd23d3ca6af442e
332,332,../data_h3/cat_ids/27_布偶猫蓝双色.png,Ref_drag_yarn_ball_and_catch_mirror.mp4,prepared/Ref_drag_yarn_ball_and_catch_mirror.motion.mp4,prompts/drag_yarn_ball_and_catch_mirror.v1.en.txt,27,27-ragdoll-blue-bicolor,布偶猫蓝双色,10,10-drag-yarn-ball-and-catch-mirror,drag_yarn_ball_and_catch_mirror,追扑从画面右向左滚动的毛线球并按住,0,332_27-ragdoll-blue-bicolor_10-drag-yarn-ball-and-catch-mirror_seed-0,4,4.0,24,480,832,15:26,9:16,drag_yarn_ball_and_catch_mirror.v1,pending_model_validation,477225bf4f6fca729b4947c68a49ba53af5fb0428686571bc103a6f680058a2d,8b44957f6ebaca7c04c4a0af6bf4fbb65085b8ecf0acaf3433dc727a25b74982
333,333,../data_h3/cat_ids/27_布偶猫蓝双色.png, Ref_curl_up_and_lie_down.mp4,prepared/ Ref_curl_up_and_lie_down.motion.mp4,prompts/curl_up_and_lie_down.v1.en.txt,27,27-ragdoll-blue-bicolor,布偶猫蓝双色,11,11-curl-up-and-lie-down,curl_up_and_lie_down,低头向画面左侧蜷卧并闭眼休息,0,333_27-ragdoll-blue-bicolor_11-curl-up-and-lie-down_seed-0,4,4.0,24,480,832,15:26,9:16,curl_up_and_lie_down.v1,pending_model_validation,9217effb2f85c4322c192edb9cc4c687268e1285527679229ed2d92161f10f6b,8414a980252d2baee6444085d2755563b7e0ccb3a138027e7cc6c1233be766eb
334,334,../data_h3/cat_ids/27_布偶猫蓝双色.png,Ref_curl_up_and_lie_down_mirror.mp4,prepared/Ref_curl_up_and_lie_down_mirror.motion.mp4,prompts/curl_up_and_lie_down_mirror.v1.en.txt,27,27-ragdoll-blue-bicolor,布偶猫蓝双色,12,12-curl-up-and-lie-down-mirror,curl_up_and_lie_down_mirror,低头向画面右侧蜷卧并闭眼休息,0,334_27-ragdoll-blue-bicolor_12-curl-up-and-lie-down-mirror_seed-0,4,4.0,24,480,832,15:26,9:16,curl_up_and_lie_down_mirror.v1,pending_model_validation,0ae3d03ab930f2329999e943296bf3ba83b1968a23833a258ffc30a3fc3491e0,5dcfd307dd80e4bd86fa73aff45f41f66eced8aba348a07f81f559f008a63527
335,335,../data_h3/cat_ids/27_布偶猫蓝双色.png,walk_forward_to_screen.mp4,prepared/walk_forward_to_screen.motion.mp4,prompts/walk_forward_to_screen.v1.en.txt,27,27-ragdoll-blue-bicolor,布偶猫蓝双色,13,13-walk-forward-to-screen,walk_forward_to_screen,起身向镜头走近并在近处站定,0,335_27-ragdoll-blue-bicolor_13-walk-forward-to-screen_seed-0,4,4.041699,24,480,832,15:26,9:16,walk_forward_to_screen.v1,pending_model_validation,18c1e41e3d0bc7b332298f78c798593c6903d921bcab1cd40f5525438039f02c,b63a08fc2ef943e20b969f5567a1c9334a3d7ca21d68db70b052c4345a83014a
336,336,../data_h3/cat_ids/28_伯曼猫海豹重点色.png,Ref_drag_ear.mp4,prepared/Ref_drag_ear.motion.mp4,prompts/drag_ear.v1.en.txt,28,28-birman-seal-point,伯曼猫海豹重点色,02,02-pull-left-ear,drag_ear,左前爪轻擦左耳与脸部后恢复坐姿,0,336_28-birman-seal-point_02-pull-left-ear_seed-0,4,4.0,24,480,832,15:26,9:16,drag_ear.v1,pending_model_validation,dbdc93fe3f0e922d0d53d3b6c78e213e176b5230876cf046e5da697fd2320d7b,241a5d66949edcf078e592e2d02939921c2ff68968a95640d4e5a7e2c4fe75c1
337,337,../data_h3/cat_ids/28_伯曼猫海豹重点色.png,Ref_drag_ear_mirror.mp4,prepared/Ref_drag_ear_mirror.motion.mp4,prompts/drag_ear_mirror.v1.en.txt,28,28-birman-seal-point,伯曼猫海豹重点色,03,03-drag-ear-mirror,drag_ear_mirror,右前爪轻擦右耳与脸部后恢复坐姿,0,337_28-birman-seal-point_03-drag-ear-mirror_seed-0,4,4.0,24,480,832,15:26,9:16,drag_ear_mirror.v1,pending_model_validation,68fc5e929e94c082c0da4f6ccda4e0b2f4f8e49e4da6baacf37e6a84c69f2fb3,f5a0412ed913f5aad8bffb33c68c3b0ad7f4923f44f06370f768483b146897f4
338,338,../data_h3/cat_ids/28_伯曼猫海豹重点色.png,Ref_cat_teaser1.mp4,prepared/Ref_cat_teaser1.motion.mp4,prompts/cat_teaser1.v1.en.txt,28,28-birman-seal-point,伯曼猫海豹重点色,04,04-cat-teaser1,cat_teaser1,左前爪坐姿拨打逗猫棒后注视玩具,0,338_28-birman-seal-point_04-cat-teaser1_seed-0,4,4.0,24,480,832,15:26,9:16,cat_teaser1.v1,pending_model_validation,28971748699ea020c1f7f9f78e45a8407665e85ec6df04732794d5fefc6126de,90ead0cb85338d88512f89fc4fdaa1599eaae717252a8a228289e47e9f7150f0
339,339,../data_h3/cat_ids/28_伯曼猫海豹重点色.png,Ref_cat_teaser1_mirror.mp4,prepared/Ref_cat_teaser1_mirror.motion.mp4,prompts/cat_teaser1_mirror.v1.en.txt,28,28-birman-seal-point,伯曼猫海豹重点色,05,05-cat-teaser1-mirror,cat_teaser1_mirror,右前爪坐姿拨打逗猫棒后注视玩具,0,339_28-birman-seal-point_05-cat-teaser1-mirror_seed-0,4,4.0,24,480,832,15:26,9:16,cat_teaser1_mirror.v1,pending_model_validation,5c7abea398cc5cec6ee97bd79e91c601838c2218c8101bd13041c5753a5e72ec,af450da4b11a442fbb8dc3b090842b494306a33800841e4f3ac9399fb1a3e695
340,340,../data_h3/cat_ids/28_伯曼猫海豹重点色.png,Ref_cat_teaser2.mp4,prepared/Ref_cat_teaser2.motion.mp4,prompts/cat_teaser2.v1.en.txt,28,28-birman-seal-point,伯曼猫海豹重点色,06,06-cat-teaser2,cat_teaser2,起身向画面右侧追拍逗猫棒并站定,0,340_28-birman-seal-point_06-cat-teaser2_seed-0,4,4.0,24,480,832,15:26,9:16,cat_teaser2.v1,pending_model_validation,d24950c871f5181f868624b0d0235308584d0cda7f2fe02eb6c362bca9be17e4,a8c95e9c38443d4d231086357cb356e7c98cb2af1a6bfa216feae39e945cc0ec
341,341,../data_h3/cat_ids/28_伯曼猫海豹重点色.png,Ref_cat_teaser2_mirror.mp4,prepared/Ref_cat_teaser2_mirror.motion.mp4,prompts/cat_teaser2_mirror.v1.en.txt,28,28-birman-seal-point,伯曼猫海豹重点色,07,07-cat-teaser2-mirror,cat_teaser2_mirror,起身向画面左侧追拍逗猫棒并站定,0,341_28-birman-seal-point_07-cat-teaser2-mirror_seed-0,4,4.0,24,480,832,15:26,9:16,cat_teaser2_mirror.v1,pending_model_validation,96e072371eb22e5b130ddeb5d0d5286b26069e03ec55aa98d8eb8998108588b0,7d4ae2310b662639649d68fa4f699951317c36f76eb715534248659d1924613d
342,342,../data_h3/cat_ids/28_伯曼猫海豹重点色.png,Ref_cat_teaser3.mp4,prepared/Ref_cat_teaser3.motion.mp4,prompts/cat_teaser3.v1.en.txt,28,28-birman-seal-point,伯曼猫海豹重点色,08,08-cat-teaser3,cat_teaser3,双前爪抬起抓扑逗猫棒后落地坐定,0,342_28-birman-seal-point_08-cat-teaser3_seed-0,4,4.0,24,480,832,15:26,9:16,cat_teaser3.v1,pending_model_validation,28125c76324f19aa23e77ae9b7227ec9da10d152f0fe3eb89243ddf4b0cd0c6b,71df79527a94810bcacebc9cb956fa137c891a4ed437386697434b19c5fbb7ce
343,343,../data_h3/cat_ids/28_伯曼猫海豹重点色.png,Ref_drag_yarn_ball_and_catch.mp4,prepared/Ref_drag_yarn_ball_and_catch.motion.mp4,prompts/drag_yarn_ball_and_catch.v1.en.txt,28,28-birman-seal-point,伯曼猫海豹重点色,09,09-drag-yarn-ball-and-catch,drag_yarn_ball_and_catch,追扑从画面左向右滚动的毛线球并按住,0,343_28-birman-seal-point_09-drag-yarn-ball-and-catch_seed-0,4,4.0,24,480,832,15:26,9:16,drag_yarn_ball_and_catch.v1,pending_model_validation,7ebe1b2a01564d805523f56b909e9a53772ebed08cbeda3c79c1765cceab70f6,5b888bc1cdc661bc3b5760445027966ef8d36a31c447614acbd23d3ca6af442e
344,344,../data_h3/cat_ids/28_伯曼猫海豹重点色.png,Ref_drag_yarn_ball_and_catch_mirror.mp4,prepared/Ref_drag_yarn_ball_and_catch_mirror.motion.mp4,prompts/drag_yarn_ball_and_catch_mirror.v1.en.txt,28,28-birman-seal-point,伯曼猫海豹重点色,10,10-drag-yarn-ball-and-catch-mirror,drag_yarn_ball_and_catch_mirror,追扑从画面右向左滚动的毛线球并按住,0,344_28-birman-seal-point_10-drag-yarn-ball-and-catch-mirror_seed-0,4,4.0,24,480,832,15:26,9:16,drag_yarn_ball_and_catch_mirror.v1,pending_model_validation,477225bf4f6fca729b4947c68a49ba53af5fb0428686571bc103a6f680058a2d,8b44957f6ebaca7c04c4a0af6bf4fbb65085b8ecf0acaf3433dc727a25b74982
345,345,../data_h3/cat_ids/28_伯曼猫海豹重点色.png, Ref_curl_up_and_lie_down.mp4,prepared/ Ref_curl_up_and_lie_down.motion.mp4,prompts/curl_up_and_lie_down.v1.en.txt,28,28-birman-seal-point,伯曼猫海豹重点色,11,11-curl-up-and-lie-down,curl_up_and_lie_down,低头向画面左侧蜷卧并闭眼休息,0,345_28-birman-seal-point_11-curl-up-and-lie-down_seed-0,4,4.0,24,480,832,15:26,9:16,curl_up_and_lie_down.v1,pending_model_validation,9217effb2f85c4322c192edb9cc4c687268e1285527679229ed2d92161f10f6b,8414a980252d2baee6444085d2755563b7e0ccb3a138027e7cc6c1233be766eb
346,346,../data_h3/cat_ids/28_伯曼猫海豹重点色.png,Ref_curl_up_and_lie_down_mirror.mp4,prepared/Ref_curl_up_and_lie_down_mirror.motion.mp4,prompts/curl_up_and_lie_down_mirror.v1.en.txt,28,28-birman-seal-point,伯曼猫海豹重点色,12,12-curl-up-and-lie-down-mirror,curl_up_and_lie_down_mirror,低头向画面右侧蜷卧并闭眼休息,0,346_28-birman-seal-point_12-curl-up-and-lie-down-mirror_seed-0,4,4.0,24,480,832,15:26,9:16,curl_up_and_lie_down_mirror.v1,pending_model_validation,0ae3d03ab930f2329999e943296bf3ba83b1968a23833a258ffc30a3fc3491e0,5dcfd307dd80e4bd86fa73aff45f41f66eced8aba348a07f81f559f008a63527
347,347,../data_h3/cat_ids/28_伯曼猫海豹重点色.png,walk_forward_to_screen.mp4,prepared/walk_forward_to_screen.motion.mp4,prompts/walk_forward_to_screen.v1.en.txt,28,28-birman-seal-point,伯曼猫海豹重点色,13,13-walk-forward-to-screen,walk_forward_to_screen,起身向镜头走近并在近处站定,0,347_28-birman-seal-point_13-walk-forward-to-screen_seed-0,4,4.041699,24,480,832,15:26,9:16,walk_forward_to_screen.v1,pending_model_validation,18c1e41e3d0bc7b332298f78c798593c6903d921bcab1cd40f5525438039f02c,b63a08fc2ef943e20b969f5567a1c9334a3d7ca21d68db70b052c4345a83014a
348,348,../data_h3/cat_ids/29_波斯猫金吉拉色.png,Ref_drag_ear.mp4,prepared/Ref_drag_ear.motion.mp4,prompts/drag_ear.v1.en.txt,29,29-persian-chinchilla,波斯猫金吉拉色,02,02-pull-left-ear,drag_ear,左前爪轻擦左耳与脸部后恢复坐姿,0,348_29-persian-chinchilla_02-pull-left-ear_seed-0,4,4.0,24,480,832,15:26,9:16,drag_ear.v1,pending_model_validation,dbdc93fe3f0e922d0d53d3b6c78e213e176b5230876cf046e5da697fd2320d7b,241a5d66949edcf078e592e2d02939921c2ff68968a95640d4e5a7e2c4fe75c1
349,349,../data_h3/cat_ids/29_波斯猫金吉拉色.png,Ref_drag_ear_mirror.mp4,prepared/Ref_drag_ear_mirror.motion.mp4,prompts/drag_ear_mirror.v1.en.txt,29,29-persian-chinchilla,波斯猫金吉拉色,03,03-drag-ear-mirror,drag_ear_mirror,右前爪轻擦右耳与脸部后恢复坐姿,0,349_29-persian-chinchilla_03-drag-ear-mirror_seed-0,4,4.0,24,480,832,15:26,9:16,drag_ear_mirror.v1,pending_model_validation,68fc5e929e94c082c0da4f6ccda4e0b2f4f8e49e4da6baacf37e6a84c69f2fb3,f5a0412ed913f5aad8bffb33c68c3b0ad7f4923f44f06370f768483b146897f4
350,350,../data_h3/cat_ids/29_波斯猫金吉拉色.png,Ref_cat_teaser1.mp4,prepared/Ref_cat_teaser1.motion.mp4,prompts/cat_teaser1.v1.en.txt,29,29-persian-chinchilla,波斯猫金吉拉色,04,04-cat-teaser1,cat_teaser1,左前爪坐姿拨打逗猫棒后注视玩具,0,350_29-persian-chinchilla_04-cat-teaser1_seed-0,4,4.0,24,480,832,15:26,9:16,cat_teaser1.v1,pending_model_validation,28971748699ea020c1f7f9f78e45a8407665e85ec6df04732794d5fefc6126de,90ead0cb85338d88512f89fc4fdaa1599eaae717252a8a228289e47e9f7150f0
351,351,../data_h3/cat_ids/29_波斯猫金吉拉色.png,Ref_cat_teaser1_mirror.mp4,prepared/Ref_cat_teaser1_mirror.motion.mp4,prompts/cat_teaser1_mirror.v1.en.txt,29,29-persian-chinchilla,波斯猫金吉拉色,05,05-cat-teaser1-mirror,cat_teaser1_mirror,右前爪坐姿拨打逗猫棒后注视玩具,0,351_29-persian-chinchilla_05-cat-teaser1-mirror_seed-0,4,4.0,24,480,832,15:26,9:16,cat_teaser1_mirror.v1,pending_model_validation,5c7abea398cc5cec6ee97bd79e91c601838c2218c8101bd13041c5753a5e72ec,af450da4b11a442fbb8dc3b090842b494306a33800841e4f3ac9399fb1a3e695
352,352,../data_h3/cat_ids/29_波斯猫金吉拉色.png,Ref_cat_teaser2.mp4,prepared/Ref_cat_teaser2.motion.mp4,prompts/cat_teaser2.v1.en.txt,29,29-persian-chinchilla,波斯猫金吉拉色,06,06-cat-teaser2,cat_teaser2,起身向画面右侧追拍逗猫棒并站定,0,352_29-persian-chinchilla_06-cat-teaser2_seed-0,4,4.0,24,480,832,15:26,9:16,cat_teaser2.v1,pending_model_validation,d24950c871f5181f868624b0d0235308584d0cda7f2fe02eb6c362bca9be17e4,a8c95e9c38443d4d231086357cb356e7c98cb2af1a6bfa216feae39e945cc0ec
353,353,../data_h3/cat_ids/29_波斯猫金吉拉色.png,Ref_cat_teaser2_mirror.mp4,prepared/Ref_cat_teaser2_mirror.motion.mp4,prompts/cat_teaser2_mirror.v1.en.txt,29,29-persian-chinchilla,波斯猫金吉拉色,07,07-cat-teaser2-mirror,cat_teaser2_mirror,起身向画面左侧追拍逗猫棒并站定,0,353_29-persian-chinchilla_07-cat-teaser2-mirror_seed-0,4,4.0,24,480,832,15:26,9:16,cat_teaser2_mirror.v1,pending_model_validation,96e072371eb22e5b130ddeb5d0d5286b26069e03ec55aa98d8eb8998108588b0,7d4ae2310b662639649d68fa4f699951317c36f76eb715534248659d1924613d
354,354,../data_h3/cat_ids/29_波斯猫金吉拉色.png,Ref_cat_teaser3.mp4,prepared/Ref_cat_teaser3.motion.mp4,prompts/cat_teaser3.v1.en.txt,29,29-persian-chinchilla,波斯猫金吉拉色,08,08-cat-teaser3,cat_teaser3,双前爪抬起抓扑逗猫棒后落地坐定,0,354_29-persian-chinchilla_08-cat-teaser3_seed-0,4,4.0,24,480,832,15:26,9:16,cat_teaser3.v1,pending_model_validation,28125c76324f19aa23e77ae9b7227ec9da10d152f0fe3eb89243ddf4b0cd0c6b,71df79527a94810bcacebc9cb956fa137c891a4ed437386697434b19c5fbb7ce
355,355,../data_h3/cat_ids/29_波斯猫金吉拉色.png,Ref_drag_yarn_ball_and_catch.mp4,prepared/Ref_drag_yarn_ball_and_catch.motion.mp4,prompts/drag_yarn_ball_and_catch.v1.en.txt,29,29-persian-chinchilla,波斯猫金吉拉色,09,09-drag-yarn-ball-and-catch,drag_yarn_ball_and_catch,追扑从画面左向右滚动的毛线球并按住,0,355_29-persian-chinchilla_09-drag-yarn-ball-and-catch_seed-0,4,4.0,24,480,832,15:26,9:16,drag_yarn_ball_and_catch.v1,pending_model_validation,7ebe1b2a01564d805523f56b909e9a53772ebed08cbeda3c79c1765cceab70f6,5b888bc1cdc661bc3b5760445027966ef8d36a31c447614acbd23d3ca6af442e
356,356,../data_h3/cat_ids/29_波斯猫金吉拉色.png,Ref_drag_yarn_ball_and_catch_mirror.mp4,prepared/Ref_drag_yarn_ball_and_catch_mirror.motion.mp4,prompts/drag_yarn_ball_and_catch_mirror.v1.en.txt,29,29-persian-chinchilla,波斯猫金吉拉色,10,10-drag-yarn-ball-and-catch-mirror,drag_yarn_ball_and_catch_mirror,追扑从画面右向左滚动的毛线球并按住,0,356_29-persian-chinchilla_10-drag-yarn-ball-and-catch-mirror_seed-0,4,4.0,24,480,832,15:26,9:16,drag_yarn_ball_and_catch_mirror.v1,pending_model_validation,477225bf4f6fca729b4947c68a49ba53af5fb0428686571bc103a6f680058a2d,8b44957f6ebaca7c04c4a0af6bf4fbb65085b8ecf0acaf3433dc727a25b74982
357,357,../data_h3/cat_ids/29_波斯猫金吉拉色.png, Ref_curl_up_and_lie_down.mp4,prepared/ Ref_curl_up_and_lie_down.motion.mp4,prompts/curl_up_and_lie_down.v1.en.txt,29,29-persian-chinchilla,波斯猫金吉拉色,11,11-curl-up-and-lie-down,curl_up_and_lie_down,低头向画面左侧蜷卧并闭眼休息,0,357_29-persian-chinchilla_11-curl-up-and-lie-down_seed-0,4,4.0,24,480,832,15:26,9:16,curl_up_and_lie_down.v1,pending_model_validation,9217effb2f85c4322c192edb9cc4c687268e1285527679229ed2d92161f10f6b,8414a980252d2baee6444085d2755563b7e0ccb3a138027e7cc6c1233be766eb
358,358,../data_h3/cat_ids/29_波斯猫金吉拉色.png,Ref_curl_up_and_lie_down_mirror.mp4,prepared/Ref_curl_up_and_lie_down_mirror.motion.mp4,prompts/curl_up_and_lie_down_mirror.v1.en.txt,29,29-persian-chinchilla,波斯猫金吉拉色,12,12-curl-up-and-lie-down-mirror,curl_up_and_lie_down_mirror,低头向画面右侧蜷卧并闭眼休息,0,358_29-persian-chinchilla_12-curl-up-and-lie-down-mirror_seed-0,4,4.0,24,480,832,15:26,9:16,curl_up_and_lie_down_mirror.v1,pending_model_validation,0ae3d03ab930f2329999e943296bf3ba83b1968a23833a258ffc30a3fc3491e0,5dcfd307dd80e4bd86fa73aff45f41f66eced8aba348a07f81f559f008a63527
359,359,../data_h3/cat_ids/29_波斯猫金吉拉色.png,walk_forward_to_screen.mp4,prepared/walk_forward_to_screen.motion.mp4,prompts/walk_forward_to_screen.v1.en.txt,29,29-persian-chinchilla,波斯猫金吉拉色,13,13-walk-forward-to-screen,walk_forward_to_screen,起身向镜头走近并在近处站定,0,359_29-persian-chinchilla_13-walk-forward-to-screen_seed-0,4,4.041699,24,480,832,15:26,9:16,walk_forward_to_screen.v1,pending_model_validation,18c1e41e3d0bc7b332298f78c798593c6903d921bcab1cd40f5525438039f02c,b63a08fc2ef943e20b969f5567a1c9334a3d7ca21d68db70b052c4345a83014a
360,360,../data_h3/cat_ids/30_异国短毛猫奶油色.png,Ref_drag_ear.mp4,prepared/Ref_drag_ear.motion.mp4,prompts/drag_ear.v1.en.txt,30,30-exotic-shorthair-cream,异国短毛猫奶油色,02,02-pull-left-ear,drag_ear,左前爪轻擦左耳与脸部后恢复坐姿,0,360_30-exotic-shorthair-cream_02-pull-left-ear_seed-0,4,4.0,24,480,832,15:26,9:16,drag_ear.v1,pending_model_validation,dbdc93fe3f0e922d0d53d3b6c78e213e176b5230876cf046e5da697fd2320d7b,241a5d66949edcf078e592e2d02939921c2ff68968a95640d4e5a7e2c4fe75c1
361,361,../data_h3/cat_ids/30_异国短毛猫奶油色.png,Ref_drag_ear_mirror.mp4,prepared/Ref_drag_ear_mirror.motion.mp4,prompts/drag_ear_mirror.v1.en.txt,30,30-exotic-shorthair-cream,异国短毛猫奶油色,03,03-drag-ear-mirror,drag_ear_mirror,右前爪轻擦右耳与脸部后恢复坐姿,0,361_30-exotic-shorthair-cream_03-drag-ear-mirror_seed-0,4,4.0,24,480,832,15:26,9:16,drag_ear_mirror.v1,pending_model_validation,68fc5e929e94c082c0da4f6ccda4e0b2f4f8e49e4da6baacf37e6a84c69f2fb3,f5a0412ed913f5aad8bffb33c68c3b0ad7f4923f44f06370f768483b146897f4
362,362,../data_h3/cat_ids/30_异国短毛猫奶油色.png,Ref_cat_teaser1.mp4,prepared/Ref_cat_teaser1.motion.mp4,prompts/cat_teaser1.v1.en.txt,30,30-exotic-shorthair-cream,异国短毛猫奶油色,04,04-cat-teaser1,cat_teaser1,左前爪坐姿拨打逗猫棒后注视玩具,0,362_30-exotic-shorthair-cream_04-cat-teaser1_seed-0,4,4.0,24,480,832,15:26,9:16,cat_teaser1.v1,pending_model_validation,28971748699ea020c1f7f9f78e45a8407665e85ec6df04732794d5fefc6126de,90ead0cb85338d88512f89fc4fdaa1599eaae717252a8a228289e47e9f7150f0
363,363,../data_h3/cat_ids/30_异国短毛猫奶油色.png,Ref_cat_teaser1_mirror.mp4,prepared/Ref_cat_teaser1_mirror.motion.mp4,prompts/cat_teaser1_mirror.v1.en.txt,30,30-exotic-shorthair-cream,异国短毛猫奶油色,05,05-cat-teaser1-mirror,cat_teaser1_mirror,右前爪坐姿拨打逗猫棒后注视玩具,0,363_30-exotic-shorthair-cream_05-cat-teaser1-mirror_seed-0,4,4.0,24,480,832,15:26,9:16,cat_teaser1_mirror.v1,pending_model_validation,5c7abea398cc5cec6ee97bd79e91c601838c2218c8101bd13041c5753a5e72ec,af450da4b11a442fbb8dc3b090842b494306a33800841e4f3ac9399fb1a3e695
364,364,../data_h3/cat_ids/30_异国短毛猫奶油色.png,Ref_cat_teaser2.mp4,prepared/Ref_cat_teaser2.motion.mp4,prompts/cat_teaser2.v1.en.txt,30,30-exotic-shorthair-cream,异国短毛猫奶油色,06,06-cat-teaser2,cat_teaser2,起身向画面右侧追拍逗猫棒并站定,0,364_30-exotic-shorthair-cream_06-cat-teaser2_seed-0,4,4.0,24,480,832,15:26,9:16,cat_teaser2.v1,pending_model_validation,d24950c871f5181f868624b0d0235308584d0cda7f2fe02eb6c362bca9be17e4,a8c95e9c38443d4d231086357cb356e7c98cb2af1a6bfa216feae39e945cc0ec
365,365,../data_h3/cat_ids/30_异国短毛猫奶油色.png,Ref_cat_teaser2_mirror.mp4,prepared/Ref_cat_teaser2_mirror.motion.mp4,prompts/cat_teaser2_mirror.v1.en.txt,30,30-exotic-shorthair-cream,异国短毛猫奶油色,07,07-cat-teaser2-mirror,cat_teaser2_mirror,起身向画面左侧追拍逗猫棒并站定,0,365_30-exotic-shorthair-cream_07-cat-teaser2-mirror_seed-0,4,4.0,24,480,832,15:26,9:16,cat_teaser2_mirror.v1,pending_model_validation,96e072371eb22e5b130ddeb5d0d5286b26069e03ec55aa98d8eb8998108588b0,7d4ae2310b662639649d68fa4f699951317c36f76eb715534248659d1924613d
366,366,../data_h3/cat_ids/30_异国短毛猫奶油色.png,Ref_cat_teaser3.mp4,prepared/Ref_cat_teaser3.motion.mp4,prompts/cat_teaser3.v1.en.txt,30,30-exotic-shorthair-cream,异国短毛猫奶油色,08,08-cat-teaser3,cat_teaser3,双前爪抬起抓扑逗猫棒后落地坐定,0,366_30-exotic-shorthair-cream_08-cat-teaser3_seed-0,4,4.0,24,480,832,15:26,9:16,cat_teaser3.v1,pending_model_validation,28125c76324f19aa23e77ae9b7227ec9da10d152f0fe3eb89243ddf4b0cd0c6b,71df79527a94810bcacebc9cb956fa137c891a4ed437386697434b19c5fbb7ce
367,367,../data_h3/cat_ids/30_异国短毛猫奶油色.png,Ref_drag_yarn_ball_and_catch.mp4,prepared/Ref_drag_yarn_ball_and_catch.motion.mp4,prompts/drag_yarn_ball_and_catch.v1.en.txt,30,30-exotic-shorthair-cream,异国短毛猫奶油色,09,09-drag-yarn-ball-and-catch,drag_yarn_ball_and_catch,追扑从画面左向右滚动的毛线球并按住,0,367_30-exotic-shorthair-cream_09-drag-yarn-ball-and-catch_seed-0,4,4.0,24,480,832,15:26,9:16,drag_yarn_ball_and_catch.v1,pending_model_validation,7ebe1b2a01564d805523f56b909e9a53772ebed08cbeda3c79c1765cceab70f6,5b888bc1cdc661bc3b5760445027966ef8d36a31c447614acbd23d3ca6af442e
368,368,../data_h3/cat_ids/30_异国短毛猫奶油色.png,Ref_drag_yarn_ball_and_catch_mirror.mp4,prepared/Ref_drag_yarn_ball_and_catch_mirror.motion.mp4,prompts/drag_yarn_ball_and_catch_mirror.v1.en.txt,30,30-exotic-shorthair-cream,异国短毛猫奶油色,10,10-drag-yarn-ball-and-catch-mirror,drag_yarn_ball_and_catch_mirror,追扑从画面右向左滚动的毛线球并按住,0,368_30-exotic-shorthair-cream_10-drag-yarn-ball-and-catch-mirror_seed-0,4,4.0,24,480,832,15:26,9:16,drag_yarn_ball_and_catch_mirror.v1,pending_model_validation,477225bf4f6fca729b4947c68a49ba53af5fb0428686571bc103a6f680058a2d,8b44957f6ebaca7c04c4a0af6bf4fbb65085b8ecf0acaf3433dc727a25b74982
369,369,../data_h3/cat_ids/30_异国短毛猫奶油色.png, Ref_curl_up_and_lie_down.mp4,prepared/ Ref_curl_up_and_lie_down.motion.mp4,prompts/curl_up_and_lie_down.v1.en.txt,30,30-exotic-shorthair-cream,异国短毛猫奶油色,11,11-curl-up-and-lie-down,curl_up_and_lie_down,低头向画面左侧蜷卧并闭眼休息,0,369_30-exotic-shorthair-cream_11-curl-up-and-lie-down_seed-0,4,4.0,24,480,832,15:26,9:16,curl_up_and_lie_down.v1,pending_model_validation,9217effb2f85c4322c192edb9cc4c687268e1285527679229ed2d92161f10f6b,8414a980252d2baee6444085d2755563b7e0ccb3a138027e7cc6c1233be766eb
370,370,../data_h3/cat_ids/30_异国短毛猫奶油色.png,Ref_curl_up_and_lie_down_mirror.mp4,prepared/Ref_curl_up_and_lie_down_mirror.motion.mp4,prompts/curl_up_and_lie_down_mirror.v1.en.txt,30,30-exotic-shorthair-cream,异国短毛猫奶油色,12,12-curl-up-and-lie-down-mirror,curl_up_and_lie_down_mirror,低头向画面右侧蜷卧并闭眼休息,0,370_30-exotic-shorthair-cream_12-curl-up-and-lie-down-mirror_seed-0,4,4.0,24,480,832,15:26,9:16,curl_up_and_lie_down_mirror.v1,pending_model_validation,0ae3d03ab930f2329999e943296bf3ba83b1968a23833a258ffc30a3fc3491e0,5dcfd307dd80e4bd86fa73aff45f41f66eced8aba348a07f81f559f008a63527
371,371,../data_h3/cat_ids/30_异国短毛猫奶油色.png,walk_forward_to_screen.mp4,prepared/walk_forward_to_screen.motion.mp4,prompts/walk_forward_to_screen.v1.en.txt,30,30-exotic-shorthair-cream,异国短毛猫奶油色,13,13-walk-forward-to-screen,walk_forward_to_screen,起身向镜头走近并在近处站定,0,371_30-exotic-shorthair-cream_13-walk-forward-to-screen_seed-0,4,4.041699,24,480,832,15:26,9:16,walk_forward_to_screen.v1,pending_model_validation,18c1e41e3d0bc7b332298f78c798593c6903d921bcab1cd40f5525438039f02c,b63a08fc2ef943e20b969f5567a1c9334a3d7ca21d68db70b052c4345a83014a
372,372,../data_h3/cat_ids/31_土耳其安哥拉猫.png,Ref_drag_ear.mp4,prepared/Ref_drag_ear.motion.mp4,prompts/drag_ear.v1.en.txt,31,31-turkish-angora,土耳其安哥拉猫,02,02-pull-left-ear,drag_ear,左前爪轻擦左耳与脸部后恢复坐姿,0,372_31-turkish-angora_02-pull-left-ear_seed-0,4,4.0,24,480,832,15:26,9:16,drag_ear.v1,pending_model_validation,dbdc93fe3f0e922d0d53d3b6c78e213e176b5230876cf046e5da697fd2320d7b,241a5d66949edcf078e592e2d02939921c2ff68968a95640d4e5a7e2c4fe75c1
373,373,../data_h3/cat_ids/31_土耳其安哥拉猫.png,Ref_drag_ear_mirror.mp4,prepared/Ref_drag_ear_mirror.motion.mp4,prompts/drag_ear_mirror.v1.en.txt,31,31-turkish-angora,土耳其安哥拉猫,03,03-drag-ear-mirror,drag_ear_mirror,右前爪轻擦右耳与脸部后恢复坐姿,0,373_31-turkish-angora_03-drag-ear-mirror_seed-0,4,4.0,24,480,832,15:26,9:16,drag_ear_mirror.v1,pending_model_validation,68fc5e929e94c082c0da4f6ccda4e0b2f4f8e49e4da6baacf37e6a84c69f2fb3,f5a0412ed913f5aad8bffb33c68c3b0ad7f4923f44f06370f768483b146897f4
374,374,../data_h3/cat_ids/31_土耳其安哥拉猫.png,Ref_cat_teaser1.mp4,prepared/Ref_cat_teaser1.motion.mp4,prompts/cat_teaser1.v1.en.txt,31,31-turkish-angora,土耳其安哥拉猫,04,04-cat-teaser1,cat_teaser1,左前爪坐姿拨打逗猫棒后注视玩具,0,374_31-turkish-angora_04-cat-teaser1_seed-0,4,4.0,24,480,832,15:26,9:16,cat_teaser1.v1,pending_model_validation,28971748699ea020c1f7f9f78e45a8407665e85ec6df04732794d5fefc6126de,90ead0cb85338d88512f89fc4fdaa1599eaae717252a8a228289e47e9f7150f0
375,375,../data_h3/cat_ids/31_土耳其安哥拉猫.png,Ref_cat_teaser1_mirror.mp4,prepared/Ref_cat_teaser1_mirror.motion.mp4,prompts/cat_teaser1_mirror.v1.en.txt,31,31-turkish-angora,土耳其安哥拉猫,05,05-cat-teaser1-mirror,cat_teaser1_mirror,右前爪坐姿拨打逗猫棒后注视玩具,0,375_31-turkish-angora_05-cat-teaser1-mirror_seed-0,4,4.0,24,480,832,15:26,9:16,cat_teaser1_mirror.v1,pending_model_validation,5c7abea398cc5cec6ee97bd79e91c601838c2218c8101bd13041c5753a5e72ec,af450da4b11a442fbb8dc3b090842b494306a33800841e4f3ac9399fb1a3e695
376,376,../data_h3/cat_ids/31_土耳其安哥拉猫.png,Ref_cat_teaser2.mp4,prepared/Ref_cat_teaser2.motion.mp4,prompts/cat_teaser2.v1.en.txt,31,31-turkish-angora,土耳其安哥拉猫,06,06-cat-teaser2,cat_teaser2,起身向画面右侧追拍逗猫棒并站定,0,376_31-turkish-angora_06-cat-teaser2_seed-0,4,4.0,24,480,832,15:26,9:16,cat_teaser2.v1,pending_model_validation,d24950c871f5181f868624b0d0235308584d0cda7f2fe02eb6c362bca9be17e4,a8c95e9c38443d4d231086357cb356e7c98cb2af1a6bfa216feae39e945cc0ec
377,377,../data_h3/cat_ids/31_土耳其安哥拉猫.png,Ref_cat_teaser2_mirror.mp4,prepared/Ref_cat_teaser2_mirror.motion.mp4,prompts/cat_teaser2_mirror.v1.en.txt,31,31-turkish-angora,土耳其安哥拉猫,07,07-cat-teaser2-mirror,cat_teaser2_mirror,起身向画面左侧追拍逗猫棒并站定,0,377_31-turkish-angora_07-cat-teaser2-mirror_seed-0,4,4.0,24,480,832,15:26,9:16,cat_teaser2_mirror.v1,pending_model_validation,96e072371eb22e5b130ddeb5d0d5286b26069e03ec55aa98d8eb8998108588b0,7d4ae2310b662639649d68fa4f699951317c36f76eb715534248659d1924613d
378,378,../data_h3/cat_ids/31_土耳其安哥拉猫.png,Ref_cat_teaser3.mp4,prepared/Ref_cat_teaser3.motion.mp4,prompts/cat_teaser3.v1.en.txt,31,31-turkish-angora,土耳其安哥拉猫,08,08-cat-teaser3,cat_teaser3,双前爪抬起抓扑逗猫棒后落地坐定,0,378_31-turkish-angora_08-cat-teaser3_seed-0,4,4.0,24,480,832,15:26,9:16,cat_teaser3.v1,pending_model_validation,28125c76324f19aa23e77ae9b7227ec9da10d152f0fe3eb89243ddf4b0cd0c6b,71df79527a94810bcacebc9cb956fa137c891a4ed437386697434b19c5fbb7ce
379,379,../data_h3/cat_ids/31_土耳其安哥拉猫.png,Ref_drag_yarn_ball_and_catch.mp4,prepared/Ref_drag_yarn_ball_and_catch.motion.mp4,prompts/drag_yarn_ball_and_catch.v1.en.txt,31,31-turkish-angora,土耳其安哥拉猫,09,09-drag-yarn-ball-and-catch,drag_yarn_ball_and_catch,追扑从画面左向右滚动的毛线球并按住,0,379_31-turkish-angora_09-drag-yarn-ball-and-catch_seed-0,4,4.0,24,480,832,15:26,9:16,drag_yarn_ball_and_catch.v1,pending_model_validation,7ebe1b2a01564d805523f56b909e9a53772ebed08cbeda3c79c1765cceab70f6,5b888bc1cdc661bc3b5760445027966ef8d36a31c447614acbd23d3ca6af442e
380,380,../data_h3/cat_ids/31_土耳其安哥拉猫.png,Ref_drag_yarn_ball_and_catch_mirror.mp4,prepared/Ref_drag_yarn_ball_and_catch_mirror.motion.mp4,prompts/drag_yarn_ball_and_catch_mirror.v1.en.txt,31,31-turkish-angora,土耳其安哥拉猫,10,10-drag-yarn-ball-and-catch-mirror,drag_yarn_ball_and_catch_mirror,追扑从画面右向左滚动的毛线球并按住,0,380_31-turkish-angora_10-drag-yarn-ball-and-catch-mirror_seed-0,4,4.0,24,480,832,15:26,9:16,drag_yarn_ball_and_catch_mirror.v1,pending_model_validation,477225bf4f6fca729b4947c68a49ba53af5fb0428686571bc103a6f680058a2d,8b44957f6ebaca7c04c4a0af6bf4fbb65085b8ecf0acaf3433dc727a25b74982
381,381,../data_h3/cat_ids/31_土耳其安哥拉猫.png, Ref_curl_up_and_lie_down.mp4,prepared/ Ref_curl_up_and_lie_down.motion.mp4,prompts/curl_up_and_lie_down.v1.en.txt,31,31-turkish-angora,土耳其安哥拉猫,11,11-curl-up-and-lie-down,curl_up_and_lie_down,低头向画面左侧蜷卧并闭眼休息,0,381_31-turkish-angora_11-curl-up-and-lie-down_seed-0,4,4.0,24,480,832,15:26,9:16,curl_up_and_lie_down.v1,pending_model_validation,9217effb2f85c4322c192edb9cc4c687268e1285527679229ed2d92161f10f6b,8414a980252d2baee6444085d2755563b7e0ccb3a138027e7cc6c1233be766eb
382,382,../data_h3/cat_ids/31_土耳其安哥拉猫.png,Ref_curl_up_and_lie_down_mirror.mp4,prepared/Ref_curl_up_and_lie_down_mirror.motion.mp4,prompts/curl_up_and_lie_down_mirror.v1.en.txt,31,31-turkish-angora,土耳其安哥拉猫,12,12-curl-up-and-lie-down-mirror,curl_up_and_lie_down_mirror,低头向画面右侧蜷卧并闭眼休息,0,382_31-turkish-angora_12-curl-up-and-lie-down-mirror_seed-0,4,4.0,24,480,832,15:26,9:16,curl_up_and_lie_down_mirror.v1,pending_model_validation,0ae3d03ab930f2329999e943296bf3ba83b1968a23833a258ffc30a3fc3491e0,5dcfd307dd80e4bd86fa73aff45f41f66eced8aba348a07f81f559f008a63527
383,383,../data_h3/cat_ids/31_土耳其安哥拉猫.png,walk_forward_to_screen.mp4,prepared/walk_forward_to_screen.motion.mp4,prompts/walk_forward_to_screen.v1.en.txt,31,31-turkish-angora,土耳其安哥拉猫,13,13-walk-forward-to-screen,walk_forward_to_screen,起身向镜头走近并在近处站定,0,383_31-turkish-angora_13-walk-forward-to-screen_seed-0,4,4.041699,24,480,832,15:26,9:16,walk_forward_to_screen.v1,pending_model_validation,18c1e41e3d0bc7b332298f78c798593c6903d921bcab1cd40f5525438039f02c,b63a08fc2ef943e20b969f5567a1c9334a3d7ca21d68db70b052c4345a83014a
384,384,../data_h3/cat_ids/32_土耳其梵猫.png,Ref_drag_ear.mp4,prepared/Ref_drag_ear.motion.mp4,prompts/drag_ear.v1.en.txt,32,32-turkish-van,土耳其梵猫,02,02-pull-left-ear,drag_ear,左前爪轻擦左耳与脸部后恢复坐姿,0,384_32-turkish-van_02-pull-left-ear_seed-0,4,4.0,24,480,832,15:26,9:16,drag_ear.v1,pending_model_validation,dbdc93fe3f0e922d0d53d3b6c78e213e176b5230876cf046e5da697fd2320d7b,241a5d66949edcf078e592e2d02939921c2ff68968a95640d4e5a7e2c4fe75c1
385,385,../data_h3/cat_ids/32_土耳其梵猫.png,Ref_drag_ear_mirror.mp4,prepared/Ref_drag_ear_mirror.motion.mp4,prompts/drag_ear_mirror.v1.en.txt,32,32-turkish-van,土耳其梵猫,03,03-drag-ear-mirror,drag_ear_mirror,右前爪轻擦右耳与脸部后恢复坐姿,0,385_32-turkish-van_03-drag-ear-mirror_seed-0,4,4.0,24,480,832,15:26,9:16,drag_ear_mirror.v1,pending_model_validation,68fc5e929e94c082c0da4f6ccda4e0b2f4f8e49e4da6baacf37e6a84c69f2fb3,f5a0412ed913f5aad8bffb33c68c3b0ad7f4923f44f06370f768483b146897f4
386,386,../data_h3/cat_ids/32_土耳其梵猫.png,Ref_cat_teaser1.mp4,prepared/Ref_cat_teaser1.motion.mp4,prompts/cat_teaser1.v1.en.txt,32,32-turkish-van,土耳其梵猫,04,04-cat-teaser1,cat_teaser1,左前爪坐姿拨打逗猫棒后注视玩具,0,386_32-turkish-van_04-cat-teaser1_seed-0,4,4.0,24,480,832,15:26,9:16,cat_teaser1.v1,pending_model_validation,28971748699ea020c1f7f9f78e45a8407665e85ec6df04732794d5fefc6126de,90ead0cb85338d88512f89fc4fdaa1599eaae717252a8a228289e47e9f7150f0
387,387,../data_h3/cat_ids/32_土耳其梵猫.png,Ref_cat_teaser1_mirror.mp4,prepared/Ref_cat_teaser1_mirror.motion.mp4,prompts/cat_teaser1_mirror.v1.en.txt,32,32-turkish-van,土耳其梵猫,05,05-cat-teaser1-mirror,cat_teaser1_mirror,右前爪坐姿拨打逗猫棒后注视玩具,0,387_32-turkish-van_05-cat-teaser1-mirror_seed-0,4,4.0,24,480,832,15:26,9:16,cat_teaser1_mirror.v1,pending_model_validation,5c7abea398cc5cec6ee97bd79e91c601838c2218c8101bd13041c5753a5e72ec,af450da4b11a442fbb8dc3b090842b494306a33800841e4f3ac9399fb1a3e695
388,388,../data_h3/cat_ids/32_土耳其梵猫.png,Ref_cat_teaser2.mp4,prepared/Ref_cat_teaser2.motion.mp4,prompts/cat_teaser2.v1.en.txt,32,32-turkish-van,土耳其梵猫,06,06-cat-teaser2,cat_teaser2,起身向画面右侧追拍逗猫棒并站定,0,388_32-turkish-van_06-cat-teaser2_seed-0,4,4.0,24,480,832,15:26,9:16,cat_teaser2.v1,pending_model_validation,d24950c871f5181f868624b0d0235308584d0cda7f2fe02eb6c362bca9be17e4,a8c95e9c38443d4d231086357cb356e7c98cb2af1a6bfa216feae39e945cc0ec
389,389,../data_h3/cat_ids/32_土耳其梵猫.png,Ref_cat_teaser2_mirror.mp4,prepared/Ref_cat_teaser2_mirror.motion.mp4,prompts/cat_teaser2_mirror.v1.en.txt,32,32-turkish-van,土耳其梵猫,07,07-cat-teaser2-mirror,cat_teaser2_mirror,起身向画面左侧追拍逗猫棒并站定,0,389_32-turkish-van_07-cat-teaser2-mirror_seed-0,4,4.0,24,480,832,15:26,9:16,cat_teaser2_mirror.v1,pending_model_validation,96e072371eb22e5b130ddeb5d0d5286b26069e03ec55aa98d8eb8998108588b0,7d4ae2310b662639649d68fa4f699951317c36f76eb715534248659d1924613d
390,390,../data_h3/cat_ids/32_土耳其梵猫.png,Ref_cat_teaser3.mp4,prepared/Ref_cat_teaser3.motion.mp4,prompts/cat_teaser3.v1.en.txt,32,32-turkish-van,土耳其梵猫,08,08-cat-teaser3,cat_teaser3,双前爪抬起抓扑逗猫棒后落地坐定,0,390_32-turkish-van_08-cat-teaser3_seed-0,4,4.0,24,480,832,15:26,9:16,cat_teaser3.v1,pending_model_validation,28125c76324f19aa23e77ae9b7227ec9da10d152f0fe3eb89243ddf4b0cd0c6b,71df79527a94810bcacebc9cb956fa137c891a4ed437386697434b19c5fbb7ce
391,391,../data_h3/cat_ids/32_土耳其梵猫.png,Ref_drag_yarn_ball_and_catch.mp4,prepared/Ref_drag_yarn_ball_and_catch.motion.mp4,prompts/drag_yarn_ball_and_catch.v1.en.txt,32,32-turkish-van,土耳其梵猫,09,09-drag-yarn-ball-and-catch,drag_yarn_ball_and_catch,追扑从画面左向右滚动的毛线球并按住,0,391_32-turkish-van_09-drag-yarn-ball-and-catch_seed-0,4,4.0,24,480,832,15:26,9:16,drag_yarn_ball_and_catch.v1,pending_model_validation,7ebe1b2a01564d805523f56b909e9a53772ebed08cbeda3c79c1765cceab70f6,5b888bc1cdc661bc3b5760445027966ef8d36a31c447614acbd23d3ca6af442e
392,392,../data_h3/cat_ids/32_土耳其梵猫.png,Ref_drag_yarn_ball_and_catch_mirror.mp4,prepared/Ref_drag_yarn_ball_and_catch_mirror.motion.mp4,prompts/drag_yarn_ball_and_catch_mirror.v1.en.txt,32,32-turkish-van,土耳其梵猫,10,10-drag-yarn-ball-and-catch-mirror,drag_yarn_ball_and_catch_mirror,追扑从画面右向左滚动的毛线球并按住,0,392_32-turkish-van_10-drag-yarn-ball-and-catch-mirror_seed-0,4,4.0,24,480,832,15:26,9:16,drag_yarn_ball_and_catch_mirror.v1,pending_model_validation,477225bf4f6fca729b4947c68a49ba53af5fb0428686571bc103a6f680058a2d,8b44957f6ebaca7c04c4a0af6bf4fbb65085b8ecf0acaf3433dc727a25b74982
393,393,../data_h3/cat_ids/32_土耳其梵猫.png, Ref_curl_up_and_lie_down.mp4,prepared/ Ref_curl_up_and_lie_down.motion.mp4,prompts/curl_up_and_lie_down.v1.en.txt,32,32-turkish-van,土耳其梵猫,11,11-curl-up-and-lie-down,curl_up_and_lie_down,低头向画面左侧蜷卧并闭眼休息,0,393_32-turkish-van_11-curl-up-and-lie-down_seed-0,4,4.0,24,480,832,15:26,9:16,curl_up_and_lie_down.v1,pending_model_validation,9217effb2f85c4322c192edb9cc4c687268e1285527679229ed2d92161f10f6b,8414a980252d2baee6444085d2755563b7e0ccb3a138027e7cc6c1233be766eb
394,394,../data_h3/cat_ids/32_土耳其梵猫.png,Ref_curl_up_and_lie_down_mirror.mp4,prepared/Ref_curl_up_and_lie_down_mirror.motion.mp4,prompts/curl_up_and_lie_down_mirror.v1.en.txt,32,32-turkish-van,土耳其梵猫,12,12-curl-up-and-lie-down-mirror,curl_up_and_lie_down_mirror,低头向画面右侧蜷卧并闭眼休息,0,394_32-turkish-van_12-curl-up-and-lie-down-mirror_seed-0,4,4.0,24,480,832,15:26,9:16,curl_up_and_lie_down_mirror.v1,pending_model_validation,0ae3d03ab930f2329999e943296bf3ba83b1968a23833a258ffc30a3fc3491e0,5dcfd307dd80e4bd86fa73aff45f41f66eced8aba348a07f81f559f008a63527
395,395,../data_h3/cat_ids/32_土耳其梵猫.png,walk_forward_to_screen.mp4,prepared/walk_forward_to_screen.motion.mp4,prompts/walk_forward_to_screen.v1.en.txt,32,32-turkish-van,土耳其梵猫,13,13-walk-forward-to-screen,walk_forward_to_screen,起身向镜头走近并在近处站定,0,395_32-turkish-van_13-walk-forward-to-screen_seed-0,4,4.041699,24,480,832,15:26,9:16,walk_forward_to_screen.v1,pending_model_validation,18c1e41e3d0bc7b332298f78c798593c6903d921bcab1cd40f5525438039f02c,b63a08fc2ef943e20b969f5567a1c9334a3d7ca21d68db70b052c4345a83014a
396,396,../data_h3/cat_ids/33_喜马拉雅猫火焰重点色.png,Ref_drag_ear.mp4,prepared/Ref_drag_ear.motion.mp4,prompts/drag_ear.v1.en.txt,33,33-himalayan-flame-point,喜马拉雅猫火焰重点色,02,02-pull-left-ear,drag_ear,左前爪轻擦左耳与脸部后恢复坐姿,0,396_33-himalayan-flame-point_02-pull-left-ear_seed-0,4,4.0,24,480,832,15:26,9:16,drag_ear.v1,pending_model_validation,dbdc93fe3f0e922d0d53d3b6c78e213e176b5230876cf046e5da697fd2320d7b,241a5d66949edcf078e592e2d02939921c2ff68968a95640d4e5a7e2c4fe75c1
397,397,../data_h3/cat_ids/33_喜马拉雅猫火焰重点色.png,Ref_drag_ear_mirror.mp4,prepared/Ref_drag_ear_mirror.motion.mp4,prompts/drag_ear_mirror.v1.en.txt,33,33-himalayan-flame-point,喜马拉雅猫火焰重点色,03,03-drag-ear-mirror,drag_ear_mirror,右前爪轻擦右耳与脸部后恢复坐姿,0,397_33-himalayan-flame-point_03-drag-ear-mirror_seed-0,4,4.0,24,480,832,15:26,9:16,drag_ear_mirror.v1,pending_model_validation,68fc5e929e94c082c0da4f6ccda4e0b2f4f8e49e4da6baacf37e6a84c69f2fb3,f5a0412ed913f5aad8bffb33c68c3b0ad7f4923f44f06370f768483b146897f4
398,398,../data_h3/cat_ids/33_喜马拉雅猫火焰重点色.png,Ref_cat_teaser1.mp4,prepared/Ref_cat_teaser1.motion.mp4,prompts/cat_teaser1.v1.en.txt,33,33-himalayan-flame-point,喜马拉雅猫火焰重点色,04,04-cat-teaser1,cat_teaser1,左前爪坐姿拨打逗猫棒后注视玩具,0,398_33-himalayan-flame-point_04-cat-teaser1_seed-0,4,4.0,24,480,832,15:26,9:16,cat_teaser1.v1,pending_model_validation,28971748699ea020c1f7f9f78e45a8407665e85ec6df04732794d5fefc6126de,90ead0cb85338d88512f89fc4fdaa1599eaae717252a8a228289e47e9f7150f0
399,399,../data_h3/cat_ids/33_喜马拉雅猫火焰重点色.png,Ref_cat_teaser1_mirror.mp4,prepared/Ref_cat_teaser1_mirror.motion.mp4,prompts/cat_teaser1_mirror.v1.en.txt,33,33-himalayan-flame-point,喜马拉雅猫火焰重点色,05,05-cat-teaser1-mirror,cat_teaser1_mirror,右前爪坐姿拨打逗猫棒后注视玩具,0,399_33-himalayan-flame-point_05-cat-teaser1-mirror_seed-0,4,4.0,24,480,832,15:26,9:16,cat_teaser1_mirror.v1,pending_model_validation,5c7abea398cc5cec6ee97bd79e91c601838c2218c8101bd13041c5753a5e72ec,af450da4b11a442fbb8dc3b090842b494306a33800841e4f3ac9399fb1a3e695
400,400,../data_h3/cat_ids/33_喜马拉雅猫火焰重点色.png,Ref_cat_teaser2.mp4,prepared/Ref_cat_teaser2.motion.mp4,prompts/cat_teaser2.v1.en.txt,33,33-himalayan-flame-point,喜马拉雅猫火焰重点色,06,06-cat-teaser2,cat_teaser2,起身向画面右侧追拍逗猫棒并站定,0,400_33-himalayan-flame-point_06-cat-teaser2_seed-0,4,4.0,24,480,832,15:26,9:16,cat_teaser2.v1,pending_model_validation,d24950c871f5181f868624b0d0235308584d0cda7f2fe02eb6c362bca9be17e4,a8c95e9c38443d4d231086357cb356e7c98cb2af1a6bfa216feae39e945cc0ec
401,401,../data_h3/cat_ids/33_喜马拉雅猫火焰重点色.png,Ref_cat_teaser2_mirror.mp4,prepared/Ref_cat_teaser2_mirror.motion.mp4,prompts/cat_teaser2_mirror.v1.en.txt,33,33-himalayan-flame-point,喜马拉雅猫火焰重点色,07,07-cat-teaser2-mirror,cat_teaser2_mirror,起身向画面左侧追拍逗猫棒并站定,0,401_33-himalayan-flame-point_07-cat-teaser2-mirror_seed-0,4,4.0,24,480,832,15:26,9:16,cat_teaser2_mirror.v1,pending_model_validation,96e072371eb22e5b130ddeb5d0d5286b26069e03ec55aa98d8eb8998108588b0,7d4ae2310b662639649d68fa4f699951317c36f76eb715534248659d1924613d
402,402,../data_h3/cat_ids/33_喜马拉雅猫火焰重点色.png,Ref_cat_teaser3.mp4,prepared/Ref_cat_teaser3.motion.mp4,prompts/cat_teaser3.v1.en.txt,33,33-himalayan-flame-point,喜马拉雅猫火焰重点色,08,08-cat-teaser3,cat_teaser3,双前爪抬起抓扑逗猫棒后落地坐定,0,402_33-himalayan-flame-point_08-cat-teaser3_seed-0,4,4.0,24,480,832,15:26,9:16,cat_teaser3.v1,pending_model_validation,28125c76324f19aa23e77ae9b7227ec9da10d152f0fe3eb89243ddf4b0cd0c6b,71df79527a94810bcacebc9cb956fa137c891a4ed437386697434b19c5fbb7ce
403,403,../data_h3/cat_ids/33_喜马拉雅猫火焰重点色.png,Ref_drag_yarn_ball_and_catch.mp4,prepared/Ref_drag_yarn_ball_and_catch.motion.mp4,prompts/drag_yarn_ball_and_catch.v1.en.txt,33,33-himalayan-flame-point,喜马拉雅猫火焰重点色,09,09-drag-yarn-ball-and-catch,drag_yarn_ball_and_catch,追扑从画面左向右滚动的毛线球并按住,0,403_33-himalayan-flame-point_09-drag-yarn-ball-and-catch_seed-0,4,4.0,24,480,832,15:26,9:16,drag_yarn_ball_and_catch.v1,pending_model_validation,7ebe1b2a01564d805523f56b909e9a53772ebed08cbeda3c79c1765cceab70f6,5b888bc1cdc661bc3b5760445027966ef8d36a31c447614acbd23d3ca6af442e
404,404,../data_h3/cat_ids/33_喜马拉雅猫火焰重点色.png,Ref_drag_yarn_ball_and_catch_mirror.mp4,prepared/Ref_drag_yarn_ball_and_catch_mirror.motion.mp4,prompts/drag_yarn_ball_and_catch_mirror.v1.en.txt,33,33-himalayan-flame-point,喜马拉雅猫火焰重点色,10,10-drag-yarn-ball-and-catch-mirror,drag_yarn_ball_and_catch_mirror,追扑从画面右向左滚动的毛线球并按住,0,404_33-himalayan-flame-point_10-drag-yarn-ball-and-catch-mirror_seed-0,4,4.0,24,480,832,15:26,9:16,drag_yarn_ball_and_catch_mirror.v1,pending_model_validation,477225bf4f6fca729b4947c68a49ba53af5fb0428686571bc103a6f680058a2d,8b44957f6ebaca7c04c4a0af6bf4fbb65085b8ecf0acaf3433dc727a25b74982
405,405,../data_h3/cat_ids/33_喜马拉雅猫火焰重点色.png, Ref_curl_up_and_lie_down.mp4,prepared/ Ref_curl_up_and_lie_down.motion.mp4,prompts/curl_up_and_lie_down.v1.en.txt,33,33-himalayan-flame-point,喜马拉雅猫火焰重点色,11,11-curl-up-and-lie-down,curl_up_and_lie_down,低头向画面左侧蜷卧并闭眼休息,0,405_33-himalayan-flame-point_11-curl-up-and-lie-down_seed-0,4,4.0,24,480,832,15:26,9:16,curl_up_and_lie_down.v1,pending_model_validation,9217effb2f85c4322c192edb9cc4c687268e1285527679229ed2d92161f10f6b,8414a980252d2baee6444085d2755563b7e0ccb3a138027e7cc6c1233be766eb
406,406,../data_h3/cat_ids/33_喜马拉雅猫火焰重点色.png,Ref_curl_up_and_lie_down_mirror.mp4,prepared/Ref_curl_up_and_lie_down_mirror.motion.mp4,prompts/curl_up_and_lie_down_mirror.v1.en.txt,33,33-himalayan-flame-point,喜马拉雅猫火焰重点色,12,12-curl-up-and-lie-down-mirror,curl_up_and_lie_down_mirror,低头向画面右侧蜷卧并闭眼休息,0,406_33-himalayan-flame-point_12-curl-up-and-lie-down-mirror_seed-0,4,4.0,24,480,832,15:26,9:16,curl_up_and_lie_down_mirror.v1,pending_model_validation,0ae3d03ab930f2329999e943296bf3ba83b1968a23833a258ffc30a3fc3491e0,5dcfd307dd80e4bd86fa73aff45f41f66eced8aba348a07f81f559f008a63527
407,407,../data_h3/cat_ids/33_喜马拉雅猫火焰重点色.png,walk_forward_to_screen.mp4,prepared/walk_forward_to_screen.motion.mp4,prompts/walk_forward_to_screen.v1.en.txt,33,33-himalayan-flame-point,喜马拉雅猫火焰重点色,13,13-walk-forward-to-screen,walk_forward_to_screen,起身向镜头走近并在近处站定,0,407_33-himalayan-flame-point_13-walk-forward-to-screen_seed-0,4,4.041699,24,480,832,15:26,9:16,walk_forward_to_screen.v1,pending_model_validation,18c1e41e3d0bc7b332298f78c798593c6903d921bcab1cd40f5525438039f02c,b63a08fc2ef943e20b969f5567a1c9334a3d7ca21d68db70b052c4345a83014a
408,408,../data_h3/cat_ids/34_暹罗猫海豹重点色.png,Ref_drag_ear.mp4,prepared/Ref_drag_ear.motion.mp4,prompts/drag_ear.v1.en.txt,34,34-siamese-seal-point,暹罗猫海豹重点色,02,02-pull-left-ear,drag_ear,左前爪轻擦左耳与脸部后恢复坐姿,0,408_34-siamese-seal-point_02-pull-left-ear_seed-0,4,4.0,24,480,832,15:26,9:16,drag_ear.v1,pending_model_validation,dbdc93fe3f0e922d0d53d3b6c78e213e176b5230876cf046e5da697fd2320d7b,241a5d66949edcf078e592e2d02939921c2ff68968a95640d4e5a7e2c4fe75c1
409,409,../data_h3/cat_ids/34_暹罗猫海豹重点色.png,Ref_drag_ear_mirror.mp4,prepared/Ref_drag_ear_mirror.motion.mp4,prompts/drag_ear_mirror.v1.en.txt,34,34-siamese-seal-point,暹罗猫海豹重点色,03,03-drag-ear-mirror,drag_ear_mirror,右前爪轻擦右耳与脸部后恢复坐姿,0,409_34-siamese-seal-point_03-drag-ear-mirror_seed-0,4,4.0,24,480,832,15:26,9:16,drag_ear_mirror.v1,pending_model_validation,68fc5e929e94c082c0da4f6ccda4e0b2f4f8e49e4da6baacf37e6a84c69f2fb3,f5a0412ed913f5aad8bffb33c68c3b0ad7f4923f44f06370f768483b146897f4
410,410,../data_h3/cat_ids/34_暹罗猫海豹重点色.png,Ref_cat_teaser1.mp4,prepared/Ref_cat_teaser1.motion.mp4,prompts/cat_teaser1.v1.en.txt,34,34-siamese-seal-point,暹罗猫海豹重点色,04,04-cat-teaser1,cat_teaser1,左前爪坐姿拨打逗猫棒后注视玩具,0,410_34-siamese-seal-point_04-cat-teaser1_seed-0,4,4.0,24,480,832,15:26,9:16,cat_teaser1.v1,pending_model_validation,28971748699ea020c1f7f9f78e45a8407665e85ec6df04732794d5fefc6126de,90ead0cb85338d88512f89fc4fdaa1599eaae717252a8a228289e47e9f7150f0
411,411,../data_h3/cat_ids/34_暹罗猫海豹重点色.png,Ref_cat_teaser1_mirror.mp4,prepared/Ref_cat_teaser1_mirror.motion.mp4,prompts/cat_teaser1_mirror.v1.en.txt,34,34-siamese-seal-point,暹罗猫海豹重点色,05,05-cat-teaser1-mirror,cat_teaser1_mirror,右前爪坐姿拨打逗猫棒后注视玩具,0,411_34-siamese-seal-point_05-cat-teaser1-mirror_seed-0,4,4.0,24,480,832,15:26,9:16,cat_teaser1_mirror.v1,pending_model_validation,5c7abea398cc5cec6ee97bd79e91c601838c2218c8101bd13041c5753a5e72ec,af450da4b11a442fbb8dc3b090842b494306a33800841e4f3ac9399fb1a3e695
412,412,../data_h3/cat_ids/34_暹罗猫海豹重点色.png,Ref_cat_teaser2.mp4,prepared/Ref_cat_teaser2.motion.mp4,prompts/cat_teaser2.v1.en.txt,34,34-siamese-seal-point,暹罗猫海豹重点色,06,06-cat-teaser2,cat_teaser2,起身向画面右侧追拍逗猫棒并站定,0,412_34-siamese-seal-point_06-cat-teaser2_seed-0,4,4.0,24,480,832,15:26,9:16,cat_teaser2.v1,pending_model_validation,d24950c871f5181f868624b0d0235308584d0cda7f2fe02eb6c362bca9be17e4,a8c95e9c38443d4d231086357cb356e7c98cb2af1a6bfa216feae39e945cc0ec
413,413,../data_h3/cat_ids/34_暹罗猫海豹重点色.png,Ref_cat_teaser2_mirror.mp4,prepared/Ref_cat_teaser2_mirror.motion.mp4,prompts/cat_teaser2_mirror.v1.en.txt,34,34-siamese-seal-point,暹罗猫海豹重点色,07,07-cat-teaser2-mirror,cat_teaser2_mirror,起身向画面左侧追拍逗猫棒并站定,0,413_34-siamese-seal-point_07-cat-teaser2-mirror_seed-0,4,4.0,24,480,832,15:26,9:16,cat_teaser2_mirror.v1,pending_model_validation,96e072371eb22e5b130ddeb5d0d5286b26069e03ec55aa98d8eb8998108588b0,7d4ae2310b662639649d68fa4f699951317c36f76eb715534248659d1924613d
414,414,../data_h3/cat_ids/34_暹罗猫海豹重点色.png,Ref_cat_teaser3.mp4,prepared/Ref_cat_teaser3.motion.mp4,prompts/cat_teaser3.v1.en.txt,34,34-siamese-seal-point,暹罗猫海豹重点色,08,08-cat-teaser3,cat_teaser3,双前爪抬起抓扑逗猫棒后落地坐定,0,414_34-siamese-seal-point_08-cat-teaser3_seed-0,4,4.0,24,480,832,15:26,9:16,cat_teaser3.v1,pending_model_validation,28125c76324f19aa23e77ae9b7227ec9da10d152f0fe3eb89243ddf4b0cd0c6b,71df79527a94810bcacebc9cb956fa137c891a4ed437386697434b19c5fbb7ce
415,415,../data_h3/cat_ids/34_暹罗猫海豹重点色.png,Ref_drag_yarn_ball_and_catch.mp4,prepared/Ref_drag_yarn_ball_and_catch.motion.mp4,prompts/drag_yarn_ball_and_catch.v1.en.txt,34,34-siamese-seal-point,暹罗猫海豹重点色,09,09-drag-yarn-ball-and-catch,drag_yarn_ball_and_catch,追扑从画面左向右滚动的毛线球并按住,0,415_34-siamese-seal-point_09-drag-yarn-ball-and-catch_seed-0,4,4.0,24,480,832,15:26,9:16,drag_yarn_ball_and_catch.v1,pending_model_validation,7ebe1b2a01564d805523f56b909e9a53772ebed08cbeda3c79c1765cceab70f6,5b888bc1cdc661bc3b5760445027966ef8d36a31c447614acbd23d3ca6af442e
416,416,../data_h3/cat_ids/34_暹罗猫海豹重点色.png,Ref_drag_yarn_ball_and_catch_mirror.mp4,prepared/Ref_drag_yarn_ball_and_catch_mirror.motion.mp4,prompts/drag_yarn_ball_and_catch_mirror.v1.en.txt,34,34-siamese-seal-point,暹罗猫海豹重点色,10,10-drag-yarn-ball-and-catch-mirror,drag_yarn_ball_and_catch_mirror,追扑从画面右向左滚动的毛线球并按住,0,416_34-siamese-seal-point_10-drag-yarn-ball-and-catch-mirror_seed-0,4,4.0,24,480,832,15:26,9:16,drag_yarn_ball_and_catch_mirror.v1,pending_model_validation,477225bf4f6fca729b4947c68a49ba53af5fb0428686571bc103a6f680058a2d,8b44957f6ebaca7c04c4a0af6bf4fbb65085b8ecf0acaf3433dc727a25b74982
417,417,../data_h3/cat_ids/34_暹罗猫海豹重点色.png, Ref_curl_up_and_lie_down.mp4,prepared/ Ref_curl_up_and_lie_down.motion.mp4,prompts/curl_up_and_lie_down.v1.en.txt,34,34-siamese-seal-point,暹罗猫海豹重点色,11,11-curl-up-and-lie-down,curl_up_and_lie_down,低头向画面左侧蜷卧并闭眼休息,0,417_34-siamese-seal-point_11-curl-up-and-lie-down_seed-0,4,4.0,24,480,832,15:26,9:16,curl_up_and_lie_down.v1,pending_model_validation,9217effb2f85c4322c192edb9cc4c687268e1285527679229ed2d92161f10f6b,8414a980252d2baee6444085d2755563b7e0ccb3a138027e7cc6c1233be766eb
418,418,../data_h3/cat_ids/34_暹罗猫海豹重点色.png,Ref_curl_up_and_lie_down_mirror.mp4,prepared/Ref_curl_up_and_lie_down_mirror.motion.mp4,prompts/curl_up_and_lie_down_mirror.v1.en.txt,34,34-siamese-seal-point,暹罗猫海豹重点色,12,12-curl-up-and-lie-down-mirror,curl_up_and_lie_down_mirror,低头向画面右侧蜷卧并闭眼休息,0,418_34-siamese-seal-point_12-curl-up-and-lie-down-mirror_seed-0,4,4.0,24,480,832,15:26,9:16,curl_up_and_lie_down_mirror.v1,pending_model_validation,0ae3d03ab930f2329999e943296bf3ba83b1968a23833a258ffc30a3fc3491e0,5dcfd307dd80e4bd86fa73aff45f41f66eced8aba348a07f81f559f008a63527
419,419,../data_h3/cat_ids/34_暹罗猫海豹重点色.png,walk_forward_to_screen.mp4,prepared/walk_forward_to_screen.motion.mp4,prompts/walk_forward_to_screen.v1.en.txt,34,34-siamese-seal-point,暹罗猫海豹重点色,13,13-walk-forward-to-screen,walk_forward_to_screen,起身向镜头走近并在近处站定,0,419_34-siamese-seal-point_13-walk-forward-to-screen_seed-0,4,4.041699,24,480,832,15:26,9:16,walk_forward_to_screen.v1,pending_model_validation,18c1e41e3d0bc7b332298f78c798593c6903d921bcab1cd40f5525438039f02c,b63a08fc2ef943e20b969f5567a1c9334a3d7ca21d68db70b052c4345a83014a
420,420,../data_h3/cat_ids/35_巴厘猫海豹重点色.png,Ref_drag_ear.mp4,prepared/Ref_drag_ear.motion.mp4,prompts/drag_ear.v1.en.txt,35,35-balinese-seal-point,巴厘猫海豹重点色,02,02-pull-left-ear,drag_ear,左前爪轻擦左耳与脸部后恢复坐姿,0,420_35-balinese-seal-point_02-pull-left-ear_seed-0,4,4.0,24,480,832,15:26,9:16,drag_ear.v1,pending_model_validation,dbdc93fe3f0e922d0d53d3b6c78e213e176b5230876cf046e5da697fd2320d7b,241a5d66949edcf078e592e2d02939921c2ff68968a95640d4e5a7e2c4fe75c1
421,421,../data_h3/cat_ids/35_巴厘猫海豹重点色.png,Ref_drag_ear_mirror.mp4,prepared/Ref_drag_ear_mirror.motion.mp4,prompts/drag_ear_mirror.v1.en.txt,35,35-balinese-seal-point,巴厘猫海豹重点色,03,03-drag-ear-mirror,drag_ear_mirror,右前爪轻擦右耳与脸部后恢复坐姿,0,421_35-balinese-seal-point_03-drag-ear-mirror_seed-0,4,4.0,24,480,832,15:26,9:16,drag_ear_mirror.v1,pending_model_validation,68fc5e929e94c082c0da4f6ccda4e0b2f4f8e49e4da6baacf37e6a84c69f2fb3,f5a0412ed913f5aad8bffb33c68c3b0ad7f4923f44f06370f768483b146897f4
422,422,../data_h3/cat_ids/35_巴厘猫海豹重点色.png,Ref_cat_teaser1.mp4,prepared/Ref_cat_teaser1.motion.mp4,prompts/cat_teaser1.v1.en.txt,35,35-balinese-seal-point,巴厘猫海豹重点色,04,04-cat-teaser1,cat_teaser1,左前爪坐姿拨打逗猫棒后注视玩具,0,422_35-balinese-seal-point_04-cat-teaser1_seed-0,4,4.0,24,480,832,15:26,9:16,cat_teaser1.v1,pending_model_validation,28971748699ea020c1f7f9f78e45a8407665e85ec6df04732794d5fefc6126de,90ead0cb85338d88512f89fc4fdaa1599eaae717252a8a228289e47e9f7150f0
423,423,../data_h3/cat_ids/35_巴厘猫海豹重点色.png,Ref_cat_teaser1_mirror.mp4,prepared/Ref_cat_teaser1_mirror.motion.mp4,prompts/cat_teaser1_mirror.v1.en.txt,35,35-balinese-seal-point,巴厘猫海豹重点色,05,05-cat-teaser1-mirror,cat_teaser1_mirror,右前爪坐姿拨打逗猫棒后注视玩具,0,423_35-balinese-seal-point_05-cat-teaser1-mirror_seed-0,4,4.0,24,480,832,15:26,9:16,cat_teaser1_mirror.v1,pending_model_validation,5c7abea398cc5cec6ee97bd79e91c601838c2218c8101bd13041c5753a5e72ec,af450da4b11a442fbb8dc3b090842b494306a33800841e4f3ac9399fb1a3e695
424,424,../data_h3/cat_ids/35_巴厘猫海豹重点色.png,Ref_cat_teaser2.mp4,prepared/Ref_cat_teaser2.motion.mp4,prompts/cat_teaser2.v1.en.txt,35,35-balinese-seal-point,巴厘猫海豹重点色,06,06-cat-teaser2,cat_teaser2,起身向画面右侧追拍逗猫棒并站定,0,424_35-balinese-seal-point_06-cat-teaser2_seed-0,4,4.0,24,480,832,15:26,9:16,cat_teaser2.v1,pending_model_validation,d24950c871f5181f868624b0d0235308584d0cda7f2fe02eb6c362bca9be17e4,a8c95e9c38443d4d231086357cb356e7c98cb2af1a6bfa216feae39e945cc0ec
425,425,../data_h3/cat_ids/35_巴厘猫海豹重点色.png,Ref_cat_teaser2_mirror.mp4,prepared/Ref_cat_teaser2_mirror.motion.mp4,prompts/cat_teaser2_mirror.v1.en.txt,35,35-balinese-seal-point,巴厘猫海豹重点色,07,07-cat-teaser2-mirror,cat_teaser2_mirror,起身向画面左侧追拍逗猫棒并站定,0,425_35-balinese-seal-point_07-cat-teaser2-mirror_seed-0,4,4.0,24,480,832,15:26,9:16,cat_teaser2_mirror.v1,pending_model_validation,96e072371eb22e5b130ddeb5d0d5286b26069e03ec55aa98d8eb8998108588b0,7d4ae2310b662639649d68fa4f699951317c36f76eb715534248659d1924613d
426,426,../data_h3/cat_ids/35_巴厘猫海豹重点色.png,Ref_cat_teaser3.mp4,prepared/Ref_cat_teaser3.motion.mp4,prompts/cat_teaser3.v1.en.txt,35,35-balinese-seal-point,巴厘猫海豹重点色,08,08-cat-teaser3,cat_teaser3,双前爪抬起抓扑逗猫棒后落地坐定,0,426_35-balinese-seal-point_08-cat-teaser3_seed-0,4,4.0,24,480,832,15:26,9:16,cat_teaser3.v1,pending_model_validation,28125c76324f19aa23e77ae9b7227ec9da10d152f0fe3eb89243ddf4b0cd0c6b,71df79527a94810bcacebc9cb956fa137c891a4ed437386697434b19c5fbb7ce
427,427,../data_h3/cat_ids/35_巴厘猫海豹重点色.png,Ref_drag_yarn_ball_and_catch.mp4,prepared/Ref_drag_yarn_ball_and_catch.motion.mp4,prompts/drag_yarn_ball_and_catch.v1.en.txt,35,35-balinese-seal-point,巴厘猫海豹重点色,09,09-drag-yarn-ball-and-catch,drag_yarn_ball_and_catch,追扑从画面左向右滚动的毛线球并按住,0,427_35-balinese-seal-point_09-drag-yarn-ball-and-catch_seed-0,4,4.0,24,480,832,15:26,9:16,drag_yarn_ball_and_catch.v1,pending_model_validation,7ebe1b2a01564d805523f56b909e9a53772ebed08cbeda3c79c1765cceab70f6,5b888bc1cdc661bc3b5760445027966ef8d36a31c447614acbd23d3ca6af442e
428,428,../data_h3/cat_ids/35_巴厘猫海豹重点色.png,Ref_drag_yarn_ball_and_catch_mirror.mp4,prepared/Ref_drag_yarn_ball_and_catch_mirror.motion.mp4,prompts/drag_yarn_ball_and_catch_mirror.v1.en.txt,35,35-balinese-seal-point,巴厘猫海豹重点色,10,10-drag-yarn-ball-and-catch-mirror,drag_yarn_ball_and_catch_mirror,追扑从画面右向左滚动的毛线球并按住,0,428_35-balinese-seal-point_10-drag-yarn-ball-and-catch-mirror_seed-0,4,4.0,24,480,832,15:26,9:16,drag_yarn_ball_and_catch_mirror.v1,pending_model_validation,477225bf4f6fca729b4947c68a49ba53af5fb0428686571bc103a6f680058a2d,8b44957f6ebaca7c04c4a0af6bf4fbb65085b8ecf0acaf3433dc727a25b74982
429,429,../data_h3/cat_ids/35_巴厘猫海豹重点色.png, Ref_curl_up_and_lie_down.mp4,prepared/ Ref_curl_up_and_lie_down.motion.mp4,prompts/curl_up_and_lie_down.v1.en.txt,35,35-balinese-seal-point,巴厘猫海豹重点色,11,11-curl-up-and-lie-down,curl_up_and_lie_down,低头向画面左侧蜷卧并闭眼休息,0,429_35-balinese-seal-point_11-curl-up-and-lie-down_seed-0,4,4.0,24,480,832,15:26,9:16,curl_up_and_lie_down.v1,pending_model_validation,9217effb2f85c4322c192edb9cc4c687268e1285527679229ed2d92161f10f6b,8414a980252d2baee6444085d2755563b7e0ccb3a138027e7cc6c1233be766eb
430,430,../data_h3/cat_ids/35_巴厘猫海豹重点色.png,Ref_curl_up_and_lie_down_mirror.mp4,prepared/Ref_curl_up_and_lie_down_mirror.motion.mp4,prompts/curl_up_and_lie_down_mirror.v1.en.txt,35,35-balinese-seal-point,巴厘猫海豹重点色,12,12-curl-up-and-lie-down-mirror,curl_up_and_lie_down_mirror,低头向画面右侧蜷卧并闭眼休息,0,430_35-balinese-seal-point_12-curl-up-and-lie-down-mirror_seed-0,4,4.0,24,480,832,15:26,9:16,curl_up_and_lie_down_mirror.v1,pending_model_validation,0ae3d03ab930f2329999e943296bf3ba83b1968a23833a258ffc30a3fc3491e0,5dcfd307dd80e4bd86fa73aff45f41f66eced8aba348a07f81f559f008a63527
431,431,../data_h3/cat_ids/35_巴厘猫海豹重点色.png,walk_forward_to_screen.mp4,prepared/walk_forward_to_screen.motion.mp4,prompts/walk_forward_to_screen.v1.en.txt,35,35-balinese-seal-point,巴厘猫海豹重点色,13,13-walk-forward-to-screen,walk_forward_to_screen,起身向镜头走近并在近处站定,0,431_35-balinese-seal-point_13-walk-forward-to-screen_seed-0,4,4.041699,24,480,832,15:26,9:16,walk_forward_to_screen.v1,pending_model_validation,18c1e41e3d0bc7b332298f78c798593c6903d921bcab1cd40f5525438039f02c,b63a08fc2ef943e20b969f5567a1c9334a3d7ca21d68db70b052c4345a83014a
432,432,../data_h3/cat_ids/36_缅甸猫深褐色.png,Ref_drag_ear.mp4,prepared/Ref_drag_ear.motion.mp4,prompts/drag_ear.v1.en.txt,36,36-burmese-sable,缅甸猫深褐色,02,02-pull-left-ear,drag_ear,左前爪轻擦左耳与脸部后恢复坐姿,0,432_36-burmese-sable_02-pull-left-ear_seed-0,4,4.0,24,480,832,15:26,9:16,drag_ear.v1,pending_model_validation,dbdc93fe3f0e922d0d53d3b6c78e213e176b5230876cf046e5da697fd2320d7b,241a5d66949edcf078e592e2d02939921c2ff68968a95640d4e5a7e2c4fe75c1
433,433,../data_h3/cat_ids/36_缅甸猫深褐色.png,Ref_drag_ear_mirror.mp4,prepared/Ref_drag_ear_mirror.motion.mp4,prompts/drag_ear_mirror.v1.en.txt,36,36-burmese-sable,缅甸猫深褐色,03,03-drag-ear-mirror,drag_ear_mirror,右前爪轻擦右耳与脸部后恢复坐姿,0,433_36-burmese-sable_03-drag-ear-mirror_seed-0,4,4.0,24,480,832,15:26,9:16,drag_ear_mirror.v1,pending_model_validation,68fc5e929e94c082c0da4f6ccda4e0b2f4f8e49e4da6baacf37e6a84c69f2fb3,f5a0412ed913f5aad8bffb33c68c3b0ad7f4923f44f06370f768483b146897f4
434,434,../data_h3/cat_ids/36_缅甸猫深褐色.png,Ref_cat_teaser1.mp4,prepared/Ref_cat_teaser1.motion.mp4,prompts/cat_teaser1.v1.en.txt,36,36-burmese-sable,缅甸猫深褐色,04,04-cat-teaser1,cat_teaser1,左前爪坐姿拨打逗猫棒后注视玩具,0,434_36-burmese-sable_04-cat-teaser1_seed-0,4,4.0,24,480,832,15:26,9:16,cat_teaser1.v1,pending_model_validation,28971748699ea020c1f7f9f78e45a8407665e85ec6df04732794d5fefc6126de,90ead0cb85338d88512f89fc4fdaa1599eaae717252a8a228289e47e9f7150f0
435,435,../data_h3/cat_ids/36_缅甸猫深褐色.png,Ref_cat_teaser1_mirror.mp4,prepared/Ref_cat_teaser1_mirror.motion.mp4,prompts/cat_teaser1_mirror.v1.en.txt,36,36-burmese-sable,缅甸猫深褐色,05,05-cat-teaser1-mirror,cat_teaser1_mirror,右前爪坐姿拨打逗猫棒后注视玩具,0,435_36-burmese-sable_05-cat-teaser1-mirror_seed-0,4,4.0,24,480,832,15:26,9:16,cat_teaser1_mirror.v1,pending_model_validation,5c7abea398cc5cec6ee97bd79e91c601838c2218c8101bd13041c5753a5e72ec,af450da4b11a442fbb8dc3b090842b494306a33800841e4f3ac9399fb1a3e695
436,436,../data_h3/cat_ids/36_缅甸猫深褐色.png,Ref_cat_teaser2.mp4,prepared/Ref_cat_teaser2.motion.mp4,prompts/cat_teaser2.v1.en.txt,36,36-burmese-sable,缅甸猫深褐色,06,06-cat-teaser2,cat_teaser2,起身向画面右侧追拍逗猫棒并站定,0,436_36-burmese-sable_06-cat-teaser2_seed-0,4,4.0,24,480,832,15:26,9:16,cat_teaser2.v1,pending_model_validation,d24950c871f5181f868624b0d0235308584d0cda7f2fe02eb6c362bca9be17e4,a8c95e9c38443d4d231086357cb356e7c98cb2af1a6bfa216feae39e945cc0ec
437,437,../data_h3/cat_ids/36_缅甸猫深褐色.png,Ref_cat_teaser2_mirror.mp4,prepared/Ref_cat_teaser2_mirror.motion.mp4,prompts/cat_teaser2_mirror.v1.en.txt,36,36-burmese-sable,缅甸猫深褐色,07,07-cat-teaser2-mirror,cat_teaser2_mirror,起身向画面左侧追拍逗猫棒并站定,0,437_36-burmese-sable_07-cat-teaser2-mirror_seed-0,4,4.0,24,480,832,15:26,9:16,cat_teaser2_mirror.v1,pending_model_validation,96e072371eb22e5b130ddeb5d0d5286b26069e03ec55aa98d8eb8998108588b0,7d4ae2310b662639649d68fa4f699951317c36f76eb715534248659d1924613d
438,438,../data_h3/cat_ids/36_缅甸猫深褐色.png,Ref_cat_teaser3.mp4,prepared/Ref_cat_teaser3.motion.mp4,prompts/cat_teaser3.v1.en.txt,36,36-burmese-sable,缅甸猫深褐色,08,08-cat-teaser3,cat_teaser3,双前爪抬起抓扑逗猫棒后落地坐定,0,438_36-burmese-sable_08-cat-teaser3_seed-0,4,4.0,24,480,832,15:26,9:16,cat_teaser3.v1,pending_model_validation,28125c76324f19aa23e77ae9b7227ec9da10d152f0fe3eb89243ddf4b0cd0c6b,71df79527a94810bcacebc9cb956fa137c891a4ed437386697434b19c5fbb7ce
439,439,../data_h3/cat_ids/36_缅甸猫深褐色.png,Ref_drag_yarn_ball_and_catch.mp4,prepared/Ref_drag_yarn_ball_and_catch.motion.mp4,prompts/drag_yarn_ball_and_catch.v1.en.txt,36,36-burmese-sable,缅甸猫深褐色,09,09-drag-yarn-ball-and-catch,drag_yarn_ball_and_catch,追扑从画面左向右滚动的毛线球并按住,0,439_36-burmese-sable_09-drag-yarn-ball-and-catch_seed-0,4,4.0,24,480,832,15:26,9:16,drag_yarn_ball_and_catch.v1,pending_model_validation,7ebe1b2a01564d805523f56b909e9a53772ebed08cbeda3c79c1765cceab70f6,5b888bc1cdc661bc3b5760445027966ef8d36a31c447614acbd23d3ca6af442e
440,440,../data_h3/cat_ids/36_缅甸猫深褐色.png,Ref_drag_yarn_ball_and_catch_mirror.mp4,prepared/Ref_drag_yarn_ball_and_catch_mirror.motion.mp4,prompts/drag_yarn_ball_and_catch_mirror.v1.en.txt,36,36-burmese-sable,缅甸猫深褐色,10,10-drag-yarn-ball-and-catch-mirror,drag_yarn_ball_and_catch_mirror,追扑从画面右向左滚动的毛线球并按住,0,440_36-burmese-sable_10-drag-yarn-ball-and-catch-mirror_seed-0,4,4.0,24,480,832,15:26,9:16,drag_yarn_ball_and_catch_mirror.v1,pending_model_validation,477225bf4f6fca729b4947c68a49ba53af5fb0428686571bc103a6f680058a2d,8b44957f6ebaca7c04c4a0af6bf4fbb65085b8ecf0acaf3433dc727a25b74982
441,441,../data_h3/cat_ids/36_缅甸猫深褐色.png, Ref_curl_up_and_lie_down.mp4,prepared/ Ref_curl_up_and_lie_down.motion.mp4,prompts/curl_up_and_lie_down.v1.en.txt,36,36-burmese-sable,缅甸猫深褐色,11,11-curl-up-and-lie-down,curl_up_and_lie_down,低头向画面左侧蜷卧并闭眼休息,0,441_36-burmese-sable_11-curl-up-and-lie-down_seed-0,4,4.0,24,480,832,15:26,9:16,curl_up_and_lie_down.v1,pending_model_validation,9217effb2f85c4322c192edb9cc4c687268e1285527679229ed2d92161f10f6b,8414a980252d2baee6444085d2755563b7e0ccb3a138027e7cc6c1233be766eb
442,442,../data_h3/cat_ids/36_缅甸猫深褐色.png,Ref_curl_up_and_lie_down_mirror.mp4,prepared/Ref_curl_up_and_lie_down_mirror.motion.mp4,prompts/curl_up_and_lie_down_mirror.v1.en.txt,36,36-burmese-sable,缅甸猫深褐色,12,12-curl-up-and-lie-down-mirror,curl_up_and_lie_down_mirror,低头向画面右侧蜷卧并闭眼休息,0,442_36-burmese-sable_12-curl-up-and-lie-down-mirror_seed-0,4,4.0,24,480,832,15:26,9:16,curl_up_and_lie_down_mirror.v1,pending_model_validation,0ae3d03ab930f2329999e943296bf3ba83b1968a23833a258ffc30a3fc3491e0,5dcfd307dd80e4bd86fa73aff45f41f66eced8aba348a07f81f559f008a63527
443,443,../data_h3/cat_ids/36_缅甸猫深褐色.png,walk_forward_to_screen.mp4,prepared/walk_forward_to_screen.motion.mp4,prompts/walk_forward_to_screen.v1.en.txt,36,36-burmese-sable,缅甸猫深褐色,13,13-walk-forward-to-screen,walk_forward_to_screen,起身向镜头走近并在近处站定,0,443_36-burmese-sable_13-walk-forward-to-screen_seed-0,4,4.041699,24,480,832,15:26,9:16,walk_forward_to_screen.v1,pending_model_validation,18c1e41e3d0bc7b332298f78c798593c6903d921bcab1cd40f5525438039f02c,b63a08fc2ef943e20b969f5567a1c9334a3d7ca21d68db70b052c4345a83014a
444,444,../data_h3/cat_ids/37_东奇尼猫貂色.png,Ref_drag_ear.mp4,prepared/Ref_drag_ear.motion.mp4,prompts/drag_ear.v1.en.txt,37,37-tonkinese-mink,东奇尼猫貂色,02,02-pull-left-ear,drag_ear,左前爪轻擦左耳与脸部后恢复坐姿,0,444_37-tonkinese-mink_02-pull-left-ear_seed-0,4,4.0,24,480,832,15:26,9:16,drag_ear.v1,pending_model_validation,dbdc93fe3f0e922d0d53d3b6c78e213e176b5230876cf046e5da697fd2320d7b,241a5d66949edcf078e592e2d02939921c2ff68968a95640d4e5a7e2c4fe75c1
445,445,../data_h3/cat_ids/37_东奇尼猫貂色.png,Ref_drag_ear_mirror.mp4,prepared/Ref_drag_ear_mirror.motion.mp4,prompts/drag_ear_mirror.v1.en.txt,37,37-tonkinese-mink,东奇尼猫貂色,03,03-drag-ear-mirror,drag_ear_mirror,右前爪轻擦右耳与脸部后恢复坐姿,0,445_37-tonkinese-mink_03-drag-ear-mirror_seed-0,4,4.0,24,480,832,15:26,9:16,drag_ear_mirror.v1,pending_model_validation,68fc5e929e94c082c0da4f6ccda4e0b2f4f8e49e4da6baacf37e6a84c69f2fb3,f5a0412ed913f5aad8bffb33c68c3b0ad7f4923f44f06370f768483b146897f4
446,446,../data_h3/cat_ids/37_东奇尼猫貂色.png,Ref_cat_teaser1.mp4,prepared/Ref_cat_teaser1.motion.mp4,prompts/cat_teaser1.v1.en.txt,37,37-tonkinese-mink,东奇尼猫貂色,04,04-cat-teaser1,cat_teaser1,左前爪坐姿拨打逗猫棒后注视玩具,0,446_37-tonkinese-mink_04-cat-teaser1_seed-0,4,4.0,24,480,832,15:26,9:16,cat_teaser1.v1,pending_model_validation,28971748699ea020c1f7f9f78e45a8407665e85ec6df04732794d5fefc6126de,90ead0cb85338d88512f89fc4fdaa1599eaae717252a8a228289e47e9f7150f0
447,447,../data_h3/cat_ids/37_东奇尼猫貂色.png,Ref_cat_teaser1_mirror.mp4,prepared/Ref_cat_teaser1_mirror.motion.mp4,prompts/cat_teaser1_mirror.v1.en.txt,37,37-tonkinese-mink,东奇尼猫貂色,05,05-cat-teaser1-mirror,cat_teaser1_mirror,右前爪坐姿拨打逗猫棒后注视玩具,0,447_37-tonkinese-mink_05-cat-teaser1-mirror_seed-0,4,4.0,24,480,832,15:26,9:16,cat_teaser1_mirror.v1,pending_model_validation,5c7abea398cc5cec6ee97bd79e91c601838c2218c8101bd13041c5753a5e72ec,af450da4b11a442fbb8dc3b090842b494306a33800841e4f3ac9399fb1a3e695
448,448,../data_h3/cat_ids/37_东奇尼猫貂色.png,Ref_cat_teaser2.mp4,prepared/Ref_cat_teaser2.motion.mp4,prompts/cat_teaser2.v1.en.txt,37,37-tonkinese-mink,东奇尼猫貂色,06,06-cat-teaser2,cat_teaser2,起身向画面右侧追拍逗猫棒并站定,0,448_37-tonkinese-mink_06-cat-teaser2_seed-0,4,4.0,24,480,832,15:26,9:16,cat_teaser2.v1,pending_model_validation,d24950c871f5181f868624b0d0235308584d0cda7f2fe02eb6c362bca9be17e4,a8c95e9c38443d4d231086357cb356e7c98cb2af1a6bfa216feae39e945cc0ec
449,449,../data_h3/cat_ids/37_东奇尼猫貂色.png,Ref_cat_teaser2_mirror.mp4,prepared/Ref_cat_teaser2_mirror.motion.mp4,prompts/cat_teaser2_mirror.v1.en.txt,37,37-tonkinese-mink,东奇尼猫貂色,07,07-cat-teaser2-mirror,cat_teaser2_mirror,起身向画面左侧追拍逗猫棒并站定,0,449_37-tonkinese-mink_07-cat-teaser2-mirror_seed-0,4,4.0,24,480,832,15:26,9:16,cat_teaser2_mirror.v1,pending_model_validation,96e072371eb22e5b130ddeb5d0d5286b26069e03ec55aa98d8eb8998108588b0,7d4ae2310b662639649d68fa4f699951317c36f76eb715534248659d1924613d
450,450,../data_h3/cat_ids/37_东奇尼猫貂色.png,Ref_cat_teaser3.mp4,prepared/Ref_cat_teaser3.motion.mp4,prompts/cat_teaser3.v1.en.txt,37,37-tonkinese-mink,东奇尼猫貂色,08,08-cat-teaser3,cat_teaser3,双前爪抬起抓扑逗猫棒后落地坐定,0,450_37-tonkinese-mink_08-cat-teaser3_seed-0,4,4.0,24,480,832,15:26,9:16,cat_teaser3.v1,pending_model_validation,28125c76324f19aa23e77ae9b7227ec9da10d152f0fe3eb89243ddf4b0cd0c6b,71df79527a94810bcacebc9cb956fa137c891a4ed437386697434b19c5fbb7ce
451,451,../data_h3/cat_ids/37_东奇尼猫貂色.png,Ref_drag_yarn_ball_and_catch.mp4,prepared/Ref_drag_yarn_ball_and_catch.motion.mp4,prompts/drag_yarn_ball_and_catch.v1.en.txt,37,37-tonkinese-mink,东奇尼猫貂色,09,09-drag-yarn-ball-and-catch,drag_yarn_ball_and_catch,追扑从画面左向右滚动的毛线球并按住,0,451_37-tonkinese-mink_09-drag-yarn-ball-and-catch_seed-0,4,4.0,24,480,832,15:26,9:16,drag_yarn_ball_and_catch.v1,pending_model_validation,7ebe1b2a01564d805523f56b909e9a53772ebed08cbeda3c79c1765cceab70f6,5b888bc1cdc661bc3b5760445027966ef8d36a31c447614acbd23d3ca6af442e
452,452,../data_h3/cat_ids/37_东奇尼猫貂色.png,Ref_drag_yarn_ball_and_catch_mirror.mp4,prepared/Ref_drag_yarn_ball_and_catch_mirror.motion.mp4,prompts/drag_yarn_ball_and_catch_mirror.v1.en.txt,37,37-tonkinese-mink,东奇尼猫貂色,10,10-drag-yarn-ball-and-catch-mirror,drag_yarn_ball_and_catch_mirror,追扑从画面右向左滚动的毛线球并按住,0,452_37-tonkinese-mink_10-drag-yarn-ball-and-catch-mirror_seed-0,4,4.0,24,480,832,15:26,9:16,drag_yarn_ball_and_catch_mirror.v1,pending_model_validation,477225bf4f6fca729b4947c68a49ba53af5fb0428686571bc103a6f680058a2d,8b44957f6ebaca7c04c4a0af6bf4fbb65085b8ecf0acaf3433dc727a25b74982
453,453,../data_h3/cat_ids/37_东奇尼猫貂色.png, Ref_curl_up_and_lie_down.mp4,prepared/ Ref_curl_up_and_lie_down.motion.mp4,prompts/curl_up_and_lie_down.v1.en.txt,37,37-tonkinese-mink,东奇尼猫貂色,11,11-curl-up-and-lie-down,curl_up_and_lie_down,低头向画面左侧蜷卧并闭眼休息,0,453_37-tonkinese-mink_11-curl-up-and-lie-down_seed-0,4,4.0,24,480,832,15:26,9:16,curl_up_and_lie_down.v1,pending_model_validation,9217effb2f85c4322c192edb9cc4c687268e1285527679229ed2d92161f10f6b,8414a980252d2baee6444085d2755563b7e0ccb3a138027e7cc6c1233be766eb
454,454,../data_h3/cat_ids/37_东奇尼猫貂色.png,Ref_curl_up_and_lie_down_mirror.mp4,prepared/Ref_curl_up_and_lie_down_mirror.motion.mp4,prompts/curl_up_and_lie_down_mirror.v1.en.txt,37,37-tonkinese-mink,东奇尼猫貂色,12,12-curl-up-and-lie-down-mirror,curl_up_and_lie_down_mirror,低头向画面右侧蜷卧并闭眼休息,0,454_37-tonkinese-mink_12-curl-up-and-lie-down-mirror_seed-0,4,4.0,24,480,832,15:26,9:16,curl_up_and_lie_down_mirror.v1,pending_model_validation,0ae3d03ab930f2329999e943296bf3ba83b1968a23833a258ffc30a3fc3491e0,5dcfd307dd80e4bd86fa73aff45f41f66eced8aba348a07f81f559f008a63527
455,455,../data_h3/cat_ids/37_东奇尼猫貂色.png,walk_forward_to_screen.mp4,prepared/walk_forward_to_screen.motion.mp4,prompts/walk_forward_to_screen.v1.en.txt,37,37-tonkinese-mink,东奇尼猫貂色,13,13-walk-forward-to-screen,walk_forward_to_screen,起身向镜头走近并在近处站定,0,455_37-tonkinese-mink_13-walk-forward-to-screen_seed-0,4,4.041699,24,480,832,15:26,9:16,walk_forward_to_screen.v1,pending_model_validation,18c1e41e3d0bc7b332298f78c798593c6903d921bcab1cd40f5525438039f02c,b63a08fc2ef943e20b969f5567a1c9334a3d7ca21d68db70b052c4345a83014a
456,456,../data_h3/cat_ids/38_彼得秃猫.png,Ref_drag_ear.mp4,prepared/Ref_drag_ear.motion.mp4,prompts/drag_ear.v1.en.txt,38,38-peterbald,彼得秃猫,02,02-pull-left-ear,drag_ear,左前爪轻擦左耳与脸部后恢复坐姿,0,456_38-peterbald_02-pull-left-ear_seed-0,4,4.0,24,480,832,15:26,9:16,drag_ear.v1,pending_model_validation,dbdc93fe3f0e922d0d53d3b6c78e213e176b5230876cf046e5da697fd2320d7b,241a5d66949edcf078e592e2d02939921c2ff68968a95640d4e5a7e2c4fe75c1
457,457,../data_h3/cat_ids/38_彼得秃猫.png,Ref_drag_ear_mirror.mp4,prepared/Ref_drag_ear_mirror.motion.mp4,prompts/drag_ear_mirror.v1.en.txt,38,38-peterbald,彼得秃猫,03,03-drag-ear-mirror,drag_ear_mirror,右前爪轻擦右耳与脸部后恢复坐姿,0,457_38-peterbald_03-drag-ear-mirror_seed-0,4,4.0,24,480,832,15:26,9:16,drag_ear_mirror.v1,pending_model_validation,68fc5e929e94c082c0da4f6ccda4e0b2f4f8e49e4da6baacf37e6a84c69f2fb3,f5a0412ed913f5aad8bffb33c68c3b0ad7f4923f44f06370f768483b146897f4
458,458,../data_h3/cat_ids/38_彼得秃猫.png,Ref_cat_teaser1.mp4,prepared/Ref_cat_teaser1.motion.mp4,prompts/cat_teaser1.v1.en.txt,38,38-peterbald,彼得秃猫,04,04-cat-teaser1,cat_teaser1,左前爪坐姿拨打逗猫棒后注视玩具,0,458_38-peterbald_04-cat-teaser1_seed-0,4,4.0,24,480,832,15:26,9:16,cat_teaser1.v1,pending_model_validation,28971748699ea020c1f7f9f78e45a8407665e85ec6df04732794d5fefc6126de,90ead0cb85338d88512f89fc4fdaa1599eaae717252a8a228289e47e9f7150f0
459,459,../data_h3/cat_ids/38_彼得秃猫.png,Ref_cat_teaser1_mirror.mp4,prepared/Ref_cat_teaser1_mirror.motion.mp4,prompts/cat_teaser1_mirror.v1.en.txt,38,38-peterbald,彼得秃猫,05,05-cat-teaser1-mirror,cat_teaser1_mirror,右前爪坐姿拨打逗猫棒后注视玩具,0,459_38-peterbald_05-cat-teaser1-mirror_seed-0,4,4.0,24,480,832,15:26,9:16,cat_teaser1_mirror.v1,pending_model_validation,5c7abea398cc5cec6ee97bd79e91c601838c2218c8101bd13041c5753a5e72ec,af450da4b11a442fbb8dc3b090842b494306a33800841e4f3ac9399fb1a3e695
460,460,../data_h3/cat_ids/38_彼得秃猫.png,Ref_cat_teaser2.mp4,prepared/Ref_cat_teaser2.motion.mp4,prompts/cat_teaser2.v1.en.txt,38,38-peterbald,彼得秃猫,06,06-cat-teaser2,cat_teaser2,起身向画面右侧追拍逗猫棒并站定,0,460_38-peterbald_06-cat-teaser2_seed-0,4,4.0,24,480,832,15:26,9:16,cat_teaser2.v1,pending_model_validation,d24950c871f5181f868624b0d0235308584d0cda7f2fe02eb6c362bca9be17e4,a8c95e9c38443d4d231086357cb356e7c98cb2af1a6bfa216feae39e945cc0ec
461,461,../data_h3/cat_ids/38_彼得秃猫.png,Ref_cat_teaser2_mirror.mp4,prepared/Ref_cat_teaser2_mirror.motion.mp4,prompts/cat_teaser2_mirror.v1.en.txt,38,38-peterbald,彼得秃猫,07,07-cat-teaser2-mirror,cat_teaser2_mirror,起身向画面左侧追拍逗猫棒并站定,0,461_38-peterbald_07-cat-teaser2-mirror_seed-0,4,4.0,24,480,832,15:26,9:16,cat_teaser2_mirror.v1,pending_model_validation,96e072371eb22e5b130ddeb5d0d5286b26069e03ec55aa98d8eb8998108588b0,7d4ae2310b662639649d68fa4f699951317c36f76eb715534248659d1924613d
462,462,../data_h3/cat_ids/38_彼得秃猫.png,Ref_cat_teaser3.mp4,prepared/Ref_cat_teaser3.motion.mp4,prompts/cat_teaser3.v1.en.txt,38,38-peterbald,彼得秃猫,08,08-cat-teaser3,cat_teaser3,双前爪抬起抓扑逗猫棒后落地坐定,0,462_38-peterbald_08-cat-teaser3_seed-0,4,4.0,24,480,832,15:26,9:16,cat_teaser3.v1,pending_model_validation,28125c76324f19aa23e77ae9b7227ec9da10d152f0fe3eb89243ddf4b0cd0c6b,71df79527a94810bcacebc9cb956fa137c891a4ed437386697434b19c5fbb7ce
463,463,../data_h3/cat_ids/38_彼得秃猫.png,Ref_drag_yarn_ball_and_catch.mp4,prepared/Ref_drag_yarn_ball_and_catch.motion.mp4,prompts/drag_yarn_ball_and_catch.v1.en.txt,38,38-peterbald,彼得秃猫,09,09-drag-yarn-ball-and-catch,drag_yarn_ball_and_catch,追扑从画面左向右滚动的毛线球并按住,0,463_38-peterbald_09-drag-yarn-ball-and-catch_seed-0,4,4.0,24,480,832,15:26,9:16,drag_yarn_ball_and_catch.v1,pending_model_validation,7ebe1b2a01564d805523f56b909e9a53772ebed08cbeda3c79c1765cceab70f6,5b888bc1cdc661bc3b5760445027966ef8d36a31c447614acbd23d3ca6af442e
464,464,../data_h3/cat_ids/38_彼得秃猫.png,Ref_drag_yarn_ball_and_catch_mirror.mp4,prepared/Ref_drag_yarn_ball_and_catch_mirror.motion.mp4,prompts/drag_yarn_ball_and_catch_mirror.v1.en.txt,38,38-peterbald,彼得秃猫,10,10-drag-yarn-ball-and-catch-mirror,drag_yarn_ball_and_catch_mirror,追扑从画面右向左滚动的毛线球并按住,0,464_38-peterbald_10-drag-yarn-ball-and-catch-mirror_seed-0,4,4.0,24,480,832,15:26,9:16,drag_yarn_ball_and_catch_mirror.v1,pending_model_validation,477225bf4f6fca729b4947c68a49ba53af5fb0428686571bc103a6f680058a2d,8b44957f6ebaca7c04c4a0af6bf4fbb65085b8ecf0acaf3433dc727a25b74982
465,465,../data_h3/cat_ids/38_彼得秃猫.png, Ref_curl_up_and_lie_down.mp4,prepared/ Ref_curl_up_and_lie_down.motion.mp4,prompts/curl_up_and_lie_down.v1.en.txt,38,38-peterbald,彼得秃猫,11,11-curl-up-and-lie-down,curl_up_and_lie_down,低头向画面左侧蜷卧并闭眼休息,0,465_38-peterbald_11-curl-up-and-lie-down_seed-0,4,4.0,24,480,832,15:26,9:16,curl_up_and_lie_down.v1,pending_model_validation,9217effb2f85c4322c192edb9cc4c687268e1285527679229ed2d92161f10f6b,8414a980252d2baee6444085d2755563b7e0ccb3a138027e7cc6c1233be766eb
466,466,../data_h3/cat_ids/38_彼得秃猫.png,Ref_curl_up_and_lie_down_mirror.mp4,prepared/Ref_curl_up_and_lie_down_mirror.motion.mp4,prompts/curl_up_and_lie_down_mirror.v1.en.txt,38,38-peterbald,彼得秃猫,12,12-curl-up-and-lie-down-mirror,curl_up_and_lie_down_mirror,低头向画面右侧蜷卧并闭眼休息,0,466_38-peterbald_12-curl-up-and-lie-down-mirror_seed-0,4,4.0,24,480,832,15:26,9:16,curl_up_and_lie_down_mirror.v1,pending_model_validation,0ae3d03ab930f2329999e943296bf3ba83b1968a23833a258ffc30a3fc3491e0,5dcfd307dd80e4bd86fa73aff45f41f66eced8aba348a07f81f559f008a63527
467,467,../data_h3/cat_ids/38_彼得秃猫.png,walk_forward_to_screen.mp4,prepared/walk_forward_to_screen.motion.mp4,prompts/walk_forward_to_screen.v1.en.txt,38,38-peterbald,彼得秃猫,13,13-walk-forward-to-screen,walk_forward_to_screen,起身向镜头走近并在近处站定,0,467_38-peterbald_13-walk-forward-to-screen_seed-0,4,4.041699,24,480,832,15:26,9:16,walk_forward_to_screen.v1,pending_model_validation,18c1e41e3d0bc7b332298f78c798593c6903d921bcab1cd40f5525438039f02c,b63a08fc2ef943e20b969f5567a1c9334a3d7ca21d68db70b052c4345a83014a
468,468,../data_h3/cat_ids/39_雪鞋猫.png,Ref_drag_ear.mp4,prepared/Ref_drag_ear.motion.mp4,prompts/drag_ear.v1.en.txt,39,39-snowshoe,雪鞋猫,02,02-pull-left-ear,drag_ear,左前爪轻擦左耳与脸部后恢复坐姿,0,468_39-snowshoe_02-pull-left-ear_seed-0,4,4.0,24,480,832,15:26,9:16,drag_ear.v1,pending_model_validation,dbdc93fe3f0e922d0d53d3b6c78e213e176b5230876cf046e5da697fd2320d7b,241a5d66949edcf078e592e2d02939921c2ff68968a95640d4e5a7e2c4fe75c1
469,469,../data_h3/cat_ids/39_雪鞋猫.png,Ref_drag_ear_mirror.mp4,prepared/Ref_drag_ear_mirror.motion.mp4,prompts/drag_ear_mirror.v1.en.txt,39,39-snowshoe,雪鞋猫,03,03-drag-ear-mirror,drag_ear_mirror,右前爪轻擦右耳与脸部后恢复坐姿,0,469_39-snowshoe_03-drag-ear-mirror_seed-0,4,4.0,24,480,832,15:26,9:16,drag_ear_mirror.v1,pending_model_validation,68fc5e929e94c082c0da4f6ccda4e0b2f4f8e49e4da6baacf37e6a84c69f2fb3,f5a0412ed913f5aad8bffb33c68c3b0ad7f4923f44f06370f768483b146897f4
470,470,../data_h3/cat_ids/39_雪鞋猫.png,Ref_cat_teaser1.mp4,prepared/Ref_cat_teaser1.motion.mp4,prompts/cat_teaser1.v1.en.txt,39,39-snowshoe,雪鞋猫,04,04-cat-teaser1,cat_teaser1,左前爪坐姿拨打逗猫棒后注视玩具,0,470_39-snowshoe_04-cat-teaser1_seed-0,4,4.0,24,480,832,15:26,9:16,cat_teaser1.v1,pending_model_validation,28971748699ea020c1f7f9f78e45a8407665e85ec6df04732794d5fefc6126de,90ead0cb85338d88512f89fc4fdaa1599eaae717252a8a228289e47e9f7150f0
471,471,../data_h3/cat_ids/39_雪鞋猫.png,Ref_cat_teaser1_mirror.mp4,prepared/Ref_cat_teaser1_mirror.motion.mp4,prompts/cat_teaser1_mirror.v1.en.txt,39,39-snowshoe,雪鞋猫,05,05-cat-teaser1-mirror,cat_teaser1_mirror,右前爪坐姿拨打逗猫棒后注视玩具,0,471_39-snowshoe_05-cat-teaser1-mirror_seed-0,4,4.0,24,480,832,15:26,9:16,cat_teaser1_mirror.v1,pending_model_validation,5c7abea398cc5cec6ee97bd79e91c601838c2218c8101bd13041c5753a5e72ec,af450da4b11a442fbb8dc3b090842b494306a33800841e4f3ac9399fb1a3e695
472,472,../data_h3/cat_ids/39_雪鞋猫.png,Ref_cat_teaser2.mp4,prepared/Ref_cat_teaser2.motion.mp4,prompts/cat_teaser2.v1.en.txt,39,39-snowshoe,雪鞋猫,06,06-cat-teaser2,cat_teaser2,起身向画面右侧追拍逗猫棒并站定,0,472_39-snowshoe_06-cat-teaser2_seed-0,4,4.0,24,480,832,15:26,9:16,cat_teaser2.v1,pending_model_validation,d24950c871f5181f868624b0d0235308584d0cda7f2fe02eb6c362bca9be17e4,a8c95e9c38443d4d231086357cb356e7c98cb2af1a6bfa216feae39e945cc0ec
473,473,../data_h3/cat_ids/39_雪鞋猫.png,Ref_cat_teaser2_mirror.mp4,prepared/Ref_cat_teaser2_mirror.motion.mp4,prompts/cat_teaser2_mirror.v1.en.txt,39,39-snowshoe,雪鞋猫,07,07-cat-teaser2-mirror,cat_teaser2_mirror,起身向画面左侧追拍逗猫棒并站定,0,473_39-snowshoe_07-cat-teaser2-mirror_seed-0,4,4.0,24,480,832,15:26,9:16,cat_teaser2_mirror.v1,pending_model_validation,96e072371eb22e5b130ddeb5d0d5286b26069e03ec55aa98d8eb8998108588b0,7d4ae2310b662639649d68fa4f699951317c36f76eb715534248659d1924613d
474,474,../data_h3/cat_ids/39_雪鞋猫.png,Ref_cat_teaser3.mp4,prepared/Ref_cat_teaser3.motion.mp4,prompts/cat_teaser3.v1.en.txt,39,39-snowshoe,雪鞋猫,08,08-cat-teaser3,cat_teaser3,双前爪抬起抓扑逗猫棒后落地坐定,0,474_39-snowshoe_08-cat-teaser3_seed-0,4,4.0,24,480,832,15:26,9:16,cat_teaser3.v1,pending_model_validation,28125c76324f19aa23e77ae9b7227ec9da10d152f0fe3eb89243ddf4b0cd0c6b,71df79527a94810bcacebc9cb956fa137c891a4ed437386697434b19c5fbb7ce
475,475,../data_h3/cat_ids/39_雪鞋猫.png,Ref_drag_yarn_ball_and_catch.mp4,prepared/Ref_drag_yarn_ball_and_catch.motion.mp4,prompts/drag_yarn_ball_and_catch.v1.en.txt,39,39-snowshoe,雪鞋猫,09,09-drag-yarn-ball-and-catch,drag_yarn_ball_and_catch,追扑从画面左向右滚动的毛线球并按住,0,475_39-snowshoe_09-drag-yarn-ball-and-catch_seed-0,4,4.0,24,480,832,15:26,9:16,drag_yarn_ball_and_catch.v1,pending_model_validation,7ebe1b2a01564d805523f56b909e9a53772ebed08cbeda3c79c1765cceab70f6,5b888bc1cdc661bc3b5760445027966ef8d36a31c447614acbd23d3ca6af442e
476,476,../data_h3/cat_ids/39_雪鞋猫.png,Ref_drag_yarn_ball_and_catch_mirror.mp4,prepared/Ref_drag_yarn_ball_and_catch_mirror.motion.mp4,prompts/drag_yarn_ball_and_catch_mirror.v1.en.txt,39,39-snowshoe,雪鞋猫,10,10-drag-yarn-ball-and-catch-mirror,drag_yarn_ball_and_catch_mirror,追扑从画面右向左滚动的毛线球并按住,0,476_39-snowshoe_10-drag-yarn-ball-and-catch-mirror_seed-0,4,4.0,24,480,832,15:26,9:16,drag_yarn_ball_and_catch_mirror.v1,pending_model_validation,477225bf4f6fca729b4947c68a49ba53af5fb0428686571bc103a6f680058a2d,8b44957f6ebaca7c04c4a0af6bf4fbb65085b8ecf0acaf3433dc727a25b74982
477,477,../data_h3/cat_ids/39_雪鞋猫.png, Ref_curl_up_and_lie_down.mp4,prepared/ Ref_curl_up_and_lie_down.motion.mp4,prompts/curl_up_and_lie_down.v1.en.txt,39,39-snowshoe,雪鞋猫,11,11-curl-up-and-lie-down,curl_up_and_lie_down,低头向画面左侧蜷卧并闭眼休息,0,477_39-snowshoe_11-curl-up-and-lie-down_seed-0,4,4.0,24,480,832,15:26,9:16,curl_up_and_lie_down.v1,pending_model_validation,9217effb2f85c4322c192edb9cc4c687268e1285527679229ed2d92161f10f6b,8414a980252d2baee6444085d2755563b7e0ccb3a138027e7cc6c1233be766eb
478,478,../data_h3/cat_ids/39_雪鞋猫.png,Ref_curl_up_and_lie_down_mirror.mp4,prepared/Ref_curl_up_and_lie_down_mirror.motion.mp4,prompts/curl_up_and_lie_down_mirror.v1.en.txt,39,39-snowshoe,雪鞋猫,12,12-curl-up-and-lie-down-mirror,curl_up_and_lie_down_mirror,低头向画面右侧蜷卧并闭眼休息,0,478_39-snowshoe_12-curl-up-and-lie-down-mirror_seed-0,4,4.0,24,480,832,15:26,9:16,curl_up_and_lie_down_mirror.v1,pending_model_validation,0ae3d03ab930f2329999e943296bf3ba83b1968a23833a258ffc30a3fc3491e0,5dcfd307dd80e4bd86fa73aff45f41f66eced8aba348a07f81f559f008a63527
479,479,../data_h3/cat_ids/39_雪鞋猫.png,walk_forward_to_screen.mp4,prepared/walk_forward_to_screen.motion.mp4,prompts/walk_forward_to_screen.v1.en.txt,39,39-snowshoe,雪鞋猫,13,13-walk-forward-to-screen,walk_forward_to_screen,起身向镜头走近并在近处站定,0,479_39-snowshoe_13-walk-forward-to-screen_seed-0,4,4.041699,24,480,832,15:26,9:16,walk_forward_to_screen.v1,pending_model_validation,18c1e41e3d0bc7b332298f78c798593c6903d921bcab1cd40f5525438039f02c,b63a08fc2ef943e20b969f5567a1c9334a3d7ca21d68db70b052c4345a83014a
480,480,../data_h3/cat_ids/40_孟买猫.png,Ref_drag_ear.mp4,prepared/Ref_drag_ear.motion.mp4,prompts/drag_ear.v1.en.txt,40,40-bombay,孟买猫,02,02-pull-left-ear,drag_ear,左前爪轻擦左耳与脸部后恢复坐姿,0,480_40-bombay_02-pull-left-ear_seed-0,4,4.0,24,480,832,15:26,9:16,drag_ear.v1,pending_model_validation,dbdc93fe3f0e922d0d53d3b6c78e213e176b5230876cf046e5da697fd2320d7b,241a5d66949edcf078e592e2d02939921c2ff68968a95640d4e5a7e2c4fe75c1
481,481,../data_h3/cat_ids/40_孟买猫.png,Ref_drag_ear_mirror.mp4,prepared/Ref_drag_ear_mirror.motion.mp4,prompts/drag_ear_mirror.v1.en.txt,40,40-bombay,孟买猫,03,03-drag-ear-mirror,drag_ear_mirror,右前爪轻擦右耳与脸部后恢复坐姿,0,481_40-bombay_03-drag-ear-mirror_seed-0,4,4.0,24,480,832,15:26,9:16,drag_ear_mirror.v1,pending_model_validation,68fc5e929e94c082c0da4f6ccda4e0b2f4f8e49e4da6baacf37e6a84c69f2fb3,f5a0412ed913f5aad8bffb33c68c3b0ad7f4923f44f06370f768483b146897f4
482,482,../data_h3/cat_ids/40_孟买猫.png,Ref_cat_teaser1.mp4,prepared/Ref_cat_teaser1.motion.mp4,prompts/cat_teaser1.v1.en.txt,40,40-bombay,孟买猫,04,04-cat-teaser1,cat_teaser1,左前爪坐姿拨打逗猫棒后注视玩具,0,482_40-bombay_04-cat-teaser1_seed-0,4,4.0,24,480,832,15:26,9:16,cat_teaser1.v1,pending_model_validation,28971748699ea020c1f7f9f78e45a8407665e85ec6df04732794d5fefc6126de,90ead0cb85338d88512f89fc4fdaa1599eaae717252a8a228289e47e9f7150f0
483,483,../data_h3/cat_ids/40_孟买猫.png,Ref_cat_teaser1_mirror.mp4,prepared/Ref_cat_teaser1_mirror.motion.mp4,prompts/cat_teaser1_mirror.v1.en.txt,40,40-bombay,孟买猫,05,05-cat-teaser1-mirror,cat_teaser1_mirror,右前爪坐姿拨打逗猫棒后注视玩具,0,483_40-bombay_05-cat-teaser1-mirror_seed-0,4,4.0,24,480,832,15:26,9:16,cat_teaser1_mirror.v1,pending_model_validation,5c7abea398cc5cec6ee97bd79e91c601838c2218c8101bd13041c5753a5e72ec,af450da4b11a442fbb8dc3b090842b494306a33800841e4f3ac9399fb1a3e695
484,484,../data_h3/cat_ids/40_孟买猫.png,Ref_cat_teaser2.mp4,prepared/Ref_cat_teaser2.motion.mp4,prompts/cat_teaser2.v1.en.txt,40,40-bombay,孟买猫,06,06-cat-teaser2,cat_teaser2,起身向画面右侧追拍逗猫棒并站定,0,484_40-bombay_06-cat-teaser2_seed-0,4,4.0,24,480,832,15:26,9:16,cat_teaser2.v1,pending_model_validation,d24950c871f5181f868624b0d0235308584d0cda7f2fe02eb6c362bca9be17e4,a8c95e9c38443d4d231086357cb356e7c98cb2af1a6bfa216feae39e945cc0ec
485,485,../data_h3/cat_ids/40_孟买猫.png,Ref_cat_teaser2_mirror.mp4,prepared/Ref_cat_teaser2_mirror.motion.mp4,prompts/cat_teaser2_mirror.v1.en.txt,40,40-bombay,孟买猫,07,07-cat-teaser2-mirror,cat_teaser2_mirror,起身向画面左侧追拍逗猫棒并站定,0,485_40-bombay_07-cat-teaser2-mirror_seed-0,4,4.0,24,480,832,15:26,9:16,cat_teaser2_mirror.v1,pending_model_validation,96e072371eb22e5b130ddeb5d0d5286b26069e03ec55aa98d8eb8998108588b0,7d4ae2310b662639649d68fa4f699951317c36f76eb715534248659d1924613d
486,486,../data_h3/cat_ids/40_孟买猫.png,Ref_cat_teaser3.mp4,prepared/Ref_cat_teaser3.motion.mp4,prompts/cat_teaser3.v1.en.txt,40,40-bombay,孟买猫,08,08-cat-teaser3,cat_teaser3,双前爪抬起抓扑逗猫棒后落地坐定,0,486_40-bombay_08-cat-teaser3_seed-0,4,4.0,24,480,832,15:26,9:16,cat_teaser3.v1,pending_model_validation,28125c76324f19aa23e77ae9b7227ec9da10d152f0fe3eb89243ddf4b0cd0c6b,71df79527a94810bcacebc9cb956fa137c891a4ed437386697434b19c5fbb7ce
487,487,../data_h3/cat_ids/40_孟买猫.png,Ref_drag_yarn_ball_and_catch.mp4,prepared/Ref_drag_yarn_ball_and_catch.motion.mp4,prompts/drag_yarn_ball_and_catch.v1.en.txt,40,40-bombay,孟买猫,09,09-drag-yarn-ball-and-catch,drag_yarn_ball_and_catch,追扑从画面左向右滚动的毛线球并按住,0,487_40-bombay_09-drag-yarn-ball-and-catch_seed-0,4,4.0,24,480,832,15:26,9:16,drag_yarn_ball_and_catch.v1,pending_model_validation,7ebe1b2a01564d805523f56b909e9a53772ebed08cbeda3c79c1765cceab70f6,5b888bc1cdc661bc3b5760445027966ef8d36a31c447614acbd23d3ca6af442e
488,488,../data_h3/cat_ids/40_孟买猫.png,Ref_drag_yarn_ball_and_catch_mirror.mp4,prepared/Ref_drag_yarn_ball_and_catch_mirror.motion.mp4,prompts/drag_yarn_ball_and_catch_mirror.v1.en.txt,40,40-bombay,孟买猫,10,10-drag-yarn-ball-and-catch-mirror,drag_yarn_ball_and_catch_mirror,追扑从画面右向左滚动的毛线球并按住,0,488_40-bombay_10-drag-yarn-ball-and-catch-mirror_seed-0,4,4.0,24,480,832,15:26,9:16,drag_yarn_ball_and_catch_mirror.v1,pending_model_validation,477225bf4f6fca729b4947c68a49ba53af5fb0428686571bc103a6f680058a2d,8b44957f6ebaca7c04c4a0af6bf4fbb65085b8ecf0acaf3433dc727a25b74982
489,489,../data_h3/cat_ids/40_孟买猫.png, Ref_curl_up_and_lie_down.mp4,prepared/ Ref_curl_up_and_lie_down.motion.mp4,prompts/curl_up_and_lie_down.v1.en.txt,40,40-bombay,孟买猫,11,11-curl-up-and-lie-down,curl_up_and_lie_down,低头向画面左侧蜷卧并闭眼休息,0,489_40-bombay_11-curl-up-and-lie-down_seed-0,4,4.0,24,480,832,15:26,9:16,curl_up_and_lie_down.v1,pending_model_validation,9217effb2f85c4322c192edb9cc4c687268e1285527679229ed2d92161f10f6b,8414a980252d2baee6444085d2755563b7e0ccb3a138027e7cc6c1233be766eb
490,490,../data_h3/cat_ids/40_孟买猫.png,Ref_curl_up_and_lie_down_mirror.mp4,prepared/Ref_curl_up_and_lie_down_mirror.motion.mp4,prompts/curl_up_and_lie_down_mirror.v1.en.txt,40,40-bombay,孟买猫,12,12-curl-up-and-lie-down-mirror,curl_up_and_lie_down_mirror,低头向画面右侧蜷卧并闭眼休息,0,490_40-bombay_12-curl-up-and-lie-down-mirror_seed-0,4,4.0,24,480,832,15:26,9:16,curl_up_and_lie_down_mirror.v1,pending_model_validation,0ae3d03ab930f2329999e943296bf3ba83b1968a23833a258ffc30a3fc3491e0,5dcfd307dd80e4bd86fa73aff45f41f66eced8aba348a07f81f559f008a63527
491,491,../data_h3/cat_ids/40_孟买猫.png,walk_forward_to_screen.mp4,prepared/walk_forward_to_screen.motion.mp4,prompts/walk_forward_to_screen.v1.en.txt,40,40-bombay,孟买猫,13,13-walk-forward-to-screen,walk_forward_to_screen,起身向镜头走近并在近处站定,0,491_40-bombay_13-walk-forward-to-screen_seed-0,4,4.041699,24,480,832,15:26,9:16,walk_forward_to_screen.v1,pending_model_validation,18c1e41e3d0bc7b332298f78c798593c6903d921bcab1cd40f5525438039f02c,b63a08fc2ef943e20b969f5567a1c9334a3d7ca21d68db70b052c4345a83014a
492,492,../data_h3/cat_ids/41_英国短毛猫蓝色.png,Ref_drag_ear.mp4,prepared/Ref_drag_ear.motion.mp4,prompts/drag_ear.v1.en.txt,41,41-british-shorthair-blue,英国短毛猫蓝色,02,02-pull-left-ear,drag_ear,左前爪轻擦左耳与脸部后恢复坐姿,0,492_41-british-shorthair-blue_02-pull-left-ear_seed-0,4,4.0,24,480,832,15:26,9:16,drag_ear.v1,pending_model_validation,dbdc93fe3f0e922d0d53d3b6c78e213e176b5230876cf046e5da697fd2320d7b,241a5d66949edcf078e592e2d02939921c2ff68968a95640d4e5a7e2c4fe75c1
493,493,../data_h3/cat_ids/41_英国短毛猫蓝色.png,Ref_drag_ear_mirror.mp4,prepared/Ref_drag_ear_mirror.motion.mp4,prompts/drag_ear_mirror.v1.en.txt,41,41-british-shorthair-blue,英国短毛猫蓝色,03,03-drag-ear-mirror,drag_ear_mirror,右前爪轻擦右耳与脸部后恢复坐姿,0,493_41-british-shorthair-blue_03-drag-ear-mirror_seed-0,4,4.0,24,480,832,15:26,9:16,drag_ear_mirror.v1,pending_model_validation,68fc5e929e94c082c0da4f6ccda4e0b2f4f8e49e4da6baacf37e6a84c69f2fb3,f5a0412ed913f5aad8bffb33c68c3b0ad7f4923f44f06370f768483b146897f4
494,494,../data_h3/cat_ids/41_英国短毛猫蓝色.png,Ref_cat_teaser1.mp4,prepared/Ref_cat_teaser1.motion.mp4,prompts/cat_teaser1.v1.en.txt,41,41-british-shorthair-blue,英国短毛猫蓝色,04,04-cat-teaser1,cat_teaser1,左前爪坐姿拨打逗猫棒后注视玩具,0,494_41-british-shorthair-blue_04-cat-teaser1_seed-0,4,4.0,24,480,832,15:26,9:16,cat_teaser1.v1,pending_model_validation,28971748699ea020c1f7f9f78e45a8407665e85ec6df04732794d5fefc6126de,90ead0cb85338d88512f89fc4fdaa1599eaae717252a8a228289e47e9f7150f0
495,495,../data_h3/cat_ids/41_英国短毛猫蓝色.png,Ref_cat_teaser1_mirror.mp4,prepared/Ref_cat_teaser1_mirror.motion.mp4,prompts/cat_teaser1_mirror.v1.en.txt,41,41-british-shorthair-blue,英国短毛猫蓝色,05,05-cat-teaser1-mirror,cat_teaser1_mirror,右前爪坐姿拨打逗猫棒后注视玩具,0,495_41-british-shorthair-blue_05-cat-teaser1-mirror_seed-0,4,4.0,24,480,832,15:26,9:16,cat_teaser1_mirror.v1,pending_model_validation,5c7abea398cc5cec6ee97bd79e91c601838c2218c8101bd13041c5753a5e72ec,af450da4b11a442fbb8dc3b090842b494306a33800841e4f3ac9399fb1a3e695
496,496,../data_h3/cat_ids/41_英国短毛猫蓝色.png,Ref_cat_teaser2.mp4,prepared/Ref_cat_teaser2.motion.mp4,prompts/cat_teaser2.v1.en.txt,41,41-british-shorthair-blue,英国短毛猫蓝色,06,06-cat-teaser2,cat_teaser2,起身向画面右侧追拍逗猫棒并站定,0,496_41-british-shorthair-blue_06-cat-teaser2_seed-0,4,4.0,24,480,832,15:26,9:16,cat_teaser2.v1,pending_model_validation,d24950c871f5181f868624b0d0235308584d0cda7f2fe02eb6c362bca9be17e4,a8c95e9c38443d4d231086357cb356e7c98cb2af1a6bfa216feae39e945cc0ec
497,497,../data_h3/cat_ids/41_英国短毛猫蓝色.png,Ref_cat_teaser2_mirror.mp4,prepared/Ref_cat_teaser2_mirror.motion.mp4,prompts/cat_teaser2_mirror.v1.en.txt,41,41-british-shorthair-blue,英国短毛猫蓝色,07,07-cat-teaser2-mirror,cat_teaser2_mirror,起身向画面左侧追拍逗猫棒并站定,0,497_41-british-shorthair-blue_07-cat-teaser2-mirror_seed-0,4,4.0,24,480,832,15:26,9:16,cat_teaser2_mirror.v1,pending_model_validation,96e072371eb22e5b130ddeb5d0d5286b26069e03ec55aa98d8eb8998108588b0,7d4ae2310b662639649d68fa4f699951317c36f76eb715534248659d1924613d
498,498,../data_h3/cat_ids/41_英国短毛猫蓝色.png,Ref_cat_teaser3.mp4,prepared/Ref_cat_teaser3.motion.mp4,prompts/cat_teaser3.v1.en.txt,41,41-british-shorthair-blue,英国短毛猫蓝色,08,08-cat-teaser3,cat_teaser3,双前爪抬起抓扑逗猫棒后落地坐定,0,498_41-british-shorthair-blue_08-cat-teaser3_seed-0,4,4.0,24,480,832,15:26,9:16,cat_teaser3.v1,pending_model_validation,28125c76324f19aa23e77ae9b7227ec9da10d152f0fe3eb89243ddf4b0cd0c6b,71df79527a94810bcacebc9cb956fa137c891a4ed437386697434b19c5fbb7ce
499,499,../data_h3/cat_ids/41_英国短毛猫蓝色.png,Ref_drag_yarn_ball_and_catch.mp4,prepared/Ref_drag_yarn_ball_and_catch.motion.mp4,prompts/drag_yarn_ball_and_catch.v1.en.txt,41,41-british-shorthair-blue,英国短毛猫蓝色,09,09-drag-yarn-ball-and-catch,drag_yarn_ball_and_catch,追扑从画面左向右滚动的毛线球并按住,0,499_41-british-shorthair-blue_09-drag-yarn-ball-and-catch_seed-0,4,4.0,24,480,832,15:26,9:16,drag_yarn_ball_and_catch.v1,pending_model_validation,7ebe1b2a01564d805523f56b909e9a53772ebed08cbeda3c79c1765cceab70f6,5b888bc1cdc661bc3b5760445027966ef8d36a31c447614acbd23d3ca6af442e
500,500,../data_h3/cat_ids/41_英国短毛猫蓝色.png,Ref_drag_yarn_ball_and_catch_mirror.mp4,prepared/Ref_drag_yarn_ball_and_catch_mirror.motion.mp4,prompts/drag_yarn_ball_and_catch_mirror.v1.en.txt,41,41-british-shorthair-blue,英国短毛猫蓝色,10,10-drag-yarn-ball-and-catch-mirror,drag_yarn_ball_and_catch_mirror,追扑从画面右向左滚动的毛线球并按住,0,500_41-british-shorthair-blue_10-drag-yarn-ball-and-catch-mirror_seed-0,4,4.0,24,480,832,15:26,9:16,drag_yarn_ball_and_catch_mirror.v1,pending_model_validation,477225bf4f6fca729b4947c68a49ba53af5fb0428686571bc103a6f680058a2d,8b44957f6ebaca7c04c4a0af6bf4fbb65085b8ecf0acaf3433dc727a25b74982
501,501,../data_h3/cat_ids/41_英国短毛猫蓝色.png, Ref_curl_up_and_lie_down.mp4,prepared/ Ref_curl_up_and_lie_down.motion.mp4,prompts/curl_up_and_lie_down.v1.en.txt,41,41-british-shorthair-blue,英国短毛猫蓝色,11,11-curl-up-and-lie-down,curl_up_and_lie_down,低头向画面左侧蜷卧并闭眼休息,0,501_41-british-shorthair-blue_11-curl-up-and-lie-down_seed-0,4,4.0,24,480,832,15:26,9:16,curl_up_and_lie_down.v1,pending_model_validation,9217effb2f85c4322c192edb9cc4c687268e1285527679229ed2d92161f10f6b,8414a980252d2baee6444085d2755563b7e0ccb3a138027e7cc6c1233be766eb
502,502,../data_h3/cat_ids/41_英国短毛猫蓝色.png,Ref_curl_up_and_lie_down_mirror.mp4,prepared/Ref_curl_up_and_lie_down_mirror.motion.mp4,prompts/curl_up_and_lie_down_mirror.v1.en.txt,41,41-british-shorthair-blue,英国短毛猫蓝色,12,12-curl-up-and-lie-down-mirror,curl_up_and_lie_down_mirror,低头向画面右侧蜷卧并闭眼休息,0,502_41-british-shorthair-blue_12-curl-up-and-lie-down-mirror_seed-0,4,4.0,24,480,832,15:26,9:16,curl_up_and_lie_down_mirror.v1,pending_model_validation,0ae3d03ab930f2329999e943296bf3ba83b1968a23833a258ffc30a3fc3491e0,5dcfd307dd80e4bd86fa73aff45f41f66eced8aba348a07f81f559f008a63527
503,503,../data_h3/cat_ids/41_英国短毛猫蓝色.png,walk_forward_to_screen.mp4,prepared/walk_forward_to_screen.motion.mp4,prompts/walk_forward_to_screen.v1.en.txt,41,41-british-shorthair-blue,英国短毛猫蓝色,13,13-walk-forward-to-screen,walk_forward_to_screen,起身向镜头走近并在近处站定,0,503_41-british-shorthair-blue_13-walk-forward-to-screen_seed-0,4,4.041699,24,480,832,15:26,9:16,walk_forward_to_screen.v1,pending_model_validation,18c1e41e3d0bc7b332298f78c798593c6903d921bcab1cd40f5525438039f02c,b63a08fc2ef943e20b969f5567a1c9334a3d7ca21d68db70b052c4345a83014a
504,504,../data_h3/cat_ids/42_英国短毛猫金色.png,Ref_drag_ear.mp4,prepared/Ref_drag_ear.motion.mp4,prompts/drag_ear.v1.en.txt,42,42-british-shorthair-golden,英国短毛猫金色,02,02-pull-left-ear,drag_ear,左前爪轻擦左耳与脸部后恢复坐姿,0,504_42-british-shorthair-golden_02-pull-left-ear_seed-0,4,4.0,24,480,832,15:26,9:16,drag_ear.v1,pending_model_validation,dbdc93fe3f0e922d0d53d3b6c78e213e176b5230876cf046e5da697fd2320d7b,241a5d66949edcf078e592e2d02939921c2ff68968a95640d4e5a7e2c4fe75c1
505,505,../data_h3/cat_ids/42_英国短毛猫金色.png,Ref_drag_ear_mirror.mp4,prepared/Ref_drag_ear_mirror.motion.mp4,prompts/drag_ear_mirror.v1.en.txt,42,42-british-shorthair-golden,英国短毛猫金色,03,03-drag-ear-mirror,drag_ear_mirror,右前爪轻擦右耳与脸部后恢复坐姿,0,505_42-british-shorthair-golden_03-drag-ear-mirror_seed-0,4,4.0,24,480,832,15:26,9:16,drag_ear_mirror.v1,pending_model_validation,68fc5e929e94c082c0da4f6ccda4e0b2f4f8e49e4da6baacf37e6a84c69f2fb3,f5a0412ed913f5aad8bffb33c68c3b0ad7f4923f44f06370f768483b146897f4
506,506,../data_h3/cat_ids/42_英国短毛猫金色.png,Ref_cat_teaser1.mp4,prepared/Ref_cat_teaser1.motion.mp4,prompts/cat_teaser1.v1.en.txt,42,42-british-shorthair-golden,英国短毛猫金色,04,04-cat-teaser1,cat_teaser1,左前爪坐姿拨打逗猫棒后注视玩具,0,506_42-british-shorthair-golden_04-cat-teaser1_seed-0,4,4.0,24,480,832,15:26,9:16,cat_teaser1.v1,pending_model_validation,28971748699ea020c1f7f9f78e45a8407665e85ec6df04732794d5fefc6126de,90ead0cb85338d88512f89fc4fdaa1599eaae717252a8a228289e47e9f7150f0
507,507,../data_h3/cat_ids/42_英国短毛猫金色.png,Ref_cat_teaser1_mirror.mp4,prepared/Ref_cat_teaser1_mirror.motion.mp4,prompts/cat_teaser1_mirror.v1.en.txt,42,42-british-shorthair-golden,英国短毛猫金色,05,05-cat-teaser1-mirror,cat_teaser1_mirror,右前爪坐姿拨打逗猫棒后注视玩具,0,507_42-british-shorthair-golden_05-cat-teaser1-mirror_seed-0,4,4.0,24,480,832,15:26,9:16,cat_teaser1_mirror.v1,pending_model_validation,5c7abea398cc5cec6ee97bd79e91c601838c2218c8101bd13041c5753a5e72ec,af450da4b11a442fbb8dc3b090842b494306a33800841e4f3ac9399fb1a3e695
508,508,../data_h3/cat_ids/42_英国短毛猫金色.png,Ref_cat_teaser2.mp4,prepared/Ref_cat_teaser2.motion.mp4,prompts/cat_teaser2.v1.en.txt,42,42-british-shorthair-golden,英国短毛猫金色,06,06-cat-teaser2,cat_teaser2,起身向画面右侧追拍逗猫棒并站定,0,508_42-british-shorthair-golden_06-cat-teaser2_seed-0,4,4.0,24,480,832,15:26,9:16,cat_teaser2.v1,pending_model_validation,d24950c871f5181f868624b0d0235308584d0cda7f2fe02eb6c362bca9be17e4,a8c95e9c38443d4d231086357cb356e7c98cb2af1a6bfa216feae39e945cc0ec
509,509,../data_h3/cat_ids/42_英国短毛猫金色.png,Ref_cat_teaser2_mirror.mp4,prepared/Ref_cat_teaser2_mirror.motion.mp4,prompts/cat_teaser2_mirror.v1.en.txt,42,42-british-shorthair-golden,英国短毛猫金色,07,07-cat-teaser2-mirror,cat_teaser2_mirror,起身向画面左侧追拍逗猫棒并站定,0,509_42-british-shorthair-golden_07-cat-teaser2-mirror_seed-0,4,4.0,24,480,832,15:26,9:16,cat_teaser2_mirror.v1,pending_model_validation,96e072371eb22e5b130ddeb5d0d5286b26069e03ec55aa98d8eb8998108588b0,7d4ae2310b662639649d68fa4f699951317c36f76eb715534248659d1924613d
510,510,../data_h3/cat_ids/42_英国短毛猫金色.png,Ref_cat_teaser3.mp4,prepared/Ref_cat_teaser3.motion.mp4,prompts/cat_teaser3.v1.en.txt,42,42-british-shorthair-golden,英国短毛猫金色,08,08-cat-teaser3,cat_teaser3,双前爪抬起抓扑逗猫棒后落地坐定,0,510_42-british-shorthair-golden_08-cat-teaser3_seed-0,4,4.0,24,480,832,15:26,9:16,cat_teaser3.v1,pending_model_validation,28125c76324f19aa23e77ae9b7227ec9da10d152f0fe3eb89243ddf4b0cd0c6b,71df79527a94810bcacebc9cb956fa137c891a4ed437386697434b19c5fbb7ce
511,511,../data_h3/cat_ids/42_英国短毛猫金色.png,Ref_drag_yarn_ball_and_catch.mp4,prepared/Ref_drag_yarn_ball_and_catch.motion.mp4,prompts/drag_yarn_ball_and_catch.v1.en.txt,42,42-british-shorthair-golden,英国短毛猫金色,09,09-drag-yarn-ball-and-catch,drag_yarn_ball_and_catch,追扑从画面左向右滚动的毛线球并按住,0,511_42-british-shorthair-golden_09-drag-yarn-ball-and-catch_seed-0,4,4.0,24,480,832,15:26,9:16,drag_yarn_ball_and_catch.v1,pending_model_validation,7ebe1b2a01564d805523f56b909e9a53772ebed08cbeda3c79c1765cceab70f6,5b888bc1cdc661bc3b5760445027966ef8d36a31c447614acbd23d3ca6af442e
512,512,../data_h3/cat_ids/42_英国短毛猫金色.png,Ref_drag_yarn_ball_and_catch_mirror.mp4,prepared/Ref_drag_yarn_ball_and_catch_mirror.motion.mp4,prompts/drag_yarn_ball_and_catch_mirror.v1.en.txt,42,42-british-shorthair-golden,英国短毛猫金色,10,10-drag-yarn-ball-and-catch-mirror,drag_yarn_ball_and_catch_mirror,追扑从画面右向左滚动的毛线球并按住,0,512_42-british-shorthair-golden_10-drag-yarn-ball-and-catch-mirror_seed-0,4,4.0,24,480,832,15:26,9:16,drag_yarn_ball_and_catch_mirror.v1,pending_model_validation,477225bf4f6fca729b4947c68a49ba53af5fb0428686571bc103a6f680058a2d,8b44957f6ebaca7c04c4a0af6bf4fbb65085b8ecf0acaf3433dc727a25b74982
513,513,../data_h3/cat_ids/42_英国短毛猫金色.png, Ref_curl_up_and_lie_down.mp4,prepared/ Ref_curl_up_and_lie_down.motion.mp4,prompts/curl_up_and_lie_down.v1.en.txt,42,42-british-shorthair-golden,英国短毛猫金色,11,11-curl-up-and-lie-down,curl_up_and_lie_down,低头向画面左侧蜷卧并闭眼休息,0,513_42-british-shorthair-golden_11-curl-up-and-lie-down_seed-0,4,4.0,24,480,832,15:26,9:16,curl_up_and_lie_down.v1,pending_model_validation,9217effb2f85c4322c192edb9cc4c687268e1285527679229ed2d92161f10f6b,8414a980252d2baee6444085d2755563b7e0ccb3a138027e7cc6c1233be766eb
514,514,../data_h3/cat_ids/42_英国短毛猫金色.png,Ref_curl_up_and_lie_down_mirror.mp4,prepared/Ref_curl_up_and_lie_down_mirror.motion.mp4,prompts/curl_up_and_lie_down_mirror.v1.en.txt,42,42-british-shorthair-golden,英国短毛猫金色,12,12-curl-up-and-lie-down-mirror,curl_up_and_lie_down_mirror,低头向画面右侧蜷卧并闭眼休息,0,514_42-british-shorthair-golden_12-curl-up-and-lie-down-mirror_seed-0,4,4.0,24,480,832,15:26,9:16,curl_up_and_lie_down_mirror.v1,pending_model_validation,0ae3d03ab930f2329999e943296bf3ba83b1968a23833a258ffc30a3fc3491e0,5dcfd307dd80e4bd86fa73aff45f41f66eced8aba348a07f81f559f008a63527
515,515,../data_h3/cat_ids/42_英国短毛猫金色.png,walk_forward_to_screen.mp4,prepared/walk_forward_to_screen.motion.mp4,prompts/walk_forward_to_screen.v1.en.txt,42,42-british-shorthair-golden,英国短毛猫金色,13,13-walk-forward-to-screen,walk_forward_to_screen,起身向镜头走近并在近处站定,0,515_42-british-shorthair-golden_13-walk-forward-to-screen_seed-0,4,4.041699,24,480,832,15:26,9:16,walk_forward_to_screen.v1,pending_model_validation,18c1e41e3d0bc7b332298f78c798593c6903d921bcab1cd40f5525438039f02c,b63a08fc2ef943e20b969f5567a1c9334a3d7ca21d68db70b052c4345a83014a
516,516,../data_h3/cat_ids/43_英国长毛猫丁香色.png,Ref_drag_ear.mp4,prepared/Ref_drag_ear.motion.mp4,prompts/drag_ear.v1.en.txt,43,43-british-longhair-lilac,英国长毛猫丁香色,02,02-pull-left-ear,drag_ear,左前爪轻擦左耳与脸部后恢复坐姿,0,516_43-british-longhair-lilac_02-pull-left-ear_seed-0,4,4.0,24,480,832,15:26,9:16,drag_ear.v1,pending_model_validation,dbdc93fe3f0e922d0d53d3b6c78e213e176b5230876cf046e5da697fd2320d7b,241a5d66949edcf078e592e2d02939921c2ff68968a95640d4e5a7e2c4fe75c1
517,517,../data_h3/cat_ids/43_英国长毛猫丁香色.png,Ref_drag_ear_mirror.mp4,prepared/Ref_drag_ear_mirror.motion.mp4,prompts/drag_ear_mirror.v1.en.txt,43,43-british-longhair-lilac,英国长毛猫丁香色,03,03-drag-ear-mirror,drag_ear_mirror,右前爪轻擦右耳与脸部后恢复坐姿,0,517_43-british-longhair-lilac_03-drag-ear-mirror_seed-0,4,4.0,24,480,832,15:26,9:16,drag_ear_mirror.v1,pending_model_validation,68fc5e929e94c082c0da4f6ccda4e0b2f4f8e49e4da6baacf37e6a84c69f2fb3,f5a0412ed913f5aad8bffb33c68c3b0ad7f4923f44f06370f768483b146897f4
518,518,../data_h3/cat_ids/43_英国长毛猫丁香色.png,Ref_cat_teaser1.mp4,prepared/Ref_cat_teaser1.motion.mp4,prompts/cat_teaser1.v1.en.txt,43,43-british-longhair-lilac,英国长毛猫丁香色,04,04-cat-teaser1,cat_teaser1,左前爪坐姿拨打逗猫棒后注视玩具,0,518_43-british-longhair-lilac_04-cat-teaser1_seed-0,4,4.0,24,480,832,15:26,9:16,cat_teaser1.v1,pending_model_validation,28971748699ea020c1f7f9f78e45a8407665e85ec6df04732794d5fefc6126de,90ead0cb85338d88512f89fc4fdaa1599eaae717252a8a228289e47e9f7150f0
519,519,../data_h3/cat_ids/43_英国长毛猫丁香色.png,Ref_cat_teaser1_mirror.mp4,prepared/Ref_cat_teaser1_mirror.motion.mp4,prompts/cat_teaser1_mirror.v1.en.txt,43,43-british-longhair-lilac,英国长毛猫丁香色,05,05-cat-teaser1-mirror,cat_teaser1_mirror,右前爪坐姿拨打逗猫棒后注视玩具,0,519_43-british-longhair-lilac_05-cat-teaser1-mirror_seed-0,4,4.0,24,480,832,15:26,9:16,cat_teaser1_mirror.v1,pending_model_validation,5c7abea398cc5cec6ee97bd79e91c601838c2218c8101bd13041c5753a5e72ec,af450da4b11a442fbb8dc3b090842b494306a33800841e4f3ac9399fb1a3e695
520,520,../data_h3/cat_ids/43_英国长毛猫丁香色.png,Ref_cat_teaser2.mp4,prepared/Ref_cat_teaser2.motion.mp4,prompts/cat_teaser2.v1.en.txt,43,43-british-longhair-lilac,英国长毛猫丁香色,06,06-cat-teaser2,cat_teaser2,起身向画面右侧追拍逗猫棒并站定,0,520_43-british-longhair-lilac_06-cat-teaser2_seed-0,4,4.0,24,480,832,15:26,9:16,cat_teaser2.v1,pending_model_validation,d24950c871f5181f868624b0d0235308584d0cda7f2fe02eb6c362bca9be17e4,a8c95e9c38443d4d231086357cb356e7c98cb2af1a6bfa216feae39e945cc0ec
521,521,../data_h3/cat_ids/43_英国长毛猫丁香色.png,Ref_cat_teaser2_mirror.mp4,prepared/Ref_cat_teaser2_mirror.motion.mp4,prompts/cat_teaser2_mirror.v1.en.txt,43,43-british-longhair-lilac,英国长毛猫丁香色,07,07-cat-teaser2-mirror,cat_teaser2_mirror,起身向画面左侧追拍逗猫棒并站定,0,521_43-british-longhair-lilac_07-cat-teaser2-mirror_seed-0,4,4.0,24,480,832,15:26,9:16,cat_teaser2_mirror.v1,pending_model_validation,96e072371eb22e5b130ddeb5d0d5286b26069e03ec55aa98d8eb8998108588b0,7d4ae2310b662639649d68fa4f699951317c36f76eb715534248659d1924613d
522,522,../data_h3/cat_ids/43_英国长毛猫丁香色.png,Ref_cat_teaser3.mp4,prepared/Ref_cat_teaser3.motion.mp4,prompts/cat_teaser3.v1.en.txt,43,43-british-longhair-lilac,英国长毛猫丁香色,08,08-cat-teaser3,cat_teaser3,双前爪抬起抓扑逗猫棒后落地坐定,0,522_43-british-longhair-lilac_08-cat-teaser3_seed-0,4,4.0,24,480,832,15:26,9:16,cat_teaser3.v1,pending_model_validation,28125c76324f19aa23e77ae9b7227ec9da10d152f0fe3eb89243ddf4b0cd0c6b,71df79527a94810bcacebc9cb956fa137c891a4ed437386697434b19c5fbb7ce
523,523,../data_h3/cat_ids/43_英国长毛猫丁香色.png,Ref_drag_yarn_ball_and_catch.mp4,prepared/Ref_drag_yarn_ball_and_catch.motion.mp4,prompts/drag_yarn_ball_and_catch.v1.en.txt,43,43-british-longhair-lilac,英国长毛猫丁香色,09,09-drag-yarn-ball-and-catch,drag_yarn_ball_and_catch,追扑从画面左向右滚动的毛线球并按住,0,523_43-british-longhair-lilac_09-drag-yarn-ball-and-catch_seed-0,4,4.0,24,480,832,15:26,9:16,drag_yarn_ball_and_catch.v1,pending_model_validation,7ebe1b2a01564d805523f56b909e9a53772ebed08cbeda3c79c1765cceab70f6,5b888bc1cdc661bc3b5760445027966ef8d36a31c447614acbd23d3ca6af442e
524,524,../data_h3/cat_ids/43_英国长毛猫丁香色.png,Ref_drag_yarn_ball_and_catch_mirror.mp4,prepared/Ref_drag_yarn_ball_and_catch_mirror.motion.mp4,prompts/drag_yarn_ball_and_catch_mirror.v1.en.txt,43,43-british-longhair-lilac,英国长毛猫丁香色,10,10-drag-yarn-ball-and-catch-mirror,drag_yarn_ball_and_catch_mirror,追扑从画面右向左滚动的毛线球并按住,0,524_43-british-longhair-lilac_10-drag-yarn-ball-and-catch-mirror_seed-0,4,4.0,24,480,832,15:26,9:16,drag_yarn_ball_and_catch_mirror.v1,pending_model_validation,477225bf4f6fca729b4947c68a49ba53af5fb0428686571bc103a6f680058a2d,8b44957f6ebaca7c04c4a0af6bf4fbb65085b8ecf0acaf3433dc727a25b74982
525,525,../data_h3/cat_ids/43_英国长毛猫丁香色.png, Ref_curl_up_and_lie_down.mp4,prepared/ Ref_curl_up_and_lie_down.motion.mp4,prompts/curl_up_and_lie_down.v1.en.txt,43,43-british-longhair-lilac,英国长毛猫丁香色,11,11-curl-up-and-lie-down,curl_up_and_lie_down,低头向画面左侧蜷卧并闭眼休息,0,525_43-british-longhair-lilac_11-curl-up-and-lie-down_seed-0,4,4.0,24,480,832,15:26,9:16,curl_up_and_lie_down.v1,pending_model_validation,9217effb2f85c4322c192edb9cc4c687268e1285527679229ed2d92161f10f6b,8414a980252d2baee6444085d2755563b7e0ccb3a138027e7cc6c1233be766eb
526,526,../data_h3/cat_ids/43_英国长毛猫丁香色.png,Ref_curl_up_and_lie_down_mirror.mp4,prepared/Ref_curl_up_and_lie_down_mirror.motion.mp4,prompts/curl_up_and_lie_down_mirror.v1.en.txt,43,43-british-longhair-lilac,英国长毛猫丁香色,12,12-curl-up-and-lie-down-mirror,curl_up_and_lie_down_mirror,低头向画面右侧蜷卧并闭眼休息,0,526_43-british-longhair-lilac_12-curl-up-and-lie-down-mirror_seed-0,4,4.0,24,480,832,15:26,9:16,curl_up_and_lie_down_mirror.v1,pending_model_validation,0ae3d03ab930f2329999e943296bf3ba83b1968a23833a258ffc30a3fc3491e0,5dcfd307dd80e4bd86fa73aff45f41f66eced8aba348a07f81f559f008a63527
527,527,../data_h3/cat_ids/43_英国长毛猫丁香色.png,walk_forward_to_screen.mp4,prepared/walk_forward_to_screen.motion.mp4,prompts/walk_forward_to_screen.v1.en.txt,43,43-british-longhair-lilac,英国长毛猫丁香色,13,13-walk-forward-to-screen,walk_forward_to_screen,起身向镜头走近并在近处站定,0,527_43-british-longhair-lilac_13-walk-forward-to-screen_seed-0,4,4.041699,24,480,832,15:26,9:16,walk_forward_to_screen.v1,pending_model_validation,18c1e41e3d0bc7b332298f78c798593c6903d921bcab1cd40f5525438039f02c,b63a08fc2ef943e20b969f5567a1c9334a3d7ca21d68db70b052c4345a83014a
528,528,../data_h3/cat_ids/44_沙特尔猫.png,Ref_drag_ear.mp4,prepared/Ref_drag_ear.motion.mp4,prompts/drag_ear.v1.en.txt,44,44-chartreux,沙特尔猫,02,02-pull-left-ear,drag_ear,左前爪轻擦左耳与脸部后恢复坐姿,0,528_44-chartreux_02-pull-left-ear_seed-0,4,4.0,24,480,832,15:26,9:16,drag_ear.v1,pending_model_validation,dbdc93fe3f0e922d0d53d3b6c78e213e176b5230876cf046e5da697fd2320d7b,241a5d66949edcf078e592e2d02939921c2ff68968a95640d4e5a7e2c4fe75c1
529,529,../data_h3/cat_ids/44_沙特尔猫.png,Ref_drag_ear_mirror.mp4,prepared/Ref_drag_ear_mirror.motion.mp4,prompts/drag_ear_mirror.v1.en.txt,44,44-chartreux,沙特尔猫,03,03-drag-ear-mirror,drag_ear_mirror,右前爪轻擦右耳与脸部后恢复坐姿,0,529_44-chartreux_03-drag-ear-mirror_seed-0,4,4.0,24,480,832,15:26,9:16,drag_ear_mirror.v1,pending_model_validation,68fc5e929e94c082c0da4f6ccda4e0b2f4f8e49e4da6baacf37e6a84c69f2fb3,f5a0412ed913f5aad8bffb33c68c3b0ad7f4923f44f06370f768483b146897f4
530,530,../data_h3/cat_ids/44_沙特尔猫.png,Ref_cat_teaser1.mp4,prepared/Ref_cat_teaser1.motion.mp4,prompts/cat_teaser1.v1.en.txt,44,44-chartreux,沙特尔猫,04,04-cat-teaser1,cat_teaser1,左前爪坐姿拨打逗猫棒后注视玩具,0,530_44-chartreux_04-cat-teaser1_seed-0,4,4.0,24,480,832,15:26,9:16,cat_teaser1.v1,pending_model_validation,28971748699ea020c1f7f9f78e45a8407665e85ec6df04732794d5fefc6126de,90ead0cb85338d88512f89fc4fdaa1599eaae717252a8a228289e47e9f7150f0
531,531,../data_h3/cat_ids/44_沙特尔猫.png,Ref_cat_teaser1_mirror.mp4,prepared/Ref_cat_teaser1_mirror.motion.mp4,prompts/cat_teaser1_mirror.v1.en.txt,44,44-chartreux,沙特尔猫,05,05-cat-teaser1-mirror,cat_teaser1_mirror,右前爪坐姿拨打逗猫棒后注视玩具,0,531_44-chartreux_05-cat-teaser1-mirror_seed-0,4,4.0,24,480,832,15:26,9:16,cat_teaser1_mirror.v1,pending_model_validation,5c7abea398cc5cec6ee97bd79e91c601838c2218c8101bd13041c5753a5e72ec,af450da4b11a442fbb8dc3b090842b494306a33800841e4f3ac9399fb1a3e695
532,532,../data_h3/cat_ids/44_沙特尔猫.png,Ref_cat_teaser2.mp4,prepared/Ref_cat_teaser2.motion.mp4,prompts/cat_teaser2.v1.en.txt,44,44-chartreux,沙特尔猫,06,06-cat-teaser2,cat_teaser2,起身向画面右侧追拍逗猫棒并站定,0,532_44-chartreux_06-cat-teaser2_seed-0,4,4.0,24,480,832,15:26,9:16,cat_teaser2.v1,pending_model_validation,d24950c871f5181f868624b0d0235308584d0cda7f2fe02eb6c362bca9be17e4,a8c95e9c38443d4d231086357cb356e7c98cb2af1a6bfa216feae39e945cc0ec
533,533,../data_h3/cat_ids/44_沙特尔猫.png,Ref_cat_teaser2_mirror.mp4,prepared/Ref_cat_teaser2_mirror.motion.mp4,prompts/cat_teaser2_mirror.v1.en.txt,44,44-chartreux,沙特尔猫,07,07-cat-teaser2-mirror,cat_teaser2_mirror,起身向画面左侧追拍逗猫棒并站定,0,533_44-chartreux_07-cat-teaser2-mirror_seed-0,4,4.0,24,480,832,15:26,9:16,cat_teaser2_mirror.v1,pending_model_validation,96e072371eb22e5b130ddeb5d0d5286b26069e03ec55aa98d8eb8998108588b0,7d4ae2310b662639649d68fa4f699951317c36f76eb715534248659d1924613d
534,534,../data_h3/cat_ids/44_沙特尔猫.png,Ref_cat_teaser3.mp4,prepared/Ref_cat_teaser3.motion.mp4,prompts/cat_teaser3.v1.en.txt,44,44-chartreux,沙特尔猫,08,08-cat-teaser3,cat_teaser3,双前爪抬起抓扑逗猫棒后落地坐定,0,534_44-chartreux_08-cat-teaser3_seed-0,4,4.0,24,480,832,15:26,9:16,cat_teaser3.v1,pending_model_validation,28125c76324f19aa23e77ae9b7227ec9da10d152f0fe3eb89243ddf4b0cd0c6b,71df79527a94810bcacebc9cb956fa137c891a4ed437386697434b19c5fbb7ce
535,535,../data_h3/cat_ids/44_沙特尔猫.png,Ref_drag_yarn_ball_and_catch.mp4,prepared/Ref_drag_yarn_ball_and_catch.motion.mp4,prompts/drag_yarn_ball_and_catch.v1.en.txt,44,44-chartreux,沙特尔猫,09,09-drag-yarn-ball-and-catch,drag_yarn_ball_and_catch,追扑从画面左向右滚动的毛线球并按住,0,535_44-chartreux_09-drag-yarn-ball-and-catch_seed-0,4,4.0,24,480,832,15:26,9:16,drag_yarn_ball_and_catch.v1,pending_model_validation,7ebe1b2a01564d805523f56b909e9a53772ebed08cbeda3c79c1765cceab70f6,5b888bc1cdc661bc3b5760445027966ef8d36a31c447614acbd23d3ca6af442e
536,536,../data_h3/cat_ids/44_沙特尔猫.png,Ref_drag_yarn_ball_and_catch_mirror.mp4,prepared/Ref_drag_yarn_ball_and_catch_mirror.motion.mp4,prompts/drag_yarn_ball_and_catch_mirror.v1.en.txt,44,44-chartreux,沙特尔猫,10,10-drag-yarn-ball-and-catch-mirror,drag_yarn_ball_and_catch_mirror,追扑从画面右向左滚动的毛线球并按住,0,536_44-chartreux_10-drag-yarn-ball-and-catch-mirror_seed-0,4,4.0,24,480,832,15:26,9:16,drag_yarn_ball_and_catch_mirror.v1,pending_model_validation,477225bf4f6fca729b4947c68a49ba53af5fb0428686571bc103a6f680058a2d,8b44957f6ebaca7c04c4a0af6bf4fbb65085b8ecf0acaf3433dc727a25b74982
537,537,../data_h3/cat_ids/44_沙特尔猫.png, Ref_curl_up_and_lie_down.mp4,prepared/ Ref_curl_up_and_lie_down.motion.mp4,prompts/curl_up_and_lie_down.v1.en.txt,44,44-chartreux,沙特尔猫,11,11-curl-up-and-lie-down,curl_up_and_lie_down,低头向画面左侧蜷卧并闭眼休息,0,537_44-chartreux_11-curl-up-and-lie-down_seed-0,4,4.0,24,480,832,15:26,9:16,curl_up_and_lie_down.v1,pending_model_validation,9217effb2f85c4322c192edb9cc4c687268e1285527679229ed2d92161f10f6b,8414a980252d2baee6444085d2755563b7e0ccb3a138027e7cc6c1233be766eb
538,538,../data_h3/cat_ids/44_沙特尔猫.png,Ref_curl_up_and_lie_down_mirror.mp4,prepared/Ref_curl_up_and_lie_down_mirror.motion.mp4,prompts/curl_up_and_lie_down_mirror.v1.en.txt,44,44-chartreux,沙特尔猫,12,12-curl-up-and-lie-down-mirror,curl_up_and_lie_down_mirror,低头向画面右侧蜷卧并闭眼休息,0,538_44-chartreux_12-curl-up-and-lie-down-mirror_seed-0,4,4.0,24,480,832,15:26,9:16,curl_up_and_lie_down_mirror.v1,pending_model_validation,0ae3d03ab930f2329999e943296bf3ba83b1968a23833a258ffc30a3fc3491e0,5dcfd307dd80e4bd86fa73aff45f41f66eced8aba348a07f81f559f008a63527
539,539,../data_h3/cat_ids/44_沙特尔猫.png,walk_forward_to_screen.mp4,prepared/walk_forward_to_screen.motion.mp4,prompts/walk_forward_to_screen.v1.en.txt,44,44-chartreux,沙特尔猫,13,13-walk-forward-to-screen,walk_forward_to_screen,起身向镜头走近并在近处站定,0,539_44-chartreux_13-walk-forward-to-screen_seed-0,4,4.041699,24,480,832,15:26,9:16,walk_forward_to_screen.v1,pending_model_validation,18c1e41e3d0bc7b332298f78c798593c6903d921bcab1cd40f5525438039f02c,b63a08fc2ef943e20b969f5567a1c9334a3d7ca21d68db70b052c4345a83014a
540,540,../data_h3/cat_ids/45_俄罗斯蓝猫.png,Ref_drag_ear.mp4,prepared/Ref_drag_ear.motion.mp4,prompts/drag_ear.v1.en.txt,45,45-russian-blue,俄罗斯蓝猫,02,02-pull-left-ear,drag_ear,左前爪轻擦左耳与脸部后恢复坐姿,0,540_45-russian-blue_02-pull-left-ear_seed-0,4,4.0,24,480,832,15:26,9:16,drag_ear.v1,pending_model_validation,dbdc93fe3f0e922d0d53d3b6c78e213e176b5230876cf046e5da697fd2320d7b,241a5d66949edcf078e592e2d02939921c2ff68968a95640d4e5a7e2c4fe75c1
541,541,../data_h3/cat_ids/45_俄罗斯蓝猫.png,Ref_drag_ear_mirror.mp4,prepared/Ref_drag_ear_mirror.motion.mp4,prompts/drag_ear_mirror.v1.en.txt,45,45-russian-blue,俄罗斯蓝猫,03,03-drag-ear-mirror,drag_ear_mirror,右前爪轻擦右耳与脸部后恢复坐姿,0,541_45-russian-blue_03-drag-ear-mirror_seed-0,4,4.0,24,480,832,15:26,9:16,drag_ear_mirror.v1,pending_model_validation,68fc5e929e94c082c0da4f6ccda4e0b2f4f8e49e4da6baacf37e6a84c69f2fb3,f5a0412ed913f5aad8bffb33c68c3b0ad7f4923f44f06370f768483b146897f4
542,542,../data_h3/cat_ids/45_俄罗斯蓝猫.png,Ref_cat_teaser1.mp4,prepared/Ref_cat_teaser1.motion.mp4,prompts/cat_teaser1.v1.en.txt,45,45-russian-blue,俄罗斯蓝猫,04,04-cat-teaser1,cat_teaser1,左前爪坐姿拨打逗猫棒后注视玩具,0,542_45-russian-blue_04-cat-teaser1_seed-0,4,4.0,24,480,832,15:26,9:16,cat_teaser1.v1,pending_model_validation,28971748699ea020c1f7f9f78e45a8407665e85ec6df04732794d5fefc6126de,90ead0cb85338d88512f89fc4fdaa1599eaae717252a8a228289e47e9f7150f0
543,543,../data_h3/cat_ids/45_俄罗斯蓝猫.png,Ref_cat_teaser1_mirror.mp4,prepared/Ref_cat_teaser1_mirror.motion.mp4,prompts/cat_teaser1_mirror.v1.en.txt,45,45-russian-blue,俄罗斯蓝猫,05,05-cat-teaser1-mirror,cat_teaser1_mirror,右前爪坐姿拨打逗猫棒后注视玩具,0,543_45-russian-blue_05-cat-teaser1-mirror_seed-0,4,4.0,24,480,832,15:26,9:16,cat_teaser1_mirror.v1,pending_model_validation,5c7abea398cc5cec6ee97bd79e91c601838c2218c8101bd13041c5753a5e72ec,af450da4b11a442fbb8dc3b090842b494306a33800841e4f3ac9399fb1a3e695
544,544,../data_h3/cat_ids/45_俄罗斯蓝猫.png,Ref_cat_teaser2.mp4,prepared/Ref_cat_teaser2.motion.mp4,prompts/cat_teaser2.v1.en.txt,45,45-russian-blue,俄罗斯蓝猫,06,06-cat-teaser2,cat_teaser2,起身向画面右侧追拍逗猫棒并站定,0,544_45-russian-blue_06-cat-teaser2_seed-0,4,4.0,24,480,832,15:26,9:16,cat_teaser2.v1,pending_model_validation,d24950c871f5181f868624b0d0235308584d0cda7f2fe02eb6c362bca9be17e4,a8c95e9c38443d4d231086357cb356e7c98cb2af1a6bfa216feae39e945cc0ec
545,545,../data_h3/cat_ids/45_俄罗斯蓝猫.png,Ref_cat_teaser2_mirror.mp4,prepared/Ref_cat_teaser2_mirror.motion.mp4,prompts/cat_teaser2_mirror.v1.en.txt,45,45-russian-blue,俄罗斯蓝猫,07,07-cat-teaser2-mirror,cat_teaser2_mirror,起身向画面左侧追拍逗猫棒并站定,0,545_45-russian-blue_07-cat-teaser2-mirror_seed-0,4,4.0,24,480,832,15:26,9:16,cat_teaser2_mirror.v1,pending_model_validation,96e072371eb22e5b130ddeb5d0d5286b26069e03ec55aa98d8eb8998108588b0,7d4ae2310b662639649d68fa4f699951317c36f76eb715534248659d1924613d
546,546,../data_h3/cat_ids/45_俄罗斯蓝猫.png,Ref_cat_teaser3.mp4,prepared/Ref_cat_teaser3.motion.mp4,prompts/cat_teaser3.v1.en.txt,45,45-russian-blue,俄罗斯蓝猫,08,08-cat-teaser3,cat_teaser3,双前爪抬起抓扑逗猫棒后落地坐定,0,546_45-russian-blue_08-cat-teaser3_seed-0,4,4.0,24,480,832,15:26,9:16,cat_teaser3.v1,pending_model_validation,28125c76324f19aa23e77ae9b7227ec9da10d152f0fe3eb89243ddf4b0cd0c6b,71df79527a94810bcacebc9cb956fa137c891a4ed437386697434b19c5fbb7ce
547,547,../data_h3/cat_ids/45_俄罗斯蓝猫.png,Ref_drag_yarn_ball_and_catch.mp4,prepared/Ref_drag_yarn_ball_and_catch.motion.mp4,prompts/drag_yarn_ball_and_catch.v1.en.txt,45,45-russian-blue,俄罗斯蓝猫,09,09-drag-yarn-ball-and-catch,drag_yarn_ball_and_catch,追扑从画面左向右滚动的毛线球并按住,0,547_45-russian-blue_09-drag-yarn-ball-and-catch_seed-0,4,4.0,24,480,832,15:26,9:16,drag_yarn_ball_and_catch.v1,pending_model_validation,7ebe1b2a01564d805523f56b909e9a53772ebed08cbeda3c79c1765cceab70f6,5b888bc1cdc661bc3b5760445027966ef8d36a31c447614acbd23d3ca6af442e
548,548,../data_h3/cat_ids/45_俄罗斯蓝猫.png,Ref_drag_yarn_ball_and_catch_mirror.mp4,prepared/Ref_drag_yarn_ball_and_catch_mirror.motion.mp4,prompts/drag_yarn_ball_and_catch_mirror.v1.en.txt,45,45-russian-blue,俄罗斯蓝猫,10,10-drag-yarn-ball-and-catch-mirror,drag_yarn_ball_and_catch_mirror,追扑从画面右向左滚动的毛线球并按住,0,548_45-russian-blue_10-drag-yarn-ball-and-catch-mirror_seed-0,4,4.0,24,480,832,15:26,9:16,drag_yarn_ball_and_catch_mirror.v1,pending_model_validation,477225bf4f6fca729b4947c68a49ba53af5fb0428686571bc103a6f680058a2d,8b44957f6ebaca7c04c4a0af6bf4fbb65085b8ecf0acaf3433dc727a25b74982
549,549,../data_h3/cat_ids/45_俄罗斯蓝猫.png, Ref_curl_up_and_lie_down.mp4,prepared/ Ref_curl_up_and_lie_down.motion.mp4,prompts/curl_up_and_lie_down.v1.en.txt,45,45-russian-blue,俄罗斯蓝猫,11,11-curl-up-and-lie-down,curl_up_and_lie_down,低头向画面左侧蜷卧并闭眼休息,0,549_45-russian-blue_11-curl-up-and-lie-down_seed-0,4,4.0,24,480,832,15:26,9:16,curl_up_and_lie_down.v1,pending_model_validation,9217effb2f85c4322c192edb9cc4c687268e1285527679229ed2d92161f10f6b,8414a980252d2baee6444085d2755563b7e0ccb3a138027e7cc6c1233be766eb
550,550,../data_h3/cat_ids/45_俄罗斯蓝猫.png,Ref_curl_up_and_lie_down_mirror.mp4,prepared/Ref_curl_up_and_lie_down_mirror.motion.mp4,prompts/curl_up_and_lie_down_mirror.v1.en.txt,45,45-russian-blue,俄罗斯蓝猫,12,12-curl-up-and-lie-down-mirror,curl_up_and_lie_down_mirror,低头向画面右侧蜷卧并闭眼休息,0,550_45-russian-blue_12-curl-up-and-lie-down-mirror_seed-0,4,4.0,24,480,832,15:26,9:16,curl_up_and_lie_down_mirror.v1,pending_model_validation,0ae3d03ab930f2329999e943296bf3ba83b1968a23833a258ffc30a3fc3491e0,5dcfd307dd80e4bd86fa73aff45f41f66eced8aba348a07f81f559f008a63527
551,551,../data_h3/cat_ids/45_俄罗斯蓝猫.png,walk_forward_to_screen.mp4,prepared/walk_forward_to_screen.motion.mp4,prompts/walk_forward_to_screen.v1.en.txt,45,45-russian-blue,俄罗斯蓝猫,13,13-walk-forward-to-screen,walk_forward_to_screen,起身向镜头走近并在近处站定,0,551_45-russian-blue_13-walk-forward-to-screen_seed-0,4,4.041699,24,480,832,15:26,9:16,walk_forward_to_screen.v1,pending_model_validation,18c1e41e3d0bc7b332298f78c798593c6903d921bcab1cd40f5525438039f02c,b63a08fc2ef943e20b969f5567a1c9334a3d7ca21d68db70b052c4345a83014a
552,552,../data_h3/cat_ids/46_美国短毛猫银虎斑.png,Ref_drag_ear.mp4,prepared/Ref_drag_ear.motion.mp4,prompts/drag_ear.v1.en.txt,46,46-american-shorthair-silver-tabby,美国短毛猫银虎斑,02,02-pull-left-ear,drag_ear,左前爪轻擦左耳与脸部后恢复坐姿,0,552_46-american-shorthair-silver-tabby_02-pull-left-ear_seed-0,4,4.0,24,480,832,15:26,9:16,drag_ear.v1,pending_model_validation,dbdc93fe3f0e922d0d53d3b6c78e213e176b5230876cf046e5da697fd2320d7b,241a5d66949edcf078e592e2d02939921c2ff68968a95640d4e5a7e2c4fe75c1
553,553,../data_h3/cat_ids/46_美国短毛猫银虎斑.png,Ref_drag_ear_mirror.mp4,prepared/Ref_drag_ear_mirror.motion.mp4,prompts/drag_ear_mirror.v1.en.txt,46,46-american-shorthair-silver-tabby,美国短毛猫银虎斑,03,03-drag-ear-mirror,drag_ear_mirror,右前爪轻擦右耳与脸部后恢复坐姿,0,553_46-american-shorthair-silver-tabby_03-drag-ear-mirror_seed-0,4,4.0,24,480,832,15:26,9:16,drag_ear_mirror.v1,pending_model_validation,68fc5e929e94c082c0da4f6ccda4e0b2f4f8e49e4da6baacf37e6a84c69f2fb3,f5a0412ed913f5aad8bffb33c68c3b0ad7f4923f44f06370f768483b146897f4
554,554,../data_h3/cat_ids/46_美国短毛猫银虎斑.png,Ref_cat_teaser1.mp4,prepared/Ref_cat_teaser1.motion.mp4,prompts/cat_teaser1.v1.en.txt,46,46-american-shorthair-silver-tabby,美国短毛猫银虎斑,04,04-cat-teaser1,cat_teaser1,左前爪坐姿拨打逗猫棒后注视玩具,0,554_46-american-shorthair-silver-tabby_04-cat-teaser1_seed-0,4,4.0,24,480,832,15:26,9:16,cat_teaser1.v1,pending_model_validation,28971748699ea020c1f7f9f78e45a8407665e85ec6df04732794d5fefc6126de,90ead0cb85338d88512f89fc4fdaa1599eaae717252a8a228289e47e9f7150f0
555,555,../data_h3/cat_ids/46_美国短毛猫银虎斑.png,Ref_cat_teaser1_mirror.mp4,prepared/Ref_cat_teaser1_mirror.motion.mp4,prompts/cat_teaser1_mirror.v1.en.txt,46,46-american-shorthair-silver-tabby,美国短毛猫银虎斑,05,05-cat-teaser1-mirror,cat_teaser1_mirror,右前爪坐姿拨打逗猫棒后注视玩具,0,555_46-american-shorthair-silver-tabby_05-cat-teaser1-mirror_seed-0,4,4.0,24,480,832,15:26,9:16,cat_teaser1_mirror.v1,pending_model_validation,5c7abea398cc5cec6ee97bd79e91c601838c2218c8101bd13041c5753a5e72ec,af450da4b11a442fbb8dc3b090842b494306a33800841e4f3ac9399fb1a3e695
556,556,../data_h3/cat_ids/46_美国短毛猫银虎斑.png,Ref_cat_teaser2.mp4,prepared/Ref_cat_teaser2.motion.mp4,prompts/cat_teaser2.v1.en.txt,46,46-american-shorthair-silver-tabby,美国短毛猫银虎斑,06,06-cat-teaser2,cat_teaser2,起身向画面右侧追拍逗猫棒并站定,0,556_46-american-shorthair-silver-tabby_06-cat-teaser2_seed-0,4,4.0,24,480,832,15:26,9:16,cat_teaser2.v1,pending_model_validation,d24950c871f5181f868624b0d0235308584d0cda7f2fe02eb6c362bca9be17e4,a8c95e9c38443d4d231086357cb356e7c98cb2af1a6bfa216feae39e945cc0ec
557,557,../data_h3/cat_ids/46_美国短毛猫银虎斑.png,Ref_cat_teaser2_mirror.mp4,prepared/Ref_cat_teaser2_mirror.motion.mp4,prompts/cat_teaser2_mirror.v1.en.txt,46,46-american-shorthair-silver-tabby,美国短毛猫银虎斑,07,07-cat-teaser2-mirror,cat_teaser2_mirror,起身向画面左侧追拍逗猫棒并站定,0,557_46-american-shorthair-silver-tabby_07-cat-teaser2-mirror_seed-0,4,4.0,24,480,832,15:26,9:16,cat_teaser2_mirror.v1,pending_model_validation,96e072371eb22e5b130ddeb5d0d5286b26069e03ec55aa98d8eb8998108588b0,7d4ae2310b662639649d68fa4f699951317c36f76eb715534248659d1924613d
558,558,../data_h3/cat_ids/46_美国短毛猫银虎斑.png,Ref_cat_teaser3.mp4,prepared/Ref_cat_teaser3.motion.mp4,prompts/cat_teaser3.v1.en.txt,46,46-american-shorthair-silver-tabby,美国短毛猫银虎斑,08,08-cat-teaser3,cat_teaser3,双前爪抬起抓扑逗猫棒后落地坐定,0,558_46-american-shorthair-silver-tabby_08-cat-teaser3_seed-0,4,4.0,24,480,832,15:26,9:16,cat_teaser3.v1,pending_model_validation,28125c76324f19aa23e77ae9b7227ec9da10d152f0fe3eb89243ddf4b0cd0c6b,71df79527a94810bcacebc9cb956fa137c891a4ed437386697434b19c5fbb7ce
559,559,../data_h3/cat_ids/46_美国短毛猫银虎斑.png,Ref_drag_yarn_ball_and_catch.mp4,prepared/Ref_drag_yarn_ball_and_catch.motion.mp4,prompts/drag_yarn_ball_and_catch.v1.en.txt,46,46-american-shorthair-silver-tabby,美国短毛猫银虎斑,09,09-drag-yarn-ball-and-catch,drag_yarn_ball_and_catch,追扑从画面左向右滚动的毛线球并按住,0,559_46-american-shorthair-silver-tabby_09-drag-yarn-ball-and-catch_seed-0,4,4.0,24,480,832,15:26,9:16,drag_yarn_ball_and_catch.v1,pending_model_validation,7ebe1b2a01564d805523f56b909e9a53772ebed08cbeda3c79c1765cceab70f6,5b888bc1cdc661bc3b5760445027966ef8d36a31c447614acbd23d3ca6af442e
560,560,../data_h3/cat_ids/46_美国短毛猫银虎斑.png,Ref_drag_yarn_ball_and_catch_mirror.mp4,prepared/Ref_drag_yarn_ball_and_catch_mirror.motion.mp4,prompts/drag_yarn_ball_and_catch_mirror.v1.en.txt,46,46-american-shorthair-silver-tabby,美国短毛猫银虎斑,10,10-drag-yarn-ball-and-catch-mirror,drag_yarn_ball_and_catch_mirror,追扑从画面右向左滚动的毛线球并按住,0,560_46-american-shorthair-silver-tabby_10-drag-yarn-ball-and-catch-mirror_seed-0,4,4.0,24,480,832,15:26,9:16,drag_yarn_ball_and_catch_mirror.v1,pending_model_validation,477225bf4f6fca729b4947c68a49ba53af5fb0428686571bc103a6f680058a2d,8b44957f6ebaca7c04c4a0af6bf4fbb65085b8ecf0acaf3433dc727a25b74982
561,561,../data_h3/cat_ids/46_美国短毛猫银虎斑.png, Ref_curl_up_and_lie_down.mp4,prepared/ Ref_curl_up_and_lie_down.motion.mp4,prompts/curl_up_and_lie_down.v1.en.txt,46,46-american-shorthair-silver-tabby,美国短毛猫银虎斑,11,11-curl-up-and-lie-down,curl_up_and_lie_down,低头向画面左侧蜷卧并闭眼休息,0,561_46-american-shorthair-silver-tabby_11-curl-up-and-lie-down_seed-0,4,4.0,24,480,832,15:26,9:16,curl_up_and_lie_down.v1,pending_model_validation,9217effb2f85c4322c192edb9cc4c687268e1285527679229ed2d92161f10f6b,8414a980252d2baee6444085d2755563b7e0ccb3a138027e7cc6c1233be766eb
562,562,../data_h3/cat_ids/46_美国短毛猫银虎斑.png,Ref_curl_up_and_lie_down_mirror.mp4,prepared/Ref_curl_up_and_lie_down_mirror.motion.mp4,prompts/curl_up_and_lie_down_mirror.v1.en.txt,46,46-american-shorthair-silver-tabby,美国短毛猫银虎斑,12,12-curl-up-and-lie-down-mirror,curl_up_and_lie_down_mirror,低头向画面右侧蜷卧并闭眼休息,0,562_46-american-shorthair-silver-tabby_12-curl-up-and-lie-down-mirror_seed-0,4,4.0,24,480,832,15:26,9:16,curl_up_and_lie_down_mirror.v1,pending_model_validation,0ae3d03ab930f2329999e943296bf3ba83b1968a23833a258ffc30a3fc3491e0,5dcfd307dd80e4bd86fa73aff45f41f66eced8aba348a07f81f559f008a63527
563,563,../data_h3/cat_ids/46_美国短毛猫银虎斑.png,walk_forward_to_screen.mp4,prepared/walk_forward_to_screen.motion.mp4,prompts/walk_forward_to_screen.v1.en.txt,46,46-american-shorthair-silver-tabby,美国短毛猫银虎斑,13,13-walk-forward-to-screen,walk_forward_to_screen,起身向镜头走近并在近处站定,0,563_46-american-shorthair-silver-tabby_13-walk-forward-to-screen_seed-0,4,4.041699,24,480,832,15:26,9:16,walk_forward_to_screen.v1,pending_model_validation,18c1e41e3d0bc7b332298f78c798593c6903d921bcab1cd40f5525438039f02c,b63a08fc2ef943e20b969f5567a1c9334a3d7ca21d68db70b052c4345a83014a
564,564,../data_h3/cat_ids/47_美国硬毛猫.png,Ref_drag_ear.mp4,prepared/Ref_drag_ear.motion.mp4,prompts/drag_ear.v1.en.txt,47,47-american-wirehair,美国硬毛猫,02,02-pull-left-ear,drag_ear,左前爪轻擦左耳与脸部后恢复坐姿,0,564_47-american-wirehair_02-pull-left-ear_seed-0,4,4.0,24,480,832,15:26,9:16,drag_ear.v1,pending_model_validation,dbdc93fe3f0e922d0d53d3b6c78e213e176b5230876cf046e5da697fd2320d7b,241a5d66949edcf078e592e2d02939921c2ff68968a95640d4e5a7e2c4fe75c1
565,565,../data_h3/cat_ids/47_美国硬毛猫.png,Ref_drag_ear_mirror.mp4,prepared/Ref_drag_ear_mirror.motion.mp4,prompts/drag_ear_mirror.v1.en.txt,47,47-american-wirehair,美国硬毛猫,03,03-drag-ear-mirror,drag_ear_mirror,右前爪轻擦右耳与脸部后恢复坐姿,0,565_47-american-wirehair_03-drag-ear-mirror_seed-0,4,4.0,24,480,832,15:26,9:16,drag_ear_mirror.v1,pending_model_validation,68fc5e929e94c082c0da4f6ccda4e0b2f4f8e49e4da6baacf37e6a84c69f2fb3,f5a0412ed913f5aad8bffb33c68c3b0ad7f4923f44f06370f768483b146897f4
566,566,../data_h3/cat_ids/47_美国硬毛猫.png,Ref_cat_teaser1.mp4,prepared/Ref_cat_teaser1.motion.mp4,prompts/cat_teaser1.v1.en.txt,47,47-american-wirehair,美国硬毛猫,04,04-cat-teaser1,cat_teaser1,左前爪坐姿拨打逗猫棒后注视玩具,0,566_47-american-wirehair_04-cat-teaser1_seed-0,4,4.0,24,480,832,15:26,9:16,cat_teaser1.v1,pending_model_validation,28971748699ea020c1f7f9f78e45a8407665e85ec6df04732794d5fefc6126de,90ead0cb85338d88512f89fc4fdaa1599eaae717252a8a228289e47e9f7150f0
567,567,../data_h3/cat_ids/47_美国硬毛猫.png,Ref_cat_teaser1_mirror.mp4,prepared/Ref_cat_teaser1_mirror.motion.mp4,prompts/cat_teaser1_mirror.v1.en.txt,47,47-american-wirehair,美国硬毛猫,05,05-cat-teaser1-mirror,cat_teaser1_mirror,右前爪坐姿拨打逗猫棒后注视玩具,0,567_47-american-wirehair_05-cat-teaser1-mirror_seed-0,4,4.0,24,480,832,15:26,9:16,cat_teaser1_mirror.v1,pending_model_validation,5c7abea398cc5cec6ee97bd79e91c601838c2218c8101bd13041c5753a5e72ec,af450da4b11a442fbb8dc3b090842b494306a33800841e4f3ac9399fb1a3e695
568,568,../data_h3/cat_ids/47_美国硬毛猫.png,Ref_cat_teaser2.mp4,prepared/Ref_cat_teaser2.motion.mp4,prompts/cat_teaser2.v1.en.txt,47,47-american-wirehair,美国硬毛猫,06,06-cat-teaser2,cat_teaser2,起身向画面右侧追拍逗猫棒并站定,0,568_47-american-wirehair_06-cat-teaser2_seed-0,4,4.0,24,480,832,15:26,9:16,cat_teaser2.v1,pending_model_validation,d24950c871f5181f868624b0d0235308584d0cda7f2fe02eb6c362bca9be17e4,a8c95e9c38443d4d231086357cb356e7c98cb2af1a6bfa216feae39e945cc0ec
569,569,../data_h3/cat_ids/47_美国硬毛猫.png,Ref_cat_teaser2_mirror.mp4,prepared/Ref_cat_teaser2_mirror.motion.mp4,prompts/cat_teaser2_mirror.v1.en.txt,47,47-american-wirehair,美国硬毛猫,07,07-cat-teaser2-mirror,cat_teaser2_mirror,起身向画面左侧追拍逗猫棒并站定,0,569_47-american-wirehair_07-cat-teaser2-mirror_seed-0,4,4.0,24,480,832,15:26,9:16,cat_teaser2_mirror.v1,pending_model_validation,96e072371eb22e5b130ddeb5d0d5286b26069e03ec55aa98d8eb8998108588b0,7d4ae2310b662639649d68fa4f699951317c36f76eb715534248659d1924613d
570,570,../data_h3/cat_ids/47_美国硬毛猫.png,Ref_cat_teaser3.mp4,prepared/Ref_cat_teaser3.motion.mp4,prompts/cat_teaser3.v1.en.txt,47,47-american-wirehair,美国硬毛猫,08,08-cat-teaser3,cat_teaser3,双前爪抬起抓扑逗猫棒后落地坐定,0,570_47-american-wirehair_08-cat-teaser3_seed-0,4,4.0,24,480,832,15:26,9:16,cat_teaser3.v1,pending_model_validation,28125c76324f19aa23e77ae9b7227ec9da10d152f0fe3eb89243ddf4b0cd0c6b,71df79527a94810bcacebc9cb956fa137c891a4ed437386697434b19c5fbb7ce
571,571,../data_h3/cat_ids/47_美国硬毛猫.png,Ref_drag_yarn_ball_and_catch.mp4,prepared/Ref_drag_yarn_ball_and_catch.motion.mp4,prompts/drag_yarn_ball_and_catch.v1.en.txt,47,47-american-wirehair,美国硬毛猫,09,09-drag-yarn-ball-and-catch,drag_yarn_ball_and_catch,追扑从画面左向右滚动的毛线球并按住,0,571_47-american-wirehair_09-drag-yarn-ball-and-catch_seed-0,4,4.0,24,480,832,15:26,9:16,drag_yarn_ball_and_catch.v1,pending_model_validation,7ebe1b2a01564d805523f56b909e9a53772ebed08cbeda3c79c1765cceab70f6,5b888bc1cdc661bc3b5760445027966ef8d36a31c447614acbd23d3ca6af442e
572,572,../data_h3/cat_ids/47_美国硬毛猫.png,Ref_drag_yarn_ball_and_catch_mirror.mp4,prepared/Ref_drag_yarn_ball_and_catch_mirror.motion.mp4,prompts/drag_yarn_ball_and_catch_mirror.v1.en.txt,47,47-american-wirehair,美国硬毛猫,10,10-drag-yarn-ball-and-catch-mirror,drag_yarn_ball_and_catch_mirror,追扑从画面右向左滚动的毛线球并按住,0,572_47-american-wirehair_10-drag-yarn-ball-and-catch-mirror_seed-0,4,4.0,24,480,832,15:26,9:16,drag_yarn_ball_and_catch_mirror.v1,pending_model_validation,477225bf4f6fca729b4947c68a49ba53af5fb0428686571bc103a6f680058a2d,8b44957f6ebaca7c04c4a0af6bf4fbb65085b8ecf0acaf3433dc727a25b74982
573,573,../data_h3/cat_ids/47_美国硬毛猫.png, Ref_curl_up_and_lie_down.mp4,prepared/ Ref_curl_up_and_lie_down.motion.mp4,prompts/curl_up_and_lie_down.v1.en.txt,47,47-american-wirehair,美国硬毛猫,11,11-curl-up-and-lie-down,curl_up_and_lie_down,低头向画面左侧蜷卧并闭眼休息,0,573_47-american-wirehair_11-curl-up-and-lie-down_seed-0,4,4.0,24,480,832,15:26,9:16,curl_up_and_lie_down.v1,pending_model_validation,9217effb2f85c4322c192edb9cc4c687268e1285527679229ed2d92161f10f6b,8414a980252d2baee6444085d2755563b7e0ccb3a138027e7cc6c1233be766eb
574,574,../data_h3/cat_ids/47_美国硬毛猫.png,Ref_curl_up_and_lie_down_mirror.mp4,prepared/Ref_curl_up_and_lie_down_mirror.motion.mp4,prompts/curl_up_and_lie_down_mirror.v1.en.txt,47,47-american-wirehair,美国硬毛猫,12,12-curl-up-and-lie-down-mirror,curl_up_and_lie_down_mirror,低头向画面右侧蜷卧并闭眼休息,0,574_47-american-wirehair_12-curl-up-and-lie-down-mirror_seed-0,4,4.0,24,480,832,15:26,9:16,curl_up_and_lie_down_mirror.v1,pending_model_validation,0ae3d03ab930f2329999e943296bf3ba83b1968a23833a258ffc30a3fc3491e0,5dcfd307dd80e4bd86fa73aff45f41f66eced8aba348a07f81f559f008a63527
575,575,../data_h3/cat_ids/47_美国硬毛猫.png,walk_forward_to_screen.mp4,prepared/walk_forward_to_screen.motion.mp4,prompts/walk_forward_to_screen.v1.en.txt,47,47-american-wirehair,美国硬毛猫,13,13-walk-forward-to-screen,walk_forward_to_screen,起身向镜头走近并在近处站定,0,575_47-american-wirehair_13-walk-forward-to-screen_seed-0,4,4.041699,24,480,832,15:26,9:16,walk_forward_to_screen.v1,pending_model_validation,18c1e41e3d0bc7b332298f78c798593c6903d921bcab1cd40f5525438039f02c,b63a08fc2ef943e20b969f5567a1c9334a3d7ca21d68db70b052c4345a83014a
576,576,../data_h3/cat_ids/48_美国卷耳猫长毛.png,Ref_drag_ear.mp4,prepared/Ref_drag_ear.motion.mp4,prompts/drag_ear.v1.en.txt,48,48-american-curl-longhair,美国卷耳猫长毛,02,02-pull-left-ear,drag_ear,左前爪轻擦左耳与脸部后恢复坐姿,0,576_48-american-curl-longhair_02-pull-left-ear_seed-0,4,4.0,24,480,832,15:26,9:16,drag_ear.v1,pending_model_validation,dbdc93fe3f0e922d0d53d3b6c78e213e176b5230876cf046e5da697fd2320d7b,241a5d66949edcf078e592e2d02939921c2ff68968a95640d4e5a7e2c4fe75c1
577,577,../data_h3/cat_ids/48_美国卷耳猫长毛.png,Ref_drag_ear_mirror.mp4,prepared/Ref_drag_ear_mirror.motion.mp4,prompts/drag_ear_mirror.v1.en.txt,48,48-american-curl-longhair,美国卷耳猫长毛,03,03-drag-ear-mirror,drag_ear_mirror,右前爪轻擦右耳与脸部后恢复坐姿,0,577_48-american-curl-longhair_03-drag-ear-mirror_seed-0,4,4.0,24,480,832,15:26,9:16,drag_ear_mirror.v1,pending_model_validation,68fc5e929e94c082c0da4f6ccda4e0b2f4f8e49e4da6baacf37e6a84c69f2fb3,f5a0412ed913f5aad8bffb33c68c3b0ad7f4923f44f06370f768483b146897f4
578,578,../data_h3/cat_ids/48_美国卷耳猫长毛.png,Ref_cat_teaser1.mp4,prepared/Ref_cat_teaser1.motion.mp4,prompts/cat_teaser1.v1.en.txt,48,48-american-curl-longhair,美国卷耳猫长毛,04,04-cat-teaser1,cat_teaser1,左前爪坐姿拨打逗猫棒后注视玩具,0,578_48-american-curl-longhair_04-cat-teaser1_seed-0,4,4.0,24,480,832,15:26,9:16,cat_teaser1.v1,pending_model_validation,28971748699ea020c1f7f9f78e45a8407665e85ec6df04732794d5fefc6126de,90ead0cb85338d88512f89fc4fdaa1599eaae717252a8a228289e47e9f7150f0
579,579,../data_h3/cat_ids/48_美国卷耳猫长毛.png,Ref_cat_teaser1_mirror.mp4,prepared/Ref_cat_teaser1_mirror.motion.mp4,prompts/cat_teaser1_mirror.v1.en.txt,48,48-american-curl-longhair,美国卷耳猫长毛,05,05-cat-teaser1-mirror,cat_teaser1_mirror,右前爪坐姿拨打逗猫棒后注视玩具,0,579_48-american-curl-longhair_05-cat-teaser1-mirror_seed-0,4,4.0,24,480,832,15:26,9:16,cat_teaser1_mirror.v1,pending_model_validation,5c7abea398cc5cec6ee97bd79e91c601838c2218c8101bd13041c5753a5e72ec,af450da4b11a442fbb8dc3b090842b494306a33800841e4f3ac9399fb1a3e695
580,580,../data_h3/cat_ids/48_美国卷耳猫长毛.png,Ref_cat_teaser2.mp4,prepared/Ref_cat_teaser2.motion.mp4,prompts/cat_teaser2.v1.en.txt,48,48-american-curl-longhair,美国卷耳猫长毛,06,06-cat-teaser2,cat_teaser2,起身向画面右侧追拍逗猫棒并站定,0,580_48-american-curl-longhair_06-cat-teaser2_seed-0,4,4.0,24,480,832,15:26,9:16,cat_teaser2.v1,pending_model_validation,d24950c871f5181f868624b0d0235308584d0cda7f2fe02eb6c362bca9be17e4,a8c95e9c38443d4d231086357cb356e7c98cb2af1a6bfa216feae39e945cc0ec
581,581,../data_h3/cat_ids/48_美国卷耳猫长毛.png,Ref_cat_teaser2_mirror.mp4,prepared/Ref_cat_teaser2_mirror.motion.mp4,prompts/cat_teaser2_mirror.v1.en.txt,48,48-american-curl-longhair,美国卷耳猫长毛,07,07-cat-teaser2-mirror,cat_teaser2_mirror,起身向画面左侧追拍逗猫棒并站定,0,581_48-american-curl-longhair_07-cat-teaser2-mirror_seed-0,4,4.0,24,480,832,15:26,9:16,cat_teaser2_mirror.v1,pending_model_validation,96e072371eb22e5b130ddeb5d0d5286b26069e03ec55aa98d8eb8998108588b0,7d4ae2310b662639649d68fa4f699951317c36f76eb715534248659d1924613d
582,582,../data_h3/cat_ids/48_美国卷耳猫长毛.png,Ref_cat_teaser3.mp4,prepared/Ref_cat_teaser3.motion.mp4,prompts/cat_teaser3.v1.en.txt,48,48-american-curl-longhair,美国卷耳猫长毛,08,08-cat-teaser3,cat_teaser3,双前爪抬起抓扑逗猫棒后落地坐定,0,582_48-american-curl-longhair_08-cat-teaser3_seed-0,4,4.0,24,480,832,15:26,9:16,cat_teaser3.v1,pending_model_validation,28125c76324f19aa23e77ae9b7227ec9da10d152f0fe3eb89243ddf4b0cd0c6b,71df79527a94810bcacebc9cb956fa137c891a4ed437386697434b19c5fbb7ce
583,583,../data_h3/cat_ids/48_美国卷耳猫长毛.png,Ref_drag_yarn_ball_and_catch.mp4,prepared/Ref_drag_yarn_ball_and_catch.motion.mp4,prompts/drag_yarn_ball_and_catch.v1.en.txt,48,48-american-curl-longhair,美国卷耳猫长毛,09,09-drag-yarn-ball-and-catch,drag_yarn_ball_and_catch,追扑从画面左向右滚动的毛线球并按住,0,583_48-american-curl-longhair_09-drag-yarn-ball-and-catch_seed-0,4,4.0,24,480,832,15:26,9:16,drag_yarn_ball_and_catch.v1,pending_model_validation,7ebe1b2a01564d805523f56b909e9a53772ebed08cbeda3c79c1765cceab70f6,5b888bc1cdc661bc3b5760445027966ef8d36a31c447614acbd23d3ca6af442e
584,584,../data_h3/cat_ids/48_美国卷耳猫长毛.png,Ref_drag_yarn_ball_and_catch_mirror.mp4,prepared/Ref_drag_yarn_ball_and_catch_mirror.motion.mp4,prompts/drag_yarn_ball_and_catch_mirror.v1.en.txt,48,48-american-curl-longhair,美国卷耳猫长毛,10,10-drag-yarn-ball-and-catch-mirror,drag_yarn_ball_and_catch_mirror,追扑从画面右向左滚动的毛线球并按住,0,584_48-american-curl-longhair_10-drag-yarn-ball-and-catch-mirror_seed-0,4,4.0,24,480,832,15:26,9:16,drag_yarn_ball_and_catch_mirror.v1,pending_model_validation,477225bf4f6fca729b4947c68a49ba53af5fb0428686571bc103a6f680058a2d,8b44957f6ebaca7c04c4a0af6bf4fbb65085b8ecf0acaf3433dc727a25b74982
585,585,../data_h3/cat_ids/48_美国卷耳猫长毛.png, Ref_curl_up_and_lie_down.mp4,prepared/ Ref_curl_up_and_lie_down.motion.mp4,prompts/curl_up_and_lie_down.v1.en.txt,48,48-american-curl-longhair,美国卷耳猫长毛,11,11-curl-up-and-lie-down,curl_up_and_lie_down,低头向画面左侧蜷卧并闭眼休息,0,585_48-american-curl-longhair_11-curl-up-and-lie-down_seed-0,4,4.0,24,480,832,15:26,9:16,curl_up_and_lie_down.v1,pending_model_validation,9217effb2f85c4322c192edb9cc4c687268e1285527679229ed2d92161f10f6b,8414a980252d2baee6444085d2755563b7e0ccb3a138027e7cc6c1233be766eb
586,586,../data_h3/cat_ids/48_美国卷耳猫长毛.png,Ref_curl_up_and_lie_down_mirror.mp4,prepared/Ref_curl_up_and_lie_down_mirror.motion.mp4,prompts/curl_up_and_lie_down_mirror.v1.en.txt,48,48-american-curl-longhair,美国卷耳猫长毛,12,12-curl-up-and-lie-down-mirror,curl_up_and_lie_down_mirror,低头向画面右侧蜷卧并闭眼休息,0,586_48-american-curl-longhair_12-curl-up-and-lie-down-mirror_seed-0,4,4.0,24,480,832,15:26,9:16,curl_up_and_lie_down_mirror.v1,pending_model_validation,0ae3d03ab930f2329999e943296bf3ba83b1968a23833a258ffc30a3fc3491e0,5dcfd307dd80e4bd86fa73aff45f41f66eced8aba348a07f81f559f008a63527
587,587,../data_h3/cat_ids/48_美国卷耳猫长毛.png,walk_forward_to_screen.mp4,prepared/walk_forward_to_screen.motion.mp4,prompts/walk_forward_to_screen.v1.en.txt,48,48-american-curl-longhair,美国卷耳猫长毛,13,13-walk-forward-to-screen,walk_forward_to_screen,起身向镜头走近并在近处站定,0,587_48-american-curl-longhair_13-walk-forward-to-screen_seed-0,4,4.041699,24,480,832,15:26,9:16,walk_forward_to_screen.v1,pending_model_validation,18c1e41e3d0bc7b332298f78c798593c6903d921bcab1cd40f5525438039f02c,b63a08fc2ef943e20b969f5567a1c9334a3d7ca21d68db70b052c4345a83014a
588,588,../data_h3/cat_ids/49_苏格兰折耳猫.png,Ref_drag_ear.mp4,prepared/Ref_drag_ear.motion.mp4,prompts/drag_ear.v1.en.txt,49,49-scottish-fold,苏格兰折耳猫,02,02-pull-left-ear,drag_ear,左前爪轻擦左耳与脸部后恢复坐姿,0,588_49-scottish-fold_02-pull-left-ear_seed-0,4,4.0,24,480,832,15:26,9:16,drag_ear.v1,pending_model_validation,dbdc93fe3f0e922d0d53d3b6c78e213e176b5230876cf046e5da697fd2320d7b,241a5d66949edcf078e592e2d02939921c2ff68968a95640d4e5a7e2c4fe75c1
589,589,../data_h3/cat_ids/49_苏格兰折耳猫.png,Ref_drag_ear_mirror.mp4,prepared/Ref_drag_ear_mirror.motion.mp4,prompts/drag_ear_mirror.v1.en.txt,49,49-scottish-fold,苏格兰折耳猫,03,03-drag-ear-mirror,drag_ear_mirror,右前爪轻擦右耳与脸部后恢复坐姿,0,589_49-scottish-fold_03-drag-ear-mirror_seed-0,4,4.0,24,480,832,15:26,9:16,drag_ear_mirror.v1,pending_model_validation,68fc5e929e94c082c0da4f6ccda4e0b2f4f8e49e4da6baacf37e6a84c69f2fb3,f5a0412ed913f5aad8bffb33c68c3b0ad7f4923f44f06370f768483b146897f4
590,590,../data_h3/cat_ids/49_苏格兰折耳猫.png,Ref_cat_teaser1.mp4,prepared/Ref_cat_teaser1.motion.mp4,prompts/cat_teaser1.v1.en.txt,49,49-scottish-fold,苏格兰折耳猫,04,04-cat-teaser1,cat_teaser1,左前爪坐姿拨打逗猫棒后注视玩具,0,590_49-scottish-fold_04-cat-teaser1_seed-0,4,4.0,24,480,832,15:26,9:16,cat_teaser1.v1,pending_model_validation,28971748699ea020c1f7f9f78e45a8407665e85ec6df04732794d5fefc6126de,90ead0cb85338d88512f89fc4fdaa1599eaae717252a8a228289e47e9f7150f0
591,591,../data_h3/cat_ids/49_苏格兰折耳猫.png,Ref_cat_teaser1_mirror.mp4,prepared/Ref_cat_teaser1_mirror.motion.mp4,prompts/cat_teaser1_mirror.v1.en.txt,49,49-scottish-fold,苏格兰折耳猫,05,05-cat-teaser1-mirror,cat_teaser1_mirror,右前爪坐姿拨打逗猫棒后注视玩具,0,591_49-scottish-fold_05-cat-teaser1-mirror_seed-0,4,4.0,24,480,832,15:26,9:16,cat_teaser1_mirror.v1,pending_model_validation,5c7abea398cc5cec6ee97bd79e91c601838c2218c8101bd13041c5753a5e72ec,af450da4b11a442fbb8dc3b090842b494306a33800841e4f3ac9399fb1a3e695
592,592,../data_h3/cat_ids/49_苏格兰折耳猫.png,Ref_cat_teaser2.mp4,prepared/Ref_cat_teaser2.motion.mp4,prompts/cat_teaser2.v1.en.txt,49,49-scottish-fold,苏格兰折耳猫,06,06-cat-teaser2,cat_teaser2,起身向画面右侧追拍逗猫棒并站定,0,592_49-scottish-fold_06-cat-teaser2_seed-0,4,4.0,24,480,832,15:26,9:16,cat_teaser2.v1,pending_model_validation,d24950c871f5181f868624b0d0235308584d0cda7f2fe02eb6c362bca9be17e4,a8c95e9c38443d4d231086357cb356e7c98cb2af1a6bfa216feae39e945cc0ec
593,593,../data_h3/cat_ids/49_苏格兰折耳猫.png,Ref_cat_teaser2_mirror.mp4,prepared/Ref_cat_teaser2_mirror.motion.mp4,prompts/cat_teaser2_mirror.v1.en.txt,49,49-scottish-fold,苏格兰折耳猫,07,07-cat-teaser2-mirror,cat_teaser2_mirror,起身向画面左侧追拍逗猫棒并站定,0,593_49-scottish-fold_07-cat-teaser2-mirror_seed-0,4,4.0,24,480,832,15:26,9:16,cat_teaser2_mirror.v1,pending_model_validation,96e072371eb22e5b130ddeb5d0d5286b26069e03ec55aa98d8eb8998108588b0,7d4ae2310b662639649d68fa4f699951317c36f76eb715534248659d1924613d
594,594,../data_h3/cat_ids/49_苏格兰折耳猫.png,Ref_cat_teaser3.mp4,prepared/Ref_cat_teaser3.motion.mp4,prompts/cat_teaser3.v1.en.txt,49,49-scottish-fold,苏格兰折耳猫,08,08-cat-teaser3,cat_teaser3,双前爪抬起抓扑逗猫棒后落地坐定,0,594_49-scottish-fold_08-cat-teaser3_seed-0,4,4.0,24,480,832,15:26,9:16,cat_teaser3.v1,pending_model_validation,28125c76324f19aa23e77ae9b7227ec9da10d152f0fe3eb89243ddf4b0cd0c6b,71df79527a94810bcacebc9cb956fa137c891a4ed437386697434b19c5fbb7ce
595,595,../data_h3/cat_ids/49_苏格兰折耳猫.png,Ref_drag_yarn_ball_and_catch.mp4,prepared/Ref_drag_yarn_ball_and_catch.motion.mp4,prompts/drag_yarn_ball_and_catch.v1.en.txt,49,49-scottish-fold,苏格兰折耳猫,09,09-drag-yarn-ball-and-catch,drag_yarn_ball_and_catch,追扑从画面左向右滚动的毛线球并按住,0,595_49-scottish-fold_09-drag-yarn-ball-and-catch_seed-0,4,4.0,24,480,832,15:26,9:16,drag_yarn_ball_and_catch.v1,pending_model_validation,7ebe1b2a01564d805523f56b909e9a53772ebed08cbeda3c79c1765cceab70f6,5b888bc1cdc661bc3b5760445027966ef8d36a31c447614acbd23d3ca6af442e
596,596,../data_h3/cat_ids/49_苏格兰折耳猫.png,Ref_drag_yarn_ball_and_catch_mirror.mp4,prepared/Ref_drag_yarn_ball_and_catch_mirror.motion.mp4,prompts/drag_yarn_ball_and_catch_mirror.v1.en.txt,49,49-scottish-fold,苏格兰折耳猫,10,10-drag-yarn-ball-and-catch-mirror,drag_yarn_ball_and_catch_mirror,追扑从画面右向左滚动的毛线球并按住,0,596_49-scottish-fold_10-drag-yarn-ball-and-catch-mirror_seed-0,4,4.0,24,480,832,15:26,9:16,drag_yarn_ball_and_catch_mirror.v1,pending_model_validation,477225bf4f6fca729b4947c68a49ba53af5fb0428686571bc103a6f680058a2d,8b44957f6ebaca7c04c4a0af6bf4fbb65085b8ecf0acaf3433dc727a25b74982
597,597,../data_h3/cat_ids/49_苏格兰折耳猫.png, Ref_curl_up_and_lie_down.mp4,prepared/ Ref_curl_up_and_lie_down.motion.mp4,prompts/curl_up_and_lie_down.v1.en.txt,49,49-scottish-fold,苏格兰折耳猫,11,11-curl-up-and-lie-down,curl_up_and_lie_down,低头向画面左侧蜷卧并闭眼休息,0,597_49-scottish-fold_11-curl-up-and-lie-down_seed-0,4,4.0,24,480,832,15:26,9:16,curl_up_and_lie_down.v1,pending_model_validation,9217effb2f85c4322c192edb9cc4c687268e1285527679229ed2d92161f10f6b,8414a980252d2baee6444085d2755563b7e0ccb3a138027e7cc6c1233be766eb
598,598,../data_h3/cat_ids/49_苏格兰折耳猫.png,Ref_curl_up_and_lie_down_mirror.mp4,prepared/Ref_curl_up_and_lie_down_mirror.motion.mp4,prompts/curl_up_and_lie_down_mirror.v1.en.txt,49,49-scottish-fold,苏格兰折耳猫,12,12-curl-up-and-lie-down-mirror,curl_up_and_lie_down_mirror,低头向画面右侧蜷卧并闭眼休息,0,598_49-scottish-fold_12-curl-up-and-lie-down-mirror_seed-0,4,4.0,24,480,832,15:26,9:16,curl_up_and_lie_down_mirror.v1,pending_model_validation,0ae3d03ab930f2329999e943296bf3ba83b1968a23833a258ffc30a3fc3491e0,5dcfd307dd80e4bd86fa73aff45f41f66eced8aba348a07f81f559f008a63527
599,599,../data_h3/cat_ids/49_苏格兰折耳猫.png,walk_forward_to_screen.mp4,prepared/walk_forward_to_screen.motion.mp4,prompts/walk_forward_to_screen.v1.en.txt,49,49-scottish-fold,苏格兰折耳猫,13,13-walk-forward-to-screen,walk_forward_to_screen,起身向镜头走近并在近处站定,0,599_49-scottish-fold_13-walk-forward-to-screen_seed-0,4,4.041699,24,480,832,15:26,9:16,walk_forward_to_screen.v1,pending_model_validation,18c1e41e3d0bc7b332298f78c798593c6903d921bcab1cd40f5525438039f02c,b63a08fc2ef943e20b969f5567a1c9334a3d7ca21d68db70b052c4345a83014a
600,600,../data_h3/cat_ids/50_日本短尾猫.png,Ref_drag_ear.mp4,prepared/Ref_drag_ear.motion.mp4,prompts/drag_ear.v1.en.txt,50,50-japanese-bobtail,日本短尾猫,02,02-pull-left-ear,drag_ear,左前爪轻擦左耳与脸部后恢复坐姿,0,600_50-japanese-bobtail_02-pull-left-ear_seed-0,4,4.0,24,480,832,15:26,9:16,drag_ear.v1,pending_model_validation,dbdc93fe3f0e922d0d53d3b6c78e213e176b5230876cf046e5da697fd2320d7b,241a5d66949edcf078e592e2d02939921c2ff68968a95640d4e5a7e2c4fe75c1
601,601,../data_h3/cat_ids/50_日本短尾猫.png,Ref_drag_ear_mirror.mp4,prepared/Ref_drag_ear_mirror.motion.mp4,prompts/drag_ear_mirror.v1.en.txt,50,50-japanese-bobtail,日本短尾猫,03,03-drag-ear-mirror,drag_ear_mirror,右前爪轻擦右耳与脸部后恢复坐姿,0,601_50-japanese-bobtail_03-drag-ear-mirror_seed-0,4,4.0,24,480,832,15:26,9:16,drag_ear_mirror.v1,pending_model_validation,68fc5e929e94c082c0da4f6ccda4e0b2f4f8e49e4da6baacf37e6a84c69f2fb3,f5a0412ed913f5aad8bffb33c68c3b0ad7f4923f44f06370f768483b146897f4
602,602,../data_h3/cat_ids/50_日本短尾猫.png,Ref_cat_teaser1.mp4,prepared/Ref_cat_teaser1.motion.mp4,prompts/cat_teaser1.v1.en.txt,50,50-japanese-bobtail,日本短尾猫,04,04-cat-teaser1,cat_teaser1,左前爪坐姿拨打逗猫棒后注视玩具,0,602_50-japanese-bobtail_04-cat-teaser1_seed-0,4,4.0,24,480,832,15:26,9:16,cat_teaser1.v1,pending_model_validation,28971748699ea020c1f7f9f78e45a8407665e85ec6df04732794d5fefc6126de,90ead0cb85338d88512f89fc4fdaa1599eaae717252a8a228289e47e9f7150f0
603,603,../data_h3/cat_ids/50_日本短尾猫.png,Ref_cat_teaser1_mirror.mp4,prepared/Ref_cat_teaser1_mirror.motion.mp4,prompts/cat_teaser1_mirror.v1.en.txt,50,50-japanese-bobtail,日本短尾猫,05,05-cat-teaser1-mirror,cat_teaser1_mirror,右前爪坐姿拨打逗猫棒后注视玩具,0,603_50-japanese-bobtail_05-cat-teaser1-mirror_seed-0,4,4.0,24,480,832,15:26,9:16,cat_teaser1_mirror.v1,pending_model_validation,5c7abea398cc5cec6ee97bd79e91c601838c2218c8101bd13041c5753a5e72ec,af450da4b11a442fbb8dc3b090842b494306a33800841e4f3ac9399fb1a3e695
604,604,../data_h3/cat_ids/50_日本短尾猫.png,Ref_cat_teaser2.mp4,prepared/Ref_cat_teaser2.motion.mp4,prompts/cat_teaser2.v1.en.txt,50,50-japanese-bobtail,日本短尾猫,06,06-cat-teaser2,cat_teaser2,起身向画面右侧追拍逗猫棒并站定,0,604_50-japanese-bobtail_06-cat-teaser2_seed-0,4,4.0,24,480,832,15:26,9:16,cat_teaser2.v1,pending_model_validation,d24950c871f5181f868624b0d0235308584d0cda7f2fe02eb6c362bca9be17e4,a8c95e9c38443d4d231086357cb356e7c98cb2af1a6bfa216feae39e945cc0ec
605,605,../data_h3/cat_ids/50_日本短尾猫.png,Ref_cat_teaser2_mirror.mp4,prepared/Ref_cat_teaser2_mirror.motion.mp4,prompts/cat_teaser2_mirror.v1.en.txt,50,50-japanese-bobtail,日本短尾猫,07,07-cat-teaser2-mirror,cat_teaser2_mirror,起身向画面左侧追拍逗猫棒并站定,0,605_50-japanese-bobtail_07-cat-teaser2-mirror_seed-0,4,4.0,24,480,832,15:26,9:16,cat_teaser2_mirror.v1,pending_model_validation,96e072371eb22e5b130ddeb5d0d5286b26069e03ec55aa98d8eb8998108588b0,7d4ae2310b662639649d68fa4f699951317c36f76eb715534248659d1924613d
606,606,../data_h3/cat_ids/50_日本短尾猫.png,Ref_cat_teaser3.mp4,prepared/Ref_cat_teaser3.motion.mp4,prompts/cat_teaser3.v1.en.txt,50,50-japanese-bobtail,日本短尾猫,08,08-cat-teaser3,cat_teaser3,双前爪抬起抓扑逗猫棒后落地坐定,0,606_50-japanese-bobtail_08-cat-teaser3_seed-0,4,4.0,24,480,832,15:26,9:16,cat_teaser3.v1,pending_model_validation,28125c76324f19aa23e77ae9b7227ec9da10d152f0fe3eb89243ddf4b0cd0c6b,71df79527a94810bcacebc9cb956fa137c891a4ed437386697434b19c5fbb7ce
607,607,../data_h3/cat_ids/50_日本短尾猫.png,Ref_drag_yarn_ball_and_catch.mp4,prepared/Ref_drag_yarn_ball_and_catch.motion.mp4,prompts/drag_yarn_ball_and_catch.v1.en.txt,50,50-japanese-bobtail,日本短尾猫,09,09-drag-yarn-ball-and-catch,drag_yarn_ball_and_catch,追扑从画面左向右滚动的毛线球并按住,0,607_50-japanese-bobtail_09-drag-yarn-ball-and-catch_seed-0,4,4.0,24,480,832,15:26,9:16,drag_yarn_ball_and_catch.v1,pending_model_validation,7ebe1b2a01564d805523f56b909e9a53772ebed08cbeda3c79c1765cceab70f6,5b888bc1cdc661bc3b5760445027966ef8d36a31c447614acbd23d3ca6af442e
608,608,../data_h3/cat_ids/50_日本短尾猫.png,Ref_drag_yarn_ball_and_catch_mirror.mp4,prepared/Ref_drag_yarn_ball_and_catch_mirror.motion.mp4,prompts/drag_yarn_ball_and_catch_mirror.v1.en.txt,50,50-japanese-bobtail,日本短尾猫,10,10-drag-yarn-ball-and-catch-mirror,drag_yarn_ball_and_catch_mirror,追扑从画面右向左滚动的毛线球并按住,0,608_50-japanese-bobtail_10-drag-yarn-ball-and-catch-mirror_seed-0,4,4.0,24,480,832,15:26,9:16,drag_yarn_ball_and_catch_mirror.v1,pending_model_validation,477225bf4f6fca729b4947c68a49ba53af5fb0428686571bc103a6f680058a2d,8b44957f6ebaca7c04c4a0af6bf4fbb65085b8ecf0acaf3433dc727a25b74982
609,609,../data_h3/cat_ids/50_日本短尾猫.png, Ref_curl_up_and_lie_down.mp4,prepared/ Ref_curl_up_and_lie_down.motion.mp4,prompts/curl_up_and_lie_down.v1.en.txt,50,50-japanese-bobtail,日本短尾猫,11,11-curl-up-and-lie-down,curl_up_and_lie_down,低头向画面左侧蜷卧并闭眼休息,0,609_50-japanese-bobtail_11-curl-up-and-lie-down_seed-0,4,4.0,24,480,832,15:26,9:16,curl_up_and_lie_down.v1,pending_model_validation,9217effb2f85c4322c192edb9cc4c687268e1285527679229ed2d92161f10f6b,8414a980252d2baee6444085d2755563b7e0ccb3a138027e7cc6c1233be766eb
610,610,../data_h3/cat_ids/50_日本短尾猫.png,Ref_curl_up_and_lie_down_mirror.mp4,prepared/Ref_curl_up_and_lie_down_mirror.motion.mp4,prompts/curl_up_and_lie_down_mirror.v1.en.txt,50,50-japanese-bobtail,日本短尾猫,12,12-curl-up-and-lie-down-mirror,curl_up_and_lie_down_mirror,低头向画面右侧蜷卧并闭眼休息,0,610_50-japanese-bobtail_12-curl-up-and-lie-down-mirror_seed-0,4,4.0,24,480,832,15:26,9:16,curl_up_and_lie_down_mirror.v1,pending_model_validation,0ae3d03ab930f2329999e943296bf3ba83b1968a23833a258ffc30a3fc3491e0,5dcfd307dd80e4bd86fa73aff45f41f66eced8aba348a07f81f559f008a63527
611,611,../data_h3/cat_ids/50_日本短尾猫.png,walk_forward_to_screen.mp4,prepared/walk_forward_to_screen.motion.mp4,prompts/walk_forward_to_screen.v1.en.txt,50,50-japanese-bobtail,日本短尾猫,13,13-walk-forward-to-screen,walk_forward_to_screen,起身向镜头走近并在近处站定,0,611_50-japanese-bobtail_13-walk-forward-to-screen_seed-0,4,4.041699,24,480,832,15:26,9:16,walk_forward_to_screen.v1,pending_model_validation,18c1e41e3d0bc7b332298f78c798593c6903d921bcab1cd40f5525438039f02c,b63a08fc2ef943e20b969f5567a1c9334a3d7ca21d68db70b052c4345a83014a
612,612,../data_h3/cat_ids/51_库里尔短尾猫.png,Ref_drag_ear.mp4,prepared/Ref_drag_ear.motion.mp4,prompts/drag_ear.v1.en.txt,51,51-kurilian-bobtail,库里尔短尾猫,02,02-pull-left-ear,drag_ear,左前爪轻擦左耳与脸部后恢复坐姿,0,612_51-kurilian-bobtail_02-pull-left-ear_seed-0,4,4.0,24,480,832,15:26,9:16,drag_ear.v1,pending_model_validation,dbdc93fe3f0e922d0d53d3b6c78e213e176b5230876cf046e5da697fd2320d7b,241a5d66949edcf078e592e2d02939921c2ff68968a95640d4e5a7e2c4fe75c1
613,613,../data_h3/cat_ids/51_库里尔短尾猫.png,Ref_drag_ear_mirror.mp4,prepared/Ref_drag_ear_mirror.motion.mp4,prompts/drag_ear_mirror.v1.en.txt,51,51-kurilian-bobtail,库里尔短尾猫,03,03-drag-ear-mirror,drag_ear_mirror,右前爪轻擦右耳与脸部后恢复坐姿,0,613_51-kurilian-bobtail_03-drag-ear-mirror_seed-0,4,4.0,24,480,832,15:26,9:16,drag_ear_mirror.v1,pending_model_validation,68fc5e929e94c082c0da4f6ccda4e0b2f4f8e49e4da6baacf37e6a84c69f2fb3,f5a0412ed913f5aad8bffb33c68c3b0ad7f4923f44f06370f768483b146897f4
614,614,../data_h3/cat_ids/51_库里尔短尾猫.png,Ref_cat_teaser1.mp4,prepared/Ref_cat_teaser1.motion.mp4,prompts/cat_teaser1.v1.en.txt,51,51-kurilian-bobtail,库里尔短尾猫,04,04-cat-teaser1,cat_teaser1,左前爪坐姿拨打逗猫棒后注视玩具,0,614_51-kurilian-bobtail_04-cat-teaser1_seed-0,4,4.0,24,480,832,15:26,9:16,cat_teaser1.v1,pending_model_validation,28971748699ea020c1f7f9f78e45a8407665e85ec6df04732794d5fefc6126de,90ead0cb85338d88512f89fc4fdaa1599eaae717252a8a228289e47e9f7150f0
615,615,../data_h3/cat_ids/51_库里尔短尾猫.png,Ref_cat_teaser1_mirror.mp4,prepared/Ref_cat_teaser1_mirror.motion.mp4,prompts/cat_teaser1_mirror.v1.en.txt,51,51-kurilian-bobtail,库里尔短尾猫,05,05-cat-teaser1-mirror,cat_teaser1_mirror,右前爪坐姿拨打逗猫棒后注视玩具,0,615_51-kurilian-bobtail_05-cat-teaser1-mirror_seed-0,4,4.0,24,480,832,15:26,9:16,cat_teaser1_mirror.v1,pending_model_validation,5c7abea398cc5cec6ee97bd79e91c601838c2218c8101bd13041c5753a5e72ec,af450da4b11a442fbb8dc3b090842b494306a33800841e4f3ac9399fb1a3e695
616,616,../data_h3/cat_ids/51_库里尔短尾猫.png,Ref_cat_teaser2.mp4,prepared/Ref_cat_teaser2.motion.mp4,prompts/cat_teaser2.v1.en.txt,51,51-kurilian-bobtail,库里尔短尾猫,06,06-cat-teaser2,cat_teaser2,起身向画面右侧追拍逗猫棒并站定,0,616_51-kurilian-bobtail_06-cat-teaser2_seed-0,4,4.0,24,480,832,15:26,9:16,cat_teaser2.v1,pending_model_validation,d24950c871f5181f868624b0d0235308584d0cda7f2fe02eb6c362bca9be17e4,a8c95e9c38443d4d231086357cb356e7c98cb2af1a6bfa216feae39e945cc0ec
617,617,../data_h3/cat_ids/51_库里尔短尾猫.png,Ref_cat_teaser2_mirror.mp4,prepared/Ref_cat_teaser2_mirror.motion.mp4,prompts/cat_teaser2_mirror.v1.en.txt,51,51-kurilian-bobtail,库里尔短尾猫,07,07-cat-teaser2-mirror,cat_teaser2_mirror,起身向画面左侧追拍逗猫棒并站定,0,617_51-kurilian-bobtail_07-cat-teaser2-mirror_seed-0,4,4.0,24,480,832,15:26,9:16,cat_teaser2_mirror.v1,pending_model_validation,96e072371eb22e5b130ddeb5d0d5286b26069e03ec55aa98d8eb8998108588b0,7d4ae2310b662639649d68fa4f699951317c36f76eb715534248659d1924613d
618,618,../data_h3/cat_ids/51_库里尔短尾猫.png,Ref_cat_teaser3.mp4,prepared/Ref_cat_teaser3.motion.mp4,prompts/cat_teaser3.v1.en.txt,51,51-kurilian-bobtail,库里尔短尾猫,08,08-cat-teaser3,cat_teaser3,双前爪抬起抓扑逗猫棒后落地坐定,0,618_51-kurilian-bobtail_08-cat-teaser3_seed-0,4,4.0,24,480,832,15:26,9:16,cat_teaser3.v1,pending_model_validation,28125c76324f19aa23e77ae9b7227ec9da10d152f0fe3eb89243ddf4b0cd0c6b,71df79527a94810bcacebc9cb956fa137c891a4ed437386697434b19c5fbb7ce
619,619,../data_h3/cat_ids/51_库里尔短尾猫.png,Ref_drag_yarn_ball_and_catch.mp4,prepared/Ref_drag_yarn_ball_and_catch.motion.mp4,prompts/drag_yarn_ball_and_catch.v1.en.txt,51,51-kurilian-bobtail,库里尔短尾猫,09,09-drag-yarn-ball-and-catch,drag_yarn_ball_and_catch,追扑从画面左向右滚动的毛线球并按住,0,619_51-kurilian-bobtail_09-drag-yarn-ball-and-catch_seed-0,4,4.0,24,480,832,15:26,9:16,drag_yarn_ball_and_catch.v1,pending_model_validation,7ebe1b2a01564d805523f56b909e9a53772ebed08cbeda3c79c1765cceab70f6,5b888bc1cdc661bc3b5760445027966ef8d36a31c447614acbd23d3ca6af442e
620,620,../data_h3/cat_ids/51_库里尔短尾猫.png,Ref_drag_yarn_ball_and_catch_mirror.mp4,prepared/Ref_drag_yarn_ball_and_catch_mirror.motion.mp4,prompts/drag_yarn_ball_and_catch_mirror.v1.en.txt,51,51-kurilian-bobtail,库里尔短尾猫,10,10-drag-yarn-ball-and-catch-mirror,drag_yarn_ball_and_catch_mirror,追扑从画面右向左滚动的毛线球并按住,0,620_51-kurilian-bobtail_10-drag-yarn-ball-and-catch-mirror_seed-0,4,4.0,24,480,832,15:26,9:16,drag_yarn_ball_and_catch_mirror.v1,pending_model_validation,477225bf4f6fca729b4947c68a49ba53af5fb0428686571bc103a6f680058a2d,8b44957f6ebaca7c04c4a0af6bf4fbb65085b8ecf0acaf3433dc727a25b74982
621,621,../data_h3/cat_ids/51_库里尔短尾猫.png, Ref_curl_up_and_lie_down.mp4,prepared/ Ref_curl_up_and_lie_down.motion.mp4,prompts/curl_up_and_lie_down.v1.en.txt,51,51-kurilian-bobtail,库里尔短尾猫,11,11-curl-up-and-lie-down,curl_up_and_lie_down,低头向画面左侧蜷卧并闭眼休息,0,621_51-kurilian-bobtail_11-curl-up-and-lie-down_seed-0,4,4.0,24,480,832,15:26,9:16,curl_up_and_lie_down.v1,pending_model_validation,9217effb2f85c4322c192edb9cc4c687268e1285527679229ed2d92161f10f6b,8414a980252d2baee6444085d2755563b7e0ccb3a138027e7cc6c1233be766eb
622,622,../data_h3/cat_ids/51_库里尔短尾猫.png,Ref_curl_up_and_lie_down_mirror.mp4,prepared/Ref_curl_up_and_lie_down_mirror.motion.mp4,prompts/curl_up_and_lie_down_mirror.v1.en.txt,51,51-kurilian-bobtail,库里尔短尾猫,12,12-curl-up-and-lie-down-mirror,curl_up_and_lie_down_mirror,低头向画面右侧蜷卧并闭眼休息,0,622_51-kurilian-bobtail_12-curl-up-and-lie-down-mirror_seed-0,4,4.0,24,480,832,15:26,9:16,curl_up_and_lie_down_mirror.v1,pending_model_validation,0ae3d03ab930f2329999e943296bf3ba83b1968a23833a258ffc30a3fc3491e0,5dcfd307dd80e4bd86fa73aff45f41f66eced8aba348a07f81f559f008a63527
623,623,../data_h3/cat_ids/51_库里尔短尾猫.png,walk_forward_to_screen.mp4,prepared/walk_forward_to_screen.motion.mp4,prompts/walk_forward_to_screen.v1.en.txt,51,51-kurilian-bobtail,库里尔短尾猫,13,13-walk-forward-to-screen,walk_forward_to_screen,起身向镜头走近并在近处站定,0,623_51-kurilian-bobtail_13-walk-forward-to-screen_seed-0,4,4.041699,24,480,832,15:26,9:16,walk_forward_to_screen.v1,pending_model_validation,18c1e41e3d0bc7b332298f78c798593c6903d921bcab1cd40f5525438039f02c,b63a08fc2ef943e20b969f5567a1c9334a3d7ca21d68db70b052c4345a83014a
624,624,../data_h3/cat_ids/52_马恩岛猫短尾.png,Ref_drag_ear.mp4,prepared/Ref_drag_ear.motion.mp4,prompts/drag_ear.v1.en.txt,52,52-manx-short-tail,马恩岛猫短尾,02,02-pull-left-ear,drag_ear,左前爪轻擦左耳与脸部后恢复坐姿,0,624_52-manx-short-tail_02-pull-left-ear_seed-0,4,4.0,24,480,832,15:26,9:16,drag_ear.v1,pending_model_validation,dbdc93fe3f0e922d0d53d3b6c78e213e176b5230876cf046e5da697fd2320d7b,241a5d66949edcf078e592e2d02939921c2ff68968a95640d4e5a7e2c4fe75c1
625,625,../data_h3/cat_ids/52_马恩岛猫短尾.png,Ref_drag_ear_mirror.mp4,prepared/Ref_drag_ear_mirror.motion.mp4,prompts/drag_ear_mirror.v1.en.txt,52,52-manx-short-tail,马恩岛猫短尾,03,03-drag-ear-mirror,drag_ear_mirror,右前爪轻擦右耳与脸部后恢复坐姿,0,625_52-manx-short-tail_03-drag-ear-mirror_seed-0,4,4.0,24,480,832,15:26,9:16,drag_ear_mirror.v1,pending_model_validation,68fc5e929e94c082c0da4f6ccda4e0b2f4f8e49e4da6baacf37e6a84c69f2fb3,f5a0412ed913f5aad8bffb33c68c3b0ad7f4923f44f06370f768483b146897f4
626,626,../data_h3/cat_ids/52_马恩岛猫短尾.png,Ref_cat_teaser1.mp4,prepared/Ref_cat_teaser1.motion.mp4,prompts/cat_teaser1.v1.en.txt,52,52-manx-short-tail,马恩岛猫短尾,04,04-cat-teaser1,cat_teaser1,左前爪坐姿拨打逗猫棒后注视玩具,0,626_52-manx-short-tail_04-cat-teaser1_seed-0,4,4.0,24,480,832,15:26,9:16,cat_teaser1.v1,pending_model_validation,28971748699ea020c1f7f9f78e45a8407665e85ec6df04732794d5fefc6126de,90ead0cb85338d88512f89fc4fdaa1599eaae717252a8a228289e47e9f7150f0
627,627,../data_h3/cat_ids/52_马恩岛猫短尾.png,Ref_cat_teaser1_mirror.mp4,prepared/Ref_cat_teaser1_mirror.motion.mp4,prompts/cat_teaser1_mirror.v1.en.txt,52,52-manx-short-tail,马恩岛猫短尾,05,05-cat-teaser1-mirror,cat_teaser1_mirror,右前爪坐姿拨打逗猫棒后注视玩具,0,627_52-manx-short-tail_05-cat-teaser1-mirror_seed-0,4,4.0,24,480,832,15:26,9:16,cat_teaser1_mirror.v1,pending_model_validation,5c7abea398cc5cec6ee97bd79e91c601838c2218c8101bd13041c5753a5e72ec,af450da4b11a442fbb8dc3b090842b494306a33800841e4f3ac9399fb1a3e695
628,628,../data_h3/cat_ids/52_马恩岛猫短尾.png,Ref_cat_teaser2.mp4,prepared/Ref_cat_teaser2.motion.mp4,prompts/cat_teaser2.v1.en.txt,52,52-manx-short-tail,马恩岛猫短尾,06,06-cat-teaser2,cat_teaser2,起身向画面右侧追拍逗猫棒并站定,0,628_52-manx-short-tail_06-cat-teaser2_seed-0,4,4.0,24,480,832,15:26,9:16,cat_teaser2.v1,pending_model_validation,d24950c871f5181f868624b0d0235308584d0cda7f2fe02eb6c362bca9be17e4,a8c95e9c38443d4d231086357cb356e7c98cb2af1a6bfa216feae39e945cc0ec
629,629,../data_h3/cat_ids/52_马恩岛猫短尾.png,Ref_cat_teaser2_mirror.mp4,prepared/Ref_cat_teaser2_mirror.motion.mp4,prompts/cat_teaser2_mirror.v1.en.txt,52,52-manx-short-tail,马恩岛猫短尾,07,07-cat-teaser2-mirror,cat_teaser2_mirror,起身向画面左侧追拍逗猫棒并站定,0,629_52-manx-short-tail_07-cat-teaser2-mirror_seed-0,4,4.0,24,480,832,15:26,9:16,cat_teaser2_mirror.v1,pending_model_validation,96e072371eb22e5b130ddeb5d0d5286b26069e03ec55aa98d8eb8998108588b0,7d4ae2310b662639649d68fa4f699951317c36f76eb715534248659d1924613d
630,630,../data_h3/cat_ids/52_马恩岛猫短尾.png,Ref_cat_teaser3.mp4,prepared/Ref_cat_teaser3.motion.mp4,prompts/cat_teaser3.v1.en.txt,52,52-manx-short-tail,马恩岛猫短尾,08,08-cat-teaser3,cat_teaser3,双前爪抬起抓扑逗猫棒后落地坐定,0,630_52-manx-short-tail_08-cat-teaser3_seed-0,4,4.0,24,480,832,15:26,9:16,cat_teaser3.v1,pending_model_validation,28125c76324f19aa23e77ae9b7227ec9da10d152f0fe3eb89243ddf4b0cd0c6b,71df79527a94810bcacebc9cb956fa137c891a4ed437386697434b19c5fbb7ce
631,631,../data_h3/cat_ids/52_马恩岛猫短尾.png,Ref_drag_yarn_ball_and_catch.mp4,prepared/Ref_drag_yarn_ball_and_catch.motion.mp4,prompts/drag_yarn_ball_and_catch.v1.en.txt,52,52-manx-short-tail,马恩岛猫短尾,09,09-drag-yarn-ball-and-catch,drag_yarn_ball_and_catch,追扑从画面左向右滚动的毛线球并按住,0,631_52-manx-short-tail_09-drag-yarn-ball-and-catch_seed-0,4,4.0,24,480,832,15:26,9:16,drag_yarn_ball_and_catch.v1,pending_model_validation,7ebe1b2a01564d805523f56b909e9a53772ebed08cbeda3c79c1765cceab70f6,5b888bc1cdc661bc3b5760445027966ef8d36a31c447614acbd23d3ca6af442e
632,632,../data_h3/cat_ids/52_马恩岛猫短尾.png,Ref_drag_yarn_ball_and_catch_mirror.mp4,prepared/Ref_drag_yarn_ball_and_catch_mirror.motion.mp4,prompts/drag_yarn_ball_and_catch_mirror.v1.en.txt,52,52-manx-short-tail,马恩岛猫短尾,10,10-drag-yarn-ball-and-catch-mirror,drag_yarn_ball_and_catch_mirror,追扑从画面右向左滚动的毛线球并按住,0,632_52-manx-short-tail_10-drag-yarn-ball-and-catch-mirror_seed-0,4,4.0,24,480,832,15:26,9:16,drag_yarn_ball_and_catch_mirror.v1,pending_model_validation,477225bf4f6fca729b4947c68a49ba53af5fb0428686571bc103a6f680058a2d,8b44957f6ebaca7c04c4a0af6bf4fbb65085b8ecf0acaf3433dc727a25b74982
633,633,../data_h3/cat_ids/52_马恩岛猫短尾.png, Ref_curl_up_and_lie_down.mp4,prepared/ Ref_curl_up_and_lie_down.motion.mp4,prompts/curl_up_and_lie_down.v1.en.txt,52,52-manx-short-tail,马恩岛猫短尾,11,11-curl-up-and-lie-down,curl_up_and_lie_down,低头向画面左侧蜷卧并闭眼休息,0,633_52-manx-short-tail_11-curl-up-and-lie-down_seed-0,4,4.0,24,480,832,15:26,9:16,curl_up_and_lie_down.v1,pending_model_validation,9217effb2f85c4322c192edb9cc4c687268e1285527679229ed2d92161f10f6b,8414a980252d2baee6444085d2755563b7e0ccb3a138027e7cc6c1233be766eb
634,634,../data_h3/cat_ids/52_马恩岛猫短尾.png,Ref_curl_up_and_lie_down_mirror.mp4,prepared/Ref_curl_up_and_lie_down_mirror.motion.mp4,prompts/curl_up_and_lie_down_mirror.v1.en.txt,52,52-manx-short-tail,马恩岛猫短尾,12,12-curl-up-and-lie-down-mirror,curl_up_and_lie_down_mirror,低头向画面右侧蜷卧并闭眼休息,0,634_52-manx-short-tail_12-curl-up-and-lie-down-mirror_seed-0,4,4.0,24,480,832,15:26,9:16,curl_up_and_lie_down_mirror.v1,pending_model_validation,0ae3d03ab930f2329999e943296bf3ba83b1968a23833a258ffc30a3fc3491e0,5dcfd307dd80e4bd86fa73aff45f41f66eced8aba348a07f81f559f008a63527
635,635,../data_h3/cat_ids/52_马恩岛猫短尾.png,walk_forward_to_screen.mp4,prepared/walk_forward_to_screen.motion.mp4,prompts/walk_forward_to_screen.v1.en.txt,52,52-manx-short-tail,马恩岛猫短尾,13,13-walk-forward-to-screen,walk_forward_to_screen,起身向镜头走近并在近处站定,0,635_52-manx-short-tail_13-walk-forward-to-screen_seed-0,4,4.041699,24,480,832,15:26,9:16,walk_forward_to_screen.v1,pending_model_validation,18c1e41e3d0bc7b332298f78c798593c6903d921bcab1cd40f5525438039f02c,b63a08fc2ef943e20b969f5567a1c9334a3d7ca21d68db70b052c4345a83014a
636,636,../data_h3/cat_ids/53_德文卷毛猫.png,Ref_drag_ear.mp4,prepared/Ref_drag_ear.motion.mp4,prompts/drag_ear.v1.en.txt,53,53-devon-rex,德文卷毛猫,02,02-pull-left-ear,drag_ear,左前爪轻擦左耳与脸部后恢复坐姿,0,636_53-devon-rex_02-pull-left-ear_seed-0,4,4.0,24,480,832,15:26,9:16,drag_ear.v1,pending_model_validation,dbdc93fe3f0e922d0d53d3b6c78e213e176b5230876cf046e5da697fd2320d7b,241a5d66949edcf078e592e2d02939921c2ff68968a95640d4e5a7e2c4fe75c1
637,637,../data_h3/cat_ids/53_德文卷毛猫.png,Ref_drag_ear_mirror.mp4,prepared/Ref_drag_ear_mirror.motion.mp4,prompts/drag_ear_mirror.v1.en.txt,53,53-devon-rex,德文卷毛猫,03,03-drag-ear-mirror,drag_ear_mirror,右前爪轻擦右耳与脸部后恢复坐姿,0,637_53-devon-rex_03-drag-ear-mirror_seed-0,4,4.0,24,480,832,15:26,9:16,drag_ear_mirror.v1,pending_model_validation,68fc5e929e94c082c0da4f6ccda4e0b2f4f8e49e4da6baacf37e6a84c69f2fb3,f5a0412ed913f5aad8bffb33c68c3b0ad7f4923f44f06370f768483b146897f4
638,638,../data_h3/cat_ids/53_德文卷毛猫.png,Ref_cat_teaser1.mp4,prepared/Ref_cat_teaser1.motion.mp4,prompts/cat_teaser1.v1.en.txt,53,53-devon-rex,德文卷毛猫,04,04-cat-teaser1,cat_teaser1,左前爪坐姿拨打逗猫棒后注视玩具,0,638_53-devon-rex_04-cat-teaser1_seed-0,4,4.0,24,480,832,15:26,9:16,cat_teaser1.v1,pending_model_validation,28971748699ea020c1f7f9f78e45a8407665e85ec6df04732794d5fefc6126de,90ead0cb85338d88512f89fc4fdaa1599eaae717252a8a228289e47e9f7150f0
639,639,../data_h3/cat_ids/53_德文卷毛猫.png,Ref_cat_teaser1_mirror.mp4,prepared/Ref_cat_teaser1_mirror.motion.mp4,prompts/cat_teaser1_mirror.v1.en.txt,53,53-devon-rex,德文卷毛猫,05,05-cat-teaser1-mirror,cat_teaser1_mirror,右前爪坐姿拨打逗猫棒后注视玩具,0,639_53-devon-rex_05-cat-teaser1-mirror_seed-0,4,4.0,24,480,832,15:26,9:16,cat_teaser1_mirror.v1,pending_model_validation,5c7abea398cc5cec6ee97bd79e91c601838c2218c8101bd13041c5753a5e72ec,af450da4b11a442fbb8dc3b090842b494306a33800841e4f3ac9399fb1a3e695
640,640,../data_h3/cat_ids/53_德文卷毛猫.png,Ref_cat_teaser2.mp4,prepared/Ref_cat_teaser2.motion.mp4,prompts/cat_teaser2.v1.en.txt,53,53-devon-rex,德文卷毛猫,06,06-cat-teaser2,cat_teaser2,起身向画面右侧追拍逗猫棒并站定,0,640_53-devon-rex_06-cat-teaser2_seed-0,4,4.0,24,480,832,15:26,9:16,cat_teaser2.v1,pending_model_validation,d24950c871f5181f868624b0d0235308584d0cda7f2fe02eb6c362bca9be17e4,a8c95e9c38443d4d231086357cb356e7c98cb2af1a6bfa216feae39e945cc0ec
641,641,../data_h3/cat_ids/53_德文卷毛猫.png,Ref_cat_teaser2_mirror.mp4,prepared/Ref_cat_teaser2_mirror.motion.mp4,prompts/cat_teaser2_mirror.v1.en.txt,53,53-devon-rex,德文卷毛猫,07,07-cat-teaser2-mirror,cat_teaser2_mirror,起身向画面左侧追拍逗猫棒并站定,0,641_53-devon-rex_07-cat-teaser2-mirror_seed-0,4,4.0,24,480,832,15:26,9:16,cat_teaser2_mirror.v1,pending_model_validation,96e072371eb22e5b130ddeb5d0d5286b26069e03ec55aa98d8eb8998108588b0,7d4ae2310b662639649d68fa4f699951317c36f76eb715534248659d1924613d
642,642,../data_h3/cat_ids/53_德文卷毛猫.png,Ref_cat_teaser3.mp4,prepared/Ref_cat_teaser3.motion.mp4,prompts/cat_teaser3.v1.en.txt,53,53-devon-rex,德文卷毛猫,08,08-cat-teaser3,cat_teaser3,双前爪抬起抓扑逗猫棒后落地坐定,0,642_53-devon-rex_08-cat-teaser3_seed-0,4,4.0,24,480,832,15:26,9:16,cat_teaser3.v1,pending_model_validation,28125c76324f19aa23e77ae9b7227ec9da10d152f0fe3eb89243ddf4b0cd0c6b,71df79527a94810bcacebc9cb956fa137c891a4ed437386697434b19c5fbb7ce
643,643,../data_h3/cat_ids/53_德文卷毛猫.png,Ref_drag_yarn_ball_and_catch.mp4,prepared/Ref_drag_yarn_ball_and_catch.motion.mp4,prompts/drag_yarn_ball_and_catch.v1.en.txt,53,53-devon-rex,德文卷毛猫,09,09-drag-yarn-ball-and-catch,drag_yarn_ball_and_catch,追扑从画面左向右滚动的毛线球并按住,0,643_53-devon-rex_09-drag-yarn-ball-and-catch_seed-0,4,4.0,24,480,832,15:26,9:16,drag_yarn_ball_and_catch.v1,pending_model_validation,7ebe1b2a01564d805523f56b909e9a53772ebed08cbeda3c79c1765cceab70f6,5b888bc1cdc661bc3b5760445027966ef8d36a31c447614acbd23d3ca6af442e
644,644,../data_h3/cat_ids/53_德文卷毛猫.png,Ref_drag_yarn_ball_and_catch_mirror.mp4,prepared/Ref_drag_yarn_ball_and_catch_mirror.motion.mp4,prompts/drag_yarn_ball_and_catch_mirror.v1.en.txt,53,53-devon-rex,德文卷毛猫,10,10-drag-yarn-ball-and-catch-mirror,drag_yarn_ball_and_catch_mirror,追扑从画面右向左滚动的毛线球并按住,0,644_53-devon-rex_10-drag-yarn-ball-and-catch-mirror_seed-0,4,4.0,24,480,832,15:26,9:16,drag_yarn_ball_and_catch_mirror.v1,pending_model_validation,477225bf4f6fca729b4947c68a49ba53af5fb0428686571bc103a6f680058a2d,8b44957f6ebaca7c04c4a0af6bf4fbb65085b8ecf0acaf3433dc727a25b74982
645,645,../data_h3/cat_ids/53_德文卷毛猫.png, Ref_curl_up_and_lie_down.mp4,prepared/ Ref_curl_up_and_lie_down.motion.mp4,prompts/curl_up_and_lie_down.v1.en.txt,53,53-devon-rex,德文卷毛猫,11,11-curl-up-and-lie-down,curl_up_and_lie_down,低头向画面左侧蜷卧并闭眼休息,0,645_53-devon-rex_11-curl-up-and-lie-down_seed-0,4,4.0,24,480,832,15:26,9:16,curl_up_and_lie_down.v1,pending_model_validation,9217effb2f85c4322c192edb9cc4c687268e1285527679229ed2d92161f10f6b,8414a980252d2baee6444085d2755563b7e0ccb3a138027e7cc6c1233be766eb
646,646,../data_h3/cat_ids/53_德文卷毛猫.png,Ref_curl_up_and_lie_down_mirror.mp4,prepared/Ref_curl_up_and_lie_down_mirror.motion.mp4,prompts/curl_up_and_lie_down_mirror.v1.en.txt,53,53-devon-rex,德文卷毛猫,12,12-curl-up-and-lie-down-mirror,curl_up_and_lie_down_mirror,低头向画面右侧蜷卧并闭眼休息,0,646_53-devon-rex_12-curl-up-and-lie-down-mirror_seed-0,4,4.0,24,480,832,15:26,9:16,curl_up_and_lie_down_mirror.v1,pending_model_validation,0ae3d03ab930f2329999e943296bf3ba83b1968a23833a258ffc30a3fc3491e0,5dcfd307dd80e4bd86fa73aff45f41f66eced8aba348a07f81f559f008a63527
647,647,../data_h3/cat_ids/53_德文卷毛猫.png,walk_forward_to_screen.mp4,prepared/walk_forward_to_screen.motion.mp4,prompts/walk_forward_to_screen.v1.en.txt,53,53-devon-rex,德文卷毛猫,13,13-walk-forward-to-screen,walk_forward_to_screen,起身向镜头走近并在近处站定,0,647_53-devon-rex_13-walk-forward-to-screen_seed-0,4,4.041699,24,480,832,15:26,9:16,walk_forward_to_screen.v1,pending_model_validation,18c1e41e3d0bc7b332298f78c798593c6903d921bcab1cd40f5525438039f02c,b63a08fc2ef943e20b969f5567a1c9334a3d7ca21d68db70b052c4345a83014a
648,648,../data_h3/cat_ids/54_塞尔凯克卷毛猫长毛.png,Ref_drag_ear.mp4,prepared/Ref_drag_ear.motion.mp4,prompts/drag_ear.v1.en.txt,54,54-selkirk-rex-longhair,塞尔凯克卷毛猫长毛,02,02-pull-left-ear,drag_ear,左前爪轻擦左耳与脸部后恢复坐姿,0,648_54-selkirk-rex-longhair_02-pull-left-ear_seed-0,4,4.0,24,480,832,15:26,9:16,drag_ear.v1,pending_model_validation,dbdc93fe3f0e922d0d53d3b6c78e213e176b5230876cf046e5da697fd2320d7b,241a5d66949edcf078e592e2d02939921c2ff68968a95640d4e5a7e2c4fe75c1
649,649,../data_h3/cat_ids/54_塞尔凯克卷毛猫长毛.png,Ref_drag_ear_mirror.mp4,prepared/Ref_drag_ear_mirror.motion.mp4,prompts/drag_ear_mirror.v1.en.txt,54,54-selkirk-rex-longhair,塞尔凯克卷毛猫长毛,03,03-drag-ear-mirror,drag_ear_mirror,右前爪轻擦右耳与脸部后恢复坐姿,0,649_54-selkirk-rex-longhair_03-drag-ear-mirror_seed-0,4,4.0,24,480,832,15:26,9:16,drag_ear_mirror.v1,pending_model_validation,68fc5e929e94c082c0da4f6ccda4e0b2f4f8e49e4da6baacf37e6a84c69f2fb3,f5a0412ed913f5aad8bffb33c68c3b0ad7f4923f44f06370f768483b146897f4
650,650,../data_h3/cat_ids/54_塞尔凯克卷毛猫长毛.png,Ref_cat_teaser1.mp4,prepared/Ref_cat_teaser1.motion.mp4,prompts/cat_teaser1.v1.en.txt,54,54-selkirk-rex-longhair,塞尔凯克卷毛猫长毛,04,04-cat-teaser1,cat_teaser1,左前爪坐姿拨打逗猫棒后注视玩具,0,650_54-selkirk-rex-longhair_04-cat-teaser1_seed-0,4,4.0,24,480,832,15:26,9:16,cat_teaser1.v1,pending_model_validation,28971748699ea020c1f7f9f78e45a8407665e85ec6df04732794d5fefc6126de,90ead0cb85338d88512f89fc4fdaa1599eaae717252a8a228289e47e9f7150f0
651,651,../data_h3/cat_ids/54_塞尔凯克卷毛猫长毛.png,Ref_cat_teaser1_mirror.mp4,prepared/Ref_cat_teaser1_mirror.motion.mp4,prompts/cat_teaser1_mirror.v1.en.txt,54,54-selkirk-rex-longhair,塞尔凯克卷毛猫长毛,05,05-cat-teaser1-mirror,cat_teaser1_mirror,右前爪坐姿拨打逗猫棒后注视玩具,0,651_54-selkirk-rex-longhair_05-cat-teaser1-mirror_seed-0,4,4.0,24,480,832,15:26,9:16,cat_teaser1_mirror.v1,pending_model_validation,5c7abea398cc5cec6ee97bd79e91c601838c2218c8101bd13041c5753a5e72ec,af450da4b11a442fbb8dc3b090842b494306a33800841e4f3ac9399fb1a3e695
652,652,../data_h3/cat_ids/54_塞尔凯克卷毛猫长毛.png,Ref_cat_teaser2.mp4,prepared/Ref_cat_teaser2.motion.mp4,prompts/cat_teaser2.v1.en.txt,54,54-selkirk-rex-longhair,塞尔凯克卷毛猫长毛,06,06-cat-teaser2,cat_teaser2,起身向画面右侧追拍逗猫棒并站定,0,652_54-selkirk-rex-longhair_06-cat-teaser2_seed-0,4,4.0,24,480,832,15:26,9:16,cat_teaser2.v1,pending_model_validation,d24950c871f5181f868624b0d0235308584d0cda7f2fe02eb6c362bca9be17e4,a8c95e9c38443d4d231086357cb356e7c98cb2af1a6bfa216feae39e945cc0ec
653,653,../data_h3/cat_ids/54_塞尔凯克卷毛猫长毛.png,Ref_cat_teaser2_mirror.mp4,prepared/Ref_cat_teaser2_mirror.motion.mp4,prompts/cat_teaser2_mirror.v1.en.txt,54,54-selkirk-rex-longhair,塞尔凯克卷毛猫长毛,07,07-cat-teaser2-mirror,cat_teaser2_mirror,起身向画面左侧追拍逗猫棒并站定,0,653_54-selkirk-rex-longhair_07-cat-teaser2-mirror_seed-0,4,4.0,24,480,832,15:26,9:16,cat_teaser2_mirror.v1,pending_model_validation,96e072371eb22e5b130ddeb5d0d5286b26069e03ec55aa98d8eb8998108588b0,7d4ae2310b662639649d68fa4f699951317c36f76eb715534248659d1924613d
654,654,../data_h3/cat_ids/54_塞尔凯克卷毛猫长毛.png,Ref_cat_teaser3.mp4,prepared/Ref_cat_teaser3.motion.mp4,prompts/cat_teaser3.v1.en.txt,54,54-selkirk-rex-longhair,塞尔凯克卷毛猫长毛,08,08-cat-teaser3,cat_teaser3,双前爪抬起抓扑逗猫棒后落地坐定,0,654_54-selkirk-rex-longhair_08-cat-teaser3_seed-0,4,4.0,24,480,832,15:26,9:16,cat_teaser3.v1,pending_model_validation,28125c76324f19aa23e77ae9b7227ec9da10d152f0fe3eb89243ddf4b0cd0c6b,71df79527a94810bcacebc9cb956fa137c891a4ed437386697434b19c5fbb7ce
655,655,../data_h3/cat_ids/54_塞尔凯克卷毛猫长毛.png,Ref_drag_yarn_ball_and_catch.mp4,prepared/Ref_drag_yarn_ball_and_catch.motion.mp4,prompts/drag_yarn_ball_and_catch.v1.en.txt,54,54-selkirk-rex-longhair,塞尔凯克卷毛猫长毛,09,09-drag-yarn-ball-and-catch,drag_yarn_ball_and_catch,追扑从画面左向右滚动的毛线球并按住,0,655_54-selkirk-rex-longhair_09-drag-yarn-ball-and-catch_seed-0,4,4.0,24,480,832,15:26,9:16,drag_yarn_ball_and_catch.v1,pending_model_validation,7ebe1b2a01564d805523f56b909e9a53772ebed08cbeda3c79c1765cceab70f6,5b888bc1cdc661bc3b5760445027966ef8d36a31c447614acbd23d3ca6af442e
656,656,../data_h3/cat_ids/54_塞尔凯克卷毛猫长毛.png,Ref_drag_yarn_ball_and_catch_mirror.mp4,prepared/Ref_drag_yarn_ball_and_catch_mirror.motion.mp4,prompts/drag_yarn_ball_and_catch_mirror.v1.en.txt,54,54-selkirk-rex-longhair,塞尔凯克卷毛猫长毛,10,10-drag-yarn-ball-and-catch-mirror,drag_yarn_ball_and_catch_mirror,追扑从画面右向左滚动的毛线球并按住,0,656_54-selkirk-rex-longhair_10-drag-yarn-ball-and-catch-mirror_seed-0,4,4.0,24,480,832,15:26,9:16,drag_yarn_ball_and_catch_mirror.v1,pending_model_validation,477225bf4f6fca729b4947c68a49ba53af5fb0428686571bc103a6f680058a2d,8b44957f6ebaca7c04c4a0af6bf4fbb65085b8ecf0acaf3433dc727a25b74982
657,657,../data_h3/cat_ids/54_塞尔凯克卷毛猫长毛.png, Ref_curl_up_and_lie_down.mp4,prepared/ Ref_curl_up_and_lie_down.motion.mp4,prompts/curl_up_and_lie_down.v1.en.txt,54,54-selkirk-rex-longhair,塞尔凯克卷毛猫长毛,11,11-curl-up-and-lie-down,curl_up_and_lie_down,低头向画面左侧蜷卧并闭眼休息,0,657_54-selkirk-rex-longhair_11-curl-up-and-lie-down_seed-0,4,4.0,24,480,832,15:26,9:16,curl_up_and_lie_down.v1,pending_model_validation,9217effb2f85c4322c192edb9cc4c687268e1285527679229ed2d92161f10f6b,8414a980252d2baee6444085d2755563b7e0ccb3a138027e7cc6c1233be766eb
658,658,../data_h3/cat_ids/54_塞尔凯克卷毛猫长毛.png,Ref_curl_up_and_lie_down_mirror.mp4,prepared/Ref_curl_up_and_lie_down_mirror.motion.mp4,prompts/curl_up_and_lie_down_mirror.v1.en.txt,54,54-selkirk-rex-longhair,塞尔凯克卷毛猫长毛,12,12-curl-up-and-lie-down-mirror,curl_up_and_lie_down_mirror,低头向画面右侧蜷卧并闭眼休息,0,658_54-selkirk-rex-longhair_12-curl-up-and-lie-down-mirror_seed-0,4,4.0,24,480,832,15:26,9:16,curl_up_and_lie_down_mirror.v1,pending_model_validation,0ae3d03ab930f2329999e943296bf3ba83b1968a23833a258ffc30a3fc3491e0,5dcfd307dd80e4bd86fa73aff45f41f66eced8aba348a07f81f559f008a63527
659,659,../data_h3/cat_ids/54_塞尔凯克卷毛猫长毛.png,walk_forward_to_screen.mp4,prepared/walk_forward_to_screen.motion.mp4,prompts/walk_forward_to_screen.v1.en.txt,54,54-selkirk-rex-longhair,塞尔凯克卷毛猫长毛,13,13-walk-forward-to-screen,walk_forward_to_screen,起身向镜头走近并在近处站定,0,659_54-selkirk-rex-longhair_13-walk-forward-to-screen_seed-0,4,4.041699,24,480,832,15:26,9:16,walk_forward_to_screen.v1,pending_model_validation,18c1e41e3d0bc7b332298f78c798593c6903d921bcab1cd40f5525438039f02c,b63a08fc2ef943e20b969f5567a1c9334a3d7ca21d68db70b052c4345a83014a
660,660,../data_h3/cat_ids/55_拉邦卷毛猫长毛.png,Ref_drag_ear.mp4,prepared/Ref_drag_ear.motion.mp4,prompts/drag_ear.v1.en.txt,55,55-laperm-longhair,拉邦卷毛猫长毛,02,02-pull-left-ear,drag_ear,左前爪轻擦左耳与脸部后恢复坐姿,0,660_55-laperm-longhair_02-pull-left-ear_seed-0,4,4.0,24,480,832,15:26,9:16,drag_ear.v1,pending_model_validation,dbdc93fe3f0e922d0d53d3b6c78e213e176b5230876cf046e5da697fd2320d7b,241a5d66949edcf078e592e2d02939921c2ff68968a95640d4e5a7e2c4fe75c1
661,661,../data_h3/cat_ids/55_拉邦卷毛猫长毛.png,Ref_drag_ear_mirror.mp4,prepared/Ref_drag_ear_mirror.motion.mp4,prompts/drag_ear_mirror.v1.en.txt,55,55-laperm-longhair,拉邦卷毛猫长毛,03,03-drag-ear-mirror,drag_ear_mirror,右前爪轻擦右耳与脸部后恢复坐姿,0,661_55-laperm-longhair_03-drag-ear-mirror_seed-0,4,4.0,24,480,832,15:26,9:16,drag_ear_mirror.v1,pending_model_validation,68fc5e929e94c082c0da4f6ccda4e0b2f4f8e49e4da6baacf37e6a84c69f2fb3,f5a0412ed913f5aad8bffb33c68c3b0ad7f4923f44f06370f768483b146897f4
662,662,../data_h3/cat_ids/55_拉邦卷毛猫长毛.png,Ref_cat_teaser1.mp4,prepared/Ref_cat_teaser1.motion.mp4,prompts/cat_teaser1.v1.en.txt,55,55-laperm-longhair,拉邦卷毛猫长毛,04,04-cat-teaser1,cat_teaser1,左前爪坐姿拨打逗猫棒后注视玩具,0,662_55-laperm-longhair_04-cat-teaser1_seed-0,4,4.0,24,480,832,15:26,9:16,cat_teaser1.v1,pending_model_validation,28971748699ea020c1f7f9f78e45a8407665e85ec6df04732794d5fefc6126de,90ead0cb85338d88512f89fc4fdaa1599eaae717252a8a228289e47e9f7150f0
663,663,../data_h3/cat_ids/55_拉邦卷毛猫长毛.png,Ref_cat_teaser1_mirror.mp4,prepared/Ref_cat_teaser1_mirror.motion.mp4,prompts/cat_teaser1_mirror.v1.en.txt,55,55-laperm-longhair,拉邦卷毛猫长毛,05,05-cat-teaser1-mirror,cat_teaser1_mirror,右前爪坐姿拨打逗猫棒后注视玩具,0,663_55-laperm-longhair_05-cat-teaser1-mirror_seed-0,4,4.0,24,480,832,15:26,9:16,cat_teaser1_mirror.v1,pending_model_validation,5c7abea398cc5cec6ee97bd79e91c601838c2218c8101bd13041c5753a5e72ec,af450da4b11a442fbb8dc3b090842b494306a33800841e4f3ac9399fb1a3e695
664,664,../data_h3/cat_ids/55_拉邦卷毛猫长毛.png,Ref_cat_teaser2.mp4,prepared/Ref_cat_teaser2.motion.mp4,prompts/cat_teaser2.v1.en.txt,55,55-laperm-longhair,拉邦卷毛猫长毛,06,06-cat-teaser2,cat_teaser2,起身向画面右侧追拍逗猫棒并站定,0,664_55-laperm-longhair_06-cat-teaser2_seed-0,4,4.0,24,480,832,15:26,9:16,cat_teaser2.v1,pending_model_validation,d24950c871f5181f868624b0d0235308584d0cda7f2fe02eb6c362bca9be17e4,a8c95e9c38443d4d231086357cb356e7c98cb2af1a6bfa216feae39e945cc0ec
665,665,../data_h3/cat_ids/55_拉邦卷毛猫长毛.png,Ref_cat_teaser2_mirror.mp4,prepared/Ref_cat_teaser2_mirror.motion.mp4,prompts/cat_teaser2_mirror.v1.en.txt,55,55-laperm-longhair,拉邦卷毛猫长毛,07,07-cat-teaser2-mirror,cat_teaser2_mirror,起身向画面左侧追拍逗猫棒并站定,0,665_55-laperm-longhair_07-cat-teaser2-mirror_seed-0,4,4.0,24,480,832,15:26,9:16,cat_teaser2_mirror.v1,pending_model_validation,96e072371eb22e5b130ddeb5d0d5286b26069e03ec55aa98d8eb8998108588b0,7d4ae2310b662639649d68fa4f699951317c36f76eb715534248659d1924613d
666,666,../data_h3/cat_ids/55_拉邦卷毛猫长毛.png,Ref_cat_teaser3.mp4,prepared/Ref_cat_teaser3.motion.mp4,prompts/cat_teaser3.v1.en.txt,55,55-laperm-longhair,拉邦卷毛猫长毛,08,08-cat-teaser3,cat_teaser3,双前爪抬起抓扑逗猫棒后落地坐定,0,666_55-laperm-longhair_08-cat-teaser3_seed-0,4,4.0,24,480,832,15:26,9:16,cat_teaser3.v1,pending_model_validation,28125c76324f19aa23e77ae9b7227ec9da10d152f0fe3eb89243ddf4b0cd0c6b,71df79527a94810bcacebc9cb956fa137c891a4ed437386697434b19c5fbb7ce
667,667,../data_h3/cat_ids/55_拉邦卷毛猫长毛.png,Ref_drag_yarn_ball_and_catch.mp4,prepared/Ref_drag_yarn_ball_and_catch.motion.mp4,prompts/drag_yarn_ball_and_catch.v1.en.txt,55,55-laperm-longhair,拉邦卷毛猫长毛,09,09-drag-yarn-ball-and-catch,drag_yarn_ball_and_catch,追扑从画面左向右滚动的毛线球并按住,0,667_55-laperm-longhair_09-drag-yarn-ball-and-catch_seed-0,4,4.0,24,480,832,15:26,9:16,drag_yarn_ball_and_catch.v1,pending_model_validation,7ebe1b2a01564d805523f56b909e9a53772ebed08cbeda3c79c1765cceab70f6,5b888bc1cdc661bc3b5760445027966ef8d36a31c447614acbd23d3ca6af442e
668,668,../data_h3/cat_ids/55_拉邦卷毛猫长毛.png,Ref_drag_yarn_ball_and_catch_mirror.mp4,prepared/Ref_drag_yarn_ball_and_catch_mirror.motion.mp4,prompts/drag_yarn_ball_and_catch_mirror.v1.en.txt,55,55-laperm-longhair,拉邦卷毛猫长毛,10,10-drag-yarn-ball-and-catch-mirror,drag_yarn_ball_and_catch_mirror,追扑从画面右向左滚动的毛线球并按住,0,668_55-laperm-longhair_10-drag-yarn-ball-and-catch-mirror_seed-0,4,4.0,24,480,832,15:26,9:16,drag_yarn_ball_and_catch_mirror.v1,pending_model_validation,477225bf4f6fca729b4947c68a49ba53af5fb0428686571bc103a6f680058a2d,8b44957f6ebaca7c04c4a0af6bf4fbb65085b8ecf0acaf3433dc727a25b74982
669,669,../data_h3/cat_ids/55_拉邦卷毛猫长毛.png, Ref_curl_up_and_lie_down.mp4,prepared/ Ref_curl_up_and_lie_down.motion.mp4,prompts/curl_up_and_lie_down.v1.en.txt,55,55-laperm-longhair,拉邦卷毛猫长毛,11,11-curl-up-and-lie-down,curl_up_and_lie_down,低头向画面左侧蜷卧并闭眼休息,0,669_55-laperm-longhair_11-curl-up-and-lie-down_seed-0,4,4.0,24,480,832,15:26,9:16,curl_up_and_lie_down.v1,pending_model_validation,9217effb2f85c4322c192edb9cc4c687268e1285527679229ed2d92161f10f6b,8414a980252d2baee6444085d2755563b7e0ccb3a138027e7cc6c1233be766eb
670,670,../data_h3/cat_ids/55_拉邦卷毛猫长毛.png,Ref_curl_up_and_lie_down_mirror.mp4,prepared/Ref_curl_up_and_lie_down_mirror.motion.mp4,prompts/curl_up_and_lie_down_mirror.v1.en.txt,55,55-laperm-longhair,拉邦卷毛猫长毛,12,12-curl-up-and-lie-down-mirror,curl_up_and_lie_down_mirror,低头向画面右侧蜷卧并闭眼休息,0,670_55-laperm-longhair_12-curl-up-and-lie-down-mirror_seed-0,4,4.0,24,480,832,15:26,9:16,curl_up_and_lie_down_mirror.v1,pending_model_validation,0ae3d03ab930f2329999e943296bf3ba83b1968a23833a258ffc30a3fc3491e0,5dcfd307dd80e4bd86fa73aff45f41f66eced8aba348a07f81f559f008a63527
671,671,../data_h3/cat_ids/55_拉邦卷毛猫长毛.png,walk_forward_to_screen.mp4,prepared/walk_forward_to_screen.motion.mp4,prompts/walk_forward_to_screen.v1.en.txt,55,55-laperm-longhair,拉邦卷毛猫长毛,13,13-walk-forward-to-screen,walk_forward_to_screen,起身向镜头走近并在近处站定,0,671_55-laperm-longhair_13-walk-forward-to-screen_seed-0,4,4.041699,24,480,832,15:26,9:16,walk_forward_to_screen.v1,pending_model_validation,18c1e41e3d0bc7b332298f78c798593c6903d921bcab1cd40f5525438039f02c,b63a08fc2ef943e20b969f5567a1c9334a3d7ca21d68db70b052c4345a83014a
672,672,../data_h3/cat_ids/56_中华田园猫深棕狸花.png,Ref_drag_ear.mp4,prepared/Ref_drag_ear.motion.mp4,prompts/drag_ear.v1.en.txt,56,56-chinese-domestic-dark-brown-tabby,中华田园猫深棕狸花,02,02-pull-left-ear,drag_ear,左前爪轻擦左耳与脸部后恢复坐姿,0,672_56-chinese-domestic-dark-brown-tabby_02-pull-left-ear_seed-0,4,4.0,24,480,832,15:26,9:16,drag_ear.v1,pending_model_validation,dbdc93fe3f0e922d0d53d3b6c78e213e176b5230876cf046e5da697fd2320d7b,241a5d66949edcf078e592e2d02939921c2ff68968a95640d4e5a7e2c4fe75c1
673,673,../data_h3/cat_ids/56_中华田园猫深棕狸花.png,Ref_drag_ear_mirror.mp4,prepared/Ref_drag_ear_mirror.motion.mp4,prompts/drag_ear_mirror.v1.en.txt,56,56-chinese-domestic-dark-brown-tabby,中华田园猫深棕狸花,03,03-drag-ear-mirror,drag_ear_mirror,右前爪轻擦右耳与脸部后恢复坐姿,0,673_56-chinese-domestic-dark-brown-tabby_03-drag-ear-mirror_seed-0,4,4.0,24,480,832,15:26,9:16,drag_ear_mirror.v1,pending_model_validation,68fc5e929e94c082c0da4f6ccda4e0b2f4f8e49e4da6baacf37e6a84c69f2fb3,f5a0412ed913f5aad8bffb33c68c3b0ad7f4923f44f06370f768483b146897f4
674,674,../data_h3/cat_ids/56_中华田园猫深棕狸花.png,Ref_cat_teaser1.mp4,prepared/Ref_cat_teaser1.motion.mp4,prompts/cat_teaser1.v1.en.txt,56,56-chinese-domestic-dark-brown-tabby,中华田园猫深棕狸花,04,04-cat-teaser1,cat_teaser1,左前爪坐姿拨打逗猫棒后注视玩具,0,674_56-chinese-domestic-dark-brown-tabby_04-cat-teaser1_seed-0,4,4.0,24,480,832,15:26,9:16,cat_teaser1.v1,pending_model_validation,28971748699ea020c1f7f9f78e45a8407665e85ec6df04732794d5fefc6126de,90ead0cb85338d88512f89fc4fdaa1599eaae717252a8a228289e47e9f7150f0
675,675,../data_h3/cat_ids/56_中华田园猫深棕狸花.png,Ref_cat_teaser1_mirror.mp4,prepared/Ref_cat_teaser1_mirror.motion.mp4,prompts/cat_teaser1_mirror.v1.en.txt,56,56-chinese-domestic-dark-brown-tabby,中华田园猫深棕狸花,05,05-cat-teaser1-mirror,cat_teaser1_mirror,右前爪坐姿拨打逗猫棒后注视玩具,0,675_56-chinese-domestic-dark-brown-tabby_05-cat-teaser1-mirror_seed-0,4,4.0,24,480,832,15:26,9:16,cat_teaser1_mirror.v1,pending_model_validation,5c7abea398cc5cec6ee97bd79e91c601838c2218c8101bd13041c5753a5e72ec,af450da4b11a442fbb8dc3b090842b494306a33800841e4f3ac9399fb1a3e695
676,676,../data_h3/cat_ids/56_中华田园猫深棕狸花.png,Ref_cat_teaser2.mp4,prepared/Ref_cat_teaser2.motion.mp4,prompts/cat_teaser2.v1.en.txt,56,56-chinese-domestic-dark-brown-tabby,中华田园猫深棕狸花,06,06-cat-teaser2,cat_teaser2,起身向画面右侧追拍逗猫棒并站定,0,676_56-chinese-domestic-dark-brown-tabby_06-cat-teaser2_seed-0,4,4.0,24,480,832,15:26,9:16,cat_teaser2.v1,pending_model_validation,d24950c871f5181f868624b0d0235308584d0cda7f2fe02eb6c362bca9be17e4,a8c95e9c38443d4d231086357cb356e7c98cb2af1a6bfa216feae39e945cc0ec
677,677,../data_h3/cat_ids/56_中华田园猫深棕狸花.png,Ref_cat_teaser2_mirror.mp4,prepared/Ref_cat_teaser2_mirror.motion.mp4,prompts/cat_teaser2_mirror.v1.en.txt,56,56-chinese-domestic-dark-brown-tabby,中华田园猫深棕狸花,07,07-cat-teaser2-mirror,cat_teaser2_mirror,起身向画面左侧追拍逗猫棒并站定,0,677_56-chinese-domestic-dark-brown-tabby_07-cat-teaser2-mirror_seed-0,4,4.0,24,480,832,15:26,9:16,cat_teaser2_mirror.v1,pending_model_validation,96e072371eb22e5b130ddeb5d0d5286b26069e03ec55aa98d8eb8998108588b0,7d4ae2310b662639649d68fa4f699951317c36f76eb715534248659d1924613d
678,678,../data_h3/cat_ids/56_中华田园猫深棕狸花.png,Ref_cat_teaser3.mp4,prepared/Ref_cat_teaser3.motion.mp4,prompts/cat_teaser3.v1.en.txt,56,56-chinese-domestic-dark-brown-tabby,中华田园猫深棕狸花,08,08-cat-teaser3,cat_teaser3,双前爪抬起抓扑逗猫棒后落地坐定,0,678_56-chinese-domestic-dark-brown-tabby_08-cat-teaser3_seed-0,4,4.0,24,480,832,15:26,9:16,cat_teaser3.v1,pending_model_validation,28125c76324f19aa23e77ae9b7227ec9da10d152f0fe3eb89243ddf4b0cd0c6b,71df79527a94810bcacebc9cb956fa137c891a4ed437386697434b19c5fbb7ce
679,679,../data_h3/cat_ids/56_中华田园猫深棕狸花.png,Ref_drag_yarn_ball_and_catch.mp4,prepared/Ref_drag_yarn_ball_and_catch.motion.mp4,prompts/drag_yarn_ball_and_catch.v1.en.txt,56,56-chinese-domestic-dark-brown-tabby,中华田园猫深棕狸花,09,09-drag-yarn-ball-and-catch,drag_yarn_ball_and_catch,追扑从画面左向右滚动的毛线球并按住,0,679_56-chinese-domestic-dark-brown-tabby_09-drag-yarn-ball-and-catch_seed-0,4,4.0,24,480,832,15:26,9:16,drag_yarn_ball_and_catch.v1,pending_model_validation,7ebe1b2a01564d805523f56b909e9a53772ebed08cbeda3c79c1765cceab70f6,5b888bc1cdc661bc3b5760445027966ef8d36a31c447614acbd23d3ca6af442e
680,680,../data_h3/cat_ids/56_中华田园猫深棕狸花.png,Ref_drag_yarn_ball_and_catch_mirror.mp4,prepared/Ref_drag_yarn_ball_and_catch_mirror.motion.mp4,prompts/drag_yarn_ball_and_catch_mirror.v1.en.txt,56,56-chinese-domestic-dark-brown-tabby,中华田园猫深棕狸花,10,10-drag-yarn-ball-and-catch-mirror,drag_yarn_ball_and_catch_mirror,追扑从画面右向左滚动的毛线球并按住,0,680_56-chinese-domestic-dark-brown-tabby_10-drag-yarn-ball-and-catch-mirror_seed-0,4,4.0,24,480,832,15:26,9:16,drag_yarn_ball_and_catch_mirror.v1,pending_model_validation,477225bf4f6fca729b4947c68a49ba53af5fb0428686571bc103a6f680058a2d,8b44957f6ebaca7c04c4a0af6bf4fbb65085b8ecf0acaf3433dc727a25b74982
681,681,../data_h3/cat_ids/56_中华田园猫深棕狸花.png, Ref_curl_up_and_lie_down.mp4,prepared/ Ref_curl_up_and_lie_down.motion.mp4,prompts/curl_up_and_lie_down.v1.en.txt,56,56-chinese-domestic-dark-brown-tabby,中华田园猫深棕狸花,11,11-curl-up-and-lie-down,curl_up_and_lie_down,低头向画面左侧蜷卧并闭眼休息,0,681_56-chinese-domestic-dark-brown-tabby_11-curl-up-and-lie-down_seed-0,4,4.0,24,480,832,15:26,9:16,curl_up_and_lie_down.v1,pending_model_validation,9217effb2f85c4322c192edb9cc4c687268e1285527679229ed2d92161f10f6b,8414a980252d2baee6444085d2755563b7e0ccb3a138027e7cc6c1233be766eb
682,682,../data_h3/cat_ids/56_中华田园猫深棕狸花.png,Ref_curl_up_and_lie_down_mirror.mp4,prepared/Ref_curl_up_and_lie_down_mirror.motion.mp4,prompts/curl_up_and_lie_down_mirror.v1.en.txt,56,56-chinese-domestic-dark-brown-tabby,中华田园猫深棕狸花,12,12-curl-up-and-lie-down-mirror,curl_up_and_lie_down_mirror,低头向画面右侧蜷卧并闭眼休息,0,682_56-chinese-domestic-dark-brown-tabby_12-curl-up-and-lie-down-mirror_seed-0,4,4.0,24,480,832,15:26,9:16,curl_up_and_lie_down_mirror.v1,pending_model_validation,0ae3d03ab930f2329999e943296bf3ba83b1968a23833a258ffc30a3fc3491e0,5dcfd307dd80e4bd86fa73aff45f41f66eced8aba348a07f81f559f008a63527
683,683,../data_h3/cat_ids/56_中华田园猫深棕狸花.png,walk_forward_to_screen.mp4,prepared/walk_forward_to_screen.motion.mp4,prompts/walk_forward_to_screen.v1.en.txt,56,56-chinese-domestic-dark-brown-tabby,中华田园猫深棕狸花,13,13-walk-forward-to-screen,walk_forward_to_screen,起身向镜头走近并在近处站定,0,683_56-chinese-domestic-dark-brown-tabby_13-walk-forward-to-screen_seed-0,4,4.041699,24,480,832,15:26,9:16,walk_forward_to_screen.v1,pending_model_validation,18c1e41e3d0bc7b332298f78c798593c6903d921bcab1cd40f5525438039f02c,b63a08fc2ef943e20b969f5567a1c9334a3d7ca21d68db70b052c4345a83014a
684,684,../data_h3/cat_ids/57_中华田园猫金棕狸花.png,Ref_drag_ear.mp4,prepared/Ref_drag_ear.motion.mp4,prompts/drag_ear.v1.en.txt,57,57-chinese-domestic-golden-brown-tabby,中华田园猫金棕狸花,02,02-pull-left-ear,drag_ear,左前爪轻擦左耳与脸部后恢复坐姿,0,684_57-chinese-domestic-golden-brown-tabby_02-pull-left-ear_seed-0,4,4.0,24,480,832,15:26,9:16,drag_ear.v1,pending_model_validation,dbdc93fe3f0e922d0d53d3b6c78e213e176b5230876cf046e5da697fd2320d7b,241a5d66949edcf078e592e2d02939921c2ff68968a95640d4e5a7e2c4fe75c1
685,685,../data_h3/cat_ids/57_中华田园猫金棕狸花.png,Ref_drag_ear_mirror.mp4,prepared/Ref_drag_ear_mirror.motion.mp4,prompts/drag_ear_mirror.v1.en.txt,57,57-chinese-domestic-golden-brown-tabby,中华田园猫金棕狸花,03,03-drag-ear-mirror,drag_ear_mirror,右前爪轻擦右耳与脸部后恢复坐姿,0,685_57-chinese-domestic-golden-brown-tabby_03-drag-ear-mirror_seed-0,4,4.0,24,480,832,15:26,9:16,drag_ear_mirror.v1,pending_model_validation,68fc5e929e94c082c0da4f6ccda4e0b2f4f8e49e4da6baacf37e6a84c69f2fb3,f5a0412ed913f5aad8bffb33c68c3b0ad7f4923f44f06370f768483b146897f4
686,686,../data_h3/cat_ids/57_中华田园猫金棕狸花.png,Ref_cat_teaser1.mp4,prepared/Ref_cat_teaser1.motion.mp4,prompts/cat_teaser1.v1.en.txt,57,57-chinese-domestic-golden-brown-tabby,中华田园猫金棕狸花,04,04-cat-teaser1,cat_teaser1,左前爪坐姿拨打逗猫棒后注视玩具,0,686_57-chinese-domestic-golden-brown-tabby_04-cat-teaser1_seed-0,4,4.0,24,480,832,15:26,9:16,cat_teaser1.v1,pending_model_validation,28971748699ea020c1f7f9f78e45a8407665e85ec6df04732794d5fefc6126de,90ead0cb85338d88512f89fc4fdaa1599eaae717252a8a228289e47e9f7150f0
687,687,../data_h3/cat_ids/57_中华田园猫金棕狸花.png,Ref_cat_teaser1_mirror.mp4,prepared/Ref_cat_teaser1_mirror.motion.mp4,prompts/cat_teaser1_mirror.v1.en.txt,57,57-chinese-domestic-golden-brown-tabby,中华田园猫金棕狸花,05,05-cat-teaser1-mirror,cat_teaser1_mirror,右前爪坐姿拨打逗猫棒后注视玩具,0,687_57-chinese-domestic-golden-brown-tabby_05-cat-teaser1-mirror_seed-0,4,4.0,24,480,832,15:26,9:16,cat_teaser1_mirror.v1,pending_model_validation,5c7abea398cc5cec6ee97bd79e91c601838c2218c8101bd13041c5753a5e72ec,af450da4b11a442fbb8dc3b090842b494306a33800841e4f3ac9399fb1a3e695
688,688,../data_h3/cat_ids/57_中华田园猫金棕狸花.png,Ref_cat_teaser2.mp4,prepared/Ref_cat_teaser2.motion.mp4,prompts/cat_teaser2.v1.en.txt,57,57-chinese-domestic-golden-brown-tabby,中华田园猫金棕狸花,06,06-cat-teaser2,cat_teaser2,起身向画面右侧追拍逗猫棒并站定,0,688_57-chinese-domestic-golden-brown-tabby_06-cat-teaser2_seed-0,4,4.0,24,480,832,15:26,9:16,cat_teaser2.v1,pending_model_validation,d24950c871f5181f868624b0d0235308584d0cda7f2fe02eb6c362bca9be17e4,a8c95e9c38443d4d231086357cb356e7c98cb2af1a6bfa216feae39e945cc0ec
689,689,../data_h3/cat_ids/57_中华田园猫金棕狸花.png,Ref_cat_teaser2_mirror.mp4,prepared/Ref_cat_teaser2_mirror.motion.mp4,prompts/cat_teaser2_mirror.v1.en.txt,57,57-chinese-domestic-golden-brown-tabby,中华田园猫金棕狸花,07,07-cat-teaser2-mirror,cat_teaser2_mirror,起身向画面左侧追拍逗猫棒并站定,0,689_57-chinese-domestic-golden-brown-tabby_07-cat-teaser2-mirror_seed-0,4,4.0,24,480,832,15:26,9:16,cat_teaser2_mirror.v1,pending_model_validation,96e072371eb22e5b130ddeb5d0d5286b26069e03ec55aa98d8eb8998108588b0,7d4ae2310b662639649d68fa4f699951317c36f76eb715534248659d1924613d
690,690,../data_h3/cat_ids/57_中华田园猫金棕狸花.png,Ref_cat_teaser3.mp4,prepared/Ref_cat_teaser3.motion.mp4,prompts/cat_teaser3.v1.en.txt,57,57-chinese-domestic-golden-brown-tabby,中华田园猫金棕狸花,08,08-cat-teaser3,cat_teaser3,双前爪抬起抓扑逗猫棒后落地坐定,0,690_57-chinese-domestic-golden-brown-tabby_08-cat-teaser3_seed-0,4,4.0,24,480,832,15:26,9:16,cat_teaser3.v1,pending_model_validation,28125c76324f19aa23e77ae9b7227ec9da10d152f0fe3eb89243ddf4b0cd0c6b,71df79527a94810bcacebc9cb956fa137c891a4ed437386697434b19c5fbb7ce
691,691,../data_h3/cat_ids/57_中华田园猫金棕狸花.png,Ref_drag_yarn_ball_and_catch.mp4,prepared/Ref_drag_yarn_ball_and_catch.motion.mp4,prompts/drag_yarn_ball_and_catch.v1.en.txt,57,57-chinese-domestic-golden-brown-tabby,中华田园猫金棕狸花,09,09-drag-yarn-ball-and-catch,drag_yarn_ball_and_catch,追扑从画面左向右滚动的毛线球并按住,0,691_57-chinese-domestic-golden-brown-tabby_09-drag-yarn-ball-and-catch_seed-0,4,4.0,24,480,832,15:26,9:16,drag_yarn_ball_and_catch.v1,pending_model_validation,7ebe1b2a01564d805523f56b909e9a53772ebed08cbeda3c79c1765cceab70f6,5b888bc1cdc661bc3b5760445027966ef8d36a31c447614acbd23d3ca6af442e
692,692,../data_h3/cat_ids/57_中华田园猫金棕狸花.png,Ref_drag_yarn_ball_and_catch_mirror.mp4,prepared/Ref_drag_yarn_ball_and_catch_mirror.motion.mp4,prompts/drag_yarn_ball_and_catch_mirror.v1.en.txt,57,57-chinese-domestic-golden-brown-tabby,中华田园猫金棕狸花,10,10-drag-yarn-ball-and-catch-mirror,drag_yarn_ball_and_catch_mirror,追扑从画面右向左滚动的毛线球并按住,0,692_57-chinese-domestic-golden-brown-tabby_10-drag-yarn-ball-and-catch-mirror_seed-0,4,4.0,24,480,832,15:26,9:16,drag_yarn_ball_and_catch_mirror.v1,pending_model_validation,477225bf4f6fca729b4947c68a49ba53af5fb0428686571bc103a6f680058a2d,8b44957f6ebaca7c04c4a0af6bf4fbb65085b8ecf0acaf3433dc727a25b74982
693,693,../data_h3/cat_ids/57_中华田园猫金棕狸花.png, Ref_curl_up_and_lie_down.mp4,prepared/ Ref_curl_up_and_lie_down.motion.mp4,prompts/curl_up_and_lie_down.v1.en.txt,57,57-chinese-domestic-golden-brown-tabby,中华田园猫金棕狸花,11,11-curl-up-and-lie-down,curl_up_and_lie_down,低头向画面左侧蜷卧并闭眼休息,0,693_57-chinese-domestic-golden-brown-tabby_11-curl-up-and-lie-down_seed-0,4,4.0,24,480,832,15:26,9:16,curl_up_and_lie_down.v1,pending_model_validation,9217effb2f85c4322c192edb9cc4c687268e1285527679229ed2d92161f10f6b,8414a980252d2baee6444085d2755563b7e0ccb3a138027e7cc6c1233be766eb
694,694,../data_h3/cat_ids/57_中华田园猫金棕狸花.png,Ref_curl_up_and_lie_down_mirror.mp4,prepared/Ref_curl_up_and_lie_down_mirror.motion.mp4,prompts/curl_up_and_lie_down_mirror.v1.en.txt,57,57-chinese-domestic-golden-brown-tabby,中华田园猫金棕狸花,12,12-curl-up-and-lie-down-mirror,curl_up_and_lie_down_mirror,低头向画面右侧蜷卧并闭眼休息,0,694_57-chinese-domestic-golden-brown-tabby_12-curl-up-and-lie-down-mirror_seed-0,4,4.0,24,480,832,15:26,9:16,curl_up_and_lie_down_mirror.v1,pending_model_validation,0ae3d03ab930f2329999e943296bf3ba83b1968a23833a258ffc30a3fc3491e0,5dcfd307dd80e4bd86fa73aff45f41f66eced8aba348a07f81f559f008a63527
695,695,../data_h3/cat_ids/57_中华田园猫金棕狸花.png,walk_forward_to_screen.mp4,prepared/walk_forward_to_screen.motion.mp4,prompts/walk_forward_to_screen.v1.en.txt,57,57-chinese-domestic-golden-brown-tabby,中华田园猫金棕狸花,13,13-walk-forward-to-screen,walk_forward_to_screen,起身向镜头走近并在近处站定,0,695_57-chinese-domestic-golden-brown-tabby_13-walk-forward-to-screen_seed-0,4,4.041699,24,480,832,15:26,9:16,walk_forward_to_screen.v1,pending_model_validation,18c1e41e3d0bc7b332298f78c798593c6903d921bcab1cd40f5525438039f02c,b63a08fc2ef943e20b969f5567a1c9334a3d7ca21d68db70b052c4345a83014a
696,696,../data_h3/cat_ids/58_中华田园猫狸白.png,Ref_drag_ear.mp4,prepared/Ref_drag_ear.motion.mp4,prompts/drag_ear.v1.en.txt,58,58-chinese-domestic-tabby-white,中华田园猫狸白,02,02-pull-left-ear,drag_ear,左前爪轻擦左耳与脸部后恢复坐姿,0,696_58-chinese-domestic-tabby-white_02-pull-left-ear_seed-0,4,4.0,24,480,832,15:26,9:16,drag_ear.v1,pending_model_validation,dbdc93fe3f0e922d0d53d3b6c78e213e176b5230876cf046e5da697fd2320d7b,241a5d66949edcf078e592e2d02939921c2ff68968a95640d4e5a7e2c4fe75c1
697,697,../data_h3/cat_ids/58_中华田园猫狸白.png,Ref_drag_ear_mirror.mp4,prepared/Ref_drag_ear_mirror.motion.mp4,prompts/drag_ear_mirror.v1.en.txt,58,58-chinese-domestic-tabby-white,中华田园猫狸白,03,03-drag-ear-mirror,drag_ear_mirror,右前爪轻擦右耳与脸部后恢复坐姿,0,697_58-chinese-domestic-tabby-white_03-drag-ear-mirror_seed-0,4,4.0,24,480,832,15:26,9:16,drag_ear_mirror.v1,pending_model_validation,68fc5e929e94c082c0da4f6ccda4e0b2f4f8e49e4da6baacf37e6a84c69f2fb3,f5a0412ed913f5aad8bffb33c68c3b0ad7f4923f44f06370f768483b146897f4
698,698,../data_h3/cat_ids/58_中华田园猫狸白.png,Ref_cat_teaser1.mp4,prepared/Ref_cat_teaser1.motion.mp4,prompts/cat_teaser1.v1.en.txt,58,58-chinese-domestic-tabby-white,中华田园猫狸白,04,04-cat-teaser1,cat_teaser1,左前爪坐姿拨打逗猫棒后注视玩具,0,698_58-chinese-domestic-tabby-white_04-cat-teaser1_seed-0,4,4.0,24,480,832,15:26,9:16,cat_teaser1.v1,pending_model_validation,28971748699ea020c1f7f9f78e45a8407665e85ec6df04732794d5fefc6126de,90ead0cb85338d88512f89fc4fdaa1599eaae717252a8a228289e47e9f7150f0
699,699,../data_h3/cat_ids/58_中华田园猫狸白.png,Ref_cat_teaser1_mirror.mp4,prepared/Ref_cat_teaser1_mirror.motion.mp4,prompts/cat_teaser1_mirror.v1.en.txt,58,58-chinese-domestic-tabby-white,中华田园猫狸白,05,05-cat-teaser1-mirror,cat_teaser1_mirror,右前爪坐姿拨打逗猫棒后注视玩具,0,699_58-chinese-domestic-tabby-white_05-cat-teaser1-mirror_seed-0,4,4.0,24,480,832,15:26,9:16,cat_teaser1_mirror.v1,pending_model_validation,5c7abea398cc5cec6ee97bd79e91c601838c2218c8101bd13041c5753a5e72ec,af450da4b11a442fbb8dc3b090842b494306a33800841e4f3ac9399fb1a3e695
700,700,../data_h3/cat_ids/58_中华田园猫狸白.png,Ref_cat_teaser2.mp4,prepared/Ref_cat_teaser2.motion.mp4,prompts/cat_teaser2.v1.en.txt,58,58-chinese-domestic-tabby-white,中华田园猫狸白,06,06-cat-teaser2,cat_teaser2,起身向画面右侧追拍逗猫棒并站定,0,700_58-chinese-domestic-tabby-white_06-cat-teaser2_seed-0,4,4.0,24,480,832,15:26,9:16,cat_teaser2.v1,pending_model_validation,d24950c871f5181f868624b0d0235308584d0cda7f2fe02eb6c362bca9be17e4,a8c95e9c38443d4d231086357cb356e7c98cb2af1a6bfa216feae39e945cc0ec
701,701,../data_h3/cat_ids/58_中华田园猫狸白.png,Ref_cat_teaser2_mirror.mp4,prepared/Ref_cat_teaser2_mirror.motion.mp4,prompts/cat_teaser2_mirror.v1.en.txt,58,58-chinese-domestic-tabby-white,中华田园猫狸白,07,07-cat-teaser2-mirror,cat_teaser2_mirror,起身向画面左侧追拍逗猫棒并站定,0,701_58-chinese-domestic-tabby-white_07-cat-teaser2-mirror_seed-0,4,4.0,24,480,832,15:26,9:16,cat_teaser2_mirror.v1,pending_model_validation,96e072371eb22e5b130ddeb5d0d5286b26069e03ec55aa98d8eb8998108588b0,7d4ae2310b662639649d68fa4f699951317c36f76eb715534248659d1924613d
702,702,../data_h3/cat_ids/58_中华田园猫狸白.png,Ref_cat_teaser3.mp4,prepared/Ref_cat_teaser3.motion.mp4,prompts/cat_teaser3.v1.en.txt,58,58-chinese-domestic-tabby-white,中华田园猫狸白,08,08-cat-teaser3,cat_teaser3,双前爪抬起抓扑逗猫棒后落地坐定,0,702_58-chinese-domestic-tabby-white_08-cat-teaser3_seed-0,4,4.0,24,480,832,15:26,9:16,cat_teaser3.v1,pending_model_validation,28125c76324f19aa23e77ae9b7227ec9da10d152f0fe3eb89243ddf4b0cd0c6b,71df79527a94810bcacebc9cb956fa137c891a4ed437386697434b19c5fbb7ce
703,703,../data_h3/cat_ids/58_中华田园猫狸白.png,Ref_drag_yarn_ball_and_catch.mp4,prepared/Ref_drag_yarn_ball_and_catch.motion.mp4,prompts/drag_yarn_ball_and_catch.v1.en.txt,58,58-chinese-domestic-tabby-white,中华田园猫狸白,09,09-drag-yarn-ball-and-catch,drag_yarn_ball_and_catch,追扑从画面左向右滚动的毛线球并按住,0,703_58-chinese-domestic-tabby-white_09-drag-yarn-ball-and-catch_seed-0,4,4.0,24,480,832,15:26,9:16,drag_yarn_ball_and_catch.v1,pending_model_validation,7ebe1b2a01564d805523f56b909e9a53772ebed08cbeda3c79c1765cceab70f6,5b888bc1cdc661bc3b5760445027966ef8d36a31c447614acbd23d3ca6af442e
704,704,../data_h3/cat_ids/58_中华田园猫狸白.png,Ref_drag_yarn_ball_and_catch_mirror.mp4,prepared/Ref_drag_yarn_ball_and_catch_mirror.motion.mp4,prompts/drag_yarn_ball_and_catch_mirror.v1.en.txt,58,58-chinese-domestic-tabby-white,中华田园猫狸白,10,10-drag-yarn-ball-and-catch-mirror,drag_yarn_ball_and_catch_mirror,追扑从画面右向左滚动的毛线球并按住,0,704_58-chinese-domestic-tabby-white_10-drag-yarn-ball-and-catch-mirror_seed-0,4,4.0,24,480,832,15:26,9:16,drag_yarn_ball_and_catch_mirror.v1,pending_model_validation,477225bf4f6fca729b4947c68a49ba53af5fb0428686571bc103a6f680058a2d,8b44957f6ebaca7c04c4a0af6bf4fbb65085b8ecf0acaf3433dc727a25b74982
705,705,../data_h3/cat_ids/58_中华田园猫狸白.png, Ref_curl_up_and_lie_down.mp4,prepared/ Ref_curl_up_and_lie_down.motion.mp4,prompts/curl_up_and_lie_down.v1.en.txt,58,58-chinese-domestic-tabby-white,中华田园猫狸白,11,11-curl-up-and-lie-down,curl_up_and_lie_down,低头向画面左侧蜷卧并闭眼休息,0,705_58-chinese-domestic-tabby-white_11-curl-up-and-lie-down_seed-0,4,4.0,24,480,832,15:26,9:16,curl_up_and_lie_down.v1,pending_model_validation,9217effb2f85c4322c192edb9cc4c687268e1285527679229ed2d92161f10f6b,8414a980252d2baee6444085d2755563b7e0ccb3a138027e7cc6c1233be766eb
706,706,../data_h3/cat_ids/58_中华田园猫狸白.png,Ref_curl_up_and_lie_down_mirror.mp4,prepared/Ref_curl_up_and_lie_down_mirror.motion.mp4,prompts/curl_up_and_lie_down_mirror.v1.en.txt,58,58-chinese-domestic-tabby-white,中华田园猫狸白,12,12-curl-up-and-lie-down-mirror,curl_up_and_lie_down_mirror,低头向画面右侧蜷卧并闭眼休息,0,706_58-chinese-domestic-tabby-white_12-curl-up-and-lie-down-mirror_seed-0,4,4.0,24,480,832,15:26,9:16,curl_up_and_lie_down_mirror.v1,pending_model_validation,0ae3d03ab930f2329999e943296bf3ba83b1968a23833a258ffc30a3fc3491e0,5dcfd307dd80e4bd86fa73aff45f41f66eced8aba348a07f81f559f008a63527
707,707,../data_h3/cat_ids/58_中华田园猫狸白.png,walk_forward_to_screen.mp4,prepared/walk_forward_to_screen.motion.mp4,prompts/walk_forward_to_screen.v1.en.txt,58,58-chinese-domestic-tabby-white,中华田园猫狸白,13,13-walk-forward-to-screen,walk_forward_to_screen,起身向镜头走近并在近处站定,0,707_58-chinese-domestic-tabby-white_13-walk-forward-to-screen_seed-0,4,4.041699,24,480,832,15:26,9:16,walk_forward_to_screen.v1,pending_model_validation,18c1e41e3d0bc7b332298f78c798593c6903d921bcab1cd40f5525438039f02c,b63a08fc2ef943e20b969f5567a1c9334a3d7ca21d68db70b052c4345a83014a
708,708,../data_h3/cat_ids/59_中华田园猫高白奶牛.png,Ref_drag_ear.mp4,prepared/Ref_drag_ear.motion.mp4,prompts/drag_ear.v1.en.txt,59,59-chinese-domestic-high-white-black,中华田园猫高白奶牛,02,02-pull-left-ear,drag_ear,左前爪轻擦左耳与脸部后恢复坐姿,0,708_59-chinese-domestic-high-white-black_02-pull-left-ear_seed-0,4,4.0,24,480,832,15:26,9:16,drag_ear.v1,pending_model_validation,dbdc93fe3f0e922d0d53d3b6c78e213e176b5230876cf046e5da697fd2320d7b,241a5d66949edcf078e592e2d02939921c2ff68968a95640d4e5a7e2c4fe75c1
709,709,../data_h3/cat_ids/59_中华田园猫高白奶牛.png,Ref_drag_ear_mirror.mp4,prepared/Ref_drag_ear_mirror.motion.mp4,prompts/drag_ear_mirror.v1.en.txt,59,59-chinese-domestic-high-white-black,中华田园猫高白奶牛,03,03-drag-ear-mirror,drag_ear_mirror,右前爪轻擦右耳与脸部后恢复坐姿,0,709_59-chinese-domestic-high-white-black_03-drag-ear-mirror_seed-0,4,4.0,24,480,832,15:26,9:16,drag_ear_mirror.v1,pending_model_validation,68fc5e929e94c082c0da4f6ccda4e0b2f4f8e49e4da6baacf37e6a84c69f2fb3,f5a0412ed913f5aad8bffb33c68c3b0ad7f4923f44f06370f768483b146897f4
710,710,../data_h3/cat_ids/59_中华田园猫高白奶牛.png,Ref_cat_teaser1.mp4,prepared/Ref_cat_teaser1.motion.mp4,prompts/cat_teaser1.v1.en.txt,59,59-chinese-domestic-high-white-black,中华田园猫高白奶牛,04,04-cat-teaser1,cat_teaser1,左前爪坐姿拨打逗猫棒后注视玩具,0,710_59-chinese-domestic-high-white-black_04-cat-teaser1_seed-0,4,4.0,24,480,832,15:26,9:16,cat_teaser1.v1,pending_model_validation,28971748699ea020c1f7f9f78e45a8407665e85ec6df04732794d5fefc6126de,90ead0cb85338d88512f89fc4fdaa1599eaae717252a8a228289e47e9f7150f0
711,711,../data_h3/cat_ids/59_中华田园猫高白奶牛.png,Ref_cat_teaser1_mirror.mp4,prepared/Ref_cat_teaser1_mirror.motion.mp4,prompts/cat_teaser1_mirror.v1.en.txt,59,59-chinese-domestic-high-white-black,中华田园猫高白奶牛,05,05-cat-teaser1-mirror,cat_teaser1_mirror,右前爪坐姿拨打逗猫棒后注视玩具,0,711_59-chinese-domestic-high-white-black_05-cat-teaser1-mirror_seed-0,4,4.0,24,480,832,15:26,9:16,cat_teaser1_mirror.v1,pending_model_validation,5c7abea398cc5cec6ee97bd79e91c601838c2218c8101bd13041c5753a5e72ec,af450da4b11a442fbb8dc3b090842b494306a33800841e4f3ac9399fb1a3e695
712,712,../data_h3/cat_ids/59_中华田园猫高白奶牛.png,Ref_cat_teaser2.mp4,prepared/Ref_cat_teaser2.motion.mp4,prompts/cat_teaser2.v1.en.txt,59,59-chinese-domestic-high-white-black,中华田园猫高白奶牛,06,06-cat-teaser2,cat_teaser2,起身向画面右侧追拍逗猫棒并站定,0,712_59-chinese-domestic-high-white-black_06-cat-teaser2_seed-0,4,4.0,24,480,832,15:26,9:16,cat_teaser2.v1,pending_model_validation,d24950c871f5181f868624b0d0235308584d0cda7f2fe02eb6c362bca9be17e4,a8c95e9c38443d4d231086357cb356e7c98cb2af1a6bfa216feae39e945cc0ec
713,713,../data_h3/cat_ids/59_中华田园猫高白奶牛.png,Ref_cat_teaser2_mirror.mp4,prepared/Ref_cat_teaser2_mirror.motion.mp4,prompts/cat_teaser2_mirror.v1.en.txt,59,59-chinese-domestic-high-white-black,中华田园猫高白奶牛,07,07-cat-teaser2-mirror,cat_teaser2_mirror,起身向画面左侧追拍逗猫棒并站定,0,713_59-chinese-domestic-high-white-black_07-cat-teaser2-mirror_seed-0,4,4.0,24,480,832,15:26,9:16,cat_teaser2_mirror.v1,pending_model_validation,96e072371eb22e5b130ddeb5d0d5286b26069e03ec55aa98d8eb8998108588b0,7d4ae2310b662639649d68fa4f699951317c36f76eb715534248659d1924613d
714,714,../data_h3/cat_ids/59_中华田园猫高白奶牛.png,Ref_cat_teaser3.mp4,prepared/Ref_cat_teaser3.motion.mp4,prompts/cat_teaser3.v1.en.txt,59,59-chinese-domestic-high-white-black,中华田园猫高白奶牛,08,08-cat-teaser3,cat_teaser3,双前爪抬起抓扑逗猫棒后落地坐定,0,714_59-chinese-domestic-high-white-black_08-cat-teaser3_seed-0,4,4.0,24,480,832,15:26,9:16,cat_teaser3.v1,pending_model_validation,28125c76324f19aa23e77ae9b7227ec9da10d152f0fe3eb89243ddf4b0cd0c6b,71df79527a94810bcacebc9cb956fa137c891a4ed437386697434b19c5fbb7ce
715,715,../data_h3/cat_ids/59_中华田园猫高白奶牛.png,Ref_drag_yarn_ball_and_catch.mp4,prepared/Ref_drag_yarn_ball_and_catch.motion.mp4,prompts/drag_yarn_ball_and_catch.v1.en.txt,59,59-chinese-domestic-high-white-black,中华田园猫高白奶牛,09,09-drag-yarn-ball-and-catch,drag_yarn_ball_and_catch,追扑从画面左向右滚动的毛线球并按住,0,715_59-chinese-domestic-high-white-black_09-drag-yarn-ball-and-catch_seed-0,4,4.0,24,480,832,15:26,9:16,drag_yarn_ball_and_catch.v1,pending_model_validation,7ebe1b2a01564d805523f56b909e9a53772ebed08cbeda3c79c1765cceab70f6,5b888bc1cdc661bc3b5760445027966ef8d36a31c447614acbd23d3ca6af442e
716,716,../data_h3/cat_ids/59_中华田园猫高白奶牛.png,Ref_drag_yarn_ball_and_catch_mirror.mp4,prepared/Ref_drag_yarn_ball_and_catch_mirror.motion.mp4,prompts/drag_yarn_ball_and_catch_mirror.v1.en.txt,59,59-chinese-domestic-high-white-black,中华田园猫高白奶牛,10,10-drag-yarn-ball-and-catch-mirror,drag_yarn_ball_and_catch_mirror,追扑从画面右向左滚动的毛线球并按住,0,716_59-chinese-domestic-high-white-black_10-drag-yarn-ball-and-catch-mirror_seed-0,4,4.0,24,480,832,15:26,9:16,drag_yarn_ball_and_catch_mirror.v1,pending_model_validation,477225bf4f6fca729b4947c68a49ba53af5fb0428686571bc103a6f680058a2d,8b44957f6ebaca7c04c4a0af6bf4fbb65085b8ecf0acaf3433dc727a25b74982
717,717,../data_h3/cat_ids/59_中华田园猫高白奶牛.png, Ref_curl_up_and_lie_down.mp4,prepared/ Ref_curl_up_and_lie_down.motion.mp4,prompts/curl_up_and_lie_down.v1.en.txt,59,59-chinese-domestic-high-white-black,中华田园猫高白奶牛,11,11-curl-up-and-lie-down,curl_up_and_lie_down,低头向画面左侧蜷卧并闭眼休息,0,717_59-chinese-domestic-high-white-black_11-curl-up-and-lie-down_seed-0,4,4.0,24,480,832,15:26,9:16,curl_up_and_lie_down.v1,pending_model_validation,9217effb2f85c4322c192edb9cc4c687268e1285527679229ed2d92161f10f6b,8414a980252d2baee6444085d2755563b7e0ccb3a138027e7cc6c1233be766eb
718,718,../data_h3/cat_ids/59_中华田园猫高白奶牛.png,Ref_curl_up_and_lie_down_mirror.mp4,prepared/Ref_curl_up_and_lie_down_mirror.motion.mp4,prompts/curl_up_and_lie_down_mirror.v1.en.txt,59,59-chinese-domestic-high-white-black,中华田园猫高白奶牛,12,12-curl-up-and-lie-down-mirror,curl_up_and_lie_down_mirror,低头向画面右侧蜷卧并闭眼休息,0,718_59-chinese-domestic-high-white-black_12-curl-up-and-lie-down-mirror_seed-0,4,4.0,24,480,832,15:26,9:16,curl_up_and_lie_down_mirror.v1,pending_model_validation,0ae3d03ab930f2329999e943296bf3ba83b1968a23833a258ffc30a3fc3491e0,5dcfd307dd80e4bd86fa73aff45f41f66eced8aba348a07f81f559f008a63527
719,719,../data_h3/cat_ids/59_中华田园猫高白奶牛.png,walk_forward_to_screen.mp4,prepared/walk_forward_to_screen.motion.mp4,prompts/walk_forward_to_screen.v1.en.txt,59,59-chinese-domestic-high-white-black,中华田园猫高白奶牛,13,13-walk-forward-to-screen,walk_forward_to_screen,起身向镜头走近并在近处站定,0,719_59-chinese-domestic-high-white-black_13-walk-forward-to-screen_seed-0,4,4.041699,24,480,832,15:26,9:16,walk_forward_to_screen.v1,pending_model_validation,18c1e41e3d0bc7b332298f78c798593c6903d921bcab1cd40f5525438039f02c,b63a08fc2ef943e20b969f5567a1c9334a3d7ca21d68db70b052c4345a83014a
720,720,../data_h3/cat_ids/60_中华田园猫均衡奶牛.png,Ref_drag_ear.mp4,prepared/Ref_drag_ear.motion.mp4,prompts/drag_ear.v1.en.txt,60,60-chinese-domestic-balanced-black-white,中华田园猫均衡奶牛,02,02-pull-left-ear,drag_ear,左前爪轻擦左耳与脸部后恢复坐姿,0,720_60-chinese-domestic-balanced-black-white_02-pull-left-ear_seed-0,4,4.0,24,480,832,15:26,9:16,drag_ear.v1,pending_model_validation,dbdc93fe3f0e922d0d53d3b6c78e213e176b5230876cf046e5da697fd2320d7b,241a5d66949edcf078e592e2d02939921c2ff68968a95640d4e5a7e2c4fe75c1
721,721,../data_h3/cat_ids/60_中华田园猫均衡奶牛.png,Ref_drag_ear_mirror.mp4,prepared/Ref_drag_ear_mirror.motion.mp4,prompts/drag_ear_mirror.v1.en.txt,60,60-chinese-domestic-balanced-black-white,中华田园猫均衡奶牛,03,03-drag-ear-mirror,drag_ear_mirror,右前爪轻擦右耳与脸部后恢复坐姿,0,721_60-chinese-domestic-balanced-black-white_03-drag-ear-mirror_seed-0,4,4.0,24,480,832,15:26,9:16,drag_ear_mirror.v1,pending_model_validation,68fc5e929e94c082c0da4f6ccda4e0b2f4f8e49e4da6baacf37e6a84c69f2fb3,f5a0412ed913f5aad8bffb33c68c3b0ad7f4923f44f06370f768483b146897f4
722,722,../data_h3/cat_ids/60_中华田园猫均衡奶牛.png,Ref_cat_teaser1.mp4,prepared/Ref_cat_teaser1.motion.mp4,prompts/cat_teaser1.v1.en.txt,60,60-chinese-domestic-balanced-black-white,中华田园猫均衡奶牛,04,04-cat-teaser1,cat_teaser1,左前爪坐姿拨打逗猫棒后注视玩具,0,722_60-chinese-domestic-balanced-black-white_04-cat-teaser1_seed-0,4,4.0,24,480,832,15:26,9:16,cat_teaser1.v1,pending_model_validation,28971748699ea020c1f7f9f78e45a8407665e85ec6df04732794d5fefc6126de,90ead0cb85338d88512f89fc4fdaa1599eaae717252a8a228289e47e9f7150f0
723,723,../data_h3/cat_ids/60_中华田园猫均衡奶牛.png,Ref_cat_teaser1_mirror.mp4,prepared/Ref_cat_teaser1_mirror.motion.mp4,prompts/cat_teaser1_mirror.v1.en.txt,60,60-chinese-domestic-balanced-black-white,中华田园猫均衡奶牛,05,05-cat-teaser1-mirror,cat_teaser1_mirror,右前爪坐姿拨打逗猫棒后注视玩具,0,723_60-chinese-domestic-balanced-black-white_05-cat-teaser1-mirror_seed-0,4,4.0,24,480,832,15:26,9:16,cat_teaser1_mirror.v1,pending_model_validation,5c7abea398cc5cec6ee97bd79e91c601838c2218c8101bd13041c5753a5e72ec,af450da4b11a442fbb8dc3b090842b494306a33800841e4f3ac9399fb1a3e695
724,724,../data_h3/cat_ids/60_中华田园猫均衡奶牛.png,Ref_cat_teaser2.mp4,prepared/Ref_cat_teaser2.motion.mp4,prompts/cat_teaser2.v1.en.txt,60,60-chinese-domestic-balanced-black-white,中华田园猫均衡奶牛,06,06-cat-teaser2,cat_teaser2,起身向画面右侧追拍逗猫棒并站定,0,724_60-chinese-domestic-balanced-black-white_06-cat-teaser2_seed-0,4,4.0,24,480,832,15:26,9:16,cat_teaser2.v1,pending_model_validation,d24950c871f5181f868624b0d0235308584d0cda7f2fe02eb6c362bca9be17e4,a8c95e9c38443d4d231086357cb356e7c98cb2af1a6bfa216feae39e945cc0ec
725,725,../data_h3/cat_ids/60_中华田园猫均衡奶牛.png,Ref_cat_teaser2_mirror.mp4,prepared/Ref_cat_teaser2_mirror.motion.mp4,prompts/cat_teaser2_mirror.v1.en.txt,60,60-chinese-domestic-balanced-black-white,中华田园猫均衡奶牛,07,07-cat-teaser2-mirror,cat_teaser2_mirror,起身向画面左侧追拍逗猫棒并站定,0,725_60-chinese-domestic-balanced-black-white_07-cat-teaser2-mirror_seed-0,4,4.0,24,480,832,15:26,9:16,cat_teaser2_mirror.v1,pending_model_validation,96e072371eb22e5b130ddeb5d0d5286b26069e03ec55aa98d8eb8998108588b0,7d4ae2310b662639649d68fa4f699951317c36f76eb715534248659d1924613d
726,726,../data_h3/cat_ids/60_中华田园猫均衡奶牛.png,Ref_cat_teaser3.mp4,prepared/Ref_cat_teaser3.motion.mp4,prompts/cat_teaser3.v1.en.txt,60,60-chinese-domestic-balanced-black-white,中华田园猫均衡奶牛,08,08-cat-teaser3,cat_teaser3,双前爪抬起抓扑逗猫棒后落地坐定,0,726_60-chinese-domestic-balanced-black-white_08-cat-teaser3_seed-0,4,4.0,24,480,832,15:26,9:16,cat_teaser3.v1,pending_model_validation,28125c76324f19aa23e77ae9b7227ec9da10d152f0fe3eb89243ddf4b0cd0c6b,71df79527a94810bcacebc9cb956fa137c891a4ed437386697434b19c5fbb7ce
727,727,../data_h3/cat_ids/60_中华田园猫均衡奶牛.png,Ref_drag_yarn_ball_and_catch.mp4,prepared/Ref_drag_yarn_ball_and_catch.motion.mp4,prompts/drag_yarn_ball_and_catch.v1.en.txt,60,60-chinese-domestic-balanced-black-white,中华田园猫均衡奶牛,09,09-drag-yarn-ball-and-catch,drag_yarn_ball_and_catch,追扑从画面左向右滚动的毛线球并按住,0,727_60-chinese-domestic-balanced-black-white_09-drag-yarn-ball-and-catch_seed-0,4,4.0,24,480,832,15:26,9:16,drag_yarn_ball_and_catch.v1,pending_model_validation,7ebe1b2a01564d805523f56b909e9a53772ebed08cbeda3c79c1765cceab70f6,5b888bc1cdc661bc3b5760445027966ef8d36a31c447614acbd23d3ca6af442e
728,728,../data_h3/cat_ids/60_中华田园猫均衡奶牛.png,Ref_drag_yarn_ball_and_catch_mirror.mp4,prepared/Ref_drag_yarn_ball_and_catch_mirror.motion.mp4,prompts/drag_yarn_ball_and_catch_mirror.v1.en.txt,60,60-chinese-domestic-balanced-black-white,中华田园猫均衡奶牛,10,10-drag-yarn-ball-and-catch-mirror,drag_yarn_ball_and_catch_mirror,追扑从画面右向左滚动的毛线球并按住,0,728_60-chinese-domestic-balanced-black-white_10-drag-yarn-ball-and-catch-mirror_seed-0,4,4.0,24,480,832,15:26,9:16,drag_yarn_ball_and_catch_mirror.v1,pending_model_validation,477225bf4f6fca729b4947c68a49ba53af5fb0428686571bc103a6f680058a2d,8b44957f6ebaca7c04c4a0af6bf4fbb65085b8ecf0acaf3433dc727a25b74982
729,729,../data_h3/cat_ids/60_中华田园猫均衡奶牛.png, Ref_curl_up_and_lie_down.mp4,prepared/ Ref_curl_up_and_lie_down.motion.mp4,prompts/curl_up_and_lie_down.v1.en.txt,60,60-chinese-domestic-balanced-black-white,中华田园猫均衡奶牛,11,11-curl-up-and-lie-down,curl_up_and_lie_down,低头向画面左侧蜷卧并闭眼休息,0,729_60-chinese-domestic-balanced-black-white_11-curl-up-and-lie-down_seed-0,4,4.0,24,480,832,15:26,9:16,curl_up_and_lie_down.v1,pending_model_validation,9217effb2f85c4322c192edb9cc4c687268e1285527679229ed2d92161f10f6b,8414a980252d2baee6444085d2755563b7e0ccb3a138027e7cc6c1233be766eb
730,730,../data_h3/cat_ids/60_中华田园猫均衡奶牛.png,Ref_curl_up_and_lie_down_mirror.mp4,prepared/Ref_curl_up_and_lie_down_mirror.motion.mp4,prompts/curl_up_and_lie_down_mirror.v1.en.txt,60,60-chinese-domestic-balanced-black-white,中华田园猫均衡奶牛,12,12-curl-up-and-lie-down-mirror,curl_up_and_lie_down_mirror,低头向画面右侧蜷卧并闭眼休息,0,730_60-chinese-domestic-balanced-black-white_12-curl-up-and-lie-down-mirror_seed-0,4,4.0,24,480,832,15:26,9:16,curl_up_and_lie_down_mirror.v1,pending_model_validation,0ae3d03ab930f2329999e943296bf3ba83b1968a23833a258ffc30a3fc3491e0,5dcfd307dd80e4bd86fa73aff45f41f66eced8aba348a07f81f559f008a63527
731,731,../data_h3/cat_ids/60_中华田园猫均衡奶牛.png,walk_forward_to_screen.mp4,prepared/walk_forward_to_screen.motion.mp4,prompts/walk_forward_to_screen.v1.en.txt,60,60-chinese-domestic-balanced-black-white,中华田园猫均衡奶牛,13,13-walk-forward-to-screen,walk_forward_to_screen,起身向镜头走近并在近处站定,0,731_60-chinese-domestic-balanced-black-white_13-walk-forward-to-screen_seed-0,4,4.041699,24,480,832,15:26,9:16,walk_forward_to_screen.v1,pending_model_validation,18c1e41e3d0bc7b332298f78c798593c6903d921bcab1cd40f5525438039f02c,b63a08fc2ef943e20b969f5567a1c9334a3d7ca21d68db70b052c4345a83014a
732,732,../data_h3/cat_ids/61_中华田园猫八字胡奶牛.png,Ref_drag_ear.mp4,prepared/Ref_drag_ear.motion.mp4,prompts/drag_ear.v1.en.txt,61,61-chinese-domestic-moustache-black-white,中华田园猫八字胡奶牛,02,02-pull-left-ear,drag_ear,左前爪轻擦左耳与脸部后恢复坐姿,0,732_61-chinese-domestic-moustache-black-white_02-pull-left-ear_seed-0,4,4.0,24,480,832,15:26,9:16,drag_ear.v1,pending_model_validation,dbdc93fe3f0e922d0d53d3b6c78e213e176b5230876cf046e5da697fd2320d7b,241a5d66949edcf078e592e2d02939921c2ff68968a95640d4e5a7e2c4fe75c1
733,733,../data_h3/cat_ids/61_中华田园猫八字胡奶牛.png,Ref_drag_ear_mirror.mp4,prepared/Ref_drag_ear_mirror.motion.mp4,prompts/drag_ear_mirror.v1.en.txt,61,61-chinese-domestic-moustache-black-white,中华田园猫八字胡奶牛,03,03-drag-ear-mirror,drag_ear_mirror,右前爪轻擦右耳与脸部后恢复坐姿,0,733_61-chinese-domestic-moustache-black-white_03-drag-ear-mirror_seed-0,4,4.0,24,480,832,15:26,9:16,drag_ear_mirror.v1,pending_model_validation,68fc5e929e94c082c0da4f6ccda4e0b2f4f8e49e4da6baacf37e6a84c69f2fb3,f5a0412ed913f5aad8bffb33c68c3b0ad7f4923f44f06370f768483b146897f4
734,734,../data_h3/cat_ids/61_中华田园猫八字胡奶牛.png,Ref_cat_teaser1.mp4,prepared/Ref_cat_teaser1.motion.mp4,prompts/cat_teaser1.v1.en.txt,61,61-chinese-domestic-moustache-black-white,中华田园猫八字胡奶牛,04,04-cat-teaser1,cat_teaser1,左前爪坐姿拨打逗猫棒后注视玩具,0,734_61-chinese-domestic-moustache-black-white_04-cat-teaser1_seed-0,4,4.0,24,480,832,15:26,9:16,cat_teaser1.v1,pending_model_validation,28971748699ea020c1f7f9f78e45a8407665e85ec6df04732794d5fefc6126de,90ead0cb85338d88512f89fc4fdaa1599eaae717252a8a228289e47e9f7150f0
735,735,../data_h3/cat_ids/61_中华田园猫八字胡奶牛.png,Ref_cat_teaser1_mirror.mp4,prepared/Ref_cat_teaser1_mirror.motion.mp4,prompts/cat_teaser1_mirror.v1.en.txt,61,61-chinese-domestic-moustache-black-white,中华田园猫八字胡奶牛,05,05-cat-teaser1-mirror,cat_teaser1_mirror,右前爪坐姿拨打逗猫棒后注视玩具,0,735_61-chinese-domestic-moustache-black-white_05-cat-teaser1-mirror_seed-0,4,4.0,24,480,832,15:26,9:16,cat_teaser1_mirror.v1,pending_model_validation,5c7abea398cc5cec6ee97bd79e91c601838c2218c8101bd13041c5753a5e72ec,af450da4b11a442fbb8dc3b090842b494306a33800841e4f3ac9399fb1a3e695
736,736,../data_h3/cat_ids/61_中华田园猫八字胡奶牛.png,Ref_cat_teaser2.mp4,prepared/Ref_cat_teaser2.motion.mp4,prompts/cat_teaser2.v1.en.txt,61,61-chinese-domestic-moustache-black-white,中华田园猫八字胡奶牛,06,06-cat-teaser2,cat_teaser2,起身向画面右侧追拍逗猫棒并站定,0,736_61-chinese-domestic-moustache-black-white_06-cat-teaser2_seed-0,4,4.0,24,480,832,15:26,9:16,cat_teaser2.v1,pending_model_validation,d24950c871f5181f868624b0d0235308584d0cda7f2fe02eb6c362bca9be17e4,a8c95e9c38443d4d231086357cb356e7c98cb2af1a6bfa216feae39e945cc0ec
737,737,../data_h3/cat_ids/61_中华田园猫八字胡奶牛.png,Ref_cat_teaser2_mirror.mp4,prepared/Ref_cat_teaser2_mirror.motion.mp4,prompts/cat_teaser2_mirror.v1.en.txt,61,61-chinese-domestic-moustache-black-white,中华田园猫八字胡奶牛,07,07-cat-teaser2-mirror,cat_teaser2_mirror,起身向画面左侧追拍逗猫棒并站定,0,737_61-chinese-domestic-moustache-black-white_07-cat-teaser2-mirror_seed-0,4,4.0,24,480,832,15:26,9:16,cat_teaser2_mirror.v1,pending_model_validation,96e072371eb22e5b130ddeb5d0d5286b26069e03ec55aa98d8eb8998108588b0,7d4ae2310b662639649d68fa4f699951317c36f76eb715534248659d1924613d
738,738,../data_h3/cat_ids/61_中华田园猫八字胡奶牛.png,Ref_cat_teaser3.mp4,prepared/Ref_cat_teaser3.motion.mp4,prompts/cat_teaser3.v1.en.txt,61,61-chinese-domestic-moustache-black-white,中华田园猫八字胡奶牛,08,08-cat-teaser3,cat_teaser3,双前爪抬起抓扑逗猫棒后落地坐定,0,738_61-chinese-domestic-moustache-black-white_08-cat-teaser3_seed-0,4,4.0,24,480,832,15:26,9:16,cat_teaser3.v1,pending_model_validation,28125c76324f19aa23e77ae9b7227ec9da10d152f0fe3eb89243ddf4b0cd0c6b,71df79527a94810bcacebc9cb956fa137c891a4ed437386697434b19c5fbb7ce
739,739,../data_h3/cat_ids/61_中华田园猫八字胡奶牛.png,Ref_drag_yarn_ball_and_catch.mp4,prepared/Ref_drag_yarn_ball_and_catch.motion.mp4,prompts/drag_yarn_ball_and_catch.v1.en.txt,61,61-chinese-domestic-moustache-black-white,中华田园猫八字胡奶牛,09,09-drag-yarn-ball-and-catch,drag_yarn_ball_and_catch,追扑从画面左向右滚动的毛线球并按住,0,739_61-chinese-domestic-moustache-black-white_09-drag-yarn-ball-and-catch_seed-0,4,4.0,24,480,832,15:26,9:16,drag_yarn_ball_and_catch.v1,pending_model_validation,7ebe1b2a01564d805523f56b909e9a53772ebed08cbeda3c79c1765cceab70f6,5b888bc1cdc661bc3b5760445027966ef8d36a31c447614acbd23d3ca6af442e
740,740,../data_h3/cat_ids/61_中华田园猫八字胡奶牛.png,Ref_drag_yarn_ball_and_catch_mirror.mp4,prepared/Ref_drag_yarn_ball_and_catch_mirror.motion.mp4,prompts/drag_yarn_ball_and_catch_mirror.v1.en.txt,61,61-chinese-domestic-moustache-black-white,中华田园猫八字胡奶牛,10,10-drag-yarn-ball-and-catch-mirror,drag_yarn_ball_and_catch_mirror,追扑从画面右向左滚动的毛线球并按住,0,740_61-chinese-domestic-moustache-black-white_10-drag-yarn-ball-and-catch-mirror_seed-0,4,4.0,24,480,832,15:26,9:16,drag_yarn_ball_and_catch_mirror.v1,pending_model_validation,477225bf4f6fca729b4947c68a49ba53af5fb0428686571bc103a6f680058a2d,8b44957f6ebaca7c04c4a0af6bf4fbb65085b8ecf0acaf3433dc727a25b74982
741,741,../data_h3/cat_ids/61_中华田园猫八字胡奶牛.png, Ref_curl_up_and_lie_down.mp4,prepared/ Ref_curl_up_and_lie_down.motion.mp4,prompts/curl_up_and_lie_down.v1.en.txt,61,61-chinese-domestic-moustache-black-white,中华田园猫八字胡奶牛,11,11-curl-up-and-lie-down,curl_up_and_lie_down,低头向画面左侧蜷卧并闭眼休息,0,741_61-chinese-domestic-moustache-black-white_11-curl-up-and-lie-down_seed-0,4,4.0,24,480,832,15:26,9:16,curl_up_and_lie_down.v1,pending_model_validation,9217effb2f85c4322c192edb9cc4c687268e1285527679229ed2d92161f10f6b,8414a980252d2baee6444085d2755563b7e0ccb3a138027e7cc6c1233be766eb
742,742,../data_h3/cat_ids/61_中华田园猫八字胡奶牛.png,Ref_curl_up_and_lie_down_mirror.mp4,prepared/Ref_curl_up_and_lie_down_mirror.motion.mp4,prompts/curl_up_and_lie_down_mirror.v1.en.txt,61,61-chinese-domestic-moustache-black-white,中华田园猫八字胡奶牛,12,12-curl-up-and-lie-down-mirror,curl_up_and_lie_down_mirror,低头向画面右侧蜷卧并闭眼休息,0,742_61-chinese-domestic-moustache-black-white_12-curl-up-and-lie-down-mirror_seed-0,4,4.0,24,480,832,15:26,9:16,curl_up_and_lie_down_mirror.v1,pending_model_validation,0ae3d03ab930f2329999e943296bf3ba83b1968a23833a258ffc30a3fc3491e0,5dcfd307dd80e4bd86fa73aff45f41f66eced8aba348a07f81f559f008a63527
743,743,../data_h3/cat_ids/61_中华田园猫八字胡奶牛.png,walk_forward_to_screen.mp4,prepared/walk_forward_to_screen.motion.mp4,prompts/walk_forward_to_screen.v1.en.txt,61,61-chinese-domestic-moustache-black-white,中华田园猫八字胡奶牛,13,13-walk-forward-to-screen,walk_forward_to_screen,起身向镜头走近并在近处站定,0,743_61-chinese-domestic-moustache-black-white_13-walk-forward-to-screen_seed-0,4,4.041699,24,480,832,15:26,9:16,walk_forward_to_screen.v1,pending_model_validation,18c1e41e3d0bc7b332298f78c798593c6903d921bcab1cd40f5525438039f02c,b63a08fc2ef943e20b969f5567a1c9334a3d7ca21d68db70b052c4345a83014a
744,744,../data_h3/cat_ids/62_中华田园猫高白三花.png,Ref_drag_ear.mp4,prepared/Ref_drag_ear.motion.mp4,prompts/drag_ear.v1.en.txt,62,62-chinese-domestic-high-white-calico,中华田园猫高白三花,02,02-pull-left-ear,drag_ear,左前爪轻擦左耳与脸部后恢复坐姿,0,744_62-chinese-domestic-high-white-calico_02-pull-left-ear_seed-0,4,4.0,24,480,832,15:26,9:16,drag_ear.v1,pending_model_validation,dbdc93fe3f0e922d0d53d3b6c78e213e176b5230876cf046e5da697fd2320d7b,241a5d66949edcf078e592e2d02939921c2ff68968a95640d4e5a7e2c4fe75c1
745,745,../data_h3/cat_ids/62_中华田园猫高白三花.png,Ref_drag_ear_mirror.mp4,prepared/Ref_drag_ear_mirror.motion.mp4,prompts/drag_ear_mirror.v1.en.txt,62,62-chinese-domestic-high-white-calico,中华田园猫高白三花,03,03-drag-ear-mirror,drag_ear_mirror,右前爪轻擦右耳与脸部后恢复坐姿,0,745_62-chinese-domestic-high-white-calico_03-drag-ear-mirror_seed-0,4,4.0,24,480,832,15:26,9:16,drag_ear_mirror.v1,pending_model_validation,68fc5e929e94c082c0da4f6ccda4e0b2f4f8e49e4da6baacf37e6a84c69f2fb3,f5a0412ed913f5aad8bffb33c68c3b0ad7f4923f44f06370f768483b146897f4
746,746,../data_h3/cat_ids/62_中华田园猫高白三花.png,Ref_cat_teaser1.mp4,prepared/Ref_cat_teaser1.motion.mp4,prompts/cat_teaser1.v1.en.txt,62,62-chinese-domestic-high-white-calico,中华田园猫高白三花,04,04-cat-teaser1,cat_teaser1,左前爪坐姿拨打逗猫棒后注视玩具,0,746_62-chinese-domestic-high-white-calico_04-cat-teaser1_seed-0,4,4.0,24,480,832,15:26,9:16,cat_teaser1.v1,pending_model_validation,28971748699ea020c1f7f9f78e45a8407665e85ec6df04732794d5fefc6126de,90ead0cb85338d88512f89fc4fdaa1599eaae717252a8a228289e47e9f7150f0
747,747,../data_h3/cat_ids/62_中华田园猫高白三花.png,Ref_cat_teaser1_mirror.mp4,prepared/Ref_cat_teaser1_mirror.motion.mp4,prompts/cat_teaser1_mirror.v1.en.txt,62,62-chinese-domestic-high-white-calico,中华田园猫高白三花,05,05-cat-teaser1-mirror,cat_teaser1_mirror,右前爪坐姿拨打逗猫棒后注视玩具,0,747_62-chinese-domestic-high-white-calico_05-cat-teaser1-mirror_seed-0,4,4.0,24,480,832,15:26,9:16,cat_teaser1_mirror.v1,pending_model_validation,5c7abea398cc5cec6ee97bd79e91c601838c2218c8101bd13041c5753a5e72ec,af450da4b11a442fbb8dc3b090842b494306a33800841e4f3ac9399fb1a3e695
748,748,../data_h3/cat_ids/62_中华田园猫高白三花.png,Ref_cat_teaser2.mp4,prepared/Ref_cat_teaser2.motion.mp4,prompts/cat_teaser2.v1.en.txt,62,62-chinese-domestic-high-white-calico,中华田园猫高白三花,06,06-cat-teaser2,cat_teaser2,起身向画面右侧追拍逗猫棒并站定,0,748_62-chinese-domestic-high-white-calico_06-cat-teaser2_seed-0,4,4.0,24,480,832,15:26,9:16,cat_teaser2.v1,pending_model_validation,d24950c871f5181f868624b0d0235308584d0cda7f2fe02eb6c362bca9be17e4,a8c95e9c38443d4d231086357cb356e7c98cb2af1a6bfa216feae39e945cc0ec
749,749,../data_h3/cat_ids/62_中华田园猫高白三花.png,Ref_cat_teaser2_mirror.mp4,prepared/Ref_cat_teaser2_mirror.motion.mp4,prompts/cat_teaser2_mirror.v1.en.txt,62,62-chinese-domestic-high-white-calico,中华田园猫高白三花,07,07-cat-teaser2-mirror,cat_teaser2_mirror,起身向画面左侧追拍逗猫棒并站定,0,749_62-chinese-domestic-high-white-calico_07-cat-teaser2-mirror_seed-0,4,4.0,24,480,832,15:26,9:16,cat_teaser2_mirror.v1,pending_model_validation,96e072371eb22e5b130ddeb5d0d5286b26069e03ec55aa98d8eb8998108588b0,7d4ae2310b662639649d68fa4f699951317c36f76eb715534248659d1924613d
750,750,../data_h3/cat_ids/62_中华田园猫高白三花.png,Ref_cat_teaser3.mp4,prepared/Ref_cat_teaser3.motion.mp4,prompts/cat_teaser3.v1.en.txt,62,62-chinese-domestic-high-white-calico,中华田园猫高白三花,08,08-cat-teaser3,cat_teaser3,双前爪抬起抓扑逗猫棒后落地坐定,0,750_62-chinese-domestic-high-white-calico_08-cat-teaser3_seed-0,4,4.0,24,480,832,15:26,9:16,cat_teaser3.v1,pending_model_validation,28125c76324f19aa23e77ae9b7227ec9da10d152f0fe3eb89243ddf4b0cd0c6b,71df79527a94810bcacebc9cb956fa137c891a4ed437386697434b19c5fbb7ce
751,751,../data_h3/cat_ids/62_中华田园猫高白三花.png,Ref_drag_yarn_ball_and_catch.mp4,prepared/Ref_drag_yarn_ball_and_catch.motion.mp4,prompts/drag_yarn_ball_and_catch.v1.en.txt,62,62-chinese-domestic-high-white-calico,中华田园猫高白三花,09,09-drag-yarn-ball-and-catch,drag_yarn_ball_and_catch,追扑从画面左向右滚动的毛线球并按住,0,751_62-chinese-domestic-high-white-calico_09-drag-yarn-ball-and-catch_seed-0,4,4.0,24,480,832,15:26,9:16,drag_yarn_ball_and_catch.v1,pending_model_validation,7ebe1b2a01564d805523f56b909e9a53772ebed08cbeda3c79c1765cceab70f6,5b888bc1cdc661bc3b5760445027966ef8d36a31c447614acbd23d3ca6af442e
752,752,../data_h3/cat_ids/62_中华田园猫高白三花.png,Ref_drag_yarn_ball_and_catch_mirror.mp4,prepared/Ref_drag_yarn_ball_and_catch_mirror.motion.mp4,prompts/drag_yarn_ball_and_catch_mirror.v1.en.txt,62,62-chinese-domestic-high-white-calico,中华田园猫高白三花,10,10-drag-yarn-ball-and-catch-mirror,drag_yarn_ball_and_catch_mirror,追扑从画面右向左滚动的毛线球并按住,0,752_62-chinese-domestic-high-white-calico_10-drag-yarn-ball-and-catch-mirror_seed-0,4,4.0,24,480,832,15:26,9:16,drag_yarn_ball_and_catch_mirror.v1,pending_model_validation,477225bf4f6fca729b4947c68a49ba53af5fb0428686571bc103a6f680058a2d,8b44957f6ebaca7c04c4a0af6bf4fbb65085b8ecf0acaf3433dc727a25b74982
753,753,../data_h3/cat_ids/62_中华田园猫高白三花.png, Ref_curl_up_and_lie_down.mp4,prepared/ Ref_curl_up_and_lie_down.motion.mp4,prompts/curl_up_and_lie_down.v1.en.txt,62,62-chinese-domestic-high-white-calico,中华田园猫高白三花,11,11-curl-up-and-lie-down,curl_up_and_lie_down,低头向画面左侧蜷卧并闭眼休息,0,753_62-chinese-domestic-high-white-calico_11-curl-up-and-lie-down_seed-0,4,4.0,24,480,832,15:26,9:16,curl_up_and_lie_down.v1,pending_model_validation,9217effb2f85c4322c192edb9cc4c687268e1285527679229ed2d92161f10f6b,8414a980252d2baee6444085d2755563b7e0ccb3a138027e7cc6c1233be766eb
754,754,../data_h3/cat_ids/62_中华田园猫高白三花.png,Ref_curl_up_and_lie_down_mirror.mp4,prepared/Ref_curl_up_and_lie_down_mirror.motion.mp4,prompts/curl_up_and_lie_down_mirror.v1.en.txt,62,62-chinese-domestic-high-white-calico,中华田园猫高白三花,12,12-curl-up-and-lie-down-mirror,curl_up_and_lie_down_mirror,低头向画面右侧蜷卧并闭眼休息,0,754_62-chinese-domestic-high-white-calico_12-curl-up-and-lie-down-mirror_seed-0,4,4.0,24,480,832,15:26,9:16,curl_up_and_lie_down_mirror.v1,pending_model_validation,0ae3d03ab930f2329999e943296bf3ba83b1968a23833a258ffc30a3fc3491e0,5dcfd307dd80e4bd86fa73aff45f41f66eced8aba348a07f81f559f008a63527
755,755,../data_h3/cat_ids/62_中华田园猫高白三花.png,walk_forward_to_screen.mp4,prepared/walk_forward_to_screen.motion.mp4,prompts/walk_forward_to_screen.v1.en.txt,62,62-chinese-domestic-high-white-calico,中华田园猫高白三花,13,13-walk-forward-to-screen,walk_forward_to_screen,起身向镜头走近并在近处站定,0,755_62-chinese-domestic-high-white-calico_13-walk-forward-to-screen_seed-0,4,4.041699,24,480,832,15:26,9:16,walk_forward_to_screen.v1,pending_model_validation,18c1e41e3d0bc7b332298f78c798593c6903d921bcab1cd40f5525438039f02c,b63a08fc2ef943e20b969f5567a1c9334a3d7ca21d68db70b052c4345a83014a
756,756,../data_h3/cat_ids/63_中华田园猫均衡三花.png,Ref_drag_ear.mp4,prepared/Ref_drag_ear.motion.mp4,prompts/drag_ear.v1.en.txt,63,63-chinese-domestic-balanced-calico,中华田园猫均衡三花,02,02-pull-left-ear,drag_ear,左前爪轻擦左耳与脸部后恢复坐姿,0,756_63-chinese-domestic-balanced-calico_02-pull-left-ear_seed-0,4,4.0,24,480,832,15:26,9:16,drag_ear.v1,pending_model_validation,dbdc93fe3f0e922d0d53d3b6c78e213e176b5230876cf046e5da697fd2320d7b,241a5d66949edcf078e592e2d02939921c2ff68968a95640d4e5a7e2c4fe75c1
757,757,../data_h3/cat_ids/63_中华田园猫均衡三花.png,Ref_drag_ear_mirror.mp4,prepared/Ref_drag_ear_mirror.motion.mp4,prompts/drag_ear_mirror.v1.en.txt,63,63-chinese-domestic-balanced-calico,中华田园猫均衡三花,03,03-drag-ear-mirror,drag_ear_mirror,右前爪轻擦右耳与脸部后恢复坐姿,0,757_63-chinese-domestic-balanced-calico_03-drag-ear-mirror_seed-0,4,4.0,24,480,832,15:26,9:16,drag_ear_mirror.v1,pending_model_validation,68fc5e929e94c082c0da4f6ccda4e0b2f4f8e49e4da6baacf37e6a84c69f2fb3,f5a0412ed913f5aad8bffb33c68c3b0ad7f4923f44f06370f768483b146897f4
758,758,../data_h3/cat_ids/63_中华田园猫均衡三花.png,Ref_cat_teaser1.mp4,prepared/Ref_cat_teaser1.motion.mp4,prompts/cat_teaser1.v1.en.txt,63,63-chinese-domestic-balanced-calico,中华田园猫均衡三花,04,04-cat-teaser1,cat_teaser1,左前爪坐姿拨打逗猫棒后注视玩具,0,758_63-chinese-domestic-balanced-calico_04-cat-teaser1_seed-0,4,4.0,24,480,832,15:26,9:16,cat_teaser1.v1,pending_model_validation,28971748699ea020c1f7f9f78e45a8407665e85ec6df04732794d5fefc6126de,90ead0cb85338d88512f89fc4fdaa1599eaae717252a8a228289e47e9f7150f0
759,759,../data_h3/cat_ids/63_中华田园猫均衡三花.png,Ref_cat_teaser1_mirror.mp4,prepared/Ref_cat_teaser1_mirror.motion.mp4,prompts/cat_teaser1_mirror.v1.en.txt,63,63-chinese-domestic-balanced-calico,中华田园猫均衡三花,05,05-cat-teaser1-mirror,cat_teaser1_mirror,右前爪坐姿拨打逗猫棒后注视玩具,0,759_63-chinese-domestic-balanced-calico_05-cat-teaser1-mirror_seed-0,4,4.0,24,480,832,15:26,9:16,cat_teaser1_mirror.v1,pending_model_validation,5c7abea398cc5cec6ee97bd79e91c601838c2218c8101bd13041c5753a5e72ec,af450da4b11a442fbb8dc3b090842b494306a33800841e4f3ac9399fb1a3e695
760,760,../data_h3/cat_ids/63_中华田园猫均衡三花.png,Ref_cat_teaser2.mp4,prepared/Ref_cat_teaser2.motion.mp4,prompts/cat_teaser2.v1.en.txt,63,63-chinese-domestic-balanced-calico,中华田园猫均衡三花,06,06-cat-teaser2,cat_teaser2,起身向画面右侧追拍逗猫棒并站定,0,760_63-chinese-domestic-balanced-calico_06-cat-teaser2_seed-0,4,4.0,24,480,832,15:26,9:16,cat_teaser2.v1,pending_model_validation,d24950c871f5181f868624b0d0235308584d0cda7f2fe02eb6c362bca9be17e4,a8c95e9c38443d4d231086357cb356e7c98cb2af1a6bfa216feae39e945cc0ec
761,761,../data_h3/cat_ids/63_中华田园猫均衡三花.png,Ref_cat_teaser2_mirror.mp4,prepared/Ref_cat_teaser2_mirror.motion.mp4,prompts/cat_teaser2_mirror.v1.en.txt,63,63-chinese-domestic-balanced-calico,中华田园猫均衡三花,07,07-cat-teaser2-mirror,cat_teaser2_mirror,起身向画面左侧追拍逗猫棒并站定,0,761_63-chinese-domestic-balanced-calico_07-cat-teaser2-mirror_seed-0,4,4.0,24,480,832,15:26,9:16,cat_teaser2_mirror.v1,pending_model_validation,96e072371eb22e5b130ddeb5d0d5286b26069e03ec55aa98d8eb8998108588b0,7d4ae2310b662639649d68fa4f699951317c36f76eb715534248659d1924613d
762,762,../data_h3/cat_ids/63_中华田园猫均衡三花.png,Ref_cat_teaser3.mp4,prepared/Ref_cat_teaser3.motion.mp4,prompts/cat_teaser3.v1.en.txt,63,63-chinese-domestic-balanced-calico,中华田园猫均衡三花,08,08-cat-teaser3,cat_teaser3,双前爪抬起抓扑逗猫棒后落地坐定,0,762_63-chinese-domestic-balanced-calico_08-cat-teaser3_seed-0,4,4.0,24,480,832,15:26,9:16,cat_teaser3.v1,pending_model_validation,28125c76324f19aa23e77ae9b7227ec9da10d152f0fe3eb89243ddf4b0cd0c6b,71df79527a94810bcacebc9cb956fa137c891a4ed437386697434b19c5fbb7ce
763,763,../data_h3/cat_ids/63_中华田园猫均衡三花.png,Ref_drag_yarn_ball_and_catch.mp4,prepared/Ref_drag_yarn_ball_and_catch.motion.mp4,prompts/drag_yarn_ball_and_catch.v1.en.txt,63,63-chinese-domestic-balanced-calico,中华田园猫均衡三花,09,09-drag-yarn-ball-and-catch,drag_yarn_ball_and_catch,追扑从画面左向右滚动的毛线球并按住,0,763_63-chinese-domestic-balanced-calico_09-drag-yarn-ball-and-catch_seed-0,4,4.0,24,480,832,15:26,9:16,drag_yarn_ball_and_catch.v1,pending_model_validation,7ebe1b2a01564d805523f56b909e9a53772ebed08cbeda3c79c1765cceab70f6,5b888bc1cdc661bc3b5760445027966ef8d36a31c447614acbd23d3ca6af442e
764,764,../data_h3/cat_ids/63_中华田园猫均衡三花.png,Ref_drag_yarn_ball_and_catch_mirror.mp4,prepared/Ref_drag_yarn_ball_and_catch_mirror.motion.mp4,prompts/drag_yarn_ball_and_catch_mirror.v1.en.txt,63,63-chinese-domestic-balanced-calico,中华田园猫均衡三花,10,10-drag-yarn-ball-and-catch-mirror,drag_yarn_ball_and_catch_mirror,追扑从画面右向左滚动的毛线球并按住,0,764_63-chinese-domestic-balanced-calico_10-drag-yarn-ball-and-catch-mirror_seed-0,4,4.0,24,480,832,15:26,9:16,drag_yarn_ball_and_catch_mirror.v1,pending_model_validation,477225bf4f6fca729b4947c68a49ba53af5fb0428686571bc103a6f680058a2d,8b44957f6ebaca7c04c4a0af6bf4fbb65085b8ecf0acaf3433dc727a25b74982
765,765,../data_h3/cat_ids/63_中华田园猫均衡三花.png, Ref_curl_up_and_lie_down.mp4,prepared/ Ref_curl_up_and_lie_down.motion.mp4,prompts/curl_up_and_lie_down.v1.en.txt,63,63-chinese-domestic-balanced-calico,中华田园猫均衡三花,11,11-curl-up-and-lie-down,curl_up_and_lie_down,低头向画面左侧蜷卧并闭眼休息,0,765_63-chinese-domestic-balanced-calico_11-curl-up-and-lie-down_seed-0,4,4.0,24,480,832,15:26,9:16,curl_up_and_lie_down.v1,pending_model_validation,9217effb2f85c4322c192edb9cc4c687268e1285527679229ed2d92161f10f6b,8414a980252d2baee6444085d2755563b7e0ccb3a138027e7cc6c1233be766eb
766,766,../data_h3/cat_ids/63_中华田园猫均衡三花.png,Ref_curl_up_and_lie_down_mirror.mp4,prepared/Ref_curl_up_and_lie_down_mirror.motion.mp4,prompts/curl_up_and_lie_down_mirror.v1.en.txt,63,63-chinese-domestic-balanced-calico,中华田园猫均衡三花,12,12-curl-up-and-lie-down-mirror,curl_up_and_lie_down_mirror,低头向画面右侧蜷卧并闭眼休息,0,766_63-chinese-domestic-balanced-calico_12-curl-up-and-lie-down-mirror_seed-0,4,4.0,24,480,832,15:26,9:16,curl_up_and_lie_down_mirror.v1,pending_model_validation,0ae3d03ab930f2329999e943296bf3ba83b1968a23833a258ffc30a3fc3491e0,5dcfd307dd80e4bd86fa73aff45f41f66eced8aba348a07f81f559f008a63527
767,767,../data_h3/cat_ids/63_中华田园猫均衡三花.png,walk_forward_to_screen.mp4,prepared/walk_forward_to_screen.motion.mp4,prompts/walk_forward_to_screen.v1.en.txt,63,63-chinese-domestic-balanced-calico,中华田园猫均衡三花,13,13-walk-forward-to-screen,walk_forward_to_screen,起身向镜头走近并在近处站定,0,767_63-chinese-domestic-balanced-calico_13-walk-forward-to-screen_seed-0,4,4.041699,24,480,832,15:26,9:16,walk_forward_to_screen.v1,pending_model_validation,18c1e41e3d0bc7b332298f78c798593c6903d921bcab1cd40f5525438039f02c,b63a08fc2ef943e20b969f5567a1c9334a3d7ca21d68db70b052c4345a83014a
768,768,../data_h3/cat_ids/64_中华田园猫低白三花.png,Ref_drag_ear.mp4,prepared/Ref_drag_ear.motion.mp4,prompts/drag_ear.v1.en.txt,64,64-chinese-domestic-low-white-calico,中华田园猫低白三花,02,02-pull-left-ear,drag_ear,左前爪轻擦左耳与脸部后恢复坐姿,0,768_64-chinese-domestic-low-white-calico_02-pull-left-ear_seed-0,4,4.0,24,480,832,15:26,9:16,drag_ear.v1,pending_model_validation,dbdc93fe3f0e922d0d53d3b6c78e213e176b5230876cf046e5da697fd2320d7b,241a5d66949edcf078e592e2d02939921c2ff68968a95640d4e5a7e2c4fe75c1
769,769,../data_h3/cat_ids/64_中华田园猫低白三花.png,Ref_drag_ear_mirror.mp4,prepared/Ref_drag_ear_mirror.motion.mp4,prompts/drag_ear_mirror.v1.en.txt,64,64-chinese-domestic-low-white-calico,中华田园猫低白三花,03,03-drag-ear-mirror,drag_ear_mirror,右前爪轻擦右耳与脸部后恢复坐姿,0,769_64-chinese-domestic-low-white-calico_03-drag-ear-mirror_seed-0,4,4.0,24,480,832,15:26,9:16,drag_ear_mirror.v1,pending_model_validation,68fc5e929e94c082c0da4f6ccda4e0b2f4f8e49e4da6baacf37e6a84c69f2fb3,f5a0412ed913f5aad8bffb33c68c3b0ad7f4923f44f06370f768483b146897f4
770,770,../data_h3/cat_ids/64_中华田园猫低白三花.png,Ref_cat_teaser1.mp4,prepared/Ref_cat_teaser1.motion.mp4,prompts/cat_teaser1.v1.en.txt,64,64-chinese-domestic-low-white-calico,中华田园猫低白三花,04,04-cat-teaser1,cat_teaser1,左前爪坐姿拨打逗猫棒后注视玩具,0,770_64-chinese-domestic-low-white-calico_04-cat-teaser1_seed-0,4,4.0,24,480,832,15:26,9:16,cat_teaser1.v1,pending_model_validation,28971748699ea020c1f7f9f78e45a8407665e85ec6df04732794d5fefc6126de,90ead0cb85338d88512f89fc4fdaa1599eaae717252a8a228289e47e9f7150f0
771,771,../data_h3/cat_ids/64_中华田园猫低白三花.png,Ref_cat_teaser1_mirror.mp4,prepared/Ref_cat_teaser1_mirror.motion.mp4,prompts/cat_teaser1_mirror.v1.en.txt,64,64-chinese-domestic-low-white-calico,中华田园猫低白三花,05,05-cat-teaser1-mirror,cat_teaser1_mirror,右前爪坐姿拨打逗猫棒后注视玩具,0,771_64-chinese-domestic-low-white-calico_05-cat-teaser1-mirror_seed-0,4,4.0,24,480,832,15:26,9:16,cat_teaser1_mirror.v1,pending_model_validation,5c7abea398cc5cec6ee97bd79e91c601838c2218c8101bd13041c5753a5e72ec,af450da4b11a442fbb8dc3b090842b494306a33800841e4f3ac9399fb1a3e695
772,772,../data_h3/cat_ids/64_中华田园猫低白三花.png,Ref_cat_teaser2.mp4,prepared/Ref_cat_teaser2.motion.mp4,prompts/cat_teaser2.v1.en.txt,64,64-chinese-domestic-low-white-calico,中华田园猫低白三花,06,06-cat-teaser2,cat_teaser2,起身向画面右侧追拍逗猫棒并站定,0,772_64-chinese-domestic-low-white-calico_06-cat-teaser2_seed-0,4,4.0,24,480,832,15:26,9:16,cat_teaser2.v1,pending_model_validation,d24950c871f5181f868624b0d0235308584d0cda7f2fe02eb6c362bca9be17e4,a8c95e9c38443d4d231086357cb356e7c98cb2af1a6bfa216feae39e945cc0ec
773,773,../data_h3/cat_ids/64_中华田园猫低白三花.png,Ref_cat_teaser2_mirror.mp4,prepared/Ref_cat_teaser2_mirror.motion.mp4,prompts/cat_teaser2_mirror.v1.en.txt,64,64-chinese-domestic-low-white-calico,中华田园猫低白三花,07,07-cat-teaser2-mirror,cat_teaser2_mirror,起身向画面左侧追拍逗猫棒并站定,0,773_64-chinese-domestic-low-white-calico_07-cat-teaser2-mirror_seed-0,4,4.0,24,480,832,15:26,9:16,cat_teaser2_mirror.v1,pending_model_validation,96e072371eb22e5b130ddeb5d0d5286b26069e03ec55aa98d8eb8998108588b0,7d4ae2310b662639649d68fa4f699951317c36f76eb715534248659d1924613d
774,774,../data_h3/cat_ids/64_中华田园猫低白三花.png,Ref_cat_teaser3.mp4,prepared/Ref_cat_teaser3.motion.mp4,prompts/cat_teaser3.v1.en.txt,64,64-chinese-domestic-low-white-calico,中华田园猫低白三花,08,08-cat-teaser3,cat_teaser3,双前爪抬起抓扑逗猫棒后落地坐定,0,774_64-chinese-domestic-low-white-calico_08-cat-teaser3_seed-0,4,4.0,24,480,832,15:26,9:16,cat_teaser3.v1,pending_model_validation,28125c76324f19aa23e77ae9b7227ec9da10d152f0fe3eb89243ddf4b0cd0c6b,71df79527a94810bcacebc9cb956fa137c891a4ed437386697434b19c5fbb7ce
775,775,../data_h3/cat_ids/64_中华田园猫低白三花.png,Ref_drag_yarn_ball_and_catch.mp4,prepared/Ref_drag_yarn_ball_and_catch.motion.mp4,prompts/drag_yarn_ball_and_catch.v1.en.txt,64,64-chinese-domestic-low-white-calico,中华田园猫低白三花,09,09-drag-yarn-ball-and-catch,drag_yarn_ball_and_catch,追扑从画面左向右滚动的毛线球并按住,0,775_64-chinese-domestic-low-white-calico_09-drag-yarn-ball-and-catch_seed-0,4,4.0,24,480,832,15:26,9:16,drag_yarn_ball_and_catch.v1,pending_model_validation,7ebe1b2a01564d805523f56b909e9a53772ebed08cbeda3c79c1765cceab70f6,5b888bc1cdc661bc3b5760445027966ef8d36a31c447614acbd23d3ca6af442e
776,776,../data_h3/cat_ids/64_中华田园猫低白三花.png,Ref_drag_yarn_ball_and_catch_mirror.mp4,prepared/Ref_drag_yarn_ball_and_catch_mirror.motion.mp4,prompts/drag_yarn_ball_and_catch_mirror.v1.en.txt,64,64-chinese-domestic-low-white-calico,中华田园猫低白三花,10,10-drag-yarn-ball-and-catch-mirror,drag_yarn_ball_and_catch_mirror,追扑从画面右向左滚动的毛线球并按住,0,776_64-chinese-domestic-low-white-calico_10-drag-yarn-ball-and-catch-mirror_seed-0,4,4.0,24,480,832,15:26,9:16,drag_yarn_ball_and_catch_mirror.v1,pending_model_validation,477225bf4f6fca729b4947c68a49ba53af5fb0428686571bc103a6f680058a2d,8b44957f6ebaca7c04c4a0af6bf4fbb65085b8ecf0acaf3433dc727a25b74982
777,777,../data_h3/cat_ids/64_中华田园猫低白三花.png, Ref_curl_up_and_lie_down.mp4,prepared/ Ref_curl_up_and_lie_down.motion.mp4,prompts/curl_up_and_lie_down.v1.en.txt,64,64-chinese-domestic-low-white-calico,中华田园猫低白三花,11,11-curl-up-and-lie-down,curl_up_and_lie_down,低头向画面左侧蜷卧并闭眼休息,0,777_64-chinese-domestic-low-white-calico_11-curl-up-and-lie-down_seed-0,4,4.0,24,480,832,15:26,9:16,curl_up_and_lie_down.v1,pending_model_validation,9217effb2f85c4322c192edb9cc4c687268e1285527679229ed2d92161f10f6b,8414a980252d2baee6444085d2755563b7e0ccb3a138027e7cc6c1233be766eb
778,778,../data_h3/cat_ids/64_中华田园猫低白三花.png,Ref_curl_up_and_lie_down_mirror.mp4,prepared/Ref_curl_up_and_lie_down_mirror.motion.mp4,prompts/curl_up_and_lie_down_mirror.v1.en.txt,64,64-chinese-domestic-low-white-calico,中华田园猫低白三花,12,12-curl-up-and-lie-down-mirror,curl_up_and_lie_down_mirror,低头向画面右侧蜷卧并闭眼休息,0,778_64-chinese-domestic-low-white-calico_12-curl-up-and-lie-down-mirror_seed-0,4,4.0,24,480,832,15:26,9:16,curl_up_and_lie_down_mirror.v1,pending_model_validation,0ae3d03ab930f2329999e943296bf3ba83b1968a23833a258ffc30a3fc3491e0,5dcfd307dd80e4bd86fa73aff45f41f66eced8aba348a07f81f559f008a63527
779,779,../data_h3/cat_ids/64_中华田园猫低白三花.png,walk_forward_to_screen.mp4,prepared/walk_forward_to_screen.motion.mp4,prompts/walk_forward_to_screen.v1.en.txt,64,64-chinese-domestic-low-white-calico,中华田园猫低白三花,13,13-walk-forward-to-screen,walk_forward_to_screen,起身向镜头走近并在近处站定,0,779_64-chinese-domestic-low-white-calico_13-walk-forward-to-screen_seed-0,4,4.041699,24,480,832,15:26,9:16,walk_forward_to_screen.v1,pending_model_validation,18c1e41e3d0bc7b332298f78c798593c6903d921bcab1cd40f5525438039f02c,b63a08fc2ef943e20b969f5567a1c9334a3d7ca21d68db70b052c4345a83014a
780,780,../data_h3/cat_ids/65_暹罗猫蓝重点色.png,Ref_drag_ear.mp4,prepared/Ref_drag_ear.motion.mp4,prompts/drag_ear.v1.en.txt,65,65-siamese-blue-point,暹罗猫蓝重点色,02,02-pull-left-ear,drag_ear,左前爪轻擦左耳与脸部后恢复坐姿,0,780_65-siamese-blue-point_02-pull-left-ear_seed-0,4,4.0,24,480,832,15:26,9:16,drag_ear.v1,pending_model_validation,dbdc93fe3f0e922d0d53d3b6c78e213e176b5230876cf046e5da697fd2320d7b,241a5d66949edcf078e592e2d02939921c2ff68968a95640d4e5a7e2c4fe75c1
781,781,../data_h3/cat_ids/65_暹罗猫蓝重点色.png,Ref_drag_ear_mirror.mp4,prepared/Ref_drag_ear_mirror.motion.mp4,prompts/drag_ear_mirror.v1.en.txt,65,65-siamese-blue-point,暹罗猫蓝重点色,03,03-drag-ear-mirror,drag_ear_mirror,右前爪轻擦右耳与脸部后恢复坐姿,0,781_65-siamese-blue-point_03-drag-ear-mirror_seed-0,4,4.0,24,480,832,15:26,9:16,drag_ear_mirror.v1,pending_model_validation,68fc5e929e94c082c0da4f6ccda4e0b2f4f8e49e4da6baacf37e6a84c69f2fb3,f5a0412ed913f5aad8bffb33c68c3b0ad7f4923f44f06370f768483b146897f4
782,782,../data_h3/cat_ids/65_暹罗猫蓝重点色.png,Ref_cat_teaser1.mp4,prepared/Ref_cat_teaser1.motion.mp4,prompts/cat_teaser1.v1.en.txt,65,65-siamese-blue-point,暹罗猫蓝重点色,04,04-cat-teaser1,cat_teaser1,左前爪坐姿拨打逗猫棒后注视玩具,0,782_65-siamese-blue-point_04-cat-teaser1_seed-0,4,4.0,24,480,832,15:26,9:16,cat_teaser1.v1,pending_model_validation,28971748699ea020c1f7f9f78e45a8407665e85ec6df04732794d5fefc6126de,90ead0cb85338d88512f89fc4fdaa1599eaae717252a8a228289e47e9f7150f0
783,783,../data_h3/cat_ids/65_暹罗猫蓝重点色.png,Ref_cat_teaser1_mirror.mp4,prepared/Ref_cat_teaser1_mirror.motion.mp4,prompts/cat_teaser1_mirror.v1.en.txt,65,65-siamese-blue-point,暹罗猫蓝重点色,05,05-cat-teaser1-mirror,cat_teaser1_mirror,右前爪坐姿拨打逗猫棒后注视玩具,0,783_65-siamese-blue-point_05-cat-teaser1-mirror_seed-0,4,4.0,24,480,832,15:26,9:16,cat_teaser1_mirror.v1,pending_model_validation,5c7abea398cc5cec6ee97bd79e91c601838c2218c8101bd13041c5753a5e72ec,af450da4b11a442fbb8dc3b090842b494306a33800841e4f3ac9399fb1a3e695
784,784,../data_h3/cat_ids/65_暹罗猫蓝重点色.png,Ref_cat_teaser2.mp4,prepared/Ref_cat_teaser2.motion.mp4,prompts/cat_teaser2.v1.en.txt,65,65-siamese-blue-point,暹罗猫蓝重点色,06,06-cat-teaser2,cat_teaser2,起身向画面右侧追拍逗猫棒并站定,0,784_65-siamese-blue-point_06-cat-teaser2_seed-0,4,4.0,24,480,832,15:26,9:16,cat_teaser2.v1,pending_model_validation,d24950c871f5181f868624b0d0235308584d0cda7f2fe02eb6c362bca9be17e4,a8c95e9c38443d4d231086357cb356e7c98cb2af1a6bfa216feae39e945cc0ec
785,785,../data_h3/cat_ids/65_暹罗猫蓝重点色.png,Ref_cat_teaser2_mirror.mp4,prepared/Ref_cat_teaser2_mirror.motion.mp4,prompts/cat_teaser2_mirror.v1.en.txt,65,65-siamese-blue-point,暹罗猫蓝重点色,07,07-cat-teaser2-mirror,cat_teaser2_mirror,起身向画面左侧追拍逗猫棒并站定,0,785_65-siamese-blue-point_07-cat-teaser2-mirror_seed-0,4,4.0,24,480,832,15:26,9:16,cat_teaser2_mirror.v1,pending_model_validation,96e072371eb22e5b130ddeb5d0d5286b26069e03ec55aa98d8eb8998108588b0,7d4ae2310b662639649d68fa4f699951317c36f76eb715534248659d1924613d
786,786,../data_h3/cat_ids/65_暹罗猫蓝重点色.png,Ref_cat_teaser3.mp4,prepared/Ref_cat_teaser3.motion.mp4,prompts/cat_teaser3.v1.en.txt,65,65-siamese-blue-point,暹罗猫蓝重点色,08,08-cat-teaser3,cat_teaser3,双前爪抬起抓扑逗猫棒后落地坐定,0,786_65-siamese-blue-point_08-cat-teaser3_seed-0,4,4.0,24,480,832,15:26,9:16,cat_teaser3.v1,pending_model_validation,28125c76324f19aa23e77ae9b7227ec9da10d152f0fe3eb89243ddf4b0cd0c6b,71df79527a94810bcacebc9cb956fa137c891a4ed437386697434b19c5fbb7ce
787,787,../data_h3/cat_ids/65_暹罗猫蓝重点色.png,Ref_drag_yarn_ball_and_catch.mp4,prepared/Ref_drag_yarn_ball_and_catch.motion.mp4,prompts/drag_yarn_ball_and_catch.v1.en.txt,65,65-siamese-blue-point,暹罗猫蓝重点色,09,09-drag-yarn-ball-and-catch,drag_yarn_ball_and_catch,追扑从画面左向右滚动的毛线球并按住,0,787_65-siamese-blue-point_09-drag-yarn-ball-and-catch_seed-0,4,4.0,24,480,832,15:26,9:16,drag_yarn_ball_and_catch.v1,pending_model_validation,7ebe1b2a01564d805523f56b909e9a53772ebed08cbeda3c79c1765cceab70f6,5b888bc1cdc661bc3b5760445027966ef8d36a31c447614acbd23d3ca6af442e
788,788,../data_h3/cat_ids/65_暹罗猫蓝重点色.png,Ref_drag_yarn_ball_and_catch_mirror.mp4,prepared/Ref_drag_yarn_ball_and_catch_mirror.motion.mp4,prompts/drag_yarn_ball_and_catch_mirror.v1.en.txt,65,65-siamese-blue-point,暹罗猫蓝重点色,10,10-drag-yarn-ball-and-catch-mirror,drag_yarn_ball_and_catch_mirror,追扑从画面右向左滚动的毛线球并按住,0,788_65-siamese-blue-point_10-drag-yarn-ball-and-catch-mirror_seed-0,4,4.0,24,480,832,15:26,9:16,drag_yarn_ball_and_catch_mirror.v1,pending_model_validation,477225bf4f6fca729b4947c68a49ba53af5fb0428686571bc103a6f680058a2d,8b44957f6ebaca7c04c4a0af6bf4fbb65085b8ecf0acaf3433dc727a25b74982
789,789,../data_h3/cat_ids/65_暹罗猫蓝重点色.png, Ref_curl_up_and_lie_down.mp4,prepared/ Ref_curl_up_and_lie_down.motion.mp4,prompts/curl_up_and_lie_down.v1.en.txt,65,65-siamese-blue-point,暹罗猫蓝重点色,11,11-curl-up-and-lie-down,curl_up_and_lie_down,低头向画面左侧蜷卧并闭眼休息,0,789_65-siamese-blue-point_11-curl-up-and-lie-down_seed-0,4,4.0,24,480,832,15:26,9:16,curl_up_and_lie_down.v1,pending_model_validation,9217effb2f85c4322c192edb9cc4c687268e1285527679229ed2d92161f10f6b,8414a980252d2baee6444085d2755563b7e0ccb3a138027e7cc6c1233be766eb
790,790,../data_h3/cat_ids/65_暹罗猫蓝重点色.png,Ref_curl_up_and_lie_down_mirror.mp4,prepared/Ref_curl_up_and_lie_down_mirror.motion.mp4,prompts/curl_up_and_lie_down_mirror.v1.en.txt,65,65-siamese-blue-point,暹罗猫蓝重点色,12,12-curl-up-and-lie-down-mirror,curl_up_and_lie_down_mirror,低头向画面右侧蜷卧并闭眼休息,0,790_65-siamese-blue-point_12-curl-up-and-lie-down-mirror_seed-0,4,4.0,24,480,832,15:26,9:16,curl_up_and_lie_down_mirror.v1,pending_model_validation,0ae3d03ab930f2329999e943296bf3ba83b1968a23833a258ffc30a3fc3491e0,5dcfd307dd80e4bd86fa73aff45f41f66eced8aba348a07f81f559f008a63527
791,791,../data_h3/cat_ids/65_暹罗猫蓝重点色.png,walk_forward_to_screen.mp4,prepared/walk_forward_to_screen.motion.mp4,prompts/walk_forward_to_screen.v1.en.txt,65,65-siamese-blue-point,暹罗猫蓝重点色,13,13-walk-forward-to-screen,walk_forward_to_screen,起身向镜头走近并在近处站定,0,791_65-siamese-blue-point_13-walk-forward-to-screen_seed-0,4,4.041699,24,480,832,15:26,9:16,walk_forward_to_screen.v1,pending_model_validation,18c1e41e3d0bc7b332298f78c798593c6903d921bcab1cd40f5525438039f02c,b63a08fc2ef943e20b969f5567a1c9334a3d7ca21d68db70b052c4345a83014a
792,792,../data_h3/cat_ids/66_暹罗猫巧克力重点色.png,Ref_drag_ear.mp4,prepared/Ref_drag_ear.motion.mp4,prompts/drag_ear.v1.en.txt,66,66-siamese-chocolate-point,暹罗猫巧克力重点色,02,02-pull-left-ear,drag_ear,左前爪轻擦左耳与脸部后恢复坐姿,0,792_66-siamese-chocolate-point_02-pull-left-ear_seed-0,4,4.0,24,480,832,15:26,9:16,drag_ear.v1,pending_model_validation,dbdc93fe3f0e922d0d53d3b6c78e213e176b5230876cf046e5da697fd2320d7b,241a5d66949edcf078e592e2d02939921c2ff68968a95640d4e5a7e2c4fe75c1
793,793,../data_h3/cat_ids/66_暹罗猫巧克力重点色.png,Ref_drag_ear_mirror.mp4,prepared/Ref_drag_ear_mirror.motion.mp4,prompts/drag_ear_mirror.v1.en.txt,66,66-siamese-chocolate-point,暹罗猫巧克力重点色,03,03-drag-ear-mirror,drag_ear_mirror,右前爪轻擦右耳与脸部后恢复坐姿,0,793_66-siamese-chocolate-point_03-drag-ear-mirror_seed-0,4,4.0,24,480,832,15:26,9:16,drag_ear_mirror.v1,pending_model_validation,68fc5e929e94c082c0da4f6ccda4e0b2f4f8e49e4da6baacf37e6a84c69f2fb3,f5a0412ed913f5aad8bffb33c68c3b0ad7f4923f44f06370f768483b146897f4
794,794,../data_h3/cat_ids/66_暹罗猫巧克力重点色.png,Ref_cat_teaser1.mp4,prepared/Ref_cat_teaser1.motion.mp4,prompts/cat_teaser1.v1.en.txt,66,66-siamese-chocolate-point,暹罗猫巧克力重点色,04,04-cat-teaser1,cat_teaser1,左前爪坐姿拨打逗猫棒后注视玩具,0,794_66-siamese-chocolate-point_04-cat-teaser1_seed-0,4,4.0,24,480,832,15:26,9:16,cat_teaser1.v1,pending_model_validation,28971748699ea020c1f7f9f78e45a8407665e85ec6df04732794d5fefc6126de,90ead0cb85338d88512f89fc4fdaa1599eaae717252a8a228289e47e9f7150f0
795,795,../data_h3/cat_ids/66_暹罗猫巧克力重点色.png,Ref_cat_teaser1_mirror.mp4,prepared/Ref_cat_teaser1_mirror.motion.mp4,prompts/cat_teaser1_mirror.v1.en.txt,66,66-siamese-chocolate-point,暹罗猫巧克力重点色,05,05-cat-teaser1-mirror,cat_teaser1_mirror,右前爪坐姿拨打逗猫棒后注视玩具,0,795_66-siamese-chocolate-point_05-cat-teaser1-mirror_seed-0,4,4.0,24,480,832,15:26,9:16,cat_teaser1_mirror.v1,pending_model_validation,5c7abea398cc5cec6ee97bd79e91c601838c2218c8101bd13041c5753a5e72ec,af450da4b11a442fbb8dc3b090842b494306a33800841e4f3ac9399fb1a3e695
796,796,../data_h3/cat_ids/66_暹罗猫巧克力重点色.png,Ref_cat_teaser2.mp4,prepared/Ref_cat_teaser2.motion.mp4,prompts/cat_teaser2.v1.en.txt,66,66-siamese-chocolate-point,暹罗猫巧克力重点色,06,06-cat-teaser2,cat_teaser2,起身向画面右侧追拍逗猫棒并站定,0,796_66-siamese-chocolate-point_06-cat-teaser2_seed-0,4,4.0,24,480,832,15:26,9:16,cat_teaser2.v1,pending_model_validation,d24950c871f5181f868624b0d0235308584d0cda7f2fe02eb6c362bca9be17e4,a8c95e9c38443d4d231086357cb356e7c98cb2af1a6bfa216feae39e945cc0ec
797,797,../data_h3/cat_ids/66_暹罗猫巧克力重点色.png,Ref_cat_teaser2_mirror.mp4,prepared/Ref_cat_teaser2_mirror.motion.mp4,prompts/cat_teaser2_mirror.v1.en.txt,66,66-siamese-chocolate-point,暹罗猫巧克力重点色,07,07-cat-teaser2-mirror,cat_teaser2_mirror,起身向画面左侧追拍逗猫棒并站定,0,797_66-siamese-chocolate-point_07-cat-teaser2-mirror_seed-0,4,4.0,24,480,832,15:26,9:16,cat_teaser2_mirror.v1,pending_model_validation,96e072371eb22e5b130ddeb5d0d5286b26069e03ec55aa98d8eb8998108588b0,7d4ae2310b662639649d68fa4f699951317c36f76eb715534248659d1924613d
798,798,../data_h3/cat_ids/66_暹罗猫巧克力重点色.png,Ref_cat_teaser3.mp4,prepared/Ref_cat_teaser3.motion.mp4,prompts/cat_teaser3.v1.en.txt,66,66-siamese-chocolate-point,暹罗猫巧克力重点色,08,08-cat-teaser3,cat_teaser3,双前爪抬起抓扑逗猫棒后落地坐定,0,798_66-siamese-chocolate-point_08-cat-teaser3_seed-0,4,4.0,24,480,832,15:26,9:16,cat_teaser3.v1,pending_model_validation,28125c76324f19aa23e77ae9b7227ec9da10d152f0fe3eb89243ddf4b0cd0c6b,71df79527a94810bcacebc9cb956fa137c891a4ed437386697434b19c5fbb7ce
799,799,../data_h3/cat_ids/66_暹罗猫巧克力重点色.png,Ref_drag_yarn_ball_and_catch.mp4,prepared/Ref_drag_yarn_ball_and_catch.motion.mp4,prompts/drag_yarn_ball_and_catch.v1.en.txt,66,66-siamese-chocolate-point,暹罗猫巧克力重点色,09,09-drag-yarn-ball-and-catch,drag_yarn_ball_and_catch,追扑从画面左向右滚动的毛线球并按住,0,799_66-siamese-chocolate-point_09-drag-yarn-ball-and-catch_seed-0,4,4.0,24,480,832,15:26,9:16,drag_yarn_ball_and_catch.v1,pending_model_validation,7ebe1b2a01564d805523f56b909e9a53772ebed08cbeda3c79c1765cceab70f6,5b888bc1cdc661bc3b5760445027966ef8d36a31c447614acbd23d3ca6af442e
800,800,../data_h3/cat_ids/66_暹罗猫巧克力重点色.png,Ref_drag_yarn_ball_and_catch_mirror.mp4,prepared/Ref_drag_yarn_ball_and_catch_mirror.motion.mp4,prompts/drag_yarn_ball_and_catch_mirror.v1.en.txt,66,66-siamese-chocolate-point,暹罗猫巧克力重点色,10,10-drag-yarn-ball-and-catch-mirror,drag_yarn_ball_and_catch_mirror,追扑从画面右向左滚动的毛线球并按住,0,800_66-siamese-chocolate-point_10-drag-yarn-ball-and-catch-mirror_seed-0,4,4.0,24,480,832,15:26,9:16,drag_yarn_ball_and_catch_mirror.v1,pending_model_validation,477225bf4f6fca729b4947c68a49ba53af5fb0428686571bc103a6f680058a2d,8b44957f6ebaca7c04c4a0af6bf4fbb65085b8ecf0acaf3433dc727a25b74982
801,801,../data_h3/cat_ids/66_暹罗猫巧克力重点色.png, Ref_curl_up_and_lie_down.mp4,prepared/ Ref_curl_up_and_lie_down.motion.mp4,prompts/curl_up_and_lie_down.v1.en.txt,66,66-siamese-chocolate-point,暹罗猫巧克力重点色,11,11-curl-up-and-lie-down,curl_up_and_lie_down,低头向画面左侧蜷卧并闭眼休息,0,801_66-siamese-chocolate-point_11-curl-up-and-lie-down_seed-0,4,4.0,24,480,832,15:26,9:16,curl_up_and_lie_down.v1,pending_model_validation,9217effb2f85c4322c192edb9cc4c687268e1285527679229ed2d92161f10f6b,8414a980252d2baee6444085d2755563b7e0ccb3a138027e7cc6c1233be766eb
802,802,../data_h3/cat_ids/66_暹罗猫巧克力重点色.png,Ref_curl_up_and_lie_down_mirror.mp4,prepared/Ref_curl_up_and_lie_down_mirror.motion.mp4,prompts/curl_up_and_lie_down_mirror.v1.en.txt,66,66-siamese-chocolate-point,暹罗猫巧克力重点色,12,12-curl-up-and-lie-down-mirror,curl_up_and_lie_down_mirror,低头向画面右侧蜷卧并闭眼休息,0,802_66-siamese-chocolate-point_12-curl-up-and-lie-down-mirror_seed-0,4,4.0,24,480,832,15:26,9:16,curl_up_and_lie_down_mirror.v1,pending_model_validation,0ae3d03ab930f2329999e943296bf3ba83b1968a23833a258ffc30a3fc3491e0,5dcfd307dd80e4bd86fa73aff45f41f66eced8aba348a07f81f559f008a63527
803,803,../data_h3/cat_ids/66_暹罗猫巧克力重点色.png,walk_forward_to_screen.mp4,prepared/walk_forward_to_screen.motion.mp4,prompts/walk_forward_to_screen.v1.en.txt,66,66-siamese-chocolate-point,暹罗猫巧克力重点色,13,13-walk-forward-to-screen,walk_forward_to_screen,起身向镜头走近并在近处站定,0,803_66-siamese-chocolate-point_13-walk-forward-to-screen_seed-0,4,4.041699,24,480,832,15:26,9:16,walk_forward_to_screen.v1,pending_model_validation,18c1e41e3d0bc7b332298f78c798593c6903d921bcab1cd40f5525438039f02c,b63a08fc2ef943e20b969f5567a1c9334a3d7ca21d68db70b052c4345a83014a
804,804,../data_h3/cat_ids/67_阿比西尼亚猫索雷尔色.png,Ref_drag_ear.mp4,prepared/Ref_drag_ear.motion.mp4,prompts/drag_ear.v1.en.txt,67,67-abyssinian-sorrel,阿比西尼亚猫索雷尔色,02,02-pull-left-ear,drag_ear,左前爪轻擦左耳与脸部后恢复坐姿,0,804_67-abyssinian-sorrel_02-pull-left-ear_seed-0,4,4.0,24,480,832,15:26,9:16,drag_ear.v1,pending_model_validation,dbdc93fe3f0e922d0d53d3b6c78e213e176b5230876cf046e5da697fd2320d7b,241a5d66949edcf078e592e2d02939921c2ff68968a95640d4e5a7e2c4fe75c1
805,805,../data_h3/cat_ids/67_阿比西尼亚猫索雷尔色.png,Ref_drag_ear_mirror.mp4,prepared/Ref_drag_ear_mirror.motion.mp4,prompts/drag_ear_mirror.v1.en.txt,67,67-abyssinian-sorrel,阿比西尼亚猫索雷尔色,03,03-drag-ear-mirror,drag_ear_mirror,右前爪轻擦右耳与脸部后恢复坐姿,0,805_67-abyssinian-sorrel_03-drag-ear-mirror_seed-0,4,4.0,24,480,832,15:26,9:16,drag_ear_mirror.v1,pending_model_validation,68fc5e929e94c082c0da4f6ccda4e0b2f4f8e49e4da6baacf37e6a84c69f2fb3,f5a0412ed913f5aad8bffb33c68c3b0ad7f4923f44f06370f768483b146897f4
806,806,../data_h3/cat_ids/67_阿比西尼亚猫索雷尔色.png,Ref_cat_teaser1.mp4,prepared/Ref_cat_teaser1.motion.mp4,prompts/cat_teaser1.v1.en.txt,67,67-abyssinian-sorrel,阿比西尼亚猫索雷尔色,04,04-cat-teaser1,cat_teaser1,左前爪坐姿拨打逗猫棒后注视玩具,0,806_67-abyssinian-sorrel_04-cat-teaser1_seed-0,4,4.0,24,480,832,15:26,9:16,cat_teaser1.v1,pending_model_validation,28971748699ea020c1f7f9f78e45a8407665e85ec6df04732794d5fefc6126de,90ead0cb85338d88512f89fc4fdaa1599eaae717252a8a228289e47e9f7150f0
807,807,../data_h3/cat_ids/67_阿比西尼亚猫索雷尔色.png,Ref_cat_teaser1_mirror.mp4,prepared/Ref_cat_teaser1_mirror.motion.mp4,prompts/cat_teaser1_mirror.v1.en.txt,67,67-abyssinian-sorrel,阿比西尼亚猫索雷尔色,05,05-cat-teaser1-mirror,cat_teaser1_mirror,右前爪坐姿拨打逗猫棒后注视玩具,0,807_67-abyssinian-sorrel_05-cat-teaser1-mirror_seed-0,4,4.0,24,480,832,15:26,9:16,cat_teaser1_mirror.v1,pending_model_validation,5c7abea398cc5cec6ee97bd79e91c601838c2218c8101bd13041c5753a5e72ec,af450da4b11a442fbb8dc3b090842b494306a33800841e4f3ac9399fb1a3e695
808,808,../data_h3/cat_ids/67_阿比西尼亚猫索雷尔色.png,Ref_cat_teaser2.mp4,prepared/Ref_cat_teaser2.motion.mp4,prompts/cat_teaser2.v1.en.txt,67,67-abyssinian-sorrel,阿比西尼亚猫索雷尔色,06,06-cat-teaser2,cat_teaser2,起身向画面右侧追拍逗猫棒并站定,0,808_67-abyssinian-sorrel_06-cat-teaser2_seed-0,4,4.0,24,480,832,15:26,9:16,cat_teaser2.v1,pending_model_validation,d24950c871f5181f868624b0d0235308584d0cda7f2fe02eb6c362bca9be17e4,a8c95e9c38443d4d231086357cb356e7c98cb2af1a6bfa216feae39e945cc0ec
809,809,../data_h3/cat_ids/67_阿比西尼亚猫索雷尔色.png,Ref_cat_teaser2_mirror.mp4,prepared/Ref_cat_teaser2_mirror.motion.mp4,prompts/cat_teaser2_mirror.v1.en.txt,67,67-abyssinian-sorrel,阿比西尼亚猫索雷尔色,07,07-cat-teaser2-mirror,cat_teaser2_mirror,起身向画面左侧追拍逗猫棒并站定,0,809_67-abyssinian-sorrel_07-cat-teaser2-mirror_seed-0,4,4.0,24,480,832,15:26,9:16,cat_teaser2_mirror.v1,pending_model_validation,96e072371eb22e5b130ddeb5d0d5286b26069e03ec55aa98d8eb8998108588b0,7d4ae2310b662639649d68fa4f699951317c36f76eb715534248659d1924613d
810,810,../data_h3/cat_ids/67_阿比西尼亚猫索雷尔色.png,Ref_cat_teaser3.mp4,prepared/Ref_cat_teaser3.motion.mp4,prompts/cat_teaser3.v1.en.txt,67,67-abyssinian-sorrel,阿比西尼亚猫索雷尔色,08,08-cat-teaser3,cat_teaser3,双前爪抬起抓扑逗猫棒后落地坐定,0,810_67-abyssinian-sorrel_08-cat-teaser3_seed-0,4,4.0,24,480,832,15:26,9:16,cat_teaser3.v1,pending_model_validation,28125c76324f19aa23e77ae9b7227ec9da10d152f0fe3eb89243ddf4b0cd0c6b,71df79527a94810bcacebc9cb956fa137c891a4ed437386697434b19c5fbb7ce
811,811,../data_h3/cat_ids/67_阿比西尼亚猫索雷尔色.png,Ref_drag_yarn_ball_and_catch.mp4,prepared/Ref_drag_yarn_ball_and_catch.motion.mp4,prompts/drag_yarn_ball_and_catch.v1.en.txt,67,67-abyssinian-sorrel,阿比西尼亚猫索雷尔色,09,09-drag-yarn-ball-and-catch,drag_yarn_ball_and_catch,追扑从画面左向右滚动的毛线球并按住,0,811_67-abyssinian-sorrel_09-drag-yarn-ball-and-catch_seed-0,4,4.0,24,480,832,15:26,9:16,drag_yarn_ball_and_catch.v1,pending_model_validation,7ebe1b2a01564d805523f56b909e9a53772ebed08cbeda3c79c1765cceab70f6,5b888bc1cdc661bc3b5760445027966ef8d36a31c447614acbd23d3ca6af442e
812,812,../data_h3/cat_ids/67_阿比西尼亚猫索雷尔色.png,Ref_drag_yarn_ball_and_catch_mirror.mp4,prepared/Ref_drag_yarn_ball_and_catch_mirror.motion.mp4,prompts/drag_yarn_ball_and_catch_mirror.v1.en.txt,67,67-abyssinian-sorrel,阿比西尼亚猫索雷尔色,10,10-drag-yarn-ball-and-catch-mirror,drag_yarn_ball_and_catch_mirror,追扑从画面右向左滚动的毛线球并按住,0,812_67-abyssinian-sorrel_10-drag-yarn-ball-and-catch-mirror_seed-0,4,4.0,24,480,832,15:26,9:16,drag_yarn_ball_and_catch_mirror.v1,pending_model_validation,477225bf4f6fca729b4947c68a49ba53af5fb0428686571bc103a6f680058a2d,8b44957f6ebaca7c04c4a0af6bf4fbb65085b8ecf0acaf3433dc727a25b74982
813,813,../data_h3/cat_ids/67_阿比西尼亚猫索雷尔色.png, Ref_curl_up_and_lie_down.mp4,prepared/ Ref_curl_up_and_lie_down.motion.mp4,prompts/curl_up_and_lie_down.v1.en.txt,67,67-abyssinian-sorrel,阿比西尼亚猫索雷尔色,11,11-curl-up-and-lie-down,curl_up_and_lie_down,低头向画面左侧蜷卧并闭眼休息,0,813_67-abyssinian-sorrel_11-curl-up-and-lie-down_seed-0,4,4.0,24,480,832,15:26,9:16,curl_up_and_lie_down.v1,pending_model_validation,9217effb2f85c4322c192edb9cc4c687268e1285527679229ed2d92161f10f6b,8414a980252d2baee6444085d2755563b7e0ccb3a138027e7cc6c1233be766eb
814,814,../data_h3/cat_ids/67_阿比西尼亚猫索雷尔色.png,Ref_curl_up_and_lie_down_mirror.mp4,prepared/Ref_curl_up_and_lie_down_mirror.motion.mp4,prompts/curl_up_and_lie_down_mirror.v1.en.txt,67,67-abyssinian-sorrel,阿比西尼亚猫索雷尔色,12,12-curl-up-and-lie-down-mirror,curl_up_and_lie_down_mirror,低头向画面右侧蜷卧并闭眼休息,0,814_67-abyssinian-sorrel_12-curl-up-and-lie-down-mirror_seed-0,4,4.0,24,480,832,15:26,9:16,curl_up_and_lie_down_mirror.v1,pending_model_validation,0ae3d03ab930f2329999e943296bf3ba83b1968a23833a258ffc30a3fc3491e0,5dcfd307dd80e4bd86fa73aff45f41f66eced8aba348a07f81f559f008a63527
815,815,../data_h3/cat_ids/67_阿比西尼亚猫索雷尔色.png,walk_forward_to_screen.mp4,prepared/walk_forward_to_screen.motion.mp4,prompts/walk_forward_to_screen.v1.en.txt,67,67-abyssinian-sorrel,阿比西尼亚猫索雷尔色,13,13-walk-forward-to-screen,walk_forward_to_screen,起身向镜头走近并在近处站定,0,815_67-abyssinian-sorrel_13-walk-forward-to-screen_seed-0,4,4.041699,24,480,832,15:26,9:16,walk_forward_to_screen.v1,pending_model_validation,18c1e41e3d0bc7b332298f78c798593c6903d921bcab1cd40f5525438039f02c,b63a08fc2ef943e20b969f5567a1c9334a3d7ca21d68db70b052c4345a83014a
816,816,../data_h3/cat_ids/68_俄罗斯蓝猫.png,Ref_drag_ear.mp4,prepared/Ref_drag_ear.motion.mp4,prompts/drag_ear.v1.en.txt,68,68-russian-blue,俄罗斯蓝猫,02,02-pull-left-ear,drag_ear,左前爪轻擦左耳与脸部后恢复坐姿,0,816_68-russian-blue_02-pull-left-ear_seed-0,4,4.0,24,480,832,15:26,9:16,drag_ear.v1,pending_model_validation,dbdc93fe3f0e922d0d53d3b6c78e213e176b5230876cf046e5da697fd2320d7b,241a5d66949edcf078e592e2d02939921c2ff68968a95640d4e5a7e2c4fe75c1
817,817,../data_h3/cat_ids/68_俄罗斯蓝猫.png,Ref_drag_ear_mirror.mp4,prepared/Ref_drag_ear_mirror.motion.mp4,prompts/drag_ear_mirror.v1.en.txt,68,68-russian-blue,俄罗斯蓝猫,03,03-drag-ear-mirror,drag_ear_mirror,右前爪轻擦右耳与脸部后恢复坐姿,0,817_68-russian-blue_03-drag-ear-mirror_seed-0,4,4.0,24,480,832,15:26,9:16,drag_ear_mirror.v1,pending_model_validation,68fc5e929e94c082c0da4f6ccda4e0b2f4f8e49e4da6baacf37e6a84c69f2fb3,f5a0412ed913f5aad8bffb33c68c3b0ad7f4923f44f06370f768483b146897f4
818,818,../data_h3/cat_ids/68_俄罗斯蓝猫.png,Ref_cat_teaser1.mp4,prepared/Ref_cat_teaser1.motion.mp4,prompts/cat_teaser1.v1.en.txt,68,68-russian-blue,俄罗斯蓝猫,04,04-cat-teaser1,cat_teaser1,左前爪坐姿拨打逗猫棒后注视玩具,0,818_68-russian-blue_04-cat-teaser1_seed-0,4,4.0,24,480,832,15:26,9:16,cat_teaser1.v1,pending_model_validation,28971748699ea020c1f7f9f78e45a8407665e85ec6df04732794d5fefc6126de,90ead0cb85338d88512f89fc4fdaa1599eaae717252a8a228289e47e9f7150f0
819,819,../data_h3/cat_ids/68_俄罗斯蓝猫.png,Ref_cat_teaser1_mirror.mp4,prepared/Ref_cat_teaser1_mirror.motion.mp4,prompts/cat_teaser1_mirror.v1.en.txt,68,68-russian-blue,俄罗斯蓝猫,05,05-cat-teaser1-mirror,cat_teaser1_mirror,右前爪坐姿拨打逗猫棒后注视玩具,0,819_68-russian-blue_05-cat-teaser1-mirror_seed-0,4,4.0,24,480,832,15:26,9:16,cat_teaser1_mirror.v1,pending_model_validation,5c7abea398cc5cec6ee97bd79e91c601838c2218c8101bd13041c5753a5e72ec,af450da4b11a442fbb8dc3b090842b494306a33800841e4f3ac9399fb1a3e695
820,820,../data_h3/cat_ids/68_俄罗斯蓝猫.png,Ref_cat_teaser2.mp4,prepared/Ref_cat_teaser2.motion.mp4,prompts/cat_teaser2.v1.en.txt,68,68-russian-blue,俄罗斯蓝猫,06,06-cat-teaser2,cat_teaser2,起身向画面右侧追拍逗猫棒并站定,0,820_68-russian-blue_06-cat-teaser2_seed-0,4,4.0,24,480,832,15:26,9:16,cat_teaser2.v1,pending_model_validation,d24950c871f5181f868624b0d0235308584d0cda7f2fe02eb6c362bca9be17e4,a8c95e9c38443d4d231086357cb356e7c98cb2af1a6bfa216feae39e945cc0ec
821,821,../data_h3/cat_ids/68_俄罗斯蓝猫.png,Ref_cat_teaser2_mirror.mp4,prepared/Ref_cat_teaser2_mirror.motion.mp4,prompts/cat_teaser2_mirror.v1.en.txt,68,68-russian-blue,俄罗斯蓝猫,07,07-cat-teaser2-mirror,cat_teaser2_mirror,起身向画面左侧追拍逗猫棒并站定,0,821_68-russian-blue_07-cat-teaser2-mirror_seed-0,4,4.0,24,480,832,15:26,9:16,cat_teaser2_mirror.v1,pending_model_validation,96e072371eb22e5b130ddeb5d0d5286b26069e03ec55aa98d8eb8998108588b0,7d4ae2310b662639649d68fa4f699951317c36f76eb715534248659d1924613d
822,822,../data_h3/cat_ids/68_俄罗斯蓝猫.png,Ref_cat_teaser3.mp4,prepared/Ref_cat_teaser3.motion.mp4,prompts/cat_teaser3.v1.en.txt,68,68-russian-blue,俄罗斯蓝猫,08,08-cat-teaser3,cat_teaser3,双前爪抬起抓扑逗猫棒后落地坐定,0,822_68-russian-blue_08-cat-teaser3_seed-0,4,4.0,24,480,832,15:26,9:16,cat_teaser3.v1,pending_model_validation,28125c76324f19aa23e77ae9b7227ec9da10d152f0fe3eb89243ddf4b0cd0c6b,71df79527a94810bcacebc9cb956fa137c891a4ed437386697434b19c5fbb7ce
823,823,../data_h3/cat_ids/68_俄罗斯蓝猫.png,Ref_drag_yarn_ball_and_catch.mp4,prepared/Ref_drag_yarn_ball_and_catch.motion.mp4,prompts/drag_yarn_ball_and_catch.v1.en.txt,68,68-russian-blue,俄罗斯蓝猫,09,09-drag-yarn-ball-and-catch,drag_yarn_ball_and_catch,追扑从画面左向右滚动的毛线球并按住,0,823_68-russian-blue_09-drag-yarn-ball-and-catch_seed-0,4,4.0,24,480,832,15:26,9:16,drag_yarn_ball_and_catch.v1,pending_model_validation,7ebe1b2a01564d805523f56b909e9a53772ebed08cbeda3c79c1765cceab70f6,5b888bc1cdc661bc3b5760445027966ef8d36a31c447614acbd23d3ca6af442e
824,824,../data_h3/cat_ids/68_俄罗斯蓝猫.png,Ref_drag_yarn_ball_and_catch_mirror.mp4,prepared/Ref_drag_yarn_ball_and_catch_mirror.motion.mp4,prompts/drag_yarn_ball_and_catch_mirror.v1.en.txt,68,68-russian-blue,俄罗斯蓝猫,10,10-drag-yarn-ball-and-catch-mirror,drag_yarn_ball_and_catch_mirror,追扑从画面右向左滚动的毛线球并按住,0,824_68-russian-blue_10-drag-yarn-ball-and-catch-mirror_seed-0,4,4.0,24,480,832,15:26,9:16,drag_yarn_ball_and_catch_mirror.v1,pending_model_validation,477225bf4f6fca729b4947c68a49ba53af5fb0428686571bc103a6f680058a2d,8b44957f6ebaca7c04c4a0af6bf4fbb65085b8ecf0acaf3433dc727a25b74982
825,825,../data_h3/cat_ids/68_俄罗斯蓝猫.png, Ref_curl_up_and_lie_down.mp4,prepared/ Ref_curl_up_and_lie_down.motion.mp4,prompts/curl_up_and_lie_down.v1.en.txt,68,68-russian-blue,俄罗斯蓝猫,11,11-curl-up-and-lie-down,curl_up_and_lie_down,低头向画面左侧蜷卧并闭眼休息,0,825_68-russian-blue_11-curl-up-and-lie-down_seed-0,4,4.0,24,480,832,15:26,9:16,curl_up_and_lie_down.v1,pending_model_validation,9217effb2f85c4322c192edb9cc4c687268e1285527679229ed2d92161f10f6b,8414a980252d2baee6444085d2755563b7e0ccb3a138027e7cc6c1233be766eb
826,826,../data_h3/cat_ids/68_俄罗斯蓝猫.png,Ref_curl_up_and_lie_down_mirror.mp4,prepared/Ref_curl_up_and_lie_down_mirror.motion.mp4,prompts/curl_up_and_lie_down_mirror.v1.en.txt,68,68-russian-blue,俄罗斯蓝猫,12,12-curl-up-and-lie-down-mirror,curl_up_and_lie_down_mirror,低头向画面右侧蜷卧并闭眼休息,0,826_68-russian-blue_12-curl-up-and-lie-down-mirror_seed-0,4,4.0,24,480,832,15:26,9:16,curl_up_and_lie_down_mirror.v1,pending_model_validation,0ae3d03ab930f2329999e943296bf3ba83b1968a23833a258ffc30a3fc3491e0,5dcfd307dd80e4bd86fa73aff45f41f66eced8aba348a07f81f559f008a63527
827,827,../data_h3/cat_ids/68_俄罗斯蓝猫.png,walk_forward_to_screen.mp4,prepared/walk_forward_to_screen.motion.mp4,prompts/walk_forward_to_screen.v1.en.txt,68,68-russian-blue,俄罗斯蓝猫,13,13-walk-forward-to-screen,walk_forward_to_screen,起身向镜头走近并在近处站定,0,827_68-russian-blue_13-walk-forward-to-screen_seed-0,4,4.041699,24,480,832,15:26,9:16,walk_forward_to_screen.v1,pending_model_validation,18c1e41e3d0bc7b332298f78c798593c6903d921bcab1cd40f5525438039f02c,b63a08fc2ef943e20b969f5567a1c9334a3d7ca21d68db70b052c4345a83014a
828,828,../data_h3/cat_ids/69_英国短毛猫深蓝色.png,Ref_drag_ear.mp4,prepared/Ref_drag_ear.motion.mp4,prompts/drag_ear.v1.en.txt,69,69-british-shorthair-deep-blue,英国短毛猫深蓝色,02,02-pull-left-ear,drag_ear,左前爪轻擦左耳与脸部后恢复坐姿,0,828_69-british-shorthair-deep-blue_02-pull-left-ear_seed-0,4,4.0,24,480,832,15:26,9:16,drag_ear.v1,pending_model_validation,dbdc93fe3f0e922d0d53d3b6c78e213e176b5230876cf046e5da697fd2320d7b,241a5d66949edcf078e592e2d02939921c2ff68968a95640d4e5a7e2c4fe75c1
829,829,../data_h3/cat_ids/69_英国短毛猫深蓝色.png,Ref_drag_ear_mirror.mp4,prepared/Ref_drag_ear_mirror.motion.mp4,prompts/drag_ear_mirror.v1.en.txt,69,69-british-shorthair-deep-blue,英国短毛猫深蓝色,03,03-drag-ear-mirror,drag_ear_mirror,右前爪轻擦右耳与脸部后恢复坐姿,0,829_69-british-shorthair-deep-blue_03-drag-ear-mirror_seed-0,4,4.0,24,480,832,15:26,9:16,drag_ear_mirror.v1,pending_model_validation,68fc5e929e94c082c0da4f6ccda4e0b2f4f8e49e4da6baacf37e6a84c69f2fb3,f5a0412ed913f5aad8bffb33c68c3b0ad7f4923f44f06370f768483b146897f4
830,830,../data_h3/cat_ids/69_英国短毛猫深蓝色.png,Ref_cat_teaser1.mp4,prepared/Ref_cat_teaser1.motion.mp4,prompts/cat_teaser1.v1.en.txt,69,69-british-shorthair-deep-blue,英国短毛猫深蓝色,04,04-cat-teaser1,cat_teaser1,左前爪坐姿拨打逗猫棒后注视玩具,0,830_69-british-shorthair-deep-blue_04-cat-teaser1_seed-0,4,4.0,24,480,832,15:26,9:16,cat_teaser1.v1,pending_model_validation,28971748699ea020c1f7f9f78e45a8407665e85ec6df04732794d5fefc6126de,90ead0cb85338d88512f89fc4fdaa1599eaae717252a8a228289e47e9f7150f0
831,831,../data_h3/cat_ids/69_英国短毛猫深蓝色.png,Ref_cat_teaser1_mirror.mp4,prepared/Ref_cat_teaser1_mirror.motion.mp4,prompts/cat_teaser1_mirror.v1.en.txt,69,69-british-shorthair-deep-blue,英国短毛猫深蓝色,05,05-cat-teaser1-mirror,cat_teaser1_mirror,右前爪坐姿拨打逗猫棒后注视玩具,0,831_69-british-shorthair-deep-blue_05-cat-teaser1-mirror_seed-0,4,4.0,24,480,832,15:26,9:16,cat_teaser1_mirror.v1,pending_model_validation,5c7abea398cc5cec6ee97bd79e91c601838c2218c8101bd13041c5753a5e72ec,af450da4b11a442fbb8dc3b090842b494306a33800841e4f3ac9399fb1a3e695
832,832,../data_h3/cat_ids/69_英国短毛猫深蓝色.png,Ref_cat_teaser2.mp4,prepared/Ref_cat_teaser2.motion.mp4,prompts/cat_teaser2.v1.en.txt,69,69-british-shorthair-deep-blue,英国短毛猫深蓝色,06,06-cat-teaser2,cat_teaser2,起身向画面右侧追拍逗猫棒并站定,0,832_69-british-shorthair-deep-blue_06-cat-teaser2_seed-0,4,4.0,24,480,832,15:26,9:16,cat_teaser2.v1,pending_model_validation,d24950c871f5181f868624b0d0235308584d0cda7f2fe02eb6c362bca9be17e4,a8c95e9c38443d4d231086357cb356e7c98cb2af1a6bfa216feae39e945cc0ec
833,833,../data_h3/cat_ids/69_英国短毛猫深蓝色.png,Ref_cat_teaser2_mirror.mp4,prepared/Ref_cat_teaser2_mirror.motion.mp4,prompts/cat_teaser2_mirror.v1.en.txt,69,69-british-shorthair-deep-blue,英国短毛猫深蓝色,07,07-cat-teaser2-mirror,cat_teaser2_mirror,起身向画面左侧追拍逗猫棒并站定,0,833_69-british-shorthair-deep-blue_07-cat-teaser2-mirror_seed-0,4,4.0,24,480,832,15:26,9:16,cat_teaser2_mirror.v1,pending_model_validation,96e072371eb22e5b130ddeb5d0d5286b26069e03ec55aa98d8eb8998108588b0,7d4ae2310b662639649d68fa4f699951317c36f76eb715534248659d1924613d
834,834,../data_h3/cat_ids/69_英国短毛猫深蓝色.png,Ref_cat_teaser3.mp4,prepared/Ref_cat_teaser3.motion.mp4,prompts/cat_teaser3.v1.en.txt,69,69-british-shorthair-deep-blue,英国短毛猫深蓝色,08,08-cat-teaser3,cat_teaser3,双前爪抬起抓扑逗猫棒后落地坐定,0,834_69-british-shorthair-deep-blue_08-cat-teaser3_seed-0,4,4.0,24,480,832,15:26,9:16,cat_teaser3.v1,pending_model_validation,28125c76324f19aa23e77ae9b7227ec9da10d152f0fe3eb89243ddf4b0cd0c6b,71df79527a94810bcacebc9cb956fa137c891a4ed437386697434b19c5fbb7ce
835,835,../data_h3/cat_ids/69_英国短毛猫深蓝色.png,Ref_drag_yarn_ball_and_catch.mp4,prepared/Ref_drag_yarn_ball_and_catch.motion.mp4,prompts/drag_yarn_ball_and_catch.v1.en.txt,69,69-british-shorthair-deep-blue,英国短毛猫深蓝色,09,09-drag-yarn-ball-and-catch,drag_yarn_ball_and_catch,追扑从画面左向右滚动的毛线球并按住,0,835_69-british-shorthair-deep-blue_09-drag-yarn-ball-and-catch_seed-0,4,4.0,24,480,832,15:26,9:16,drag_yarn_ball_and_catch.v1,pending_model_validation,7ebe1b2a01564d805523f56b909e9a53772ebed08cbeda3c79c1765cceab70f6,5b888bc1cdc661bc3b5760445027966ef8d36a31c447614acbd23d3ca6af442e
836,836,../data_h3/cat_ids/69_英国短毛猫深蓝色.png,Ref_drag_yarn_ball_and_catch_mirror.mp4,prepared/Ref_drag_yarn_ball_and_catch_mirror.motion.mp4,prompts/drag_yarn_ball_and_catch_mirror.v1.en.txt,69,69-british-shorthair-deep-blue,英国短毛猫深蓝色,10,10-drag-yarn-ball-and-catch-mirror,drag_yarn_ball_and_catch_mirror,追扑从画面右向左滚动的毛线球并按住,0,836_69-british-shorthair-deep-blue_10-drag-yarn-ball-and-catch-mirror_seed-0,4,4.0,24,480,832,15:26,9:16,drag_yarn_ball_and_catch_mirror.v1,pending_model_validation,477225bf4f6fca729b4947c68a49ba53af5fb0428686571bc103a6f680058a2d,8b44957f6ebaca7c04c4a0af6bf4fbb65085b8ecf0acaf3433dc727a25b74982
837,837,../data_h3/cat_ids/69_英国短毛猫深蓝色.png, Ref_curl_up_and_lie_down.mp4,prepared/ Ref_curl_up_and_lie_down.motion.mp4,prompts/curl_up_and_lie_down.v1.en.txt,69,69-british-shorthair-deep-blue,英国短毛猫深蓝色,11,11-curl-up-and-lie-down,curl_up_and_lie_down,低头向画面左侧蜷卧并闭眼休息,0,837_69-british-shorthair-deep-blue_11-curl-up-and-lie-down_seed-0,4,4.0,24,480,832,15:26,9:16,curl_up_and_lie_down.v1,pending_model_validation,9217effb2f85c4322c192edb9cc4c687268e1285527679229ed2d92161f10f6b,8414a980252d2baee6444085d2755563b7e0ccb3a138027e7cc6c1233be766eb
838,838,../data_h3/cat_ids/69_英国短毛猫深蓝色.png,Ref_curl_up_and_lie_down_mirror.mp4,prepared/Ref_curl_up_and_lie_down_mirror.motion.mp4,prompts/curl_up_and_lie_down_mirror.v1.en.txt,69,69-british-shorthair-deep-blue,英国短毛猫深蓝色,12,12-curl-up-and-lie-down-mirror,curl_up_and_lie_down_mirror,低头向画面右侧蜷卧并闭眼休息,0,838_69-british-shorthair-deep-blue_12-curl-up-and-lie-down-mirror_seed-0,4,4.0,24,480,832,15:26,9:16,curl_up_and_lie_down_mirror.v1,pending_model_validation,0ae3d03ab930f2329999e943296bf3ba83b1968a23833a258ffc30a3fc3491e0,5dcfd307dd80e4bd86fa73aff45f41f66eced8aba348a07f81f559f008a63527
839,839,../data_h3/cat_ids/69_英国短毛猫深蓝色.png,walk_forward_to_screen.mp4,prepared/walk_forward_to_screen.motion.mp4,prompts/walk_forward_to_screen.v1.en.txt,69,69-british-shorthair-deep-blue,英国短毛猫深蓝色,13,13-walk-forward-to-screen,walk_forward_to_screen,起身向镜头走近并在近处站定,0,839_69-british-shorthair-deep-blue_13-walk-forward-to-screen_seed-0,4,4.041699,24,480,832,15:26,9:16,walk_forward_to_screen.v1,pending_model_validation,18c1e41e3d0bc7b332298f78c798593c6903d921bcab1cd40f5525438039f02c,b63a08fc2ef943e20b969f5567a1c9334a3d7ca21d68db70b052c4345a83014a
840,840,../data_h3/cat_ids/70_短毛蓝眼白猫.png,Ref_drag_ear.mp4,prepared/Ref_drag_ear.motion.mp4,prompts/drag_ear.v1.en.txt,70,70-blue-eyed-white-shorthair,短毛蓝眼白猫,02,02-pull-left-ear,drag_ear,左前爪轻擦左耳与脸部后恢复坐姿,0,840_70-blue-eyed-white-shorthair_02-pull-left-ear_seed-0,4,4.0,24,480,832,15:26,9:16,drag_ear.v1,pending_model_validation,dbdc93fe3f0e922d0d53d3b6c78e213e176b5230876cf046e5da697fd2320d7b,241a5d66949edcf078e592e2d02939921c2ff68968a95640d4e5a7e2c4fe75c1
841,841,../data_h3/cat_ids/70_短毛蓝眼白猫.png,Ref_drag_ear_mirror.mp4,prepared/Ref_drag_ear_mirror.motion.mp4,prompts/drag_ear_mirror.v1.en.txt,70,70-blue-eyed-white-shorthair,短毛蓝眼白猫,03,03-drag-ear-mirror,drag_ear_mirror,右前爪轻擦右耳与脸部后恢复坐姿,0,841_70-blue-eyed-white-shorthair_03-drag-ear-mirror_seed-0,4,4.0,24,480,832,15:26,9:16,drag_ear_mirror.v1,pending_model_validation,68fc5e929e94c082c0da4f6ccda4e0b2f4f8e49e4da6baacf37e6a84c69f2fb3,f5a0412ed913f5aad8bffb33c68c3b0ad7f4923f44f06370f768483b146897f4
842,842,../data_h3/cat_ids/70_短毛蓝眼白猫.png,Ref_cat_teaser1.mp4,prepared/Ref_cat_teaser1.motion.mp4,prompts/cat_teaser1.v1.en.txt,70,70-blue-eyed-white-shorthair,短毛蓝眼白猫,04,04-cat-teaser1,cat_teaser1,左前爪坐姿拨打逗猫棒后注视玩具,0,842_70-blue-eyed-white-shorthair_04-cat-teaser1_seed-0,4,4.0,24,480,832,15:26,9:16,cat_teaser1.v1,pending_model_validation,28971748699ea020c1f7f9f78e45a8407665e85ec6df04732794d5fefc6126de,90ead0cb85338d88512f89fc4fdaa1599eaae717252a8a228289e47e9f7150f0
843,843,../data_h3/cat_ids/70_短毛蓝眼白猫.png,Ref_cat_teaser1_mirror.mp4,prepared/Ref_cat_teaser1_mirror.motion.mp4,prompts/cat_teaser1_mirror.v1.en.txt,70,70-blue-eyed-white-shorthair,短毛蓝眼白猫,05,05-cat-teaser1-mirror,cat_teaser1_mirror,右前爪坐姿拨打逗猫棒后注视玩具,0,843_70-blue-eyed-white-shorthair_05-cat-teaser1-mirror_seed-0,4,4.0,24,480,832,15:26,9:16,cat_teaser1_mirror.v1,pending_model_validation,5c7abea398cc5cec6ee97bd79e91c601838c2218c8101bd13041c5753a5e72ec,af450da4b11a442fbb8dc3b090842b494306a33800841e4f3ac9399fb1a3e695
844,844,../data_h3/cat_ids/70_短毛蓝眼白猫.png,Ref_cat_teaser2.mp4,prepared/Ref_cat_teaser2.motion.mp4,prompts/cat_teaser2.v1.en.txt,70,70-blue-eyed-white-shorthair,短毛蓝眼白猫,06,06-cat-teaser2,cat_teaser2,起身向画面右侧追拍逗猫棒并站定,0,844_70-blue-eyed-white-shorthair_06-cat-teaser2_seed-0,4,4.0,24,480,832,15:26,9:16,cat_teaser2.v1,pending_model_validation,d24950c871f5181f868624b0d0235308584d0cda7f2fe02eb6c362bca9be17e4,a8c95e9c38443d4d231086357cb356e7c98cb2af1a6bfa216feae39e945cc0ec
845,845,../data_h3/cat_ids/70_短毛蓝眼白猫.png,Ref_cat_teaser2_mirror.mp4,prepared/Ref_cat_teaser2_mirror.motion.mp4,prompts/cat_teaser2_mirror.v1.en.txt,70,70-blue-eyed-white-shorthair,短毛蓝眼白猫,07,07-cat-teaser2-mirror,cat_teaser2_mirror,起身向画面左侧追拍逗猫棒并站定,0,845_70-blue-eyed-white-shorthair_07-cat-teaser2-mirror_seed-0,4,4.0,24,480,832,15:26,9:16,cat_teaser2_mirror.v1,pending_model_validation,96e072371eb22e5b130ddeb5d0d5286b26069e03ec55aa98d8eb8998108588b0,7d4ae2310b662639649d68fa4f699951317c36f76eb715534248659d1924613d
846,846,../data_h3/cat_ids/70_短毛蓝眼白猫.png,Ref_cat_teaser3.mp4,prepared/Ref_cat_teaser3.motion.mp4,prompts/cat_teaser3.v1.en.txt,70,70-blue-eyed-white-shorthair,短毛蓝眼白猫,08,08-cat-teaser3,cat_teaser3,双前爪抬起抓扑逗猫棒后落地坐定,0,846_70-blue-eyed-white-shorthair_08-cat-teaser3_seed-0,4,4.0,24,480,832,15:26,9:16,cat_teaser3.v1,pending_model_validation,28125c76324f19aa23e77ae9b7227ec9da10d152f0fe3eb89243ddf4b0cd0c6b,71df79527a94810bcacebc9cb956fa137c891a4ed437386697434b19c5fbb7ce
847,847,../data_h3/cat_ids/70_短毛蓝眼白猫.png,Ref_drag_yarn_ball_and_catch.mp4,prepared/Ref_drag_yarn_ball_and_catch.motion.mp4,prompts/drag_yarn_ball_and_catch.v1.en.txt,70,70-blue-eyed-white-shorthair,短毛蓝眼白猫,09,09-drag-yarn-ball-and-catch,drag_yarn_ball_and_catch,追扑从画面左向右滚动的毛线球并按住,0,847_70-blue-eyed-white-shorthair_09-drag-yarn-ball-and-catch_seed-0,4,4.0,24,480,832,15:26,9:16,drag_yarn_ball_and_catch.v1,pending_model_validation,7ebe1b2a01564d805523f56b909e9a53772ebed08cbeda3c79c1765cceab70f6,5b888bc1cdc661bc3b5760445027966ef8d36a31c447614acbd23d3ca6af442e
848,848,../data_h3/cat_ids/70_短毛蓝眼白猫.png,Ref_drag_yarn_ball_and_catch_mirror.mp4,prepared/Ref_drag_yarn_ball_and_catch_mirror.motion.mp4,prompts/drag_yarn_ball_and_catch_mirror.v1.en.txt,70,70-blue-eyed-white-shorthair,短毛蓝眼白猫,10,10-drag-yarn-ball-and-catch-mirror,drag_yarn_ball_and_catch_mirror,追扑从画面右向左滚动的毛线球并按住,0,848_70-blue-eyed-white-shorthair_10-drag-yarn-ball-and-catch-mirror_seed-0,4,4.0,24,480,832,15:26,9:16,drag_yarn_ball_and_catch_mirror.v1,pending_model_validation,477225bf4f6fca729b4947c68a49ba53af5fb0428686571bc103a6f680058a2d,8b44957f6ebaca7c04c4a0af6bf4fbb65085b8ecf0acaf3433dc727a25b74982
849,849,../data_h3/cat_ids/70_短毛蓝眼白猫.png, Ref_curl_up_and_lie_down.mp4,prepared/ Ref_curl_up_and_lie_down.motion.mp4,prompts/curl_up_and_lie_down.v1.en.txt,70,70-blue-eyed-white-shorthair,短毛蓝眼白猫,11,11-curl-up-and-lie-down,curl_up_and_lie_down,低头向画面左侧蜷卧并闭眼休息,0,849_70-blue-eyed-white-shorthair_11-curl-up-and-lie-down_seed-0,4,4.0,24,480,832,15:26,9:16,curl_up_and_lie_down.v1,pending_model_validation,9217effb2f85c4322c192edb9cc4c687268e1285527679229ed2d92161f10f6b,8414a980252d2baee6444085d2755563b7e0ccb3a138027e7cc6c1233be766eb
850,850,../data_h3/cat_ids/70_短毛蓝眼白猫.png,Ref_curl_up_and_lie_down_mirror.mp4,prepared/Ref_curl_up_and_lie_down_mirror.motion.mp4,prompts/curl_up_and_lie_down_mirror.v1.en.txt,70,70-blue-eyed-white-shorthair,短毛蓝眼白猫,12,12-curl-up-and-lie-down-mirror,curl_up_and_lie_down_mirror,低头向画面右侧蜷卧并闭眼休息,0,850_70-blue-eyed-white-shorthair_12-curl-up-and-lie-down-mirror_seed-0,4,4.0,24,480,832,15:26,9:16,curl_up_and_lie_down_mirror.v1,pending_model_validation,0ae3d03ab930f2329999e943296bf3ba83b1968a23833a258ffc30a3fc3491e0,5dcfd307dd80e4bd86fa73aff45f41f66eced8aba348a07f81f559f008a63527
851,851,../data_h3/cat_ids/70_短毛蓝眼白猫.png,walk_forward_to_screen.mp4,prepared/walk_forward_to_screen.motion.mp4,prompts/walk_forward_to_screen.v1.en.txt,70,70-blue-eyed-white-shorthair,短毛蓝眼白猫,13,13-walk-forward-to-screen,walk_forward_to_screen,起身向镜头走近并在近处站定,0,851_70-blue-eyed-white-shorthair_13-walk-forward-to-screen_seed-0,4,4.041699,24,480,832,15:26,9:16,walk_forward_to_screen.v1,pending_model_validation,18c1e41e3d0bc7b332298f78c798593c6903d921bcab1cd40f5525438039f02c,b63a08fc2ef943e20b969f5567a1c9334a3d7ca21d68db70b052c4345a83014a
852,852,../data_h3/cat_ids/71_短毛琥珀眼白猫.png,Ref_drag_ear.mp4,prepared/Ref_drag_ear.motion.mp4,prompts/drag_ear.v1.en.txt,71,71-amber-eyed-white-shorthair,短毛琥珀眼白猫,02,02-pull-left-ear,drag_ear,左前爪轻擦左耳与脸部后恢复坐姿,0,852_71-amber-eyed-white-shorthair_02-pull-left-ear_seed-0,4,4.0,24,480,832,15:26,9:16,drag_ear.v1,pending_model_validation,dbdc93fe3f0e922d0d53d3b6c78e213e176b5230876cf046e5da697fd2320d7b,241a5d66949edcf078e592e2d02939921c2ff68968a95640d4e5a7e2c4fe75c1
853,853,../data_h3/cat_ids/71_短毛琥珀眼白猫.png,Ref_drag_ear_mirror.mp4,prepared/Ref_drag_ear_mirror.motion.mp4,prompts/drag_ear_mirror.v1.en.txt,71,71-amber-eyed-white-shorthair,短毛琥珀眼白猫,03,03-drag-ear-mirror,drag_ear_mirror,右前爪轻擦右耳与脸部后恢复坐姿,0,853_71-amber-eyed-white-shorthair_03-drag-ear-mirror_seed-0,4,4.0,24,480,832,15:26,9:16,drag_ear_mirror.v1,pending_model_validation,68fc5e929e94c082c0da4f6ccda4e0b2f4f8e49e4da6baacf37e6a84c69f2fb3,f5a0412ed913f5aad8bffb33c68c3b0ad7f4923f44f06370f768483b146897f4
854,854,../data_h3/cat_ids/71_短毛琥珀眼白猫.png,Ref_cat_teaser1.mp4,prepared/Ref_cat_teaser1.motion.mp4,prompts/cat_teaser1.v1.en.txt,71,71-amber-eyed-white-shorthair,短毛琥珀眼白猫,04,04-cat-teaser1,cat_teaser1,左前爪坐姿拨打逗猫棒后注视玩具,0,854_71-amber-eyed-white-shorthair_04-cat-teaser1_seed-0,4,4.0,24,480,832,15:26,9:16,cat_teaser1.v1,pending_model_validation,28971748699ea020c1f7f9f78e45a8407665e85ec6df04732794d5fefc6126de,90ead0cb85338d88512f89fc4fdaa1599eaae717252a8a228289e47e9f7150f0
855,855,../data_h3/cat_ids/71_短毛琥珀眼白猫.png,Ref_cat_teaser1_mirror.mp4,prepared/Ref_cat_teaser1_mirror.motion.mp4,prompts/cat_teaser1_mirror.v1.en.txt,71,71-amber-eyed-white-shorthair,短毛琥珀眼白猫,05,05-cat-teaser1-mirror,cat_teaser1_mirror,右前爪坐姿拨打逗猫棒后注视玩具,0,855_71-amber-eyed-white-shorthair_05-cat-teaser1-mirror_seed-0,4,4.0,24,480,832,15:26,9:16,cat_teaser1_mirror.v1,pending_model_validation,5c7abea398cc5cec6ee97bd79e91c601838c2218c8101bd13041c5753a5e72ec,af450da4b11a442fbb8dc3b090842b494306a33800841e4f3ac9399fb1a3e695
856,856,../data_h3/cat_ids/71_短毛琥珀眼白猫.png,Ref_cat_teaser2.mp4,prepared/Ref_cat_teaser2.motion.mp4,prompts/cat_teaser2.v1.en.txt,71,71-amber-eyed-white-shorthair,短毛琥珀眼白猫,06,06-cat-teaser2,cat_teaser2,起身向画面右侧追拍逗猫棒并站定,0,856_71-amber-eyed-white-shorthair_06-cat-teaser2_seed-0,4,4.0,24,480,832,15:26,9:16,cat_teaser2.v1,pending_model_validation,d24950c871f5181f868624b0d0235308584d0cda7f2fe02eb6c362bca9be17e4,a8c95e9c38443d4d231086357cb356e7c98cb2af1a6bfa216feae39e945cc0ec
857,857,../data_h3/cat_ids/71_短毛琥珀眼白猫.png,Ref_cat_teaser2_mirror.mp4,prepared/Ref_cat_teaser2_mirror.motion.mp4,prompts/cat_teaser2_mirror.v1.en.txt,71,71-amber-eyed-white-shorthair,短毛琥珀眼白猫,07,07-cat-teaser2-mirror,cat_teaser2_mirror,起身向画面左侧追拍逗猫棒并站定,0,857_71-amber-eyed-white-shorthair_07-cat-teaser2-mirror_seed-0,4,4.0,24,480,832,15:26,9:16,cat_teaser2_mirror.v1,pending_model_validation,96e072371eb22e5b130ddeb5d0d5286b26069e03ec55aa98d8eb8998108588b0,7d4ae2310b662639649d68fa4f699951317c36f76eb715534248659d1924613d
858,858,../data_h3/cat_ids/71_短毛琥珀眼白猫.png,Ref_cat_teaser3.mp4,prepared/Ref_cat_teaser3.motion.mp4,prompts/cat_teaser3.v1.en.txt,71,71-amber-eyed-white-shorthair,短毛琥珀眼白猫,08,08-cat-teaser3,cat_teaser3,双前爪抬起抓扑逗猫棒后落地坐定,0,858_71-amber-eyed-white-shorthair_08-cat-teaser3_seed-0,4,4.0,24,480,832,15:26,9:16,cat_teaser3.v1,pending_model_validation,28125c76324f19aa23e77ae9b7227ec9da10d152f0fe3eb89243ddf4b0cd0c6b,71df79527a94810bcacebc9cb956fa137c891a4ed437386697434b19c5fbb7ce
859,859,../data_h3/cat_ids/71_短毛琥珀眼白猫.png,Ref_drag_yarn_ball_and_catch.mp4,prepared/Ref_drag_yarn_ball_and_catch.motion.mp4,prompts/drag_yarn_ball_and_catch.v1.en.txt,71,71-amber-eyed-white-shorthair,短毛琥珀眼白猫,09,09-drag-yarn-ball-and-catch,drag_yarn_ball_and_catch,追扑从画面左向右滚动的毛线球并按住,0,859_71-amber-eyed-white-shorthair_09-drag-yarn-ball-and-catch_seed-0,4,4.0,24,480,832,15:26,9:16,drag_yarn_ball_and_catch.v1,pending_model_validation,7ebe1b2a01564d805523f56b909e9a53772ebed08cbeda3c79c1765cceab70f6,5b888bc1cdc661bc3b5760445027966ef8d36a31c447614acbd23d3ca6af442e
860,860,../data_h3/cat_ids/71_短毛琥珀眼白猫.png,Ref_drag_yarn_ball_and_catch_mirror.mp4,prepared/Ref_drag_yarn_ball_and_catch_mirror.motion.mp4,prompts/drag_yarn_ball_and_catch_mirror.v1.en.txt,71,71-amber-eyed-white-shorthair,短毛琥珀眼白猫,10,10-drag-yarn-ball-and-catch-mirror,drag_yarn_ball_and_catch_mirror,追扑从画面右向左滚动的毛线球并按住,0,860_71-amber-eyed-white-shorthair_10-drag-yarn-ball-and-catch-mirror_seed-0,4,4.0,24,480,832,15:26,9:16,drag_yarn_ball_and_catch_mirror.v1,pending_model_validation,477225bf4f6fca729b4947c68a49ba53af5fb0428686571bc103a6f680058a2d,8b44957f6ebaca7c04c4a0af6bf4fbb65085b8ecf0acaf3433dc727a25b74982
861,861,../data_h3/cat_ids/71_短毛琥珀眼白猫.png, Ref_curl_up_and_lie_down.mp4,prepared/ Ref_curl_up_and_lie_down.motion.mp4,prompts/curl_up_and_lie_down.v1.en.txt,71,71-amber-eyed-white-shorthair,短毛琥珀眼白猫,11,11-curl-up-and-lie-down,curl_up_and_lie_down,低头向画面左侧蜷卧并闭眼休息,0,861_71-amber-eyed-white-shorthair_11-curl-up-and-lie-down_seed-0,4,4.0,24,480,832,15:26,9:16,curl_up_and_lie_down.v1,pending_model_validation,9217effb2f85c4322c192edb9cc4c687268e1285527679229ed2d92161f10f6b,8414a980252d2baee6444085d2755563b7e0ccb3a138027e7cc6c1233be766eb
862,862,../data_h3/cat_ids/71_短毛琥珀眼白猫.png,Ref_curl_up_and_lie_down_mirror.mp4,prepared/Ref_curl_up_and_lie_down_mirror.motion.mp4,prompts/curl_up_and_lie_down_mirror.v1.en.txt,71,71-amber-eyed-white-shorthair,短毛琥珀眼白猫,12,12-curl-up-and-lie-down-mirror,curl_up_and_lie_down_mirror,低头向画面右侧蜷卧并闭眼休息,0,862_71-amber-eyed-white-shorthair_12-curl-up-and-lie-down-mirror_seed-0,4,4.0,24,480,832,15:26,9:16,curl_up_and_lie_down_mirror.v1,pending_model_validation,0ae3d03ab930f2329999e943296bf3ba83b1968a23833a258ffc30a3fc3491e0,5dcfd307dd80e4bd86fa73aff45f41f66eced8aba348a07f81f559f008a63527
863,863,../data_h3/cat_ids/71_短毛琥珀眼白猫.png,walk_forward_to_screen.mp4,prepared/walk_forward_to_screen.motion.mp4,prompts/walk_forward_to_screen.v1.en.txt,71,71-amber-eyed-white-shorthair,短毛琥珀眼白猫,13,13-walk-forward-to-screen,walk_forward_to_screen,起身向镜头走近并在近处站定,0,863_71-amber-eyed-white-shorthair_13-walk-forward-to-screen_seed-0,4,4.041699,24,480,832,15:26,9:16,walk_forward_to_screen.v1,pending_model_validation,18c1e41e3d0bc7b332298f78c798593c6903d921bcab1cd40f5525438039f02c,b63a08fc2ef943e20b969f5567a1c9334a3d7ca21d68db70b052c4345a83014a
864,864,../data_h3/cat_ids/72_短毛分脸玳瑁猫.png,Ref_drag_ear.mp4,prepared/Ref_drag_ear.motion.mp4,prompts/drag_ear.v1.en.txt,72,72-split-face-tortoiseshell-shorthair,短毛分脸玳瑁猫,02,02-pull-left-ear,drag_ear,左前爪轻擦左耳与脸部后恢复坐姿,0,864_72-split-face-tortoiseshell-shorthair_02-pull-left-ear_seed-0,4,4.0,24,480,832,15:26,9:16,drag_ear.v1,pending_model_validation,dbdc93fe3f0e922d0d53d3b6c78e213e176b5230876cf046e5da697fd2320d7b,241a5d66949edcf078e592e2d02939921c2ff68968a95640d4e5a7e2c4fe75c1
865,865,../data_h3/cat_ids/72_短毛分脸玳瑁猫.png,Ref_drag_ear_mirror.mp4,prepared/Ref_drag_ear_mirror.motion.mp4,prompts/drag_ear_mirror.v1.en.txt,72,72-split-face-tortoiseshell-shorthair,短毛分脸玳瑁猫,03,03-drag-ear-mirror,drag_ear_mirror,右前爪轻擦右耳与脸部后恢复坐姿,0,865_72-split-face-tortoiseshell-shorthair_03-drag-ear-mirror_seed-0,4,4.0,24,480,832,15:26,9:16,drag_ear_mirror.v1,pending_model_validation,68fc5e929e94c082c0da4f6ccda4e0b2f4f8e49e4da6baacf37e6a84c69f2fb3,f5a0412ed913f5aad8bffb33c68c3b0ad7f4923f44f06370f768483b146897f4
866,866,../data_h3/cat_ids/72_短毛分脸玳瑁猫.png,Ref_cat_teaser1.mp4,prepared/Ref_cat_teaser1.motion.mp4,prompts/cat_teaser1.v1.en.txt,72,72-split-face-tortoiseshell-shorthair,短毛分脸玳瑁猫,04,04-cat-teaser1,cat_teaser1,左前爪坐姿拨打逗猫棒后注视玩具,0,866_72-split-face-tortoiseshell-shorthair_04-cat-teaser1_seed-0,4,4.0,24,480,832,15:26,9:16,cat_teaser1.v1,pending_model_validation,28971748699ea020c1f7f9f78e45a8407665e85ec6df04732794d5fefc6126de,90ead0cb85338d88512f89fc4fdaa1599eaae717252a8a228289e47e9f7150f0
867,867,../data_h3/cat_ids/72_短毛分脸玳瑁猫.png,Ref_cat_teaser1_mirror.mp4,prepared/Ref_cat_teaser1_mirror.motion.mp4,prompts/cat_teaser1_mirror.v1.en.txt,72,72-split-face-tortoiseshell-shorthair,短毛分脸玳瑁猫,05,05-cat-teaser1-mirror,cat_teaser1_mirror,右前爪坐姿拨打逗猫棒后注视玩具,0,867_72-split-face-tortoiseshell-shorthair_05-cat-teaser1-mirror_seed-0,4,4.0,24,480,832,15:26,9:16,cat_teaser1_mirror.v1,pending_model_validation,5c7abea398cc5cec6ee97bd79e91c601838c2218c8101bd13041c5753a5e72ec,af450da4b11a442fbb8dc3b090842b494306a33800841e4f3ac9399fb1a3e695
868,868,../data_h3/cat_ids/72_短毛分脸玳瑁猫.png,Ref_cat_teaser2.mp4,prepared/Ref_cat_teaser2.motion.mp4,prompts/cat_teaser2.v1.en.txt,72,72-split-face-tortoiseshell-shorthair,短毛分脸玳瑁猫,06,06-cat-teaser2,cat_teaser2,起身向画面右侧追拍逗猫棒并站定,0,868_72-split-face-tortoiseshell-shorthair_06-cat-teaser2_seed-0,4,4.0,24,480,832,15:26,9:16,cat_teaser2.v1,pending_model_validation,d24950c871f5181f868624b0d0235308584d0cda7f2fe02eb6c362bca9be17e4,a8c95e9c38443d4d231086357cb356e7c98cb2af1a6bfa216feae39e945cc0ec
869,869,../data_h3/cat_ids/72_短毛分脸玳瑁猫.png,Ref_cat_teaser2_mirror.mp4,prepared/Ref_cat_teaser2_mirror.motion.mp4,prompts/cat_teaser2_mirror.v1.en.txt,72,72-split-face-tortoiseshell-shorthair,短毛分脸玳瑁猫,07,07-cat-teaser2-mirror,cat_teaser2_mirror,起身向画面左侧追拍逗猫棒并站定,0,869_72-split-face-tortoiseshell-shorthair_07-cat-teaser2-mirror_seed-0,4,4.0,24,480,832,15:26,9:16,cat_teaser2_mirror.v1,pending_model_validation,96e072371eb22e5b130ddeb5d0d5286b26069e03ec55aa98d8eb8998108588b0,7d4ae2310b662639649d68fa4f699951317c36f76eb715534248659d1924613d
870,870,../data_h3/cat_ids/72_短毛分脸玳瑁猫.png,Ref_cat_teaser3.mp4,prepared/Ref_cat_teaser3.motion.mp4,prompts/cat_teaser3.v1.en.txt,72,72-split-face-tortoiseshell-shorthair,短毛分脸玳瑁猫,08,08-cat-teaser3,cat_teaser3,双前爪抬起抓扑逗猫棒后落地坐定,0,870_72-split-face-tortoiseshell-shorthair_08-cat-teaser3_seed-0,4,4.0,24,480,832,15:26,9:16,cat_teaser3.v1,pending_model_validation,28125c76324f19aa23e77ae9b7227ec9da10d152f0fe3eb89243ddf4b0cd0c6b,71df79527a94810bcacebc9cb956fa137c891a4ed437386697434b19c5fbb7ce
871,871,../data_h3/cat_ids/72_短毛分脸玳瑁猫.png,Ref_drag_yarn_ball_and_catch.mp4,prepared/Ref_drag_yarn_ball_and_catch.motion.mp4,prompts/drag_yarn_ball_and_catch.v1.en.txt,72,72-split-face-tortoiseshell-shorthair,短毛分脸玳瑁猫,09,09-drag-yarn-ball-and-catch,drag_yarn_ball_and_catch,追扑从画面左向右滚动的毛线球并按住,0,871_72-split-face-tortoiseshell-shorthair_09-drag-yarn-ball-and-catch_seed-0,4,4.0,24,480,832,15:26,9:16,drag_yarn_ball_and_catch.v1,pending_model_validation,7ebe1b2a01564d805523f56b909e9a53772ebed08cbeda3c79c1765cceab70f6,5b888bc1cdc661bc3b5760445027966ef8d36a31c447614acbd23d3ca6af442e
872,872,../data_h3/cat_ids/72_短毛分脸玳瑁猫.png,Ref_drag_yarn_ball_and_catch_mirror.mp4,prepared/Ref_drag_yarn_ball_and_catch_mirror.motion.mp4,prompts/drag_yarn_ball_and_catch_mirror.v1.en.txt,72,72-split-face-tortoiseshell-shorthair,短毛分脸玳瑁猫,10,10-drag-yarn-ball-and-catch-mirror,drag_yarn_ball_and_catch_mirror,追扑从画面右向左滚动的毛线球并按住,0,872_72-split-face-tortoiseshell-shorthair_10-drag-yarn-ball-and-catch-mirror_seed-0,4,4.0,24,480,832,15:26,9:16,drag_yarn_ball_and_catch_mirror.v1,pending_model_validation,477225bf4f6fca729b4947c68a49ba53af5fb0428686571bc103a6f680058a2d,8b44957f6ebaca7c04c4a0af6bf4fbb65085b8ecf0acaf3433dc727a25b74982
873,873,../data_h3/cat_ids/72_短毛分脸玳瑁猫.png, Ref_curl_up_and_lie_down.mp4,prepared/ Ref_curl_up_and_lie_down.motion.mp4,prompts/curl_up_and_lie_down.v1.en.txt,72,72-split-face-tortoiseshell-shorthair,短毛分脸玳瑁猫,11,11-curl-up-and-lie-down,curl_up_and_lie_down,低头向画面左侧蜷卧并闭眼休息,0,873_72-split-face-tortoiseshell-shorthair_11-curl-up-and-lie-down_seed-0,4,4.0,24,480,832,15:26,9:16,curl_up_and_lie_down.v1,pending_model_validation,9217effb2f85c4322c192edb9cc4c687268e1285527679229ed2d92161f10f6b,8414a980252d2baee6444085d2755563b7e0ccb3a138027e7cc6c1233be766eb
874,874,../data_h3/cat_ids/72_短毛分脸玳瑁猫.png,Ref_curl_up_and_lie_down_mirror.mp4,prepared/Ref_curl_up_and_lie_down_mirror.motion.mp4,prompts/curl_up_and_lie_down_mirror.v1.en.txt,72,72-split-face-tortoiseshell-shorthair,短毛分脸玳瑁猫,12,12-curl-up-and-lie-down-mirror,curl_up_and_lie_down_mirror,低头向画面右侧蜷卧并闭眼休息,0,874_72-split-face-tortoiseshell-shorthair_12-curl-up-and-lie-down-mirror_seed-0,4,4.0,24,480,832,15:26,9:16,curl_up_and_lie_down_mirror.v1,pending_model_validation,0ae3d03ab930f2329999e943296bf3ba83b1968a23833a258ffc30a3fc3491e0,5dcfd307dd80e4bd86fa73aff45f41f66eced8aba348a07f81f559f008a63527
875,875,../data_h3/cat_ids/72_短毛分脸玳瑁猫.png,walk_forward_to_screen.mp4,prepared/walk_forward_to_screen.motion.mp4,prompts/walk_forward_to_screen.v1.en.txt,72,72-split-face-tortoiseshell-shorthair,短毛分脸玳瑁猫,13,13-walk-forward-to-screen,walk_forward_to_screen,起身向镜头走近并在近处站定,0,875_72-split-face-tortoiseshell-shorthair_13-walk-forward-to-screen_seed-0,4,4.041699,24,480,832,15:26,9:16,walk_forward_to_screen.v1,pending_model_validation,18c1e41e3d0bc7b332298f78c798593c6903d921bcab1cd40f5525438039f02c,b63a08fc2ef943e20b969f5567a1c9334a3d7ca21d68db70b052c4345a83014a
876,876,../data_h3/cat_ids/73_美国短毛猫银虎斑加白.png,Ref_drag_ear.mp4,prepared/Ref_drag_ear.motion.mp4,prompts/drag_ear.v1.en.txt,73,73-american-shorthair-silver-tabby-white,美国短毛猫银虎斑加白,02,02-pull-left-ear,drag_ear,左前爪轻擦左耳与脸部后恢复坐姿,0,876_73-american-shorthair-silver-tabby-white_02-pull-left-ear_seed-0,4,4.0,24,480,832,15:26,9:16,drag_ear.v1,pending_model_validation,dbdc93fe3f0e922d0d53d3b6c78e213e176b5230876cf046e5da697fd2320d7b,241a5d66949edcf078e592e2d02939921c2ff68968a95640d4e5a7e2c4fe75c1
877,877,../data_h3/cat_ids/73_美国短毛猫银虎斑加白.png,Ref_drag_ear_mirror.mp4,prepared/Ref_drag_ear_mirror.motion.mp4,prompts/drag_ear_mirror.v1.en.txt,73,73-american-shorthair-silver-tabby-white,美国短毛猫银虎斑加白,03,03-drag-ear-mirror,drag_ear_mirror,右前爪轻擦右耳与脸部后恢复坐姿,0,877_73-american-shorthair-silver-tabby-white_03-drag-ear-mirror_seed-0,4,4.0,24,480,832,15:26,9:16,drag_ear_mirror.v1,pending_model_validation,68fc5e929e94c082c0da4f6ccda4e0b2f4f8e49e4da6baacf37e6a84c69f2fb3,f5a0412ed913f5aad8bffb33c68c3b0ad7f4923f44f06370f768483b146897f4
878,878,../data_h3/cat_ids/73_美国短毛猫银虎斑加白.png,Ref_cat_teaser1.mp4,prepared/Ref_cat_teaser1.motion.mp4,prompts/cat_teaser1.v1.en.txt,73,73-american-shorthair-silver-tabby-white,美国短毛猫银虎斑加白,04,04-cat-teaser1,cat_teaser1,左前爪坐姿拨打逗猫棒后注视玩具,0,878_73-american-shorthair-silver-tabby-white_04-cat-teaser1_seed-0,4,4.0,24,480,832,15:26,9:16,cat_teaser1.v1,pending_model_validation,28971748699ea020c1f7f9f78e45a8407665e85ec6df04732794d5fefc6126de,90ead0cb85338d88512f89fc4fdaa1599eaae717252a8a228289e47e9f7150f0
879,879,../data_h3/cat_ids/73_美国短毛猫银虎斑加白.png,Ref_cat_teaser1_mirror.mp4,prepared/Ref_cat_teaser1_mirror.motion.mp4,prompts/cat_teaser1_mirror.v1.en.txt,73,73-american-shorthair-silver-tabby-white,美国短毛猫银虎斑加白,05,05-cat-teaser1-mirror,cat_teaser1_mirror,右前爪坐姿拨打逗猫棒后注视玩具,0,879_73-american-shorthair-silver-tabby-white_05-cat-teaser1-mirror_seed-0,4,4.0,24,480,832,15:26,9:16,cat_teaser1_mirror.v1,pending_model_validation,5c7abea398cc5cec6ee97bd79e91c601838c2218c8101bd13041c5753a5e72ec,af450da4b11a442fbb8dc3b090842b494306a33800841e4f3ac9399fb1a3e695
880,880,../data_h3/cat_ids/73_美国短毛猫银虎斑加白.png,Ref_cat_teaser2.mp4,prepared/Ref_cat_teaser2.motion.mp4,prompts/cat_teaser2.v1.en.txt,73,73-american-shorthair-silver-tabby-white,美国短毛猫银虎斑加白,06,06-cat-teaser2,cat_teaser2,起身向画面右侧追拍逗猫棒并站定,0,880_73-american-shorthair-silver-tabby-white_06-cat-teaser2_seed-0,4,4.0,24,480,832,15:26,9:16,cat_teaser2.v1,pending_model_validation,d24950c871f5181f868624b0d0235308584d0cda7f2fe02eb6c362bca9be17e4,a8c95e9c38443d4d231086357cb356e7c98cb2af1a6bfa216feae39e945cc0ec
881,881,../data_h3/cat_ids/73_美国短毛猫银虎斑加白.png,Ref_cat_teaser2_mirror.mp4,prepared/Ref_cat_teaser2_mirror.motion.mp4,prompts/cat_teaser2_mirror.v1.en.txt,73,73-american-shorthair-silver-tabby-white,美国短毛猫银虎斑加白,07,07-cat-teaser2-mirror,cat_teaser2_mirror,起身向画面左侧追拍逗猫棒并站定,0,881_73-american-shorthair-silver-tabby-white_07-cat-teaser2-mirror_seed-0,4,4.0,24,480,832,15:26,9:16,cat_teaser2_mirror.v1,pending_model_validation,96e072371eb22e5b130ddeb5d0d5286b26069e03ec55aa98d8eb8998108588b0,7d4ae2310b662639649d68fa4f699951317c36f76eb715534248659d1924613d
882,882,../data_h3/cat_ids/73_美国短毛猫银虎斑加白.png,Ref_cat_teaser3.mp4,prepared/Ref_cat_teaser3.motion.mp4,prompts/cat_teaser3.v1.en.txt,73,73-american-shorthair-silver-tabby-white,美国短毛猫银虎斑加白,08,08-cat-teaser3,cat_teaser3,双前爪抬起抓扑逗猫棒后落地坐定,0,882_73-american-shorthair-silver-tabby-white_08-cat-teaser3_seed-0,4,4.0,24,480,832,15:26,9:16,cat_teaser3.v1,pending_model_validation,28125c76324f19aa23e77ae9b7227ec9da10d152f0fe3eb89243ddf4b0cd0c6b,71df79527a94810bcacebc9cb956fa137c891a4ed437386697434b19c5fbb7ce
883,883,../data_h3/cat_ids/73_美国短毛猫银虎斑加白.png,Ref_drag_yarn_ball_and_catch.mp4,prepared/Ref_drag_yarn_ball_and_catch.motion.mp4,prompts/drag_yarn_ball_and_catch.v1.en.txt,73,73-american-shorthair-silver-tabby-white,美国短毛猫银虎斑加白,09,09-drag-yarn-ball-and-catch,drag_yarn_ball_and_catch,追扑从画面左向右滚动的毛线球并按住,0,883_73-american-shorthair-silver-tabby-white_09-drag-yarn-ball-and-catch_seed-0,4,4.0,24,480,832,15:26,9:16,drag_yarn_ball_and_catch.v1,pending_model_validation,7ebe1b2a01564d805523f56b909e9a53772ebed08cbeda3c79c1765cceab70f6,5b888bc1cdc661bc3b5760445027966ef8d36a31c447614acbd23d3ca6af442e
884,884,../data_h3/cat_ids/73_美国短毛猫银虎斑加白.png,Ref_drag_yarn_ball_and_catch_mirror.mp4,prepared/Ref_drag_yarn_ball_and_catch_mirror.motion.mp4,prompts/drag_yarn_ball_and_catch_mirror.v1.en.txt,73,73-american-shorthair-silver-tabby-white,美国短毛猫银虎斑加白,10,10-drag-yarn-ball-and-catch-mirror,drag_yarn_ball_and_catch_mirror,追扑从画面右向左滚动的毛线球并按住,0,884_73-american-shorthair-silver-tabby-white_10-drag-yarn-ball-and-catch-mirror_seed-0,4,4.0,24,480,832,15:26,9:16,drag_yarn_ball_and_catch_mirror.v1,pending_model_validation,477225bf4f6fca729b4947c68a49ba53af5fb0428686571bc103a6f680058a2d,8b44957f6ebaca7c04c4a0af6bf4fbb65085b8ecf0acaf3433dc727a25b74982
885,885,../data_h3/cat_ids/73_美国短毛猫银虎斑加白.png, Ref_curl_up_and_lie_down.mp4,prepared/ Ref_curl_up_and_lie_down.motion.mp4,prompts/curl_up_and_lie_down.v1.en.txt,73,73-american-shorthair-silver-tabby-white,美国短毛猫银虎斑加白,11,11-curl-up-and-lie-down,curl_up_and_lie_down,低头向画面左侧蜷卧并闭眼休息,0,885_73-american-shorthair-silver-tabby-white_11-curl-up-and-lie-down_seed-0,4,4.0,24,480,832,15:26,9:16,curl_up_and_lie_down.v1,pending_model_validation,9217effb2f85c4322c192edb9cc4c687268e1285527679229ed2d92161f10f6b,8414a980252d2baee6444085d2755563b7e0ccb3a138027e7cc6c1233be766eb
886,886,../data_h3/cat_ids/73_美国短毛猫银虎斑加白.png,Ref_curl_up_and_lie_down_mirror.mp4,prepared/Ref_curl_up_and_lie_down_mirror.motion.mp4,prompts/curl_up_and_lie_down_mirror.v1.en.txt,73,73-american-shorthair-silver-tabby-white,美国短毛猫银虎斑加白,12,12-curl-up-and-lie-down-mirror,curl_up_and_lie_down_mirror,低头向画面右侧蜷卧并闭眼休息,0,886_73-american-shorthair-silver-tabby-white_12-curl-up-and-lie-down-mirror_seed-0,4,4.0,24,480,832,15:26,9:16,curl_up_and_lie_down_mirror.v1,pending_model_validation,0ae3d03ab930f2329999e943296bf3ba83b1968a23833a258ffc30a3fc3491e0,5dcfd307dd80e4bd86fa73aff45f41f66eced8aba348a07f81f559f008a63527
887,887,../data_h3/cat_ids/73_美国短毛猫银虎斑加白.png,walk_forward_to_screen.mp4,prepared/walk_forward_to_screen.motion.mp4,prompts/walk_forward_to_screen.v1.en.txt,73,73-american-shorthair-silver-tabby-white,美国短毛猫银虎斑加白,13,13-walk-forward-to-screen,walk_forward_to_screen,起身向镜头走近并在近处站定,0,887_73-american-shorthair-silver-tabby-white_13-walk-forward-to-screen_seed-0,4,4.041699,24,480,832,15:26,9:16,walk_forward_to_screen.v1,pending_model_validation,18c1e41e3d0bc7b332298f78c798593c6903d921bcab1cd40f5525438039f02c,b63a08fc2ef943e20b969f5567a1c9334a3d7ca21d68db70b052c4345a83014a
888,888,../data_h3/cat_ids/74_美国短毛猫棕经典虎斑.png,Ref_drag_ear.mp4,prepared/Ref_drag_ear.motion.mp4,prompts/drag_ear.v1.en.txt,74,74-american-shorthair-brown-classic-tabby,美国短毛猫棕经典虎斑,02,02-pull-left-ear,drag_ear,左前爪轻擦左耳与脸部后恢复坐姿,0,888_74-american-shorthair-brown-classic-tabby_02-pull-left-ear_seed-0,4,4.0,24,480,832,15:26,9:16,drag_ear.v1,pending_model_validation,dbdc93fe3f0e922d0d53d3b6c78e213e176b5230876cf046e5da697fd2320d7b,241a5d66949edcf078e592e2d02939921c2ff68968a95640d4e5a7e2c4fe75c1
889,889,../data_h3/cat_ids/74_美国短毛猫棕经典虎斑.png,Ref_drag_ear_mirror.mp4,prepared/Ref_drag_ear_mirror.motion.mp4,prompts/drag_ear_mirror.v1.en.txt,74,74-american-shorthair-brown-classic-tabby,美国短毛猫棕经典虎斑,03,03-drag-ear-mirror,drag_ear_mirror,右前爪轻擦右耳与脸部后恢复坐姿,0,889_74-american-shorthair-brown-classic-tabby_03-drag-ear-mirror_seed-0,4,4.0,24,480,832,15:26,9:16,drag_ear_mirror.v1,pending_model_validation,68fc5e929e94c082c0da4f6ccda4e0b2f4f8e49e4da6baacf37e6a84c69f2fb3,f5a0412ed913f5aad8bffb33c68c3b0ad7f4923f44f06370f768483b146897f4
890,890,../data_h3/cat_ids/74_美国短毛猫棕经典虎斑.png,Ref_cat_teaser1.mp4,prepared/Ref_cat_teaser1.motion.mp4,prompts/cat_teaser1.v1.en.txt,74,74-american-shorthair-brown-classic-tabby,美国短毛猫棕经典虎斑,04,04-cat-teaser1,cat_teaser1,左前爪坐姿拨打逗猫棒后注视玩具,0,890_74-american-shorthair-brown-classic-tabby_04-cat-teaser1_seed-0,4,4.0,24,480,832,15:26,9:16,cat_teaser1.v1,pending_model_validation,28971748699ea020c1f7f9f78e45a8407665e85ec6df04732794d5fefc6126de,90ead0cb85338d88512f89fc4fdaa1599eaae717252a8a228289e47e9f7150f0
891,891,../data_h3/cat_ids/74_美国短毛猫棕经典虎斑.png,Ref_cat_teaser1_mirror.mp4,prepared/Ref_cat_teaser1_mirror.motion.mp4,prompts/cat_teaser1_mirror.v1.en.txt,74,74-american-shorthair-brown-classic-tabby,美国短毛猫棕经典虎斑,05,05-cat-teaser1-mirror,cat_teaser1_mirror,右前爪坐姿拨打逗猫棒后注视玩具,0,891_74-american-shorthair-brown-classic-tabby_05-cat-teaser1-mirror_seed-0,4,4.0,24,480,832,15:26,9:16,cat_teaser1_mirror.v1,pending_model_validation,5c7abea398cc5cec6ee97bd79e91c601838c2218c8101bd13041c5753a5e72ec,af450da4b11a442fbb8dc3b090842b494306a33800841e4f3ac9399fb1a3e695
892,892,../data_h3/cat_ids/74_美国短毛猫棕经典虎斑.png,Ref_cat_teaser2.mp4,prepared/Ref_cat_teaser2.motion.mp4,prompts/cat_teaser2.v1.en.txt,74,74-american-shorthair-brown-classic-tabby,美国短毛猫棕经典虎斑,06,06-cat-teaser2,cat_teaser2,起身向画面右侧追拍逗猫棒并站定,0,892_74-american-shorthair-brown-classic-tabby_06-cat-teaser2_seed-0,4,4.0,24,480,832,15:26,9:16,cat_teaser2.v1,pending_model_validation,d24950c871f5181f868624b0d0235308584d0cda7f2fe02eb6c362bca9be17e4,a8c95e9c38443d4d231086357cb356e7c98cb2af1a6bfa216feae39e945cc0ec
893,893,../data_h3/cat_ids/74_美国短毛猫棕经典虎斑.png,Ref_cat_teaser2_mirror.mp4,prepared/Ref_cat_teaser2_mirror.motion.mp4,prompts/cat_teaser2_mirror.v1.en.txt,74,74-american-shorthair-brown-classic-tabby,美国短毛猫棕经典虎斑,07,07-cat-teaser2-mirror,cat_teaser2_mirror,起身向画面左侧追拍逗猫棒并站定,0,893_74-american-shorthair-brown-classic-tabby_07-cat-teaser2-mirror_seed-0,4,4.0,24,480,832,15:26,9:16,cat_teaser2_mirror.v1,pending_model_validation,96e072371eb22e5b130ddeb5d0d5286b26069e03ec55aa98d8eb8998108588b0,7d4ae2310b662639649d68fa4f699951317c36f76eb715534248659d1924613d
894,894,../data_h3/cat_ids/74_美国短毛猫棕经典虎斑.png,Ref_cat_teaser3.mp4,prepared/Ref_cat_teaser3.motion.mp4,prompts/cat_teaser3.v1.en.txt,74,74-american-shorthair-brown-classic-tabby,美国短毛猫棕经典虎斑,08,08-cat-teaser3,cat_teaser3,双前爪抬起抓扑逗猫棒后落地坐定,0,894_74-american-shorthair-brown-classic-tabby_08-cat-teaser3_seed-0,4,4.0,24,480,832,15:26,9:16,cat_teaser3.v1,pending_model_validation,28125c76324f19aa23e77ae9b7227ec9da10d152f0fe3eb89243ddf4b0cd0c6b,71df79527a94810bcacebc9cb956fa137c891a4ed437386697434b19c5fbb7ce
895,895,../data_h3/cat_ids/74_美国短毛猫棕经典虎斑.png,Ref_drag_yarn_ball_and_catch.mp4,prepared/Ref_drag_yarn_ball_and_catch.motion.mp4,prompts/drag_yarn_ball_and_catch.v1.en.txt,74,74-american-shorthair-brown-classic-tabby,美国短毛猫棕经典虎斑,09,09-drag-yarn-ball-and-catch,drag_yarn_ball_and_catch,追扑从画面左向右滚动的毛线球并按住,0,895_74-american-shorthair-brown-classic-tabby_09-drag-yarn-ball-and-catch_seed-0,4,4.0,24,480,832,15:26,9:16,drag_yarn_ball_and_catch.v1,pending_model_validation,7ebe1b2a01564d805523f56b909e9a53772ebed08cbeda3c79c1765cceab70f6,5b888bc1cdc661bc3b5760445027966ef8d36a31c447614acbd23d3ca6af442e
896,896,../data_h3/cat_ids/74_美国短毛猫棕经典虎斑.png,Ref_drag_yarn_ball_and_catch_mirror.mp4,prepared/Ref_drag_yarn_ball_and_catch_mirror.motion.mp4,prompts/drag_yarn_ball_and_catch_mirror.v1.en.txt,74,74-american-shorthair-brown-classic-tabby,美国短毛猫棕经典虎斑,10,10-drag-yarn-ball-and-catch-mirror,drag_yarn_ball_and_catch_mirror,追扑从画面右向左滚动的毛线球并按住,0,896_74-american-shorthair-brown-classic-tabby_10-drag-yarn-ball-and-catch-mirror_seed-0,4,4.0,24,480,832,15:26,9:16,drag_yarn_ball_and_catch_mirror.v1,pending_model_validation,477225bf4f6fca729b4947c68a49ba53af5fb0428686571bc103a6f680058a2d,8b44957f6ebaca7c04c4a0af6bf4fbb65085b8ecf0acaf3433dc727a25b74982
897,897,../data_h3/cat_ids/74_美国短毛猫棕经典虎斑.png, Ref_curl_up_and_lie_down.mp4,prepared/ Ref_curl_up_and_lie_down.motion.mp4,prompts/curl_up_and_lie_down.v1.en.txt,74,74-american-shorthair-brown-classic-tabby,美国短毛猫棕经典虎斑,11,11-curl-up-and-lie-down,curl_up_and_lie_down,低头向画面左侧蜷卧并闭眼休息,0,897_74-american-shorthair-brown-classic-tabby_11-curl-up-and-lie-down_seed-0,4,4.0,24,480,832,15:26,9:16,curl_up_and_lie_down.v1,pending_model_validation,9217effb2f85c4322c192edb9cc4c687268e1285527679229ed2d92161f10f6b,8414a980252d2baee6444085d2755563b7e0ccb3a138027e7cc6c1233be766eb
898,898,../data_h3/cat_ids/74_美国短毛猫棕经典虎斑.png,Ref_curl_up_and_lie_down_mirror.mp4,prepared/Ref_curl_up_and_lie_down_mirror.motion.mp4,prompts/curl_up_and_lie_down_mirror.v1.en.txt,74,74-american-shorthair-brown-classic-tabby,美国短毛猫棕经典虎斑,12,12-curl-up-and-lie-down-mirror,curl_up_and_lie_down_mirror,低头向画面右侧蜷卧并闭眼休息,0,898_74-american-shorthair-brown-classic-tabby_12-curl-up-and-lie-down-mirror_seed-0,4,4.0,24,480,832,15:26,9:16,curl_up_and_lie_down_mirror.v1,pending_model_validation,0ae3d03ab930f2329999e943296bf3ba83b1968a23833a258ffc30a3fc3491e0,5dcfd307dd80e4bd86fa73aff45f41f66eced8aba348a07f81f559f008a63527
899,899,../data_h3/cat_ids/74_美国短毛猫棕经典虎斑.png,walk_forward_to_screen.mp4,prepared/walk_forward_to_screen.motion.mp4,prompts/walk_forward_to_screen.v1.en.txt,74,74-american-shorthair-brown-classic-tabby,美国短毛猫棕经典虎斑,13,13-walk-forward-to-screen,walk_forward_to_screen,起身向镜头走近并在近处站定,0,899_74-american-shorthair-brown-classic-tabby_13-walk-forward-to-screen_seed-0,4,4.041699,24,480,832,15:26,9:16,walk_forward_to_screen.v1,pending_model_validation,18c1e41e3d0bc7b332298f78c798593c6903d921bcab1cd40f5525438039f02c,b63a08fc2ef943e20b969f5567a1c9334a3d7ca21d68db70b052c4345a83014a
900,900,../data_h3/cat_ids/75_英国短毛猫深金渐层.png,Ref_drag_ear.mp4,prepared/Ref_drag_ear.motion.mp4,prompts/drag_ear.v1.en.txt,75,75-british-shorthair-deep-golden-shaded,英国短毛猫深金渐层,02,02-pull-left-ear,drag_ear,左前爪轻擦左耳与脸部后恢复坐姿,0,900_75-british-shorthair-deep-golden-shaded_02-pull-left-ear_seed-0,4,4.0,24,480,832,15:26,9:16,drag_ear.v1,pending_model_validation,dbdc93fe3f0e922d0d53d3b6c78e213e176b5230876cf046e5da697fd2320d7b,241a5d66949edcf078e592e2d02939921c2ff68968a95640d4e5a7e2c4fe75c1
901,901,../data_h3/cat_ids/75_英国短毛猫深金渐层.png,Ref_drag_ear_mirror.mp4,prepared/Ref_drag_ear_mirror.motion.mp4,prompts/drag_ear_mirror.v1.en.txt,75,75-british-shorthair-deep-golden-shaded,英国短毛猫深金渐层,03,03-drag-ear-mirror,drag_ear_mirror,右前爪轻擦右耳与脸部后恢复坐姿,0,901_75-british-shorthair-deep-golden-shaded_03-drag-ear-mirror_seed-0,4,4.0,24,480,832,15:26,9:16,drag_ear_mirror.v1,pending_model_validation,68fc5e929e94c082c0da4f6ccda4e0b2f4f8e49e4da6baacf37e6a84c69f2fb3,f5a0412ed913f5aad8bffb33c68c3b0ad7f4923f44f06370f768483b146897f4
902,902,../data_h3/cat_ids/75_英国短毛猫深金渐层.png,Ref_cat_teaser1.mp4,prepared/Ref_cat_teaser1.motion.mp4,prompts/cat_teaser1.v1.en.txt,75,75-british-shorthair-deep-golden-shaded,英国短毛猫深金渐层,04,04-cat-teaser1,cat_teaser1,左前爪坐姿拨打逗猫棒后注视玩具,0,902_75-british-shorthair-deep-golden-shaded_04-cat-teaser1_seed-0,4,4.0,24,480,832,15:26,9:16,cat_teaser1.v1,pending_model_validation,28971748699ea020c1f7f9f78e45a8407665e85ec6df04732794d5fefc6126de,90ead0cb85338d88512f89fc4fdaa1599eaae717252a8a228289e47e9f7150f0
903,903,../data_h3/cat_ids/75_英国短毛猫深金渐层.png,Ref_cat_teaser1_mirror.mp4,prepared/Ref_cat_teaser1_mirror.motion.mp4,prompts/cat_teaser1_mirror.v1.en.txt,75,75-british-shorthair-deep-golden-shaded,英国短毛猫深金渐层,05,05-cat-teaser1-mirror,cat_teaser1_mirror,右前爪坐姿拨打逗猫棒后注视玩具,0,903_75-british-shorthair-deep-golden-shaded_05-cat-teaser1-mirror_seed-0,4,4.0,24,480,832,15:26,9:16,cat_teaser1_mirror.v1,pending_model_validation,5c7abea398cc5cec6ee97bd79e91c601838c2218c8101bd13041c5753a5e72ec,af450da4b11a442fbb8dc3b090842b494306a33800841e4f3ac9399fb1a3e695
904,904,../data_h3/cat_ids/75_英国短毛猫深金渐层.png,Ref_cat_teaser2.mp4,prepared/Ref_cat_teaser2.motion.mp4,prompts/cat_teaser2.v1.en.txt,75,75-british-shorthair-deep-golden-shaded,英国短毛猫深金渐层,06,06-cat-teaser2,cat_teaser2,起身向画面右侧追拍逗猫棒并站定,0,904_75-british-shorthair-deep-golden-shaded_06-cat-teaser2_seed-0,4,4.0,24,480,832,15:26,9:16,cat_teaser2.v1,pending_model_validation,d24950c871f5181f868624b0d0235308584d0cda7f2fe02eb6c362bca9be17e4,a8c95e9c38443d4d231086357cb356e7c98cb2af1a6bfa216feae39e945cc0ec
905,905,../data_h3/cat_ids/75_英国短毛猫深金渐层.png,Ref_cat_teaser2_mirror.mp4,prepared/Ref_cat_teaser2_mirror.motion.mp4,prompts/cat_teaser2_mirror.v1.en.txt,75,75-british-shorthair-deep-golden-shaded,英国短毛猫深金渐层,07,07-cat-teaser2-mirror,cat_teaser2_mirror,起身向画面左侧追拍逗猫棒并站定,0,905_75-british-shorthair-deep-golden-shaded_07-cat-teaser2-mirror_seed-0,4,4.0,24,480,832,15:26,9:16,cat_teaser2_mirror.v1,pending_model_validation,96e072371eb22e5b130ddeb5d0d5286b26069e03ec55aa98d8eb8998108588b0,7d4ae2310b662639649d68fa4f699951317c36f76eb715534248659d1924613d
906,906,../data_h3/cat_ids/75_英国短毛猫深金渐层.png,Ref_cat_teaser3.mp4,prepared/Ref_cat_teaser3.motion.mp4,prompts/cat_teaser3.v1.en.txt,75,75-british-shorthair-deep-golden-shaded,英国短毛猫深金渐层,08,08-cat-teaser3,cat_teaser3,双前爪抬起抓扑逗猫棒后落地坐定,0,906_75-british-shorthair-deep-golden-shaded_08-cat-teaser3_seed-0,4,4.0,24,480,832,15:26,9:16,cat_teaser3.v1,pending_model_validation,28125c76324f19aa23e77ae9b7227ec9da10d152f0fe3eb89243ddf4b0cd0c6b,71df79527a94810bcacebc9cb956fa137c891a4ed437386697434b19c5fbb7ce
907,907,../data_h3/cat_ids/75_英国短毛猫深金渐层.png,Ref_drag_yarn_ball_and_catch.mp4,prepared/Ref_drag_yarn_ball_and_catch.motion.mp4,prompts/drag_yarn_ball_and_catch.v1.en.txt,75,75-british-shorthair-deep-golden-shaded,英国短毛猫深金渐层,09,09-drag-yarn-ball-and-catch,drag_yarn_ball_and_catch,追扑从画面左向右滚动的毛线球并按住,0,907_75-british-shorthair-deep-golden-shaded_09-drag-yarn-ball-and-catch_seed-0,4,4.0,24,480,832,15:26,9:16,drag_yarn_ball_and_catch.v1,pending_model_validation,7ebe1b2a01564d805523f56b909e9a53772ebed08cbeda3c79c1765cceab70f6,5b888bc1cdc661bc3b5760445027966ef8d36a31c447614acbd23d3ca6af442e
908,908,../data_h3/cat_ids/75_英国短毛猫深金渐层.png,Ref_drag_yarn_ball_and_catch_mirror.mp4,prepared/Ref_drag_yarn_ball_and_catch_mirror.motion.mp4,prompts/drag_yarn_ball_and_catch_mirror.v1.en.txt,75,75-british-shorthair-deep-golden-shaded,英国短毛猫深金渐层,10,10-drag-yarn-ball-and-catch-mirror,drag_yarn_ball_and_catch_mirror,追扑从画面右向左滚动的毛线球并按住,0,908_75-british-shorthair-deep-golden-shaded_10-drag-yarn-ball-and-catch-mirror_seed-0,4,4.0,24,480,832,15:26,9:16,drag_yarn_ball_and_catch_mirror.v1,pending_model_validation,477225bf4f6fca729b4947c68a49ba53af5fb0428686571bc103a6f680058a2d,8b44957f6ebaca7c04c4a0af6bf4fbb65085b8ecf0acaf3433dc727a25b74982
909,909,../data_h3/cat_ids/75_英国短毛猫深金渐层.png, Ref_curl_up_and_lie_down.mp4,prepared/ Ref_curl_up_and_lie_down.motion.mp4,prompts/curl_up_and_lie_down.v1.en.txt,75,75-british-shorthair-deep-golden-shaded,英国短毛猫深金渐层,11,11-curl-up-and-lie-down,curl_up_and_lie_down,低头向画面左侧蜷卧并闭眼休息,0,909_75-british-shorthair-deep-golden-shaded_11-curl-up-and-lie-down_seed-0,4,4.0,24,480,832,15:26,9:16,curl_up_and_lie_down.v1,pending_model_validation,9217effb2f85c4322c192edb9cc4c687268e1285527679229ed2d92161f10f6b,8414a980252d2baee6444085d2755563b7e0ccb3a138027e7cc6c1233be766eb
910,910,../data_h3/cat_ids/75_英国短毛猫深金渐层.png,Ref_curl_up_and_lie_down_mirror.mp4,prepared/Ref_curl_up_and_lie_down_mirror.motion.mp4,prompts/curl_up_and_lie_down_mirror.v1.en.txt,75,75-british-shorthair-deep-golden-shaded,英国短毛猫深金渐层,12,12-curl-up-and-lie-down-mirror,curl_up_and_lie_down_mirror,低头向画面右侧蜷卧并闭眼休息,0,910_75-british-shorthair-deep-golden-shaded_12-curl-up-and-lie-down-mirror_seed-0,4,4.0,24,480,832,15:26,9:16,curl_up_and_lie_down_mirror.v1,pending_model_validation,0ae3d03ab930f2329999e943296bf3ba83b1968a23833a258ffc30a3fc3491e0,5dcfd307dd80e4bd86fa73aff45f41f66eced8aba348a07f81f559f008a63527
911,911,../data_h3/cat_ids/75_英国短毛猫深金渐层.png,walk_forward_to_screen.mp4,prepared/walk_forward_to_screen.motion.mp4,prompts/walk_forward_to_screen.v1.en.txt,75,75-british-shorthair-deep-golden-shaded,英国短毛猫深金渐层,13,13-walk-forward-to-screen,walk_forward_to_screen,起身向镜头走近并在近处站定,0,911_75-british-shorthair-deep-golden-shaded_13-walk-forward-to-screen_seed-0,4,4.041699,24,480,832,15:26,9:16,walk_forward_to_screen.v1,pending_model_validation,18c1e41e3d0bc7b332298f78c798593c6903d921bcab1cd40f5525438039f02c,b63a08fc2ef943e20b969f5567a1c9334a3d7ca21d68db70b052c4345a83014a
912,912,../data_h3/cat_ids/76_英国短毛猫浅金渐层.png,Ref_drag_ear.mp4,prepared/Ref_drag_ear.motion.mp4,prompts/drag_ear.v1.en.txt,76,76-british-shorthair-light-golden-shaded,英国短毛猫浅金渐层,02,02-pull-left-ear,drag_ear,左前爪轻擦左耳与脸部后恢复坐姿,0,912_76-british-shorthair-light-golden-shaded_02-pull-left-ear_seed-0,4,4.0,24,480,832,15:26,9:16,drag_ear.v1,pending_model_validation,dbdc93fe3f0e922d0d53d3b6c78e213e176b5230876cf046e5da697fd2320d7b,241a5d66949edcf078e592e2d02939921c2ff68968a95640d4e5a7e2c4fe75c1
913,913,../data_h3/cat_ids/76_英国短毛猫浅金渐层.png,Ref_drag_ear_mirror.mp4,prepared/Ref_drag_ear_mirror.motion.mp4,prompts/drag_ear_mirror.v1.en.txt,76,76-british-shorthair-light-golden-shaded,英国短毛猫浅金渐层,03,03-drag-ear-mirror,drag_ear_mirror,右前爪轻擦右耳与脸部后恢复坐姿,0,913_76-british-shorthair-light-golden-shaded_03-drag-ear-mirror_seed-0,4,4.0,24,480,832,15:26,9:16,drag_ear_mirror.v1,pending_model_validation,68fc5e929e94c082c0da4f6ccda4e0b2f4f8e49e4da6baacf37e6a84c69f2fb3,f5a0412ed913f5aad8bffb33c68c3b0ad7f4923f44f06370f768483b146897f4
914,914,../data_h3/cat_ids/76_英国短毛猫浅金渐层.png,Ref_cat_teaser1.mp4,prepared/Ref_cat_teaser1.motion.mp4,prompts/cat_teaser1.v1.en.txt,76,76-british-shorthair-light-golden-shaded,英国短毛猫浅金渐层,04,04-cat-teaser1,cat_teaser1,左前爪坐姿拨打逗猫棒后注视玩具,0,914_76-british-shorthair-light-golden-shaded_04-cat-teaser1_seed-0,4,4.0,24,480,832,15:26,9:16,cat_teaser1.v1,pending_model_validation,28971748699ea020c1f7f9f78e45a8407665e85ec6df04732794d5fefc6126de,90ead0cb85338d88512f89fc4fdaa1599eaae717252a8a228289e47e9f7150f0
915,915,../data_h3/cat_ids/76_英国短毛猫浅金渐层.png,Ref_cat_teaser1_mirror.mp4,prepared/Ref_cat_teaser1_mirror.motion.mp4,prompts/cat_teaser1_mirror.v1.en.txt,76,76-british-shorthair-light-golden-shaded,英国短毛猫浅金渐层,05,05-cat-teaser1-mirror,cat_teaser1_mirror,右前爪坐姿拨打逗猫棒后注视玩具,0,915_76-british-shorthair-light-golden-shaded_05-cat-teaser1-mirror_seed-0,4,4.0,24,480,832,15:26,9:16,cat_teaser1_mirror.v1,pending_model_validation,5c7abea398cc5cec6ee97bd79e91c601838c2218c8101bd13041c5753a5e72ec,af450da4b11a442fbb8dc3b090842b494306a33800841e4f3ac9399fb1a3e695
916,916,../data_h3/cat_ids/76_英国短毛猫浅金渐层.png,Ref_cat_teaser2.mp4,prepared/Ref_cat_teaser2.motion.mp4,prompts/cat_teaser2.v1.en.txt,76,76-british-shorthair-light-golden-shaded,英国短毛猫浅金渐层,06,06-cat-teaser2,cat_teaser2,起身向画面右侧追拍逗猫棒并站定,0,916_76-british-shorthair-light-golden-shaded_06-cat-teaser2_seed-0,4,4.0,24,480,832,15:26,9:16,cat_teaser2.v1,pending_model_validation,d24950c871f5181f868624b0d0235308584d0cda7f2fe02eb6c362bca9be17e4,a8c95e9c38443d4d231086357cb356e7c98cb2af1a6bfa216feae39e945cc0ec
917,917,../data_h3/cat_ids/76_英国短毛猫浅金渐层.png,Ref_cat_teaser2_mirror.mp4,prepared/Ref_cat_teaser2_mirror.motion.mp4,prompts/cat_teaser2_mirror.v1.en.txt,76,76-british-shorthair-light-golden-shaded,英国短毛猫浅金渐层,07,07-cat-teaser2-mirror,cat_teaser2_mirror,起身向画面左侧追拍逗猫棒并站定,0,917_76-british-shorthair-light-golden-shaded_07-cat-teaser2-mirror_seed-0,4,4.0,24,480,832,15:26,9:16,cat_teaser2_mirror.v1,pending_model_validation,96e072371eb22e5b130ddeb5d0d5286b26069e03ec55aa98d8eb8998108588b0,7d4ae2310b662639649d68fa4f699951317c36f76eb715534248659d1924613d
918,918,../data_h3/cat_ids/76_英国短毛猫浅金渐层.png,Ref_cat_teaser3.mp4,prepared/Ref_cat_teaser3.motion.mp4,prompts/cat_teaser3.v1.en.txt,76,76-british-shorthair-light-golden-shaded,英国短毛猫浅金渐层,08,08-cat-teaser3,cat_teaser3,双前爪抬起抓扑逗猫棒后落地坐定,0,918_76-british-shorthair-light-golden-shaded_08-cat-teaser3_seed-0,4,4.0,24,480,832,15:26,9:16,cat_teaser3.v1,pending_model_validation,28125c76324f19aa23e77ae9b7227ec9da10d152f0fe3eb89243ddf4b0cd0c6b,71df79527a94810bcacebc9cb956fa137c891a4ed437386697434b19c5fbb7ce
919,919,../data_h3/cat_ids/76_英国短毛猫浅金渐层.png,Ref_drag_yarn_ball_and_catch.mp4,prepared/Ref_drag_yarn_ball_and_catch.motion.mp4,prompts/drag_yarn_ball_and_catch.v1.en.txt,76,76-british-shorthair-light-golden-shaded,英国短毛猫浅金渐层,09,09-drag-yarn-ball-and-catch,drag_yarn_ball_and_catch,追扑从画面左向右滚动的毛线球并按住,0,919_76-british-shorthair-light-golden-shaded_09-drag-yarn-ball-and-catch_seed-0,4,4.0,24,480,832,15:26,9:16,drag_yarn_ball_and_catch.v1,pending_model_validation,7ebe1b2a01564d805523f56b909e9a53772ebed08cbeda3c79c1765cceab70f6,5b888bc1cdc661bc3b5760445027966ef8d36a31c447614acbd23d3ca6af442e
920,920,../data_h3/cat_ids/76_英国短毛猫浅金渐层.png,Ref_drag_yarn_ball_and_catch_mirror.mp4,prepared/Ref_drag_yarn_ball_and_catch_mirror.motion.mp4,prompts/drag_yarn_ball_and_catch_mirror.v1.en.txt,76,76-british-shorthair-light-golden-shaded,英国短毛猫浅金渐层,10,10-drag-yarn-ball-and-catch-mirror,drag_yarn_ball_and_catch_mirror,追扑从画面右向左滚动的毛线球并按住,0,920_76-british-shorthair-light-golden-shaded_10-drag-yarn-ball-and-catch-mirror_seed-0,4,4.0,24,480,832,15:26,9:16,drag_yarn_ball_and_catch_mirror.v1,pending_model_validation,477225bf4f6fca729b4947c68a49ba53af5fb0428686571bc103a6f680058a2d,8b44957f6ebaca7c04c4a0af6bf4fbb65085b8ecf0acaf3433dc727a25b74982
921,921,../data_h3/cat_ids/76_英国短毛猫浅金渐层.png, Ref_curl_up_and_lie_down.mp4,prepared/ Ref_curl_up_and_lie_down.motion.mp4,prompts/curl_up_and_lie_down.v1.en.txt,76,76-british-shorthair-light-golden-shaded,英国短毛猫浅金渐层,11,11-curl-up-and-lie-down,curl_up_and_lie_down,低头向画面左侧蜷卧并闭眼休息,0,921_76-british-shorthair-light-golden-shaded_11-curl-up-and-lie-down_seed-0,4,4.0,24,480,832,15:26,9:16,curl_up_and_lie_down.v1,pending_model_validation,9217effb2f85c4322c192edb9cc4c687268e1285527679229ed2d92161f10f6b,8414a980252d2baee6444085d2755563b7e0ccb3a138027e7cc6c1233be766eb
922,922,../data_h3/cat_ids/76_英国短毛猫浅金渐层.png,Ref_curl_up_and_lie_down_mirror.mp4,prepared/Ref_curl_up_and_lie_down_mirror.motion.mp4,prompts/curl_up_and_lie_down_mirror.v1.en.txt,76,76-british-shorthair-light-golden-shaded,英国短毛猫浅金渐层,12,12-curl-up-and-lie-down-mirror,curl_up_and_lie_down_mirror,低头向画面右侧蜷卧并闭眼休息,0,922_76-british-shorthair-light-golden-shaded_12-curl-up-and-lie-down-mirror_seed-0,4,4.0,24,480,832,15:26,9:16,curl_up_and_lie_down_mirror.v1,pending_model_validation,0ae3d03ab930f2329999e943296bf3ba83b1968a23833a258ffc30a3fc3491e0,5dcfd307dd80e4bd86fa73aff45f41f66eced8aba348a07f81f559f008a63527
923,923,../data_h3/cat_ids/76_英国短毛猫浅金渐层.png,walk_forward_to_screen.mp4,prepared/walk_forward_to_screen.motion.mp4,prompts/walk_forward_to_screen.v1.en.txt,76,76-british-shorthair-light-golden-shaded,英国短毛猫浅金渐层,13,13-walk-forward-to-screen,walk_forward_to_screen,起身向镜头走近并在近处站定,0,923_76-british-shorthair-light-golden-shaded_13-walk-forward-to-screen_seed-0,4,4.041699,24,480,832,15:26,9:16,walk_forward_to_screen.v1,pending_model_validation,18c1e41e3d0bc7b332298f78c798593c6903d921bcab1cd40f5525438039f02c,b63a08fc2ef943e20b969f5567a1c9334a3d7ca21d68db70b052c4345a83014a
924,924,../data_h3/cat_ids/77_英国短毛猫银渐层.png,Ref_drag_ear.mp4,prepared/Ref_drag_ear.motion.mp4,prompts/drag_ear.v1.en.txt,77,77-british-shorthair-silver-shaded,英国短毛猫银渐层,02,02-pull-left-ear,drag_ear,左前爪轻擦左耳与脸部后恢复坐姿,0,924_77-british-shorthair-silver-shaded_02-pull-left-ear_seed-0,4,4.0,24,480,832,15:26,9:16,drag_ear.v1,pending_model_validation,dbdc93fe3f0e922d0d53d3b6c78e213e176b5230876cf046e5da697fd2320d7b,241a5d66949edcf078e592e2d02939921c2ff68968a95640d4e5a7e2c4fe75c1
925,925,../data_h3/cat_ids/77_英国短毛猫银渐层.png,Ref_drag_ear_mirror.mp4,prepared/Ref_drag_ear_mirror.motion.mp4,prompts/drag_ear_mirror.v1.en.txt,77,77-british-shorthair-silver-shaded,英国短毛猫银渐层,03,03-drag-ear-mirror,drag_ear_mirror,右前爪轻擦右耳与脸部后恢复坐姿,0,925_77-british-shorthair-silver-shaded_03-drag-ear-mirror_seed-0,4,4.0,24,480,832,15:26,9:16,drag_ear_mirror.v1,pending_model_validation,68fc5e929e94c082c0da4f6ccda4e0b2f4f8e49e4da6baacf37e6a84c69f2fb3,f5a0412ed913f5aad8bffb33c68c3b0ad7f4923f44f06370f768483b146897f4
926,926,../data_h3/cat_ids/77_英国短毛猫银渐层.png,Ref_cat_teaser1.mp4,prepared/Ref_cat_teaser1.motion.mp4,prompts/cat_teaser1.v1.en.txt,77,77-british-shorthair-silver-shaded,英国短毛猫银渐层,04,04-cat-teaser1,cat_teaser1,左前爪坐姿拨打逗猫棒后注视玩具,0,926_77-british-shorthair-silver-shaded_04-cat-teaser1_seed-0,4,4.0,24,480,832,15:26,9:16,cat_teaser1.v1,pending_model_validation,28971748699ea020c1f7f9f78e45a8407665e85ec6df04732794d5fefc6126de,90ead0cb85338d88512f89fc4fdaa1599eaae717252a8a228289e47e9f7150f0
927,927,../data_h3/cat_ids/77_英国短毛猫银渐层.png,Ref_cat_teaser1_mirror.mp4,prepared/Ref_cat_teaser1_mirror.motion.mp4,prompts/cat_teaser1_mirror.v1.en.txt,77,77-british-shorthair-silver-shaded,英国短毛猫银渐层,05,05-cat-teaser1-mirror,cat_teaser1_mirror,右前爪坐姿拨打逗猫棒后注视玩具,0,927_77-british-shorthair-silver-shaded_05-cat-teaser1-mirror_seed-0,4,4.0,24,480,832,15:26,9:16,cat_teaser1_mirror.v1,pending_model_validation,5c7abea398cc5cec6ee97bd79e91c601838c2218c8101bd13041c5753a5e72ec,af450da4b11a442fbb8dc3b090842b494306a33800841e4f3ac9399fb1a3e695
928,928,../data_h3/cat_ids/77_英国短毛猫银渐层.png,Ref_cat_teaser2.mp4,prepared/Ref_cat_teaser2.motion.mp4,prompts/cat_teaser2.v1.en.txt,77,77-british-shorthair-silver-shaded,英国短毛猫银渐层,06,06-cat-teaser2,cat_teaser2,起身向画面右侧追拍逗猫棒并站定,0,928_77-british-shorthair-silver-shaded_06-cat-teaser2_seed-0,4,4.0,24,480,832,15:26,9:16,cat_teaser2.v1,pending_model_validation,d24950c871f5181f868624b0d0235308584d0cda7f2fe02eb6c362bca9be17e4,a8c95e9c38443d4d231086357cb356e7c98cb2af1a6bfa216feae39e945cc0ec
929,929,../data_h3/cat_ids/77_英国短毛猫银渐层.png,Ref_cat_teaser2_mirror.mp4,prepared/Ref_cat_teaser2_mirror.motion.mp4,prompts/cat_teaser2_mirror.v1.en.txt,77,77-british-shorthair-silver-shaded,英国短毛猫银渐层,07,07-cat-teaser2-mirror,cat_teaser2_mirror,起身向画面左侧追拍逗猫棒并站定,0,929_77-british-shorthair-silver-shaded_07-cat-teaser2-mirror_seed-0,4,4.0,24,480,832,15:26,9:16,cat_teaser2_mirror.v1,pending_model_validation,96e072371eb22e5b130ddeb5d0d5286b26069e03ec55aa98d8eb8998108588b0,7d4ae2310b662639649d68fa4f699951317c36f76eb715534248659d1924613d
930,930,../data_h3/cat_ids/77_英国短毛猫银渐层.png,Ref_cat_teaser3.mp4,prepared/Ref_cat_teaser3.motion.mp4,prompts/cat_teaser3.v1.en.txt,77,77-british-shorthair-silver-shaded,英国短毛猫银渐层,08,08-cat-teaser3,cat_teaser3,双前爪抬起抓扑逗猫棒后落地坐定,0,930_77-british-shorthair-silver-shaded_08-cat-teaser3_seed-0,4,4.0,24,480,832,15:26,9:16,cat_teaser3.v1,pending_model_validation,28125c76324f19aa23e77ae9b7227ec9da10d152f0fe3eb89243ddf4b0cd0c6b,71df79527a94810bcacebc9cb956fa137c891a4ed437386697434b19c5fbb7ce
931,931,../data_h3/cat_ids/77_英国短毛猫银渐层.png,Ref_drag_yarn_ball_and_catch.mp4,prepared/Ref_drag_yarn_ball_and_catch.motion.mp4,prompts/drag_yarn_ball_and_catch.v1.en.txt,77,77-british-shorthair-silver-shaded,英国短毛猫银渐层,09,09-drag-yarn-ball-and-catch,drag_yarn_ball_and_catch,追扑从画面左向右滚动的毛线球并按住,0,931_77-british-shorthair-silver-shaded_09-drag-yarn-ball-and-catch_seed-0,4,4.0,24,480,832,15:26,9:16,drag_yarn_ball_and_catch.v1,pending_model_validation,7ebe1b2a01564d805523f56b909e9a53772ebed08cbeda3c79c1765cceab70f6,5b888bc1cdc661bc3b5760445027966ef8d36a31c447614acbd23d3ca6af442e
932,932,../data_h3/cat_ids/77_英国短毛猫银渐层.png,Ref_drag_yarn_ball_and_catch_mirror.mp4,prepared/Ref_drag_yarn_ball_and_catch_mirror.motion.mp4,prompts/drag_yarn_ball_and_catch_mirror.v1.en.txt,77,77-british-shorthair-silver-shaded,英国短毛猫银渐层,10,10-drag-yarn-ball-and-catch-mirror,drag_yarn_ball_and_catch_mirror,追扑从画面右向左滚动的毛线球并按住,0,932_77-british-shorthair-silver-shaded_10-drag-yarn-ball-and-catch-mirror_seed-0,4,4.0,24,480,832,15:26,9:16,drag_yarn_ball_and_catch_mirror.v1,pending_model_validation,477225bf4f6fca729b4947c68a49ba53af5fb0428686571bc103a6f680058a2d,8b44957f6ebaca7c04c4a0af6bf4fbb65085b8ecf0acaf3433dc727a25b74982
933,933,../data_h3/cat_ids/77_英国短毛猫银渐层.png, Ref_curl_up_and_lie_down.mp4,prepared/ Ref_curl_up_and_lie_down.motion.mp4,prompts/curl_up_and_lie_down.v1.en.txt,77,77-british-shorthair-silver-shaded,英国短毛猫银渐层,11,11-curl-up-and-lie-down,curl_up_and_lie_down,低头向画面左侧蜷卧并闭眼休息,0,933_77-british-shorthair-silver-shaded_11-curl-up-and-lie-down_seed-0,4,4.0,24,480,832,15:26,9:16,curl_up_and_lie_down.v1,pending_model_validation,9217effb2f85c4322c192edb9cc4c687268e1285527679229ed2d92161f10f6b,8414a980252d2baee6444085d2755563b7e0ccb3a138027e7cc6c1233be766eb
934,934,../data_h3/cat_ids/77_英国短毛猫银渐层.png,Ref_curl_up_and_lie_down_mirror.mp4,prepared/Ref_curl_up_and_lie_down_mirror.motion.mp4,prompts/curl_up_and_lie_down_mirror.v1.en.txt,77,77-british-shorthair-silver-shaded,英国短毛猫银渐层,12,12-curl-up-and-lie-down-mirror,curl_up_and_lie_down_mirror,低头向画面右侧蜷卧并闭眼休息,0,934_77-british-shorthair-silver-shaded_12-curl-up-and-lie-down-mirror_seed-0,4,4.0,24,480,832,15:26,9:16,curl_up_and_lie_down_mirror.v1,pending_model_validation,0ae3d03ab930f2329999e943296bf3ba83b1968a23833a258ffc30a3fc3491e0,5dcfd307dd80e4bd86fa73aff45f41f66eced8aba348a07f81f559f008a63527
935,935,../data_h3/cat_ids/77_英国短毛猫银渐层.png,walk_forward_to_screen.mp4,prepared/walk_forward_to_screen.motion.mp4,prompts/walk_forward_to_screen.v1.en.txt,77,77-british-shorthair-silver-shaded,英国短毛猫银渐层,13,13-walk-forward-to-screen,walk_forward_to_screen,起身向镜头走近并在近处站定,0,935_77-british-shorthair-silver-shaded_13-walk-forward-to-screen_seed-0,4,4.041699,24,480,832,15:26,9:16,walk_forward_to_screen.v1,pending_model_validation,18c1e41e3d0bc7b332298f78c798593c6903d921bcab1cd40f5525438039f02c,b63a08fc2ef943e20b969f5567a1c9334a3d7ca21d68db70b052c4345a83014a
936,936,../data_h3/cat_ids/78_德文卷毛猫奶油虎斑.png,Ref_drag_ear.mp4,prepared/Ref_drag_ear.motion.mp4,prompts/drag_ear.v1.en.txt,78,78-devon-rex-cream-tabby,德文卷毛猫奶油虎斑,02,02-pull-left-ear,drag_ear,左前爪轻擦左耳与脸部后恢复坐姿,0,936_78-devon-rex-cream-tabby_02-pull-left-ear_seed-0,4,4.0,24,480,832,15:26,9:16,drag_ear.v1,pending_model_validation,dbdc93fe3f0e922d0d53d3b6c78e213e176b5230876cf046e5da697fd2320d7b,241a5d66949edcf078e592e2d02939921c2ff68968a95640d4e5a7e2c4fe75c1
937,937,../data_h3/cat_ids/78_德文卷毛猫奶油虎斑.png,Ref_drag_ear_mirror.mp4,prepared/Ref_drag_ear_mirror.motion.mp4,prompts/drag_ear_mirror.v1.en.txt,78,78-devon-rex-cream-tabby,德文卷毛猫奶油虎斑,03,03-drag-ear-mirror,drag_ear_mirror,右前爪轻擦右耳与脸部后恢复坐姿,0,937_78-devon-rex-cream-tabby_03-drag-ear-mirror_seed-0,4,4.0,24,480,832,15:26,9:16,drag_ear_mirror.v1,pending_model_validation,68fc5e929e94c082c0da4f6ccda4e0b2f4f8e49e4da6baacf37e6a84c69f2fb3,f5a0412ed913f5aad8bffb33c68c3b0ad7f4923f44f06370f768483b146897f4
938,938,../data_h3/cat_ids/78_德文卷毛猫奶油虎斑.png,Ref_cat_teaser1.mp4,prepared/Ref_cat_teaser1.motion.mp4,prompts/cat_teaser1.v1.en.txt,78,78-devon-rex-cream-tabby,德文卷毛猫奶油虎斑,04,04-cat-teaser1,cat_teaser1,左前爪坐姿拨打逗猫棒后注视玩具,0,938_78-devon-rex-cream-tabby_04-cat-teaser1_seed-0,4,4.0,24,480,832,15:26,9:16,cat_teaser1.v1,pending_model_validation,28971748699ea020c1f7f9f78e45a8407665e85ec6df04732794d5fefc6126de,90ead0cb85338d88512f89fc4fdaa1599eaae717252a8a228289e47e9f7150f0
939,939,../data_h3/cat_ids/78_德文卷毛猫奶油虎斑.png,Ref_cat_teaser1_mirror.mp4,prepared/Ref_cat_teaser1_mirror.motion.mp4,prompts/cat_teaser1_mirror.v1.en.txt,78,78-devon-rex-cream-tabby,德文卷毛猫奶油虎斑,05,05-cat-teaser1-mirror,cat_teaser1_mirror,右前爪坐姿拨打逗猫棒后注视玩具,0,939_78-devon-rex-cream-tabby_05-cat-teaser1-mirror_seed-0,4,4.0,24,480,832,15:26,9:16,cat_teaser1_mirror.v1,pending_model_validation,5c7abea398cc5cec6ee97bd79e91c601838c2218c8101bd13041c5753a5e72ec,af450da4b11a442fbb8dc3b090842b494306a33800841e4f3ac9399fb1a3e695
940,940,../data_h3/cat_ids/78_德文卷毛猫奶油虎斑.png,Ref_cat_teaser2.mp4,prepared/Ref_cat_teaser2.motion.mp4,prompts/cat_teaser2.v1.en.txt,78,78-devon-rex-cream-tabby,德文卷毛猫奶油虎斑,06,06-cat-teaser2,cat_teaser2,起身向画面右侧追拍逗猫棒并站定,0,940_78-devon-rex-cream-tabby_06-cat-teaser2_seed-0,4,4.0,24,480,832,15:26,9:16,cat_teaser2.v1,pending_model_validation,d24950c871f5181f868624b0d0235308584d0cda7f2fe02eb6c362bca9be17e4,a8c95e9c38443d4d231086357cb356e7c98cb2af1a6bfa216feae39e945cc0ec
941,941,../data_h3/cat_ids/78_德文卷毛猫奶油虎斑.png,Ref_cat_teaser2_mirror.mp4,prepared/Ref_cat_teaser2_mirror.motion.mp4,prompts/cat_teaser2_mirror.v1.en.txt,78,78-devon-rex-cream-tabby,德文卷毛猫奶油虎斑,07,07-cat-teaser2-mirror,cat_teaser2_mirror,起身向画面左侧追拍逗猫棒并站定,0,941_78-devon-rex-cream-tabby_07-cat-teaser2-mirror_seed-0,4,4.0,24,480,832,15:26,9:16,cat_teaser2_mirror.v1,pending_model_validation,96e072371eb22e5b130ddeb5d0d5286b26069e03ec55aa98d8eb8998108588b0,7d4ae2310b662639649d68fa4f699951317c36f76eb715534248659d1924613d
942,942,../data_h3/cat_ids/78_德文卷毛猫奶油虎斑.png,Ref_cat_teaser3.mp4,prepared/Ref_cat_teaser3.motion.mp4,prompts/cat_teaser3.v1.en.txt,78,78-devon-rex-cream-tabby,德文卷毛猫奶油虎斑,08,08-cat-teaser3,cat_teaser3,双前爪抬起抓扑逗猫棒后落地坐定,0,942_78-devon-rex-cream-tabby_08-cat-teaser3_seed-0,4,4.0,24,480,832,15:26,9:16,cat_teaser3.v1,pending_model_validation,28125c76324f19aa23e77ae9b7227ec9da10d152f0fe3eb89243ddf4b0cd0c6b,71df79527a94810bcacebc9cb956fa137c891a4ed437386697434b19c5fbb7ce
943,943,../data_h3/cat_ids/78_德文卷毛猫奶油虎斑.png,Ref_drag_yarn_ball_and_catch.mp4,prepared/Ref_drag_yarn_ball_and_catch.motion.mp4,prompts/drag_yarn_ball_and_catch.v1.en.txt,78,78-devon-rex-cream-tabby,德文卷毛猫奶油虎斑,09,09-drag-yarn-ball-and-catch,drag_yarn_ball_and_catch,追扑从画面左向右滚动的毛线球并按住,0,943_78-devon-rex-cream-tabby_09-drag-yarn-ball-and-catch_seed-0,4,4.0,24,480,832,15:26,9:16,drag_yarn_ball_and_catch.v1,pending_model_validation,7ebe1b2a01564d805523f56b909e9a53772ebed08cbeda3c79c1765cceab70f6,5b888bc1cdc661bc3b5760445027966ef8d36a31c447614acbd23d3ca6af442e
944,944,../data_h3/cat_ids/78_德文卷毛猫奶油虎斑.png,Ref_drag_yarn_ball_and_catch_mirror.mp4,prepared/Ref_drag_yarn_ball_and_catch_mirror.motion.mp4,prompts/drag_yarn_ball_and_catch_mirror.v1.en.txt,78,78-devon-rex-cream-tabby,德文卷毛猫奶油虎斑,10,10-drag-yarn-ball-and-catch-mirror,drag_yarn_ball_and_catch_mirror,追扑从画面右向左滚动的毛线球并按住,0,944_78-devon-rex-cream-tabby_10-drag-yarn-ball-and-catch-mirror_seed-0,4,4.0,24,480,832,15:26,9:16,drag_yarn_ball_and_catch_mirror.v1,pending_model_validation,477225bf4f6fca729b4947c68a49ba53af5fb0428686571bc103a6f680058a2d,8b44957f6ebaca7c04c4a0af6bf4fbb65085b8ecf0acaf3433dc727a25b74982
945,945,../data_h3/cat_ids/78_德文卷毛猫奶油虎斑.png, Ref_curl_up_and_lie_down.mp4,prepared/ Ref_curl_up_and_lie_down.motion.mp4,prompts/curl_up_and_lie_down.v1.en.txt,78,78-devon-rex-cream-tabby,德文卷毛猫奶油虎斑,11,11-curl-up-and-lie-down,curl_up_and_lie_down,低头向画面左侧蜷卧并闭眼休息,0,945_78-devon-rex-cream-tabby_11-curl-up-and-lie-down_seed-0,4,4.0,24,480,832,15:26,9:16,curl_up_and_lie_down.v1,pending_model_validation,9217effb2f85c4322c192edb9cc4c687268e1285527679229ed2d92161f10f6b,8414a980252d2baee6444085d2755563b7e0ccb3a138027e7cc6c1233be766eb
946,946,../data_h3/cat_ids/78_德文卷毛猫奶油虎斑.png,Ref_curl_up_and_lie_down_mirror.mp4,prepared/Ref_curl_up_and_lie_down_mirror.motion.mp4,prompts/curl_up_and_lie_down_mirror.v1.en.txt,78,78-devon-rex-cream-tabby,德文卷毛猫奶油虎斑,12,12-curl-up-and-lie-down-mirror,curl_up_and_lie_down_mirror,低头向画面右侧蜷卧并闭眼休息,0,946_78-devon-rex-cream-tabby_12-curl-up-and-lie-down-mirror_seed-0,4,4.0,24,480,832,15:26,9:16,curl_up_and_lie_down_mirror.v1,pending_model_validation,0ae3d03ab930f2329999e943296bf3ba83b1968a23833a258ffc30a3fc3491e0,5dcfd307dd80e4bd86fa73aff45f41f66eced8aba348a07f81f559f008a63527
947,947,../data_h3/cat_ids/78_德文卷毛猫奶油虎斑.png,walk_forward_to_screen.mp4,prepared/walk_forward_to_screen.motion.mp4,prompts/walk_forward_to_screen.v1.en.txt,78,78-devon-rex-cream-tabby,德文卷毛猫奶油虎斑,13,13-walk-forward-to-screen,walk_forward_to_screen,起身向镜头走近并在近处站定,0,947_78-devon-rex-cream-tabby_13-walk-forward-to-screen_seed-0,4,4.041699,24,480,832,15:26,9:16,walk_forward_to_screen.v1,pending_model_validation,18c1e41e3d0bc7b332298f78c798593c6903d921bcab1cd40f5525438039f02c,b63a08fc2ef943e20b969f5567a1c9334a3d7ca21d68db70b052c4345a83014a
948,948,../data_h3/cat_ids/79_缅因猫银虎斑.png,Ref_drag_ear.mp4,prepared/Ref_drag_ear.motion.mp4,prompts/drag_ear.v1.en.txt,79,79-maine-coon-silver-tabby,缅因猫银虎斑,02,02-pull-left-ear,drag_ear,左前爪轻擦左耳与脸部后恢复坐姿,0,948_79-maine-coon-silver-tabby_02-pull-left-ear_seed-0,4,4.0,24,480,832,15:26,9:16,drag_ear.v1,pending_model_validation,dbdc93fe3f0e922d0d53d3b6c78e213e176b5230876cf046e5da697fd2320d7b,241a5d66949edcf078e592e2d02939921c2ff68968a95640d4e5a7e2c4fe75c1
949,949,../data_h3/cat_ids/79_缅因猫银虎斑.png,Ref_drag_ear_mirror.mp4,prepared/Ref_drag_ear_mirror.motion.mp4,prompts/drag_ear_mirror.v1.en.txt,79,79-maine-coon-silver-tabby,缅因猫银虎斑,03,03-drag-ear-mirror,drag_ear_mirror,右前爪轻擦右耳与脸部后恢复坐姿,0,949_79-maine-coon-silver-tabby_03-drag-ear-mirror_seed-0,4,4.0,24,480,832,15:26,9:16,drag_ear_mirror.v1,pending_model_validation,68fc5e929e94c082c0da4f6ccda4e0b2f4f8e49e4da6baacf37e6a84c69f2fb3,f5a0412ed913f5aad8bffb33c68c3b0ad7f4923f44f06370f768483b146897f4
950,950,../data_h3/cat_ids/79_缅因猫银虎斑.png,Ref_cat_teaser1.mp4,prepared/Ref_cat_teaser1.motion.mp4,prompts/cat_teaser1.v1.en.txt,79,79-maine-coon-silver-tabby,缅因猫银虎斑,04,04-cat-teaser1,cat_teaser1,左前爪坐姿拨打逗猫棒后注视玩具,0,950_79-maine-coon-silver-tabby_04-cat-teaser1_seed-0,4,4.0,24,480,832,15:26,9:16,cat_teaser1.v1,pending_model_validation,28971748699ea020c1f7f9f78e45a8407665e85ec6df04732794d5fefc6126de,90ead0cb85338d88512f89fc4fdaa1599eaae717252a8a228289e47e9f7150f0
951,951,../data_h3/cat_ids/79_缅因猫银虎斑.png,Ref_cat_teaser1_mirror.mp4,prepared/Ref_cat_teaser1_mirror.motion.mp4,prompts/cat_teaser1_mirror.v1.en.txt,79,79-maine-coon-silver-tabby,缅因猫银虎斑,05,05-cat-teaser1-mirror,cat_teaser1_mirror,右前爪坐姿拨打逗猫棒后注视玩具,0,951_79-maine-coon-silver-tabby_05-cat-teaser1-mirror_seed-0,4,4.0,24,480,832,15:26,9:16,cat_teaser1_mirror.v1,pending_model_validation,5c7abea398cc5cec6ee97bd79e91c601838c2218c8101bd13041c5753a5e72ec,af450da4b11a442fbb8dc3b090842b494306a33800841e4f3ac9399fb1a3e695
952,952,../data_h3/cat_ids/79_缅因猫银虎斑.png,Ref_cat_teaser2.mp4,prepared/Ref_cat_teaser2.motion.mp4,prompts/cat_teaser2.v1.en.txt,79,79-maine-coon-silver-tabby,缅因猫银虎斑,06,06-cat-teaser2,cat_teaser2,起身向画面右侧追拍逗猫棒并站定,0,952_79-maine-coon-silver-tabby_06-cat-teaser2_seed-0,4,4.0,24,480,832,15:26,9:16,cat_teaser2.v1,pending_model_validation,d24950c871f5181f868624b0d0235308584d0cda7f2fe02eb6c362bca9be17e4,a8c95e9c38443d4d231086357cb356e7c98cb2af1a6bfa216feae39e945cc0ec
953,953,../data_h3/cat_ids/79_缅因猫银虎斑.png,Ref_cat_teaser2_mirror.mp4,prepared/Ref_cat_teaser2_mirror.motion.mp4,prompts/cat_teaser2_mirror.v1.en.txt,79,79-maine-coon-silver-tabby,缅因猫银虎斑,07,07-cat-teaser2-mirror,cat_teaser2_mirror,起身向画面左侧追拍逗猫棒并站定,0,953_79-maine-coon-silver-tabby_07-cat-teaser2-mirror_seed-0,4,4.0,24,480,832,15:26,9:16,cat_teaser2_mirror.v1,pending_model_validation,96e072371eb22e5b130ddeb5d0d5286b26069e03ec55aa98d8eb8998108588b0,7d4ae2310b662639649d68fa4f699951317c36f76eb715534248659d1924613d
954,954,../data_h3/cat_ids/79_缅因猫银虎斑.png,Ref_cat_teaser3.mp4,prepared/Ref_cat_teaser3.motion.mp4,prompts/cat_teaser3.v1.en.txt,79,79-maine-coon-silver-tabby,缅因猫银虎斑,08,08-cat-teaser3,cat_teaser3,双前爪抬起抓扑逗猫棒后落地坐定,0,954_79-maine-coon-silver-tabby_08-cat-teaser3_seed-0,4,4.0,24,480,832,15:26,9:16,cat_teaser3.v1,pending_model_validation,28125c76324f19aa23e77ae9b7227ec9da10d152f0fe3eb89243ddf4b0cd0c6b,71df79527a94810bcacebc9cb956fa137c891a4ed437386697434b19c5fbb7ce
955,955,../data_h3/cat_ids/79_缅因猫银虎斑.png,Ref_drag_yarn_ball_and_catch.mp4,prepared/Ref_drag_yarn_ball_and_catch.motion.mp4,prompts/drag_yarn_ball_and_catch.v1.en.txt,79,79-maine-coon-silver-tabby,缅因猫银虎斑,09,09-drag-yarn-ball-and-catch,drag_yarn_ball_and_catch,追扑从画面左向右滚动的毛线球并按住,0,955_79-maine-coon-silver-tabby_09-drag-yarn-ball-and-catch_seed-0,4,4.0,24,480,832,15:26,9:16,drag_yarn_ball_and_catch.v1,pending_model_validation,7ebe1b2a01564d805523f56b909e9a53772ebed08cbeda3c79c1765cceab70f6,5b888bc1cdc661bc3b5760445027966ef8d36a31c447614acbd23d3ca6af442e
956,956,../data_h3/cat_ids/79_缅因猫银虎斑.png,Ref_drag_yarn_ball_and_catch_mirror.mp4,prepared/Ref_drag_yarn_ball_and_catch_mirror.motion.mp4,prompts/drag_yarn_ball_and_catch_mirror.v1.en.txt,79,79-maine-coon-silver-tabby,缅因猫银虎斑,10,10-drag-yarn-ball-and-catch-mirror,drag_yarn_ball_and_catch_mirror,追扑从画面右向左滚动的毛线球并按住,0,956_79-maine-coon-silver-tabby_10-drag-yarn-ball-and-catch-mirror_seed-0,4,4.0,24,480,832,15:26,9:16,drag_yarn_ball_and_catch_mirror.v1,pending_model_validation,477225bf4f6fca729b4947c68a49ba53af5fb0428686571bc103a6f680058a2d,8b44957f6ebaca7c04c4a0af6bf4fbb65085b8ecf0acaf3433dc727a25b74982
957,957,../data_h3/cat_ids/79_缅因猫银虎斑.png, Ref_curl_up_and_lie_down.mp4,prepared/ Ref_curl_up_and_lie_down.motion.mp4,prompts/curl_up_and_lie_down.v1.en.txt,79,79-maine-coon-silver-tabby,缅因猫银虎斑,11,11-curl-up-and-lie-down,curl_up_and_lie_down,低头向画面左侧蜷卧并闭眼休息,0,957_79-maine-coon-silver-tabby_11-curl-up-and-lie-down_seed-0,4,4.0,24,480,832,15:26,9:16,curl_up_and_lie_down.v1,pending_model_validation,9217effb2f85c4322c192edb9cc4c687268e1285527679229ed2d92161f10f6b,8414a980252d2baee6444085d2755563b7e0ccb3a138027e7cc6c1233be766eb
958,958,../data_h3/cat_ids/79_缅因猫银虎斑.png,Ref_curl_up_and_lie_down_mirror.mp4,prepared/Ref_curl_up_and_lie_down_mirror.motion.mp4,prompts/curl_up_and_lie_down_mirror.v1.en.txt,79,79-maine-coon-silver-tabby,缅因猫银虎斑,12,12-curl-up-and-lie-down-mirror,curl_up_and_lie_down_mirror,低头向画面右侧蜷卧并闭眼休息,0,958_79-maine-coon-silver-tabby_12-curl-up-and-lie-down-mirror_seed-0,4,4.0,24,480,832,15:26,9:16,curl_up_and_lie_down_mirror.v1,pending_model_validation,0ae3d03ab930f2329999e943296bf3ba83b1968a23833a258ffc30a3fc3491e0,5dcfd307dd80e4bd86fa73aff45f41f66eced8aba348a07f81f559f008a63527
959,959,../data_h3/cat_ids/79_缅因猫银虎斑.png,walk_forward_to_screen.mp4,prepared/walk_forward_to_screen.motion.mp4,prompts/walk_forward_to_screen.v1.en.txt,79,79-maine-coon-silver-tabby,缅因猫银虎斑,13,13-walk-forward-to-screen,walk_forward_to_screen,起身向镜头走近并在近处站定,0,959_79-maine-coon-silver-tabby_13-walk-forward-to-screen_seed-0,4,4.041699,24,480,832,15:26,9:16,walk_forward_to_screen.v1,pending_model_validation,18c1e41e3d0bc7b332298f78c798593c6903d921bcab1cd40f5525438039f02c,b63a08fc2ef943e20b969f5567a1c9334a3d7ca21d68db70b052c4345a83014a
