id,source_id,input_image,source_reference_video,reference_video,prompt_file,cat_idx,cat_id,cat_name_zh,motion_idx,motion_id,motion_slug,motion_name_zh,seed,output_name,duration_seconds,reference_duration_seconds,fps,width,height,source_aspect_ratio,aspect_ratio,prompt_version,prompt_status,prompt_sha256,source_reference_sha256,identity_prompt_file
000,0,../data_h3/cat_ids/00_短毛橘猫鱼骨纹.png,Ref_drag_ear.mp4,prepared/Ref_drag_ear.motion.mp4,prompts/drag_ear.v1.en.txt,00,00-orange-shorthair-mackerel-tabby,短毛橘猫鱼骨纹,02,02-pull-left-ear,drag_ear,左前爪轻擦左耳与脸部后恢复坐姿,0,000_00-orange-shorthair-mackerel-tabby_02-pull-left-ear_seed-0,4,4.0,24,480,832,15:26,9:16,drag_ear.v1+cat_identity.v1,pending_model_validation,36567afd988a445a4efa74c9b8117786f55fcbe7c53fff4370f16dd7b32e9686,241a5d66949edcf078e592e2d02939921c2ff68968a95640d4e5a7e2c4fe75c1,prompts/cat_identity.v1.json
001,1,../data_h3/cat_ids/00_短毛橘猫鱼骨纹.png,Ref_drag_ear_mirror.mp4,prepared/Ref_drag_ear_mirror.motion.mp4,prompts/drag_ear_mirror.v1.en.txt,00,00-orange-shorthair-mackerel-tabby,短毛橘猫鱼骨纹,03,03-drag-ear-mirror,drag_ear_mirror,右前爪轻擦右耳与脸部后恢复坐姿,0,001_00-orange-shorthair-mackerel-tabby_03-drag-ear-mirror_seed-0,4,4.0,24,480,832,15:26,9:16,drag_ear_mirror.v1+cat_identity.v1,pending_model_validation,30c857c634ea5f6547c4da67817f1ef3c73ec77eeee8c571ea5efe9c362562fa,f5a0412ed913f5aad8bffb33c68c3b0ad7f4923f44f06370f768483b146897f4,prompts/cat_identity.v1.json
002,2,../data_h3/cat_ids/00_短毛橘猫鱼骨纹.png,Ref_cat_teaser1.mp4,prepared/Ref_cat_teaser1.motion.mp4,prompts/cat_teaser1.v1.en.txt,00,00-orange-shorthair-mackerel-tabby,短毛橘猫鱼骨纹,04,04-cat-teaser1,cat_teaser1,左前爪坐姿拨打逗猫棒后注视玩具,0,002_00-orange-shorthair-mackerel-tabby_04-cat-teaser1_seed-0,4,4.0,24,480,832,15:26,9:16,cat_teaser1.v1+cat_identity.v1,pending_model_validation,021b358e9c27695a0eb5b74ca2bad707cf59e337db119a56b32e1cef5d696352,90ead0cb85338d88512f89fc4fdaa1599eaae717252a8a228289e47e9f7150f0,prompts/cat_identity.v1.json
003,3,../data_h3/cat_ids/00_短毛橘猫鱼骨纹.png,Ref_cat_teaser1_mirror.mp4,prepared/Ref_cat_teaser1_mirror.motion.mp4,prompts/cat_teaser1_mirror.v1.en.txt,00,00-orange-shorthair-mackerel-tabby,短毛橘猫鱼骨纹,05,05-cat-teaser1-mirror,cat_teaser1_mirror,右前爪坐姿拨打逗猫棒后注视玩具,0,003_00-orange-shorthair-mackerel-tabby_05-cat-teaser1-mirror_seed-0,4,4.0,24,480,832,15:26,9:16,cat_teaser1_mirror.v1+cat_identity.v1,pending_model_validation,89cda9edeed8fb9b6ad59dcea66c686b2f83f20b1a3b5ab0dfc861c9548cf345,af450da4b11a442fbb8dc3b090842b494306a33800841e4f3ac9399fb1a3e695,prompts/cat_identity.v1.json
004,4,../data_h3/cat_ids/00_短毛橘猫鱼骨纹.png,Ref_cat_teaser2.mp4,prepared/Ref_cat_teaser2.motion.mp4,prompts/cat_teaser2.v1.en.txt,00,00-orange-shorthair-mackerel-tabby,短毛橘猫鱼骨纹,06,06-cat-teaser2,cat_teaser2,起身向画面右侧追拍逗猫棒并站定,0,004_00-orange-shorthair-mackerel-tabby_06-cat-teaser2_seed-0,4,4.0,24,480,832,15:26,9:16,cat_teaser2.v1+cat_identity.v1,pending_model_validation,b2c389438f61a986f48edbb6672897fe87f678cda43fe56b06f46f876fad8e9f,a8c95e9c38443d4d231086357cb356e7c98cb2af1a6bfa216feae39e945cc0ec,prompts/cat_identity.v1.json
005,5,../data_h3/cat_ids/00_短毛橘猫鱼骨纹.png,Ref_cat_teaser2_mirror.mp4,prepared/Ref_cat_teaser2_mirror.motion.mp4,prompts/cat_teaser2_mirror.v1.en.txt,00,00-orange-shorthair-mackerel-tabby,短毛橘猫鱼骨纹,07,07-cat-teaser2-mirror,cat_teaser2_mirror,起身向画面左侧追拍逗猫棒并站定,0,005_00-orange-shorthair-mackerel-tabby_07-cat-teaser2-mirror_seed-0,4,4.0,24,480,832,15:26,9:16,cat_teaser2_mirror.v1+cat_identity.v1,pending_model_validation,a710b22f20d1d5d7208ca25f94909068b3db839bcc66382b884c6bbb9c8c64f6,7d4ae2310b662639649d68fa4f699951317c36f76eb715534248659d1924613d,prompts/cat_identity.v1.json
006,6,../data_h3/cat_ids/00_短毛橘猫鱼骨纹.png,Ref_cat_teaser3.mp4,prepared/Ref_cat_teaser3.motion.mp4,prompts/cat_teaser3.v1.en.txt,00,00-orange-shorthair-mackerel-tabby,短毛橘猫鱼骨纹,08,08-cat-teaser3,cat_teaser3,双前爪抬起抓扑逗猫棒后落地坐定,0,006_00-orange-shorthair-mackerel-tabby_08-cat-teaser3_seed-0,4,4.0,24,480,832,15:26,9:16,cat_teaser3.v1+cat_identity.v1,pending_model_validation,0199f03c9490d4dfd43f990a5c0cbff61f55116538c9877a7b83719bd2b62447,71df79527a94810bcacebc9cb956fa137c891a4ed437386697434b19c5fbb7ce,prompts/cat_identity.v1.json
007,7,../data_h3/cat_ids/00_短毛橘猫鱼骨纹.png,Ref_drag_yarn_ball_and_catch.mp4,prepared/Ref_drag_yarn_ball_and_catch.motion.mp4,prompts/drag_yarn_ball_and_catch.v1.en.txt,00,00-orange-shorthair-mackerel-tabby,短毛橘猫鱼骨纹,09,09-drag-yarn-ball-and-catch,drag_yarn_ball_and_catch,追扑从画面左向右滚动的毛线球并按住,0,007_00-orange-shorthair-mackerel-tabby_09-drag-yarn-ball-and-catch_seed-0,4,4.0,24,480,832,15:26,9:16,drag_yarn_ball_and_catch.v1+cat_identity.v1,pending_model_validation,353789a3f2ccc7d428a7dbe0878b4778d9508c40fef42d1f3128535699651f47,5b888bc1cdc661bc3b5760445027966ef8d36a31c447614acbd23d3ca6af442e,prompts/cat_identity.v1.json
008,8,../data_h3/cat_ids/00_短毛橘猫鱼骨纹.png,Ref_drag_yarn_ball_and_catch_mirror.mp4,prepared/Ref_drag_yarn_ball_and_catch_mirror.motion.mp4,prompts/drag_yarn_ball_and_catch_mirror.v1.en.txt,00,00-orange-shorthair-mackerel-tabby,短毛橘猫鱼骨纹,10,10-drag-yarn-ball-and-catch-mirror,drag_yarn_ball_and_catch_mirror,追扑从画面右向左滚动的毛线球并按住,0,008_00-orange-shorthair-mackerel-tabby_10-drag-yarn-ball-and-catch-mirror_seed-0,4,4.0,24,480,832,15:26,9:16,drag_yarn_ball_and_catch_mirror.v1+cat_identity.v1,pending_model_validation,b6352ad1363ea5befdc3eb6cb6e430f94bedb0813d3e3fd6fcc5cf4e50e5897f,8b44957f6ebaca7c04c4a0af6bf4fbb65085b8ecf0acaf3433dc727a25b74982,prompts/cat_identity.v1.json
009,9,../data_h3/cat_ids/00_短毛橘猫鱼骨纹.png,Ref_curl_up_and_lie_down.mp4,prepared/Ref_curl_up_and_lie_down.motion.mp4,prompts/curl_up_and_lie_down.v1.en.txt,00,00-orange-shorthair-mackerel-tabby,短毛橘猫鱼骨纹,11,11-curl-up-and-lie-down,curl_up_and_lie_down,低头向画面左侧蜷卧并闭眼休息,0,009_00-orange-shorthair-mackerel-tabby_11-curl-up-and-lie-down_seed-0,4,4.0,24,480,832,15:26,9:16,curl_up_and_lie_down.v1+cat_identity.v1,pending_model_validation,9101184885f7551d5e9d0d56a06e8db8ee6cbd0dc483820e010d77d05dd5dcd1,8414a980252d2baee6444085d2755563b7e0ccb3a138027e7cc6c1233be766eb,prompts/cat_identity.v1.json
010,10,../data_h3/cat_ids/00_短毛橘猫鱼骨纹.png,Ref_curl_up_and_lie_down_mirror.mp4,prepared/Ref_curl_up_and_lie_down_mirror.motion.mp4,prompts/curl_up_and_lie_down_mirror.v1.en.txt,00,00-orange-shorthair-mackerel-tabby,短毛橘猫鱼骨纹,12,12-curl-up-and-lie-down-mirror,curl_up_and_lie_down_mirror,低头向画面右侧蜷卧并闭眼休息,0,010_00-orange-shorthair-mackerel-tabby_12-curl-up-and-lie-down-mirror_seed-0,4,4.0,24,480,832,15:26,9:16,curl_up_and_lie_down_mirror.v1+cat_identity.v1,pending_model_validation,61a2c7b7b7eb6ed43369ac719dd10fdd8a74b85319d51e8ce32a6be531de1a1c,5dcfd307dd80e4bd86fa73aff45f41f66eced8aba348a07f81f559f008a63527,prompts/cat_identity.v1.json
011,11,../data_h3/cat_ids/00_短毛橘猫鱼骨纹.png,Ref_walk_forward_to_screen.mp4,prepared/Ref_walk_forward_to_screen.motion.mp4,prompts/walk_forward_to_screen.v1.en.txt,00,00-orange-shorthair-mackerel-tabby,短毛橘猫鱼骨纹,13,13-walk-forward-to-screen,walk_forward_to_screen,起身向镜头走近并在近处站定,0,011_00-orange-shorthair-mackerel-tabby_13-walk-forward-to-screen_seed-0,4,4.041699,24,480,832,15:26,9:16,walk_forward_to_screen.v1+cat_identity.v1,pending_model_validation,e338195179e5ea1a8a7a07f27491eb98b80f19ded5bbcd9cf14aa589cace5327,b63a08fc2ef943e20b969f5567a1c9334a3d7ca21d68db70b052c4345a83014a,prompts/cat_identity.v1.json
012,12,../data_h3/cat_ids/01_短毛橘猫经典虎斑.png,Ref_drag_ear.mp4,prepared/Ref_drag_ear.motion.mp4,prompts/drag_ear.v1.en.txt,01,01-orange-shorthair-classic-tabby,短毛橘猫经典虎斑,02,02-pull-left-ear,drag_ear,左前爪轻擦左耳与脸部后恢复坐姿,0,012_01-orange-shorthair-classic-tabby_02-pull-left-ear_seed-0,4,4.0,24,480,832,15:26,9:16,drag_ear.v1+cat_identity.v1,pending_model_validation,5f7bcd188ffac7753edc7a65e42cea366c245bc37c706076d3f78348c0fd6c25,241a5d66949edcf078e592e2d02939921c2ff68968a95640d4e5a7e2c4fe75c1,prompts/cat_identity.v1.json
013,13,../data_h3/cat_ids/01_短毛橘猫经典虎斑.png,Ref_drag_ear_mirror.mp4,prepared/Ref_drag_ear_mirror.motion.mp4,prompts/drag_ear_mirror.v1.en.txt,01,01-orange-shorthair-classic-tabby,短毛橘猫经典虎斑,03,03-drag-ear-mirror,drag_ear_mirror,右前爪轻擦右耳与脸部后恢复坐姿,0,013_01-orange-shorthair-classic-tabby_03-drag-ear-mirror_seed-0,4,4.0,24,480,832,15:26,9:16,drag_ear_mirror.v1+cat_identity.v1,pending_model_validation,3f28785d629c803f05d020e7c8aa864c4af9ee02ceff80f09279f7a2e1124d1d,f5a0412ed913f5aad8bffb33c68c3b0ad7f4923f44f06370f768483b146897f4,prompts/cat_identity.v1.json
014,14,../data_h3/cat_ids/01_短毛橘猫经典虎斑.png,Ref_cat_teaser1.mp4,prepared/Ref_cat_teaser1.motion.mp4,prompts/cat_teaser1.v1.en.txt,01,01-orange-shorthair-classic-tabby,短毛橘猫经典虎斑,04,04-cat-teaser1,cat_teaser1,左前爪坐姿拨打逗猫棒后注视玩具,0,014_01-orange-shorthair-classic-tabby_04-cat-teaser1_seed-0,4,4.0,24,480,832,15:26,9:16,cat_teaser1.v1+cat_identity.v1,pending_model_validation,a2d55490529a10f1a1715923df4d6c7c32ad48367bed4bc229ede4918305fc52,90ead0cb85338d88512f89fc4fdaa1599eaae717252a8a228289e47e9f7150f0,prompts/cat_identity.v1.json
015,15,../data_h3/cat_ids/01_短毛橘猫经典虎斑.png,Ref_cat_teaser1_mirror.mp4,prepared/Ref_cat_teaser1_mirror.motion.mp4,prompts/cat_teaser1_mirror.v1.en.txt,01,01-orange-shorthair-classic-tabby,短毛橘猫经典虎斑,05,05-cat-teaser1-mirror,cat_teaser1_mirror,右前爪坐姿拨打逗猫棒后注视玩具,0,015_01-orange-shorthair-classic-tabby_05-cat-teaser1-mirror_seed-0,4,4.0,24,480,832,15:26,9:16,cat_teaser1_mirror.v1+cat_identity.v1,pending_model_validation,b8981ea07c15d5f8303f7410340fc0f8385d4b0de0737df88f8d55e11cf09845,af450da4b11a442fbb8dc3b090842b494306a33800841e4f3ac9399fb1a3e695,prompts/cat_identity.v1.json
016,16,../data_h3/cat_ids/01_短毛橘猫经典虎斑.png,Ref_cat_teaser2.mp4,prepared/Ref_cat_teaser2.motion.mp4,prompts/cat_teaser2.v1.en.txt,01,01-orange-shorthair-classic-tabby,短毛橘猫经典虎斑,06,06-cat-teaser2,cat_teaser2,起身向画面右侧追拍逗猫棒并站定,0,016_01-orange-shorthair-classic-tabby_06-cat-teaser2_seed-0,4,4.0,24,480,832,15:26,9:16,cat_teaser2.v1+cat_identity.v1,pending_model_validation,640b55f2df0ac658eb2610e62a7f34605aa2d7d21c1d1b1ddd1f469bb7dc8abf,a8c95e9c38443d4d231086357cb356e7c98cb2af1a6bfa216feae39e945cc0ec,prompts/cat_identity.v1.json
017,17,../data_h3/cat_ids/01_短毛橘猫经典虎斑.png,Ref_cat_teaser2_mirror.mp4,prepared/Ref_cat_teaser2_mirror.motion.mp4,prompts/cat_teaser2_mirror.v1.en.txt,01,01-orange-shorthair-classic-tabby,短毛橘猫经典虎斑,07,07-cat-teaser2-mirror,cat_teaser2_mirror,起身向画面左侧追拍逗猫棒并站定,0,017_01-orange-shorthair-classic-tabby_07-cat-teaser2-mirror_seed-0,4,4.0,24,480,832,15:26,9:16,cat_teaser2_mirror.v1+cat_identity.v1,pending_model_validation,a9a625d9acc3e0fed9bbdac6bf1567dee81b6d33cc6da9231cbf46e7cadf4b94,7d4ae2310b662639649d68fa4f699951317c36f76eb715534248659d1924613d,prompts/cat_identity.v1.json
018,18,../data_h3/cat_ids/01_短毛橘猫经典虎斑.png,Ref_cat_teaser3.mp4,prepared/Ref_cat_teaser3.motion.mp4,prompts/cat_teaser3.v1.en.txt,01,01-orange-shorthair-classic-tabby,短毛橘猫经典虎斑,08,08-cat-teaser3,cat_teaser3,双前爪抬起抓扑逗猫棒后落地坐定,0,018_01-orange-shorthair-classic-tabby_08-cat-teaser3_seed-0,4,4.0,24,480,832,15:26,9:16,cat_teaser3.v1+cat_identity.v1,pending_model_validation,e9d2eaa564e6012e5e5d2899958a51ec5f6733f8f9aa1e8251f324cbde96c579,71df79527a94810bcacebc9cb956fa137c891a4ed437386697434b19c5fbb7ce,prompts/cat_identity.v1.json
019,19,../data_h3/cat_ids/01_短毛橘猫经典虎斑.png,Ref_drag_yarn_ball_and_catch.mp4,prepared/Ref_drag_yarn_ball_and_catch.motion.mp4,prompts/drag_yarn_ball_and_catch.v1.en.txt,01,01-orange-shorthair-classic-tabby,短毛橘猫经典虎斑,09,09-drag-yarn-ball-and-catch,drag_yarn_ball_and_catch,追扑从画面左向右滚动的毛线球并按住,0,019_01-orange-shorthair-classic-tabby_09-drag-yarn-ball-and-catch_seed-0,4,4.0,24,480,832,15:26,9:16,drag_yarn_ball_and_catch.v1+cat_identity.v1,pending_model_validation,4f6a1584b637a81d3d75ca859de56da82980800573d557dd8af6a07907d9e4b7,5b888bc1cdc661bc3b5760445027966ef8d36a31c447614acbd23d3ca6af442e,prompts/cat_identity.v1.json
020,20,../data_h3/cat_ids/01_短毛橘猫经典虎斑.png,Ref_drag_yarn_ball_and_catch_mirror.mp4,prepared/Ref_drag_yarn_ball_and_catch_mirror.motion.mp4,prompts/drag_yarn_ball_and_catch_mirror.v1.en.txt,01,01-orange-shorthair-classic-tabby,短毛橘猫经典虎斑,10,10-drag-yarn-ball-and-catch-mirror,drag_yarn_ball_and_catch_mirror,追扑从画面右向左滚动的毛线球并按住,0,020_01-orange-shorthair-classic-tabby_10-drag-yarn-ball-and-catch-mirror_seed-0,4,4.0,24,480,832,15:26,9:16,drag_yarn_ball_and_catch_mirror.v1+cat_identity.v1,pending_model_validation,c9e1d2a4be971f4290965dfe7845c638253f5122fc99b8e765947f16dcefa440,8b44957f6ebaca7c04c4a0af6bf4fbb65085b8ecf0acaf3433dc727a25b74982,prompts/cat_identity.v1.json
021,21,../data_h3/cat_ids/01_短毛橘猫经典虎斑.png,Ref_curl_up_and_lie_down.mp4,prepared/Ref_curl_up_and_lie_down.motion.mp4,prompts/curl_up_and_lie_down.v1.en.txt,01,01-orange-shorthair-classic-tabby,短毛橘猫经典虎斑,11,11-curl-up-and-lie-down,curl_up_and_lie_down,低头向画面左侧蜷卧并闭眼休息,0,021_01-orange-shorthair-classic-tabby_11-curl-up-and-lie-down_seed-0,4,4.0,24,480,832,15:26,9:16,curl_up_and_lie_down.v1+cat_identity.v1,pending_model_validation,1aea770abd35abdf83aeb2e95ee208d1c05cec92bdd8a23ef6460cade52dcc4e,8414a980252d2baee6444085d2755563b7e0ccb3a138027e7cc6c1233be766eb,prompts/cat_identity.v1.json
022,22,../data_h3/cat_ids/01_短毛橘猫经典虎斑.png,Ref_curl_up_and_lie_down_mirror.mp4,prepared/Ref_curl_up_and_lie_down_mirror.motion.mp4,prompts/curl_up_and_lie_down_mirror.v1.en.txt,01,01-orange-shorthair-classic-tabby,短毛橘猫经典虎斑,12,12-curl-up-and-lie-down-mirror,curl_up_and_lie_down_mirror,低头向画面右侧蜷卧并闭眼休息,0,022_01-orange-shorthair-classic-tabby_12-curl-up-and-lie-down-mirror_seed-0,4,4.0,24,480,832,15:26,9:16,curl_up_and_lie_down_mirror.v1+cat_identity.v1,pending_model_validation,67cc14da526bff3356a4eb7de42167458c452550be3a2d7fa51724342131cf88,5dcfd307dd80e4bd86fa73aff45f41f66eced8aba348a07f81f559f008a63527,prompts/cat_identity.v1.json
023,23,../data_h3/cat_ids/01_短毛橘猫经典虎斑.png,Ref_walk_forward_to_screen.mp4,prepared/Ref_walk_forward_to_screen.motion.mp4,prompts/walk_forward_to_screen.v1.en.txt,01,01-orange-shorthair-classic-tabby,短毛橘猫经典虎斑,13,13-walk-forward-to-screen,walk_forward_to_screen,起身向镜头走近并在近处站定,0,023_01-orange-shorthair-classic-tabby_13-walk-forward-to-screen_seed-0,4,4.041699,24,480,832,15:26,9:16,walk_forward_to_screen.v1+cat_identity.v1,pending_model_validation,3c7c1c342896dc99052915f152266506d0cc3d2dd4e5662b0aca11a7582a7ba0,b63a08fc2ef943e20b969f5567a1c9334a3d7ca21d68db70b052c4345a83014a,prompts/cat_identity.v1.json
024,24,../data_h3/cat_ids/02_长毛橘猫.png,Ref_drag_ear.mp4,prepared/Ref_drag_ear.motion.mp4,prompts/drag_ear.v1.en.txt,02,02-orange-longhair,长毛橘猫,02,02-pull-left-ear,drag_ear,左前爪轻擦左耳与脸部后恢复坐姿,0,024_02-orange-longhair_02-pull-left-ear_seed-0,4,4.0,24,480,832,15:26,9:16,drag_ear.v1+cat_identity.v1,pending_model_validation,58c93da4ab52f4439a0e8f9e1b4448fa0c2b182c93d59a61d21ab4d9544e8b88,241a5d66949edcf078e592e2d02939921c2ff68968a95640d4e5a7e2c4fe75c1,prompts/cat_identity.v1.json
025,25,../data_h3/cat_ids/02_长毛橘猫.png,Ref_drag_ear_mirror.mp4,prepared/Ref_drag_ear_mirror.motion.mp4,prompts/drag_ear_mirror.v1.en.txt,02,02-orange-longhair,长毛橘猫,03,03-drag-ear-mirror,drag_ear_mirror,右前爪轻擦右耳与脸部后恢复坐姿,0,025_02-orange-longhair_03-drag-ear-mirror_seed-0,4,4.0,24,480,832,15:26,9:16,drag_ear_mirror.v1+cat_identity.v1,pending_model_validation,7b3933e19b2f2a399c62753a92952dd3e465c2f215c5e5f151b93bb63e80385d,f5a0412ed913f5aad8bffb33c68c3b0ad7f4923f44f06370f768483b146897f4,prompts/cat_identity.v1.json
026,26,../data_h3/cat_ids/02_长毛橘猫.png,Ref_cat_teaser1.mp4,prepared/Ref_cat_teaser1.motion.mp4,prompts/cat_teaser1.v1.en.txt,02,02-orange-longhair,长毛橘猫,04,04-cat-teaser1,cat_teaser1,左前爪坐姿拨打逗猫棒后注视玩具,0,026_02-orange-longhair_04-cat-teaser1_seed-0,4,4.0,24,480,832,15:26,9:16,cat_teaser1.v1+cat_identity.v1,pending_model_validation,ce086c938547c7e6440a98f86a849774c45acf8acd9809fab22eec8337b63189,90ead0cb85338d88512f89fc4fdaa1599eaae717252a8a228289e47e9f7150f0,prompts/cat_identity.v1.json
027,27,../data_h3/cat_ids/02_长毛橘猫.png,Ref_cat_teaser1_mirror.mp4,prepared/Ref_cat_teaser1_mirror.motion.mp4,prompts/cat_teaser1_mirror.v1.en.txt,02,02-orange-longhair,长毛橘猫,05,05-cat-teaser1-mirror,cat_teaser1_mirror,右前爪坐姿拨打逗猫棒后注视玩具,0,027_02-orange-longhair_05-cat-teaser1-mirror_seed-0,4,4.0,24,480,832,15:26,9:16,cat_teaser1_mirror.v1+cat_identity.v1,pending_model_validation,0c0e828de56aa8114f963b5088a619c8e4df35c17cc121c507d83942b9bc31b0,af450da4b11a442fbb8dc3b090842b494306a33800841e4f3ac9399fb1a3e695,prompts/cat_identity.v1.json
028,28,../data_h3/cat_ids/02_长毛橘猫.png,Ref_cat_teaser2.mp4,prepared/Ref_cat_teaser2.motion.mp4,prompts/cat_teaser2.v1.en.txt,02,02-orange-longhair,长毛橘猫,06,06-cat-teaser2,cat_teaser2,起身向画面右侧追拍逗猫棒并站定,0,028_02-orange-longhair_06-cat-teaser2_seed-0,4,4.0,24,480,832,15:26,9:16,cat_teaser2.v1+cat_identity.v1,pending_model_validation,680fe7878c267f6f7966bc8747d86cdbe1264cdf59ce1c4c854b87894e2bec57,a8c95e9c38443d4d231086357cb356e7c98cb2af1a6bfa216feae39e945cc0ec,prompts/cat_identity.v1.json
029,29,../data_h3/cat_ids/02_长毛橘猫.png,Ref_cat_teaser2_mirror.mp4,prepared/Ref_cat_teaser2_mirror.motion.mp4,prompts/cat_teaser2_mirror.v1.en.txt,02,02-orange-longhair,长毛橘猫,07,07-cat-teaser2-mirror,cat_teaser2_mirror,起身向画面左侧追拍逗猫棒并站定,0,029_02-orange-longhair_07-cat-teaser2-mirror_seed-0,4,4.0,24,480,832,15:26,9:16,cat_teaser2_mirror.v1+cat_identity.v1,pending_model_validation,f84b29294e336d549d5bf44524fecbd0ba22cdb5b99ae8ff039bd1bdf6f0bb69,7d4ae2310b662639649d68fa4f699951317c36f76eb715534248659d1924613d,prompts/cat_identity.v1.json
030,30,../data_h3/cat_ids/02_长毛橘猫.png,Ref_cat_teaser3.mp4,prepared/Ref_cat_teaser3.motion.mp4,prompts/cat_teaser3.v1.en.txt,02,02-orange-longhair,长毛橘猫,08,08-cat-teaser3,cat_teaser3,双前爪抬起抓扑逗猫棒后落地坐定,0,030_02-orange-longhair_08-cat-teaser3_seed-0,4,4.0,24,480,832,15:26,9:16,cat_teaser3.v1+cat_identity.v1,pending_model_validation,8fd88e1e02afc86de4a69f870b39bf6380323396a47bd1f12252078ee6fda714,71df79527a94810bcacebc9cb956fa137c891a4ed437386697434b19c5fbb7ce,prompts/cat_identity.v1.json
031,31,../data_h3/cat_ids/02_长毛橘猫.png,Ref_drag_yarn_ball_and_catch.mp4,prepared/Ref_drag_yarn_ball_and_catch.motion.mp4,prompts/drag_yarn_ball_and_catch.v1.en.txt,02,02-orange-longhair,长毛橘猫,09,09-drag-yarn-ball-and-catch,drag_yarn_ball_and_catch,追扑从画面左向右滚动的毛线球并按住,0,031_02-orange-longhair_09-drag-yarn-ball-and-catch_seed-0,4,4.0,24,480,832,15:26,9:16,drag_yarn_ball_and_catch.v1+cat_identity.v1,pending_model_validation,a1fb1b0bd8b927da0070ec2b8a4d7058e57570b93cbb33217ccf42d8207cbb7d,5b888bc1cdc661bc3b5760445027966ef8d36a31c447614acbd23d3ca6af442e,prompts/cat_identity.v1.json
032,32,../data_h3/cat_ids/02_长毛橘猫.png,Ref_drag_yarn_ball_and_catch_mirror.mp4,prepared/Ref_drag_yarn_ball_and_catch_mirror.motion.mp4,prompts/drag_yarn_ball_and_catch_mirror.v1.en.txt,02,02-orange-longhair,长毛橘猫,10,10-drag-yarn-ball-and-catch-mirror,drag_yarn_ball_and_catch_mirror,追扑从画面右向左滚动的毛线球并按住,0,032_02-orange-longhair_10-drag-yarn-ball-and-catch-mirror_seed-0,4,4.0,24,480,832,15:26,9:16,drag_yarn_ball_and_catch_mirror.v1+cat_identity.v1,pending_model_validation,5c9b9a52d5f996936c4bf0299932322248aad91fadf39ddc551f278080bbc6a8,8b44957f6ebaca7c04c4a0af6bf4fbb65085b8ecf0acaf3433dc727a25b74982,prompts/cat_identity.v1.json
033,33,../data_h3/cat_ids/02_长毛橘猫.png,Ref_curl_up_and_lie_down.mp4,prepared/Ref_curl_up_and_lie_down.motion.mp4,prompts/curl_up_and_lie_down.v1.en.txt,02,02-orange-longhair,长毛橘猫,11,11-curl-up-and-lie-down,curl_up_and_lie_down,低头向画面左侧蜷卧并闭眼休息,0,033_02-orange-longhair_11-curl-up-and-lie-down_seed-0,4,4.0,24,480,832,15:26,9:16,curl_up_and_lie_down.v1+cat_identity.v1,pending_model_validation,e2ecdcaefd100797db4ce3d6a22a28b90904acd1f0d3fedc26954c5a731cba9d,8414a980252d2baee6444085d2755563b7e0ccb3a138027e7cc6c1233be766eb,prompts/cat_identity.v1.json
034,34,../data_h3/cat_ids/02_长毛橘猫.png,Ref_curl_up_and_lie_down_mirror.mp4,prepared/Ref_curl_up_and_lie_down_mirror.motion.mp4,prompts/curl_up_and_lie_down_mirror.v1.en.txt,02,02-orange-longhair,长毛橘猫,12,12-curl-up-and-lie-down-mirror,curl_up_and_lie_down_mirror,低头向画面右侧蜷卧并闭眼休息,0,034_02-orange-longhair_12-curl-up-and-lie-down-mirror_seed-0,4,4.0,24,480,832,15:26,9:16,curl_up_and_lie_down_mirror.v1+cat_identity.v1,pending_model_validation,4c235ae8dde00ade18bdf9460b9ba54ff10b7472163ae5f7160b1d77726c7491,5dcfd307dd80e4bd86fa73aff45f41f66eced8aba348a07f81f559f008a63527,prompts/cat_identity.v1.json
035,35,../data_h3/cat_ids/02_长毛橘猫.png,Ref_walk_forward_to_screen.mp4,prepared/Ref_walk_forward_to_screen.motion.mp4,prompts/walk_forward_to_screen.v1.en.txt,02,02-orange-longhair,长毛橘猫,13,13-walk-forward-to-screen,walk_forward_to_screen,起身向镜头走近并在近处站定,0,035_02-orange-longhair_13-walk-forward-to-screen_seed-0,4,4.041699,24,480,832,15:26,9:16,walk_forward_to_screen.v1+cat_identity.v1,pending_model_validation,ddec92c59ecf3f67e2459454f30f1f64b7053b7bd67975e7d5f7a6f41975cb24,b63a08fc2ef943e20b969f5567a1c9334a3d7ca21d68db70b052c4345a83014a,prompts/cat_identity.v1.json
036,36,../data_h3/cat_ids/03_短毛奶油虎斑猫.png,Ref_drag_ear.mp4,prepared/Ref_drag_ear.motion.mp4,prompts/drag_ear.v1.en.txt,03,03-cream-shorthair-tabby,短毛奶油虎斑猫,02,02-pull-left-ear,drag_ear,左前爪轻擦左耳与脸部后恢复坐姿,0,036_03-cream-shorthair-tabby_02-pull-left-ear_seed-0,4,4.0,24,480,832,15:26,9:16,drag_ear.v1+cat_identity.v1,pending_model_validation,2f686b508636390e979c0c094396ba0cbf4db46ff1633cd4eeb9bfd0f4ea3c48,241a5d66949edcf078e592e2d02939921c2ff68968a95640d4e5a7e2c4fe75c1,prompts/cat_identity.v1.json
037,37,../data_h3/cat_ids/03_短毛奶油虎斑猫.png,Ref_drag_ear_mirror.mp4,prepared/Ref_drag_ear_mirror.motion.mp4,prompts/drag_ear_mirror.v1.en.txt,03,03-cream-shorthair-tabby,短毛奶油虎斑猫,03,03-drag-ear-mirror,drag_ear_mirror,右前爪轻擦右耳与脸部后恢复坐姿,0,037_03-cream-shorthair-tabby_03-drag-ear-mirror_seed-0,4,4.0,24,480,832,15:26,9:16,drag_ear_mirror.v1+cat_identity.v1,pending_model_validation,ce39e3b8c3bdee2417e8713ca30ea09f16743fbc380accb3406a4f1675dd7600,f5a0412ed913f5aad8bffb33c68c3b0ad7f4923f44f06370f768483b146897f4,prompts/cat_identity.v1.json
038,38,../data_h3/cat_ids/03_短毛奶油虎斑猫.png,Ref_cat_teaser1.mp4,prepared/Ref_cat_teaser1.motion.mp4,prompts/cat_teaser1.v1.en.txt,03,03-cream-shorthair-tabby,短毛奶油虎斑猫,04,04-cat-teaser1,cat_teaser1,左前爪坐姿拨打逗猫棒后注视玩具,0,038_03-cream-shorthair-tabby_04-cat-teaser1_seed-0,4,4.0,24,480,832,15:26,9:16,cat_teaser1.v1+cat_identity.v1,pending_model_validation,8bdbba651f817487902398f95f9faec0cfcbd82757e2c1cf1d9f191138656ee0,90ead0cb85338d88512f89fc4fdaa1599eaae717252a8a228289e47e9f7150f0,prompts/cat_identity.v1.json
039,39,../data_h3/cat_ids/03_短毛奶油虎斑猫.png,Ref_cat_teaser1_mirror.mp4,prepared/Ref_cat_teaser1_mirror.motion.mp4,prompts/cat_teaser1_mirror.v1.en.txt,03,03-cream-shorthair-tabby,短毛奶油虎斑猫,05,05-cat-teaser1-mirror,cat_teaser1_mirror,右前爪坐姿拨打逗猫棒后注视玩具,0,039_03-cream-shorthair-tabby_05-cat-teaser1-mirror_seed-0,4,4.0,24,480,832,15:26,9:16,cat_teaser1_mirror.v1+cat_identity.v1,pending_model_validation,f59682d557a88bcdd0a03009a82c59cc01ccaf962ff61891a588b6f2103a3b2a,af450da4b11a442fbb8dc3b090842b494306a33800841e4f3ac9399fb1a3e695,prompts/cat_identity.v1.json
040,40,../data_h3/cat_ids/03_短毛奶油虎斑猫.png,Ref_cat_teaser2.mp4,prepared/Ref_cat_teaser2.motion.mp4,prompts/cat_teaser2.v1.en.txt,03,03-cream-shorthair-tabby,短毛奶油虎斑猫,06,06-cat-teaser2,cat_teaser2,起身向画面右侧追拍逗猫棒并站定,0,040_03-cream-shorthair-tabby_06-cat-teaser2_seed-0,4,4.0,24,480,832,15:26,9:16,cat_teaser2.v1+cat_identity.v1,pending_model_validation,ab88e0ec8f0bd97f8616a213213dc2156edfd653136677be24d1d30101e5aa70,a8c95e9c38443d4d231086357cb356e7c98cb2af1a6bfa216feae39e945cc0ec,prompts/cat_identity.v1.json
041,41,../data_h3/cat_ids/03_短毛奶油虎斑猫.png,Ref_cat_teaser2_mirror.mp4,prepared/Ref_cat_teaser2_mirror.motion.mp4,prompts/cat_teaser2_mirror.v1.en.txt,03,03-cream-shorthair-tabby,短毛奶油虎斑猫,07,07-cat-teaser2-mirror,cat_teaser2_mirror,起身向画面左侧追拍逗猫棒并站定,0,041_03-cream-shorthair-tabby_07-cat-teaser2-mirror_seed-0,4,4.0,24,480,832,15:26,9:16,cat_teaser2_mirror.v1+cat_identity.v1,pending_model_validation,f461e2b78480a7ba52b8231dc794c6e80aea0ded2980442b4afe1c4bf1001973,7d4ae2310b662639649d68fa4f699951317c36f76eb715534248659d1924613d,prompts/cat_identity.v1.json
042,42,../data_h3/cat_ids/03_短毛奶油虎斑猫.png,Ref_cat_teaser3.mp4,prepared/Ref_cat_teaser3.motion.mp4,prompts/cat_teaser3.v1.en.txt,03,03-cream-shorthair-tabby,短毛奶油虎斑猫,08,08-cat-teaser3,cat_teaser3,双前爪抬起抓扑逗猫棒后落地坐定,0,042_03-cream-shorthair-tabby_08-cat-teaser3_seed-0,4,4.0,24,480,832,15:26,9:16,cat_teaser3.v1+cat_identity.v1,pending_model_validation,c3a730fb17bfa32781e5ca544466088e592b2237c9b2b473976e75a9f905f808,71df79527a94810bcacebc9cb956fa137c891a4ed437386697434b19c5fbb7ce,prompts/cat_identity.v1.json
043,43,../data_h3/cat_ids/03_短毛奶油虎斑猫.png,Ref_drag_yarn_ball_and_catch.mp4,prepared/Ref_drag_yarn_ball_and_catch.motion.mp4,prompts/drag_yarn_ball_and_catch.v1.en.txt,03,03-cream-shorthair-tabby,短毛奶油虎斑猫,09,09-drag-yarn-ball-and-catch,drag_yarn_ball_and_catch,追扑从画面左向右滚动的毛线球并按住,0,043_03-cream-shorthair-tabby_09-drag-yarn-ball-and-catch_seed-0,4,4.0,24,480,832,15:26,9:16,drag_yarn_ball_and_catch.v1+cat_identity.v1,pending_model_validation,99112c6f5f1fae4c319d6ded847359c7d8ea7d674d56167541b7a528fc30148f,5b888bc1cdc661bc3b5760445027966ef8d36a31c447614acbd23d3ca6af442e,prompts/cat_identity.v1.json
044,44,../data_h3/cat_ids/03_短毛奶油虎斑猫.png,Ref_drag_yarn_ball_and_catch_mirror.mp4,prepared/Ref_drag_yarn_ball_and_catch_mirror.motion.mp4,prompts/drag_yarn_ball_and_catch_mirror.v1.en.txt,03,03-cream-shorthair-tabby,短毛奶油虎斑猫,10,10-drag-yarn-ball-and-catch-mirror,drag_yarn_ball_and_catch_mirror,追扑从画面右向左滚动的毛线球并按住,0,044_03-cream-shorthair-tabby_10-drag-yarn-ball-and-catch-mirror_seed-0,4,4.0,24,480,832,15:26,9:16,drag_yarn_ball_and_catch_mirror.v1+cat_identity.v1,pending_model_validation,8718e3950c21e56a9e75a88a545e69a57cfce8fc8ab55c49ef28a19df42d3bb5,8b44957f6ebaca7c04c4a0af6bf4fbb65085b8ecf0acaf3433dc727a25b74982,prompts/cat_identity.v1.json
045,45,../data_h3/cat_ids/03_短毛奶油虎斑猫.png,Ref_curl_up_and_lie_down.mp4,prepared/Ref_curl_up_and_lie_down.motion.mp4,prompts/curl_up_and_lie_down.v1.en.txt,03,03-cream-shorthair-tabby,短毛奶油虎斑猫,11,11-curl-up-and-lie-down,curl_up_and_lie_down,低头向画面左侧蜷卧并闭眼休息,0,045_03-cream-shorthair-tabby_11-curl-up-and-lie-down_seed-0,4,4.0,24,480,832,15:26,9:16,curl_up_and_lie_down.v1+cat_identity.v1,pending_model_validation,5c3c85be3ede8d1813cc015a78bf2ca9fcd8271b4dcb9e329021527e5f65d434,8414a980252d2baee6444085d2755563b7e0ccb3a138027e7cc6c1233be766eb,prompts/cat_identity.v1.json
046,46,../data_h3/cat_ids/03_短毛奶油虎斑猫.png,Ref_curl_up_and_lie_down_mirror.mp4,prepared/Ref_curl_up_and_lie_down_mirror.motion.mp4,prompts/curl_up_and_lie_down_mirror.v1.en.txt,03,03-cream-shorthair-tabby,短毛奶油虎斑猫,12,12-curl-up-and-lie-down-mirror,curl_up_and_lie_down_mirror,低头向画面右侧蜷卧并闭眼休息,0,046_03-cream-shorthair-tabby_12-curl-up-and-lie-down-mirror_seed-0,4,4.0,24,480,832,15:26,9:16,curl_up_and_lie_down_mirror.v1+cat_identity.v1,pending_model_validation,3990cc1597704016a0717e20a376b9a1661f007fdd9d22b3a5d8e20f82cdf2c3,5dcfd307dd80e4bd86fa73aff45f41f66eced8aba348a07f81f559f008a63527,prompts/cat_identity.v1.json
047,47,../data_h3/cat_ids/03_短毛奶油虎斑猫.png,Ref_walk_forward_to_screen.mp4,prepared/Ref_walk_forward_to_screen.motion.mp4,prompts/walk_forward_to_screen.v1.en.txt,03,03-cream-shorthair-tabby,短毛奶油虎斑猫,13,13-walk-forward-to-screen,walk_forward_to_screen,起身向镜头走近并在近处站定,0,047_03-cream-shorthair-tabby_13-walk-forward-to-screen_seed-0,4,4.041699,24,480,832,15:26,9:16,walk_forward_to_screen.v1+cat_identity.v1,pending_model_validation,0a285535b4feb599d103cea84bb679be5b9970326e58f5100522afb177282cd0,b63a08fc2ef943e20b969f5567a1c9334a3d7ca21d68db70b052c4345a83014a,prompts/cat_identity.v1.json
048,48,../data_h3/cat_ids/04_长毛奶油加白猫.png,Ref_drag_ear.mp4,prepared/Ref_drag_ear.motion.mp4,prompts/drag_ear.v1.en.txt,04,04-cream-white-longhair,长毛奶油加白猫,02,02-pull-left-ear,drag_ear,左前爪轻擦左耳与脸部后恢复坐姿,0,048_04-cream-white-longhair_02-pull-left-ear_seed-0,4,4.0,24,480,832,15:26,9:16,drag_ear.v1+cat_identity.v1,pending_model_validation,82e03a427a6715712cb2643437f141a0abea5b72ad90c47ecae48826de63f967,241a5d66949edcf078e592e2d02939921c2ff68968a95640d4e5a7e2c4fe75c1,prompts/cat_identity.v1.json
049,49,../data_h3/cat_ids/04_长毛奶油加白猫.png,Ref_drag_ear_mirror.mp4,prepared/Ref_drag_ear_mirror.motion.mp4,prompts/drag_ear_mirror.v1.en.txt,04,04-cream-white-longhair,长毛奶油加白猫,03,03-drag-ear-mirror,drag_ear_mirror,右前爪轻擦右耳与脸部后恢复坐姿,0,049_04-cream-white-longhair_03-drag-ear-mirror_seed-0,4,4.0,24,480,832,15:26,9:16,drag_ear_mirror.v1+cat_identity.v1,pending_model_validation,25102502aea7af11f161f94750974d5f747128fe36e6a0df62083f560ee74ae1,f5a0412ed913f5aad8bffb33c68c3b0ad7f4923f44f06370f768483b146897f4,prompts/cat_identity.v1.json
050,50,../data_h3/cat_ids/04_长毛奶油加白猫.png,Ref_cat_teaser1.mp4,prepared/Ref_cat_teaser1.motion.mp4,prompts/cat_teaser1.v1.en.txt,04,04-cream-white-longhair,长毛奶油加白猫,04,04-cat-teaser1,cat_teaser1,左前爪坐姿拨打逗猫棒后注视玩具,0,050_04-cream-white-longhair_04-cat-teaser1_seed-0,4,4.0,24,480,832,15:26,9:16,cat_teaser1.v1+cat_identity.v1,pending_model_validation,6cd69fe9301012ded70969084912237c1dfd49fccf006017c9fd16dbba291d20,90ead0cb85338d88512f89fc4fdaa1599eaae717252a8a228289e47e9f7150f0,prompts/cat_identity.v1.json
051,51,../data_h3/cat_ids/04_长毛奶油加白猫.png,Ref_cat_teaser1_mirror.mp4,prepared/Ref_cat_teaser1_mirror.motion.mp4,prompts/cat_teaser1_mirror.v1.en.txt,04,04-cream-white-longhair,长毛奶油加白猫,05,05-cat-teaser1-mirror,cat_teaser1_mirror,右前爪坐姿拨打逗猫棒后注视玩具,0,051_04-cream-white-longhair_05-cat-teaser1-mirror_seed-0,4,4.0,24,480,832,15:26,9:16,cat_teaser1_mirror.v1+cat_identity.v1,pending_model_validation,086b055fccbbb80afd162b1a08df291a7452d77338a148740aa820f3cb2acffb,af450da4b11a442fbb8dc3b090842b494306a33800841e4f3ac9399fb1a3e695,prompts/cat_identity.v1.json
052,52,../data_h3/cat_ids/04_长毛奶油加白猫.png,Ref_cat_teaser2.mp4,prepared/Ref_cat_teaser2.motion.mp4,prompts/cat_teaser2.v1.en.txt,04,04-cream-white-longhair,长毛奶油加白猫,06,06-cat-teaser2,cat_teaser2,起身向画面右侧追拍逗猫棒并站定,0,052_04-cream-white-longhair_06-cat-teaser2_seed-0,4,4.0,24,480,832,15:26,9:16,cat_teaser2.v1+cat_identity.v1,pending_model_validation,f5bb3f6beef377e9358527f78faacaf6ba7be894f1a24d79723853ddbbea22a7,a8c95e9c38443d4d231086357cb356e7c98cb2af1a6bfa216feae39e945cc0ec,prompts/cat_identity.v1.json
053,53,../data_h3/cat_ids/04_长毛奶油加白猫.png,Ref_cat_teaser2_mirror.mp4,prepared/Ref_cat_teaser2_mirror.motion.mp4,prompts/cat_teaser2_mirror.v1.en.txt,04,04-cream-white-longhair,长毛奶油加白猫,07,07-cat-teaser2-mirror,cat_teaser2_mirror,起身向画面左侧追拍逗猫棒并站定,0,053_04-cream-white-longhair_07-cat-teaser2-mirror_seed-0,4,4.0,24,480,832,15:26,9:16,cat_teaser2_mirror.v1+cat_identity.v1,pending_model_validation,33b95b732c0e0cd3e14782664477aa2e3d4219853787b14ab0984ebc0f465f81,7d4ae2310b662639649d68fa4f699951317c36f76eb715534248659d1924613d,prompts/cat_identity.v1.json
054,54,../data_h3/cat_ids/04_长毛奶油加白猫.png,Ref_cat_teaser3.mp4,prepared/Ref_cat_teaser3.motion.mp4,prompts/cat_teaser3.v1.en.txt,04,04-cream-white-longhair,长毛奶油加白猫,08,08-cat-teaser3,cat_teaser3,双前爪抬起抓扑逗猫棒后落地坐定,0,054_04-cream-white-longhair_08-cat-teaser3_seed-0,4,4.0,24,480,832,15:26,9:16,cat_teaser3.v1+cat_identity.v1,pending_model_validation,bafc7d63c3afcba094adb22a7b0e294c3a3ec8fc12551c5a9e48764ec94139aa,71df79527a94810bcacebc9cb956fa137c891a4ed437386697434b19c5fbb7ce,prompts/cat_identity.v1.json
055,55,../data_h3/cat_ids/04_长毛奶油加白猫.png,Ref_drag_yarn_ball_and_catch.mp4,prepared/Ref_drag_yarn_ball_and_catch.motion.mp4,prompts/drag_yarn_ball_and_catch.v1.en.txt,04,04-cream-white-longhair,长毛奶油加白猫,09,09-drag-yarn-ball-and-catch,drag_yarn_ball_and_catch,追扑从画面左向右滚动的毛线球并按住,0,055_04-cream-white-longhair_09-drag-yarn-ball-and-catch_seed-0,4,4.0,24,480,832,15:26,9:16,drag_yarn_ball_and_catch.v1+cat_identity.v1,pending_model_validation,6cc6dee1764b90f1c428d036466413155c5dcb63fc499141fee280e38d969f22,5b888bc1cdc661bc3b5760445027966ef8d36a31c447614acbd23d3ca6af442e,prompts/cat_identity.v1.json
056,56,../data_h3/cat_ids/04_长毛奶油加白猫.png,Ref_drag_yarn_ball_and_catch_mirror.mp4,prepared/Ref_drag_yarn_ball_and_catch_mirror.motion.mp4,prompts/drag_yarn_ball_and_catch_mirror.v1.en.txt,04,04-cream-white-longhair,长毛奶油加白猫,10,10-drag-yarn-ball-and-catch-mirror,drag_yarn_ball_and_catch_mirror,追扑从画面右向左滚动的毛线球并按住,0,056_04-cream-white-longhair_10-drag-yarn-ball-and-catch-mirror_seed-0,4,4.0,24,480,832,15:26,9:16,drag_yarn_ball_and_catch_mirror.v1+cat_identity.v1,pending_model_validation,988ed816a6cd2cd262ca968f38f725f4d6e688c8baf59a87f000fffafb525fa1,8b44957f6ebaca7c04c4a0af6bf4fbb65085b8ecf0acaf3433dc727a25b74982,prompts/cat_identity.v1.json
057,57,../data_h3/cat_ids/04_长毛奶油加白猫.png,Ref_curl_up_and_lie_down.mp4,prepared/Ref_curl_up_and_lie_down.motion.mp4,prompts/curl_up_and_lie_down.v1.en.txt,04,04-cream-white-longhair,长毛奶油加白猫,11,11-curl-up-and-lie-down,curl_up_and_lie_down,低头向画面左侧蜷卧并闭眼休息,0,057_04-cream-white-longhair_11-curl-up-and-lie-down_seed-0,4,4.0,24,480,832,15:26,9:16,curl_up_and_lie_down.v1+cat_identity.v1,pending_model_validation,7db5a4433eac35aac524c07990d039af56d888da229bde39d5cedaf735cb4f67,8414a980252d2baee6444085d2755563b7e0ccb3a138027e7cc6c1233be766eb,prompts/cat_identity.v1.json
058,58,../data_h3/cat_ids/04_长毛奶油加白猫.png,Ref_curl_up_and_lie_down_mirror.mp4,prepared/Ref_curl_up_and_lie_down_mirror.motion.mp4,prompts/curl_up_and_lie_down_mirror.v1.en.txt,04,04-cream-white-longhair,长毛奶油加白猫,12,12-curl-up-and-lie-down-mirror,curl_up_and_lie_down_mirror,低头向画面右侧蜷卧并闭眼休息,0,058_04-cream-white-longhair_12-curl-up-and-lie-down-mirror_seed-0,4,4.0,24,480,832,15:26,9:16,curl_up_and_lie_down_mirror.v1+cat_identity.v1,pending_model_validation,c15794f7b4963abb7b65330422b702a4d099358ff1ecedfd469d7fcb563f108c,5dcfd307dd80e4bd86fa73aff45f41f66eced8aba348a07f81f559f008a63527,prompts/cat_identity.v1.json
059,59,../data_h3/cat_ids/04_长毛奶油加白猫.png,Ref_walk_forward_to_screen.mp4,prepared/Ref_walk_forward_to_screen.motion.mp4,prompts/walk_forward_to_screen.v1.en.txt,04,04-cream-white-longhair,长毛奶油加白猫,13,13-walk-forward-to-screen,walk_forward_to_screen,起身向镜头走近并在近处站定,0,059_04-cream-white-longhair_13-walk-forward-to-screen_seed-0,4,4.041699,24,480,832,15:26,9:16,walk_forward_to_screen.v1+cat_identity.v1,pending_model_validation,211111baeaf9f00befa64988a68d8c375b7a30aa391e42e06797afd3f9b8d703,b63a08fc2ef943e20b969f5567a1c9334a3d7ca21d68db70b052c4345a83014a,prompts/cat_identity.v1.json
060,60,../data_h3/cat_ids/05_短毛橘白梵花猫.png,Ref_drag_ear.mp4,prepared/Ref_drag_ear.motion.mp4,prompts/drag_ear.v1.en.txt,05,05-orange-white-van-shorthair,短毛橘白梵花猫,02,02-pull-left-ear,drag_ear,左前爪轻擦左耳与脸部后恢复坐姿,0,060_05-orange-white-van-shorthair_02-pull-left-ear_seed-0,4,4.0,24,480,832,15:26,9:16,drag_ear.v1+cat_identity.v1,pending_model_validation,64a31729a698d47c850b78937d58a2b9a88a4eb2cee1a94c394be8300482a2fa,241a5d66949edcf078e592e2d02939921c2ff68968a95640d4e5a7e2c4fe75c1,prompts/cat_identity.v1.json
061,61,../data_h3/cat_ids/05_短毛橘白梵花猫.png,Ref_drag_ear_mirror.mp4,prepared/Ref_drag_ear_mirror.motion.mp4,prompts/drag_ear_mirror.v1.en.txt,05,05-orange-white-van-shorthair,短毛橘白梵花猫,03,03-drag-ear-mirror,drag_ear_mirror,右前爪轻擦右耳与脸部后恢复坐姿,0,061_05-orange-white-van-shorthair_03-drag-ear-mirror_seed-0,4,4.0,24,480,832,15:26,9:16,drag_ear_mirror.v1+cat_identity.v1,pending_model_validation,7b532bfa687336b65d04a4021913b56bddbaa59a9b98a9db42532883298d28fb,f5a0412ed913f5aad8bffb33c68c3b0ad7f4923f44f06370f768483b146897f4,prompts/cat_identity.v1.json
062,62,../data_h3/cat_ids/05_短毛橘白梵花猫.png,Ref_cat_teaser1.mp4,prepared/Ref_cat_teaser1.motion.mp4,prompts/cat_teaser1.v1.en.txt,05,05-orange-white-van-shorthair,短毛橘白梵花猫,04,04-cat-teaser1,cat_teaser1,左前爪坐姿拨打逗猫棒后注视玩具,0,062_05-orange-white-van-shorthair_04-cat-teaser1_seed-0,4,4.0,24,480,832,15:26,9:16,cat_teaser1.v1+cat_identity.v1,pending_model_validation,1d1b0dd6e5c773810dd6c456efcbfa7764650b3470a3439face7dcb5ef0c7f76,90ead0cb85338d88512f89fc4fdaa1599eaae717252a8a228289e47e9f7150f0,prompts/cat_identity.v1.json
063,63,../data_h3/cat_ids/05_短毛橘白梵花猫.png,Ref_cat_teaser1_mirror.mp4,prepared/Ref_cat_teaser1_mirror.motion.mp4,prompts/cat_teaser1_mirror.v1.en.txt,05,05-orange-white-van-shorthair,短毛橘白梵花猫,05,05-cat-teaser1-mirror,cat_teaser1_mirror,右前爪坐姿拨打逗猫棒后注视玩具,0,063_05-orange-white-van-shorthair_05-cat-teaser1-mirror_seed-0,4,4.0,24,480,832,15:26,9:16,cat_teaser1_mirror.v1+cat_identity.v1,pending_model_validation,c8da3835099d3ae190a8de560ec8426c39fc2b33f347344836f5534f72f9ad86,af450da4b11a442fbb8dc3b090842b494306a33800841e4f3ac9399fb1a3e695,prompts/cat_identity.v1.json
064,64,../data_h3/cat_ids/05_短毛橘白梵花猫.png,Ref_cat_teaser2.mp4,prepared/Ref_cat_teaser2.motion.mp4,prompts/cat_teaser2.v1.en.txt,05,05-orange-white-van-shorthair,短毛橘白梵花猫,06,06-cat-teaser2,cat_teaser2,起身向画面右侧追拍逗猫棒并站定,0,064_05-orange-white-van-shorthair_06-cat-teaser2_seed-0,4,4.0,24,480,832,15:26,9:16,cat_teaser2.v1+cat_identity.v1,pending_model_validation,ffd30c0dd0eb27ac2e44b17348b98e4a4f2f0eaca972be9550aa0fc6c883d094,a8c95e9c38443d4d231086357cb356e7c98cb2af1a6bfa216feae39e945cc0ec,prompts/cat_identity.v1.json
065,65,../data_h3/cat_ids/05_短毛橘白梵花猫.png,Ref_cat_teaser2_mirror.mp4,prepared/Ref_cat_teaser2_mirror.motion.mp4,prompts/cat_teaser2_mirror.v1.en.txt,05,05-orange-white-van-shorthair,短毛橘白梵花猫,07,07-cat-teaser2-mirror,cat_teaser2_mirror,起身向画面左侧追拍逗猫棒并站定,0,065_05-orange-white-van-shorthair_07-cat-teaser2-mirror_seed-0,4,4.0,24,480,832,15:26,9:16,cat_teaser2_mirror.v1+cat_identity.v1,pending_model_validation,c89d439ba990b8553ecb509d1db660b1be2b9417ec9b8f6857349f0439308e73,7d4ae2310b662639649d68fa4f699951317c36f76eb715534248659d1924613d,prompts/cat_identity.v1.json
066,66,../data_h3/cat_ids/05_短毛橘白梵花猫.png,Ref_cat_teaser3.mp4,prepared/Ref_cat_teaser3.motion.mp4,prompts/cat_teaser3.v1.en.txt,05,05-orange-white-van-shorthair,短毛橘白梵花猫,08,08-cat-teaser3,cat_teaser3,双前爪抬起抓扑逗猫棒后落地坐定,0,066_05-orange-white-van-shorthair_08-cat-teaser3_seed-0,4,4.0,24,480,832,15:26,9:16,cat_teaser3.v1+cat_identity.v1,pending_model_validation,6aeef858a95eb812b0699b0306ba17a9e832e13a663d229690a4cd1b5bd53552,71df79527a94810bcacebc9cb956fa137c891a4ed437386697434b19c5fbb7ce,prompts/cat_identity.v1.json
067,67,../data_h3/cat_ids/05_短毛橘白梵花猫.png,Ref_drag_yarn_ball_and_catch.mp4,prepared/Ref_drag_yarn_ball_and_catch.motion.mp4,prompts/drag_yarn_ball_and_catch.v1.en.txt,05,05-orange-white-van-shorthair,短毛橘白梵花猫,09,09-drag-yarn-ball-and-catch,drag_yarn_ball_and_catch,追扑从画面左向右滚动的毛线球并按住,0,067_05-orange-white-van-shorthair_09-drag-yarn-ball-and-catch_seed-0,4,4.0,24,480,832,15:26,9:16,drag_yarn_ball_and_catch.v1+cat_identity.v1,pending_model_validation,7f74180983336543bc3bb309dd42ad4a31ed6eb8e91aac51907d4a13769e43ae,5b888bc1cdc661bc3b5760445027966ef8d36a31c447614acbd23d3ca6af442e,prompts/cat_identity.v1.json
068,68,../data_h3/cat_ids/05_短毛橘白梵花猫.png,Ref_drag_yarn_ball_and_catch_mirror.mp4,prepared/Ref_drag_yarn_ball_and_catch_mirror.motion.mp4,prompts/drag_yarn_ball_and_catch_mirror.v1.en.txt,05,05-orange-white-van-shorthair,短毛橘白梵花猫,10,10-drag-yarn-ball-and-catch-mirror,drag_yarn_ball_and_catch_mirror,追扑从画面右向左滚动的毛线球并按住,0,068_05-orange-white-van-shorthair_10-drag-yarn-ball-and-catch-mirror_seed-0,4,4.0,24,480,832,15:26,9:16,drag_yarn_ball_and_catch_mirror.v1+cat_identity.v1,pending_model_validation,e2df17ccb2f66d6f9daa7e69bcb193e2d6fea59f30b9468cb3fc4628f922fa26,8b44957f6ebaca7c04c4a0af6bf4fbb65085b8ecf0acaf3433dc727a25b74982,prompts/cat_identity.v1.json
069,69,../data_h3/cat_ids/05_短毛橘白梵花猫.png,Ref_curl_up_and_lie_down.mp4,prepared/Ref_curl_up_and_lie_down.motion.mp4,prompts/curl_up_and_lie_down.v1.en.txt,05,05-orange-white-van-shorthair,短毛橘白梵花猫,11,11-curl-up-and-lie-down,curl_up_and_lie_down,低头向画面左侧蜷卧并闭眼休息,0,069_05-orange-white-van-shorthair_11-curl-up-and-lie-down_seed-0,4,4.0,24,480,832,15:26,9:16,curl_up_and_lie_down.v1+cat_identity.v1,pending_model_validation,a067ad9a79199e7d70797b0819240b068006053358fb9dcbc689bea971ff7129,8414a980252d2baee6444085d2755563b7e0ccb3a138027e7cc6c1233be766eb,prompts/cat_identity.v1.json
070,70,../data_h3/cat_ids/05_短毛橘白梵花猫.png,Ref_curl_up_and_lie_down_mirror.mp4,prepared/Ref_curl_up_and_lie_down_mirror.motion.mp4,prompts/curl_up_and_lie_down_mirror.v1.en.txt,05,05-orange-white-van-shorthair,短毛橘白梵花猫,12,12-curl-up-and-lie-down-mirror,curl_up_and_lie_down_mirror,低头向画面右侧蜷卧并闭眼休息,0,070_05-orange-white-van-shorthair_12-curl-up-and-lie-down-mirror_seed-0,4,4.0,24,480,832,15:26,9:16,curl_up_and_lie_down_mirror.v1+cat_identity.v1,pending_model_validation,56bfba76973d3a4fc6220cde05895e0c6e1dc5fbafebef1f385a8eb4fde94dfa,5dcfd307dd80e4bd86fa73aff45f41f66eced8aba348a07f81f559f008a63527,prompts/cat_identity.v1.json
071,71,../data_h3/cat_ids/05_短毛橘白梵花猫.png,Ref_walk_forward_to_screen.mp4,prepared/Ref_walk_forward_to_screen.motion.mp4,prompts/walk_forward_to_screen.v1.en.txt,05,05-orange-white-van-shorthair,短毛橘白梵花猫,13,13-walk-forward-to-screen,walk_forward_to_screen,起身向镜头走近并在近处站定,0,071_05-orange-white-van-shorthair_13-walk-forward-to-screen_seed-0,4,4.041699,24,480,832,15:26,9:16,walk_forward_to_screen.v1+cat_identity.v1,pending_model_validation,93a5b604c306cf8cb628ef592de5e0bfaba2a186d260840ef75298dad7bac8db,b63a08fc2ef943e20b969f5567a1c9334a3d7ca21d68db70b052c4345a83014a,prompts/cat_identity.v1.json
072,72,../data_h3/cat_ids/06_短毛黑猫.png,Ref_drag_ear.mp4,prepared/Ref_drag_ear.motion.mp4,prompts/drag_ear.v1.en.txt,06,06-black-shorthair,短毛黑猫,02,02-pull-left-ear,drag_ear,左前爪轻擦左耳与脸部后恢复坐姿,0,072_06-black-shorthair_02-pull-left-ear_seed-0,4,4.0,24,480,832,15:26,9:16,drag_ear.v1+cat_identity.v1,pending_model_validation,03ac7fbc1ede611cd80915ad1f7ecd180da70ab59f3f9281133396f122bedb8d,241a5d66949edcf078e592e2d02939921c2ff68968a95640d4e5a7e2c4fe75c1,prompts/cat_identity.v1.json
073,73,../data_h3/cat_ids/06_短毛黑猫.png,Ref_drag_ear_mirror.mp4,prepared/Ref_drag_ear_mirror.motion.mp4,prompts/drag_ear_mirror.v1.en.txt,06,06-black-shorthair,短毛黑猫,03,03-drag-ear-mirror,drag_ear_mirror,右前爪轻擦右耳与脸部后恢复坐姿,0,073_06-black-shorthair_03-drag-ear-mirror_seed-0,4,4.0,24,480,832,15:26,9:16,drag_ear_mirror.v1+cat_identity.v1,pending_model_validation,0501243e5d6198b1288f140acdd491ca39704d08549876699947815a60377c23,f5a0412ed913f5aad8bffb33c68c3b0ad7f4923f44f06370f768483b146897f4,prompts/cat_identity.v1.json
074,74,../data_h3/cat_ids/06_短毛黑猫.png,Ref_cat_teaser1.mp4,prepared/Ref_cat_teaser1.motion.mp4,prompts/cat_teaser1.v1.en.txt,06,06-black-shorthair,短毛黑猫,04,04-cat-teaser1,cat_teaser1,左前爪坐姿拨打逗猫棒后注视玩具,0,074_06-black-shorthair_04-cat-teaser1_seed-0,4,4.0,24,480,832,15:26,9:16,cat_teaser1.v1+cat_identity.v1,pending_model_validation,6692a2c34662876f0d6540d95f9cfcda06ec085b29ce5237a8f74f56f1fdc80c,90ead0cb85338d88512f89fc4fdaa1599eaae717252a8a228289e47e9f7150f0,prompts/cat_identity.v1.json
075,75,../data_h3/cat_ids/06_短毛黑猫.png,Ref_cat_teaser1_mirror.mp4,prepared/Ref_cat_teaser1_mirror.motion.mp4,prompts/cat_teaser1_mirror.v1.en.txt,06,06-black-shorthair,短毛黑猫,05,05-cat-teaser1-mirror,cat_teaser1_mirror,右前爪坐姿拨打逗猫棒后注视玩具,0,075_06-black-shorthair_05-cat-teaser1-mirror_seed-0,4,4.0,24,480,832,15:26,9:16,cat_teaser1_mirror.v1+cat_identity.v1,pending_model_validation,628976a1843f143a3ed450bd4f1b79e21643d13b70c77e83cb597c1070993a6f,af450da4b11a442fbb8dc3b090842b494306a33800841e4f3ac9399fb1a3e695,prompts/cat_identity.v1.json
076,76,../data_h3/cat_ids/06_短毛黑猫.png,Ref_cat_teaser2.mp4,prepared/Ref_cat_teaser2.motion.mp4,prompts/cat_teaser2.v1.en.txt,06,06-black-shorthair,短毛黑猫,06,06-cat-teaser2,cat_teaser2,起身向画面右侧追拍逗猫棒并站定,0,076_06-black-shorthair_06-cat-teaser2_seed-0,4,4.0,24,480,832,15:26,9:16,cat_teaser2.v1+cat_identity.v1,pending_model_validation,b0990ca781adbf7617e48d746a272ad3bf01c7e6e2b60adf5bfda843b4c520a6,a8c95e9c38443d4d231086357cb356e7c98cb2af1a6bfa216feae39e945cc0ec,prompts/cat_identity.v1.json
077,77,../data_h3/cat_ids/06_短毛黑猫.png,Ref_cat_teaser2_mirror.mp4,prepared/Ref_cat_teaser2_mirror.motion.mp4,prompts/cat_teaser2_mirror.v1.en.txt,06,06-black-shorthair,短毛黑猫,07,07-cat-teaser2-mirror,cat_teaser2_mirror,起身向画面左侧追拍逗猫棒并站定,0,077_06-black-shorthair_07-cat-teaser2-mirror_seed-0,4,4.0,24,480,832,15:26,9:16,cat_teaser2_mirror.v1+cat_identity.v1,pending_model_validation,9d44f169ec5da0d02d0610ab1a7577b1d3272299685fbcecf043651aa79b5035,7d4ae2310b662639649d68fa4f699951317c36f76eb715534248659d1924613d,prompts/cat_identity.v1.json
078,78,../data_h3/cat_ids/06_短毛黑猫.png,Ref_cat_teaser3.mp4,prepared/Ref_cat_teaser3.motion.mp4,prompts/cat_teaser3.v1.en.txt,06,06-black-shorthair,短毛黑猫,08,08-cat-teaser3,cat_teaser3,双前爪抬起抓扑逗猫棒后落地坐定,0,078_06-black-shorthair_08-cat-teaser3_seed-0,4,4.0,24,480,832,15:26,9:16,cat_teaser3.v1+cat_identity.v1,pending_model_validation,027dbac6f33e76ac29ed94f5d702d60a47662778e4ec7e2a6785440b6ed41e34,71df79527a94810bcacebc9cb956fa137c891a4ed437386697434b19c5fbb7ce,prompts/cat_identity.v1.json
079,79,../data_h3/cat_ids/06_短毛黑猫.png,Ref_drag_yarn_ball_and_catch.mp4,prepared/Ref_drag_yarn_ball_and_catch.motion.mp4,prompts/drag_yarn_ball_and_catch.v1.en.txt,06,06-black-shorthair,短毛黑猫,09,09-drag-yarn-ball-and-catch,drag_yarn_ball_and_catch,追扑从画面左向右滚动的毛线球并按住,0,079_06-black-shorthair_09-drag-yarn-ball-and-catch_seed-0,4,4.0,24,480,832,15:26,9:16,drag_yarn_ball_and_catch.v1+cat_identity.v1,pending_model_validation,77bfbf4b01c4b08e3971742c7245b88c92ea06bb29cfc81fc77b9f6c9cfd1436,5b888bc1cdc661bc3b5760445027966ef8d36a31c447614acbd23d3ca6af442e,prompts/cat_identity.v1.json
080,80,../data_h3/cat_ids/06_短毛黑猫.png,Ref_drag_yarn_ball_and_catch_mirror.mp4,prepared/Ref_drag_yarn_ball_and_catch_mirror.motion.mp4,prompts/drag_yarn_ball_and_catch_mirror.v1.en.txt,06,06-black-shorthair,短毛黑猫,10,10-drag-yarn-ball-and-catch-mirror,drag_yarn_ball_and_catch_mirror,追扑从画面右向左滚动的毛线球并按住,0,080_06-black-shorthair_10-drag-yarn-ball-and-catch-mirror_seed-0,4,4.0,24,480,832,15:26,9:16,drag_yarn_ball_and_catch_mirror.v1+cat_identity.v1,pending_model_validation,c2669ea8b6090c753de7a57b0ef62eac0cf3bce2998dafc913646c9c3a23a7fb,8b44957f6ebaca7c04c4a0af6bf4fbb65085b8ecf0acaf3433dc727a25b74982,prompts/cat_identity.v1.json
081,81,../data_h3/cat_ids/06_短毛黑猫.png,Ref_curl_up_and_lie_down.mp4,prepared/Ref_curl_up_and_lie_down.motion.mp4,prompts/curl_up_and_lie_down.v1.en.txt,06,06-black-shorthair,短毛黑猫,11,11-curl-up-and-lie-down,curl_up_and_lie_down,低头向画面左侧蜷卧并闭眼休息,0,081_06-black-shorthair_11-curl-up-and-lie-down_seed-0,4,4.0,24,480,832,15:26,9:16,curl_up_and_lie_down.v1+cat_identity.v1,pending_model_validation,c72d81115d4b89735c0cfd96e9ed123e6073b94056022268efca8c96a176b521,8414a980252d2baee6444085d2755563b7e0ccb3a138027e7cc6c1233be766eb,prompts/cat_identity.v1.json
082,82,../data_h3/cat_ids/06_短毛黑猫.png,Ref_curl_up_and_lie_down_mirror.mp4,prepared/Ref_curl_up_and_lie_down_mirror.motion.mp4,prompts/curl_up_and_lie_down_mirror.v1.en.txt,06,06-black-shorthair,短毛黑猫,12,12-curl-up-and-lie-down-mirror,curl_up_and_lie_down_mirror,低头向画面右侧蜷卧并闭眼休息,0,082_06-black-shorthair_12-curl-up-and-lie-down-mirror_seed-0,4,4.0,24,480,832,15:26,9:16,curl_up_and_lie_down_mirror.v1+cat_identity.v1,pending_model_validation,89a2b21fdac9aff83d7216cac01edaacdd0a039270eb24c258e31e89154cad4d,5dcfd307dd80e4bd86fa73aff45f41f66eced8aba348a07f81f559f008a63527,prompts/cat_identity.v1.json
083,83,../data_h3/cat_ids/06_短毛黑猫.png,Ref_walk_forward_to_screen.mp4,prepared/Ref_walk_forward_to_screen.motion.mp4,prompts/walk_forward_to_screen.v1.en.txt,06,06-black-shorthair,短毛黑猫,13,13-walk-forward-to-screen,walk_forward_to_screen,起身向镜头走近并在近处站定,0,083_06-black-shorthair_13-walk-forward-to-screen_seed-0,4,4.041699,24,480,832,15:26,9:16,walk_forward_to_screen.v1+cat_identity.v1,pending_model_validation,cbcf375ba0a91f1f7aaf8479c20bad2f585909aa1e39d2936ad07c8fb28ba36a,b63a08fc2ef943e20b969f5567a1c9334a3d7ca21d68db70b052c4345a83014a,prompts/cat_identity.v1.json
084,84,../data_h3/cat_ids/07_长毛异瞳白猫.png,Ref_drag_ear.mp4,prepared/Ref_drag_ear.motion.mp4,prompts/drag_ear.v1.en.txt,07,07-odd-eyed-white-longhair,长毛异瞳白猫,02,02-pull-left-ear,drag_ear,左前爪轻擦左耳与脸部后恢复坐姿,0,084_07-odd-eyed-white-longhair_02-pull-left-ear_seed-0,4,4.0,24,480,832,15:26,9:16,drag_ear.v1+cat_identity.v1,pending_model_validation,9ca2222146c86a9e2cfac45f90317141a278daa18aba37d5ae6b21778a12c24d,241a5d66949edcf078e592e2d02939921c2ff68968a95640d4e5a7e2c4fe75c1,prompts/cat_identity.v1.json
085,85,../data_h3/cat_ids/07_长毛异瞳白猫.png,Ref_drag_ear_mirror.mp4,prepared/Ref_drag_ear_mirror.motion.mp4,prompts/drag_ear_mirror.v1.en.txt,07,07-odd-eyed-white-longhair,长毛异瞳白猫,03,03-drag-ear-mirror,drag_ear_mirror,右前爪轻擦右耳与脸部后恢复坐姿,0,085_07-odd-eyed-white-longhair_03-drag-ear-mirror_seed-0,4,4.0,24,480,832,15:26,9:16,drag_ear_mirror.v1+cat_identity.v1,pending_model_validation,651d0e469e995f39f4ae993696938a81e381163aa9b2c64eceab9c77f4c4146d,f5a0412ed913f5aad8bffb33c68c3b0ad7f4923f44f06370f768483b146897f4,prompts/cat_identity.v1.json
086,86,../data_h3/cat_ids/07_长毛异瞳白猫.png,Ref_cat_teaser1.mp4,prepared/Ref_cat_teaser1.motion.mp4,prompts/cat_teaser1.v1.en.txt,07,07-odd-eyed-white-longhair,长毛异瞳白猫,04,04-cat-teaser1,cat_teaser1,左前爪坐姿拨打逗猫棒后注视玩具,0,086_07-odd-eyed-white-longhair_04-cat-teaser1_seed-0,4,4.0,24,480,832,15:26,9:16,cat_teaser1.v1+cat_identity.v1,pending_model_validation,64550e1080285671b8a0d4beeae8ced5fd7d187aadc0524f989acfd0dd13b2d4,90ead0cb85338d88512f89fc4fdaa1599eaae717252a8a228289e47e9f7150f0,prompts/cat_identity.v1.json
087,87,../data_h3/cat_ids/07_长毛异瞳白猫.png,Ref_cat_teaser1_mirror.mp4,prepared/Ref_cat_teaser1_mirror.motion.mp4,prompts/cat_teaser1_mirror.v1.en.txt,07,07-odd-eyed-white-longhair,长毛异瞳白猫,05,05-cat-teaser1-mirror,cat_teaser1_mirror,右前爪坐姿拨打逗猫棒后注视玩具,0,087_07-odd-eyed-white-longhair_05-cat-teaser1-mirror_seed-0,4,4.0,24,480,832,15:26,9:16,cat_teaser1_mirror.v1+cat_identity.v1,pending_model_validation,49d1cd2dc1c1fb9f9c59b8d1884cc4c2499a583549b7c5a7240bec96b9b65648,af450da4b11a442fbb8dc3b090842b494306a33800841e4f3ac9399fb1a3e695,prompts/cat_identity.v1.json
088,88,../data_h3/cat_ids/07_长毛异瞳白猫.png,Ref_cat_teaser2.mp4,prepared/Ref_cat_teaser2.motion.mp4,prompts/cat_teaser2.v1.en.txt,07,07-odd-eyed-white-longhair,长毛异瞳白猫,06,06-cat-teaser2,cat_teaser2,起身向画面右侧追拍逗猫棒并站定,0,088_07-odd-eyed-white-longhair_06-cat-teaser2_seed-0,4,4.0,24,480,832,15:26,9:16,cat_teaser2.v1+cat_identity.v1,pending_model_validation,2f78df7a0de195ef9f873b3741f53f0c661ca588f7342dd5182c5d2c74943a86,a8c95e9c38443d4d231086357cb356e7c98cb2af1a6bfa216feae39e945cc0ec,prompts/cat_identity.v1.json
089,89,../data_h3/cat_ids/07_长毛异瞳白猫.png,Ref_cat_teaser2_mirror.mp4,prepared/Ref_cat_teaser2_mirror.motion.mp4,prompts/cat_teaser2_mirror.v1.en.txt,07,07-odd-eyed-white-longhair,长毛异瞳白猫,07,07-cat-teaser2-mirror,cat_teaser2_mirror,起身向画面左侧追拍逗猫棒并站定,0,089_07-odd-eyed-white-longhair_07-cat-teaser2-mirror_seed-0,4,4.0,24,480,832,15:26,9:16,cat_teaser2_mirror.v1+cat_identity.v1,pending_model_validation,66723457987b09624d956031394c22af1bb91e248aab9f860d10c3b8f07bdafa,7d4ae2310b662639649d68fa4f699951317c36f76eb715534248659d1924613d,prompts/cat_identity.v1.json
090,90,../data_h3/cat_ids/07_长毛异瞳白猫.png,Ref_cat_teaser3.mp4,prepared/Ref_cat_teaser3.motion.mp4,prompts/cat_teaser3.v1.en.txt,07,07-odd-eyed-white-longhair,长毛异瞳白猫,08,08-cat-teaser3,cat_teaser3,双前爪抬起抓扑逗猫棒后落地坐定,0,090_07-odd-eyed-white-longhair_08-cat-teaser3_seed-0,4,4.0,24,480,832,15:26,9:16,cat_teaser3.v1+cat_identity.v1,pending_model_validation,2e07a47d1cab0303b17f6ef0f72b47b7acd0778597de82904319f763292746dd,71df79527a94810bcacebc9cb956fa137c891a4ed437386697434b19c5fbb7ce,prompts/cat_identity.v1.json
091,91,../data_h3/cat_ids/07_长毛异瞳白猫.png,Ref_drag_yarn_ball_and_catch.mp4,prepared/Ref_drag_yarn_ball_and_catch.motion.mp4,prompts/drag_yarn_ball_and_catch.v1.en.txt,07,07-odd-eyed-white-longhair,长毛异瞳白猫,09,09-drag-yarn-ball-and-catch,drag_yarn_ball_and_catch,追扑从画面左向右滚动的毛线球并按住,0,091_07-odd-eyed-white-longhair_09-drag-yarn-ball-and-catch_seed-0,4,4.0,24,480,832,15:26,9:16,drag_yarn_ball_and_catch.v1+cat_identity.v1,pending_model_validation,6f0785396d262aa0134ebdd0c4f9333766effa37b332735c7991b51b8928d009,5b888bc1cdc661bc3b5760445027966ef8d36a31c447614acbd23d3ca6af442e,prompts/cat_identity.v1.json
092,92,../data_h3/cat_ids/07_长毛异瞳白猫.png,Ref_drag_yarn_ball_and_catch_mirror.mp4,prepared/Ref_drag_yarn_ball_and_catch_mirror.motion.mp4,prompts/drag_yarn_ball_and_catch_mirror.v1.en.txt,07,07-odd-eyed-white-longhair,长毛异瞳白猫,10,10-drag-yarn-ball-and-catch-mirror,drag_yarn_ball_and_catch_mirror,追扑从画面右向左滚动的毛线球并按住,0,092_07-odd-eyed-white-longhair_10-drag-yarn-ball-and-catch-mirror_seed-0,4,4.0,24,480,832,15:26,9:16,drag_yarn_ball_and_catch_mirror.v1+cat_identity.v1,pending_model_validation,bc96501cf45f0302454936b083ce82285d46aa6334a20c133517be3734d8e615,8b44957f6ebaca7c04c4a0af6bf4fbb65085b8ecf0acaf3433dc727a25b74982,prompts/cat_identity.v1.json
093,93,../data_h3/cat_ids/07_长毛异瞳白猫.png,Ref_curl_up_and_lie_down.mp4,prepared/Ref_curl_up_and_lie_down.motion.mp4,prompts/curl_up_and_lie_down.v1.en.txt,07,07-odd-eyed-white-longhair,长毛异瞳白猫,11,11-curl-up-and-lie-down,curl_up_and_lie_down,低头向画面左侧蜷卧并闭眼休息,0,093_07-odd-eyed-white-longhair_11-curl-up-and-lie-down_seed-0,4,4.0,24,480,832,15:26,9:16,curl_up_and_lie_down.v1+cat_identity.v1,pending_model_validation,36de9a0ee1a6859d286b416e55eec15168c5f45de57c5f90df42a12dbe301b28,8414a980252d2baee6444085d2755563b7e0ccb3a138027e7cc6c1233be766eb,prompts/cat_identity.v1.json
094,94,../data_h3/cat_ids/07_长毛异瞳白猫.png,Ref_curl_up_and_lie_down_mirror.mp4,prepared/Ref_curl_up_and_lie_down_mirror.motion.mp4,prompts/curl_up_and_lie_down_mirror.v1.en.txt,07,07-odd-eyed-white-longhair,长毛异瞳白猫,12,12-curl-up-and-lie-down-mirror,curl_up_and_lie_down_mirror,低头向画面右侧蜷卧并闭眼休息,0,094_07-odd-eyed-white-longhair_12-curl-up-and-lie-down-mirror_seed-0,4,4.0,24,480,832,15:26,9:16,curl_up_and_lie_down_mirror.v1+cat_identity.v1,pending_model_validation,e1f32abe6f1310f1188e7177a074ec70b45460376300eee886fdb8e7bd8baa19,5dcfd307dd80e4bd86fa73aff45f41f66eced8aba348a07f81f559f008a63527,prompts/cat_identity.v1.json
095,95,../data_h3/cat_ids/07_长毛异瞳白猫.png,Ref_walk_forward_to_screen.mp4,prepared/Ref_walk_forward_to_screen.motion.mp4,prompts/walk_forward_to_screen.v1.en.txt,07,07-odd-eyed-white-longhair,长毛异瞳白猫,13,13-walk-forward-to-screen,walk_forward_to_screen,起身向镜头走近并在近处站定,0,095_07-odd-eyed-white-longhair_13-walk-forward-to-screen_seed-0,4,4.041699,24,480,832,15:26,9:16,walk_forward_to_screen.v1+cat_identity.v1,pending_model_validation,a83863e1b070cd4bdb5e5cf32ef9e023b113d3cf3dd2445ed8e843cf5db4e6ea,b63a08fc2ef943e20b969f5567a1c9334a3d7ca21d68db70b052c4345a83014a,prompts/cat_identity.v1.json
096,96,../data_h3/cat_ids/08_短毛棕色鱼骨纹猫.png,Ref_drag_ear.mp4,prepared/Ref_drag_ear.motion.mp4,prompts/drag_ear.v1.en.txt,08,08-brown-shorthair-mackerel-tabby,短毛棕色鱼骨纹猫,02,02-pull-left-ear,drag_ear,左前爪轻擦左耳与脸部后恢复坐姿,0,096_08-brown-shorthair-mackerel-tabby_02-pull-left-ear_seed-0,4,4.0,24,480,832,15:26,9:16,drag_ear.v1+cat_identity.v1,pending_model_validation,61a859f396a7407b2e269f20841d8968922bf1146c5c7f5d4914e11063b6070f,241a5d66949edcf078e592e2d02939921c2ff68968a95640d4e5a7e2c4fe75c1,prompts/cat_identity.v1.json
097,97,../data_h3/cat_ids/08_短毛棕色鱼骨纹猫.png,Ref_drag_ear_mirror.mp4,prepared/Ref_drag_ear_mirror.motion.mp4,prompts/drag_ear_mirror.v1.en.txt,08,08-brown-shorthair-mackerel-tabby,短毛棕色鱼骨纹猫,03,03-drag-ear-mirror,drag_ear_mirror,右前爪轻擦右耳与脸部后恢复坐姿,0,097_08-brown-shorthair-mackerel-tabby_03-drag-ear-mirror_seed-0,4,4.0,24,480,832,15:26,9:16,drag_ear_mirror.v1+cat_identity.v1,pending_model_validation,1bded6d11b050f758157ea4bf5976d4f0231a538df761456e8c26ede05eefd56,f5a0412ed913f5aad8bffb33c68c3b0ad7f4923f44f06370f768483b146897f4,prompts/cat_identity.v1.json
098,98,../data_h3/cat_ids/08_短毛棕色鱼骨纹猫.png,Ref_cat_teaser1.mp4,prepared/Ref_cat_teaser1.motion.mp4,prompts/cat_teaser1.v1.en.txt,08,08-brown-shorthair-mackerel-tabby,短毛棕色鱼骨纹猫,04,04-cat-teaser1,cat_teaser1,左前爪坐姿拨打逗猫棒后注视玩具,0,098_08-brown-shorthair-mackerel-tabby_04-cat-teaser1_seed-0,4,4.0,24,480,832,15:26,9:16,cat_teaser1.v1+cat_identity.v1,pending_model_validation,29c0b8f50f8970f2e568dccaf056a656b21b98afe52934acde15e1ebd44d6a75,90ead0cb85338d88512f89fc4fdaa1599eaae717252a8a228289e47e9f7150f0,prompts/cat_identity.v1.json
099,99,../data_h3/cat_ids/08_短毛棕色鱼骨纹猫.png,Ref_cat_teaser1_mirror.mp4,prepared/Ref_cat_teaser1_mirror.motion.mp4,prompts/cat_teaser1_mirror.v1.en.txt,08,08-brown-shorthair-mackerel-tabby,短毛棕色鱼骨纹猫,05,05-cat-teaser1-mirror,cat_teaser1_mirror,右前爪坐姿拨打逗猫棒后注视玩具,0,099_08-brown-shorthair-mackerel-tabby_05-cat-teaser1-mirror_seed-0,4,4.0,24,480,832,15:26,9:16,cat_teaser1_mirror.v1+cat_identity.v1,pending_model_validation,5c0cfe4347c8e16b91a788e266eb94310a639bd2c44a540a5e8ff20ee7ca04fc,af450da4b11a442fbb8dc3b090842b494306a33800841e4f3ac9399fb1a3e695,prompts/cat_identity.v1.json
100,100,../data_h3/cat_ids/08_短毛棕色鱼骨纹猫.png,Ref_cat_teaser2.mp4,prepared/Ref_cat_teaser2.motion.mp4,prompts/cat_teaser2.v1.en.txt,08,08-brown-shorthair-mackerel-tabby,短毛棕色鱼骨纹猫,06,06-cat-teaser2,cat_teaser2,起身向画面右侧追拍逗猫棒并站定,0,100_08-brown-shorthair-mackerel-tabby_06-cat-teaser2_seed-0,4,4.0,24,480,832,15:26,9:16,cat_teaser2.v1+cat_identity.v1,pending_model_validation,804eaf55f8f6e467ecabcd3436acebab0c734c6c3a03ee5514b15f98702c26f2,a8c95e9c38443d4d231086357cb356e7c98cb2af1a6bfa216feae39e945cc0ec,prompts/cat_identity.v1.json
101,101,../data_h3/cat_ids/08_短毛棕色鱼骨纹猫.png,Ref_cat_teaser2_mirror.mp4,prepared/Ref_cat_teaser2_mirror.motion.mp4,prompts/cat_teaser2_mirror.v1.en.txt,08,08-brown-shorthair-mackerel-tabby,短毛棕色鱼骨纹猫,07,07-cat-teaser2-mirror,cat_teaser2_mirror,起身向画面左侧追拍逗猫棒并站定,0,101_08-brown-shorthair-mackerel-tabby_07-cat-teaser2-mirror_seed-0,4,4.0,24,480,832,15:26,9:16,cat_teaser2_mirror.v1+cat_identity.v1,pending_model_validation,e66c57a071ef6fbe35af7d05c9fa98a6d210acbd99f814ea239ee58ac97806d0,7d4ae2310b662639649d68fa4f699951317c36f76eb715534248659d1924613d,prompts/cat_identity.v1.json
102,102,../data_h3/cat_ids/08_短毛棕色鱼骨纹猫.png,Ref_cat_teaser3.mp4,prepared/Ref_cat_teaser3.motion.mp4,prompts/cat_teaser3.v1.en.txt,08,08-brown-shorthair-mackerel-tabby,短毛棕色鱼骨纹猫,08,08-cat-teaser3,cat_teaser3,双前爪抬起抓扑逗猫棒后落地坐定,0,102_08-brown-shorthair-mackerel-tabby_08-cat-teaser3_seed-0,4,4.0,24,480,832,15:26,9:16,cat_teaser3.v1+cat_identity.v1,pending_model_validation,7445fd20246b74e809cc45fdd1cdc6897ab88f6cbf5d41c7568364e21c818c26,71df79527a94810bcacebc9cb956fa137c891a4ed437386697434b19c5fbb7ce,prompts/cat_identity.v1.json
103,103,../data_h3/cat_ids/08_短毛棕色鱼骨纹猫.png,Ref_drag_yarn_ball_and_catch.mp4,prepared/Ref_drag_yarn_ball_and_catch.motion.mp4,prompts/drag_yarn_ball_and_catch.v1.en.txt,08,08-brown-shorthair-mackerel-tabby,短毛棕色鱼骨纹猫,09,09-drag-yarn-ball-and-catch,drag_yarn_ball_and_catch,追扑从画面左向右滚动的毛线球并按住,0,103_08-brown-shorthair-mackerel-tabby_09-drag-yarn-ball-and-catch_seed-0,4,4.0,24,480,832,15:26,9:16,drag_yarn_ball_and_catch.v1+cat_identity.v1,pending_model_validation,9542d11b265cd1c9f7086bd938b658b1c94a0b2e0cfa2efa5314123a9407389e,5b888bc1cdc661bc3b5760445027966ef8d36a31c447614acbd23d3ca6af442e,prompts/cat_identity.v1.json
104,104,../data_h3/cat_ids/08_短毛棕色鱼骨纹猫.png,Ref_drag_yarn_ball_and_catch_mirror.mp4,prepared/Ref_drag_yarn_ball_and_catch_mirror.motion.mp4,prompts/drag_yarn_ball_and_catch_mirror.v1.en.txt,08,08-brown-shorthair-mackerel-tabby,短毛棕色鱼骨纹猫,10,10-drag-yarn-ball-and-catch-mirror,drag_yarn_ball_and_catch_mirror,追扑从画面右向左滚动的毛线球并按住,0,104_08-brown-shorthair-mackerel-tabby_10-drag-yarn-ball-and-catch-mirror_seed-0,4,4.0,24,480,832,15:26,9:16,drag_yarn_ball_and_catch_mirror.v1+cat_identity.v1,pending_model_validation,f9a26e1e3fe6fa2d806b937242efe8576241089f611ffeaeb4997e2ae8811617,8b44957f6ebaca7c04c4a0af6bf4fbb65085b8ecf0acaf3433dc727a25b74982,prompts/cat_identity.v1.json
105,105,../data_h3/cat_ids/08_短毛棕色鱼骨纹猫.png,Ref_curl_up_and_lie_down.mp4,prepared/Ref_curl_up_and_lie_down.motion.mp4,prompts/curl_up_and_lie_down.v1.en.txt,08,08-brown-shorthair-mackerel-tabby,短毛棕色鱼骨纹猫,11,11-curl-up-and-lie-down,curl_up_and_lie_down,低头向画面左侧蜷卧并闭眼休息,0,105_08-brown-shorthair-mackerel-tabby_11-curl-up-and-lie-down_seed-0,4,4.0,24,480,832,15:26,9:16,curl_up_and_lie_down.v1+cat_identity.v1,pending_model_validation,1dc0a7c45eb8ddde262a1854acd7c96ae2fa38ac3bf8ce418c0655d135b0a323,8414a980252d2baee6444085d2755563b7e0ccb3a138027e7cc6c1233be766eb,prompts/cat_identity.v1.json
106,106,../data_h3/cat_ids/08_短毛棕色鱼骨纹猫.png,Ref_curl_up_and_lie_down_mirror.mp4,prepared/Ref_curl_up_and_lie_down_mirror.motion.mp4,prompts/curl_up_and_lie_down_mirror.v1.en.txt,08,08-brown-shorthair-mackerel-tabby,短毛棕色鱼骨纹猫,12,12-curl-up-and-lie-down-mirror,curl_up_and_lie_down_mirror,低头向画面右侧蜷卧并闭眼休息,0,106_08-brown-shorthair-mackerel-tabby_12-curl-up-and-lie-down-mirror_seed-0,4,4.0,24,480,832,15:26,9:16,curl_up_and_lie_down_mirror.v1+cat_identity.v1,pending_model_validation,6aa7a57fcb9b9c049bc9c90b5f6282de74b2816bb2dd5267721f0563e78da2a9,5dcfd307dd80e4bd86fa73aff45f41f66eced8aba348a07f81f559f008a63527,prompts/cat_identity.v1.json
107,107,../data_h3/cat_ids/08_短毛棕色鱼骨纹猫.png,Ref_walk_forward_to_screen.mp4,prepared/Ref_walk_forward_to_screen.motion.mp4,prompts/walk_forward_to_screen.v1.en.txt,08,08-brown-shorthair-mackerel-tabby,短毛棕色鱼骨纹猫,13,13-walk-forward-to-screen,walk_forward_to_screen,起身向镜头走近并在近处站定,0,107_08-brown-shorthair-mackerel-tabby_13-walk-forward-to-screen_seed-0,4,4.041699,24,480,832,15:26,9:16,walk_forward_to_screen.v1+cat_identity.v1,pending_model_validation,86e2fc6740e7e30d8360403985d28f0831506fb6f58821f1bb932b3e22c94029,b63a08fc2ef943e20b969f5567a1c9334a3d7ca21d68db70b052c4345a83014a,prompts/cat_identity.v1.json
108,108,../data_h3/cat_ids/09_短毛棕色经典虎斑猫.png,Ref_drag_ear.mp4,prepared/Ref_drag_ear.motion.mp4,prompts/drag_ear.v1.en.txt,09,09-brown-shorthair-classic-tabby,短毛棕色经典虎斑猫,02,02-pull-left-ear,drag_ear,左前爪轻擦左耳与脸部后恢复坐姿,0,108_09-brown-shorthair-classic-tabby_02-pull-left-ear_seed-0,4,4.0,24,480,832,15:26,9:16,drag_ear.v1+cat_identity.v1,pending_model_validation,cd74a3937c17197e51366cb3b2db8a5c60b140d0b31a69e81e714a6136c398ba,241a5d66949edcf078e592e2d02939921c2ff68968a95640d4e5a7e2c4fe75c1,prompts/cat_identity.v1.json
109,109,../data_h3/cat_ids/09_短毛棕色经典虎斑猫.png,Ref_drag_ear_mirror.mp4,prepared/Ref_drag_ear_mirror.motion.mp4,prompts/drag_ear_mirror.v1.en.txt,09,09-brown-shorthair-classic-tabby,短毛棕色经典虎斑猫,03,03-drag-ear-mirror,drag_ear_mirror,右前爪轻擦右耳与脸部后恢复坐姿,0,109_09-brown-shorthair-classic-tabby_03-drag-ear-mirror_seed-0,4,4.0,24,480,832,15:26,9:16,drag_ear_mirror.v1+cat_identity.v1,pending_model_validation,625e52c56e86db023e459f9bf755e2b674a6326765221fcba1f2d1a237cc18c8,f5a0412ed913f5aad8bffb33c68c3b0ad7f4923f44f06370f768483b146897f4,prompts/cat_identity.v1.json
110,110,../data_h3/cat_ids/09_短毛棕色经典虎斑猫.png,Ref_cat_teaser1.mp4,prepared/Ref_cat_teaser1.motion.mp4,prompts/cat_teaser1.v1.en.txt,09,09-brown-shorthair-classic-tabby,短毛棕色经典虎斑猫,04,04-cat-teaser1,cat_teaser1,左前爪坐姿拨打逗猫棒后注视玩具,0,110_09-brown-shorthair-classic-tabby_04-cat-teaser1_seed-0,4,4.0,24,480,832,15:26,9:16,cat_teaser1.v1+cat_identity.v1,pending_model_validation,fab91e5895a581c16be3ed604c55947b600db6f354f6513431f89f632350fa87,90ead0cb85338d88512f89fc4fdaa1599eaae717252a8a228289e47e9f7150f0,prompts/cat_identity.v1.json
111,111,../data_h3/cat_ids/09_短毛棕色经典虎斑猫.png,Ref_cat_teaser1_mirror.mp4,prepared/Ref_cat_teaser1_mirror.motion.mp4,prompts/cat_teaser1_mirror.v1.en.txt,09,09-brown-shorthair-classic-tabby,短毛棕色经典虎斑猫,05,05-cat-teaser1-mirror,cat_teaser1_mirror,右前爪坐姿拨打逗猫棒后注视玩具,0,111_09-brown-shorthair-classic-tabby_05-cat-teaser1-mirror_seed-0,4,4.0,24,480,832,15:26,9:16,cat_teaser1_mirror.v1+cat_identity.v1,pending_model_validation,c34b51041683ce85a8f8fad1598de9fbba7dc6b074014f13bea8b17567f4d64e,af450da4b11a442fbb8dc3b090842b494306a33800841e4f3ac9399fb1a3e695,prompts/cat_identity.v1.json
112,112,../data_h3/cat_ids/09_短毛棕色经典虎斑猫.png,Ref_cat_teaser2.mp4,prepared/Ref_cat_teaser2.motion.mp4,prompts/cat_teaser2.v1.en.txt,09,09-brown-shorthair-classic-tabby,短毛棕色经典虎斑猫,06,06-cat-teaser2,cat_teaser2,起身向画面右侧追拍逗猫棒并站定,0,112_09-brown-shorthair-classic-tabby_06-cat-teaser2_seed-0,4,4.0,24,480,832,15:26,9:16,cat_teaser2.v1+cat_identity.v1,pending_model_validation,c69148e0b1986cb7911aaeca2e55ea7a9d55b5eed8a59d7bb52fa720e25c97b0,a8c95e9c38443d4d231086357cb356e7c98cb2af1a6bfa216feae39e945cc0ec,prompts/cat_identity.v1.json
113,113,../data_h3/cat_ids/09_短毛棕色经典虎斑猫.png,Ref_cat_teaser2_mirror.mp4,prepared/Ref_cat_teaser2_mirror.motion.mp4,prompts/cat_teaser2_mirror.v1.en.txt,09,09-brown-shorthair-classic-tabby,短毛棕色经典虎斑猫,07,07-cat-teaser2-mirror,cat_teaser2_mirror,起身向画面左侧追拍逗猫棒并站定,0,113_09-brown-shorthair-classic-tabby_07-cat-teaser2-mirror_seed-0,4,4.0,24,480,832,15:26,9:16,cat_teaser2_mirror.v1+cat_identity.v1,pending_model_validation,6ee938e3c541fd6cb645e6c1ee4882fd1991e0332cab25e002975a92031646b1,7d4ae2310b662639649d68fa4f699951317c36f76eb715534248659d1924613d,prompts/cat_identity.v1.json
114,114,../data_h3/cat_ids/09_短毛棕色经典虎斑猫.png,Ref_cat_teaser3.mp4,prepared/Ref_cat_teaser3.motion.mp4,prompts/cat_teaser3.v1.en.txt,09,09-brown-shorthair-classic-tabby,短毛棕色经典虎斑猫,08,08-cat-teaser3,cat_teaser3,双前爪抬起抓扑逗猫棒后落地坐定,0,114_09-brown-shorthair-classic-tabby_08-cat-teaser3_seed-0,4,4.0,24,480,832,15:26,9:16,cat_teaser3.v1+cat_identity.v1,pending_model_validation,d8ba2bba1c54e4f70396d2950e4bcf7181e97444862bad1738992a38ee40851e,71df79527a94810bcacebc9cb956fa137c891a4ed437386697434b19c5fbb7ce,prompts/cat_identity.v1.json
115,115,../data_h3/cat_ids/09_短毛棕色经典虎斑猫.png,Ref_drag_yarn_ball_and_catch.mp4,prepared/Ref_drag_yarn_ball_and_catch.motion.mp4,prompts/drag_yarn_ball_and_catch.v1.en.txt,09,09-brown-shorthair-classic-tabby,短毛棕色经典虎斑猫,09,09-drag-yarn-ball-and-catch,drag_yarn_ball_and_catch,追扑从画面左向右滚动的毛线球并按住,0,115_09-brown-shorthair-classic-tabby_09-drag-yarn-ball-and-catch_seed-0,4,4.0,24,480,832,15:26,9:16,drag_yarn_ball_and_catch.v1+cat_identity.v1,pending_model_validation,b9b4dd7d657218ccf9e0e5e5e04d3462ee0118bcd340dc05ab3a6b31f41e686b,5b888bc1cdc661bc3b5760445027966ef8d36a31c447614acbd23d3ca6af442e,prompts/cat_identity.v1.json
116,116,../data_h3/cat_ids/09_短毛棕色经典虎斑猫.png,Ref_drag_yarn_ball_and_catch_mirror.mp4,prepared/Ref_drag_yarn_ball_and_catch_mirror.motion.mp4,prompts/drag_yarn_ball_and_catch_mirror.v1.en.txt,09,09-brown-shorthair-classic-tabby,短毛棕色经典虎斑猫,10,10-drag-yarn-ball-and-catch-mirror,drag_yarn_ball_and_catch_mirror,追扑从画面右向左滚动的毛线球并按住,0,116_09-brown-shorthair-classic-tabby_10-drag-yarn-ball-and-catch-mirror_seed-0,4,4.0,24,480,832,15:26,9:16,drag_yarn_ball_and_catch_mirror.v1+cat_identity.v1,pending_model_validation,bb712f71d347caf52432a3c104e7e6962a721d23f687baa5588d6c35ddda2a3f,8b44957f6ebaca7c04c4a0af6bf4fbb65085b8ecf0acaf3433dc727a25b74982,prompts/cat_identity.v1.json
117,117,../data_h3/cat_ids/09_短毛棕色经典虎斑猫.png,Ref_curl_up_and_lie_down.mp4,prepared/Ref_curl_up_and_lie_down.motion.mp4,prompts/curl_up_and_lie_down.v1.en.txt,09,09-brown-shorthair-classic-tabby,短毛棕色经典虎斑猫,11,11-curl-up-and-lie-down,curl_up_and_lie_down,低头向画面左侧蜷卧并闭眼休息,0,117_09-brown-shorthair-classic-tabby_11-curl-up-and-lie-down_seed-0,4,4.0,24,480,832,15:26,9:16,curl_up_and_lie_down.v1+cat_identity.v1,pending_model_validation,4df62af5ccd9f81f3face229a1c0084bb66b1ccafbc34d41fd920ceb5fb24a93,8414a980252d2baee6444085d2755563b7e0ccb3a138027e7cc6c1233be766eb,prompts/cat_identity.v1.json
118,118,../data_h3/cat_ids/09_短毛棕色经典虎斑猫.png,Ref_curl_up_and_lie_down_mirror.mp4,prepared/Ref_curl_up_and_lie_down_mirror.motion.mp4,prompts/curl_up_and_lie_down_mirror.v1.en.txt,09,09-brown-shorthair-classic-tabby,短毛棕色经典虎斑猫,12,12-curl-up-and-lie-down-mirror,curl_up_and_lie_down_mirror,低头向画面右侧蜷卧并闭眼休息,0,118_09-brown-shorthair-classic-tabby_12-curl-up-and-lie-down-mirror_seed-0,4,4.0,24,480,832,15:26,9:16,curl_up_and_lie_down_mirror.v1+cat_identity.v1,pending_model_validation,f7c6d271905a7392c1b316ff3edd69b16e4e1c1c27bd2f0acbe59b47f41bcfea,5dcfd307dd80e4bd86fa73aff45f41f66eced8aba348a07f81f559f008a63527,prompts/cat_identity.v1.json
119,119,../data_h3/cat_ids/09_短毛棕色经典虎斑猫.png,Ref_walk_forward_to_screen.mp4,prepared/Ref_walk_forward_to_screen.motion.mp4,prompts/walk_forward_to_screen.v1.en.txt,09,09-brown-shorthair-classic-tabby,短毛棕色经典虎斑猫,13,13-walk-forward-to-screen,walk_forward_to_screen,起身向镜头走近并在近处站定,0,119_09-brown-shorthair-classic-tabby_13-walk-forward-to-screen_seed-0,4,4.041699,24,480,832,15:26,9:16,walk_forward_to_screen.v1+cat_identity.v1,pending_model_validation,ace9d1d9275503771d3bcf37a5d722aa7b0bbd08ec789d7457592cf4ef7d405d,b63a08fc2ef943e20b969f5567a1c9334a3d7ca21d68db70b052c4345a83014a,prompts/cat_identity.v1.json
120,120,../data_h3/cat_ids/10_短毛银色斑点猫.png,Ref_drag_ear.mp4,prepared/Ref_drag_ear.motion.mp4,prompts/drag_ear.v1.en.txt,10,10-silver-spotted-shorthair,短毛银色斑点猫,02,02-pull-left-ear,drag_ear,左前爪轻擦左耳与脸部后恢复坐姿,0,120_10-silver-spotted-shorthair_02-pull-left-ear_seed-0,4,4.0,24,480,832,15:26,9:16,drag_ear.v1+cat_identity.v1,pending_model_validation,b8398a49878756b8ba1698852e45f290a4dbef92067d63ecd847c79c4bbc93a6,241a5d66949edcf078e592e2d02939921c2ff68968a95640d4e5a7e2c4fe75c1,prompts/cat_identity.v1.json
121,121,../data_h3/cat_ids/10_短毛银色斑点猫.png,Ref_drag_ear_mirror.mp4,prepared/Ref_drag_ear_mirror.motion.mp4,prompts/drag_ear_mirror.v1.en.txt,10,10-silver-spotted-shorthair,短毛银色斑点猫,03,03-drag-ear-mirror,drag_ear_mirror,右前爪轻擦右耳与脸部后恢复坐姿,0,121_10-silver-spotted-shorthair_03-drag-ear-mirror_seed-0,4,4.0,24,480,832,15:26,9:16,drag_ear_mirror.v1+cat_identity.v1,pending_model_validation,d589da9ae5f3c1eee699799ae15d238f9a498ae0487d77a09954d8bf54d70cea,f5a0412ed913f5aad8bffb33c68c3b0ad7f4923f44f06370f768483b146897f4,prompts/cat_identity.v1.json
122,122,../data_h3/cat_ids/10_短毛银色斑点猫.png,Ref_cat_teaser1.mp4,prepared/Ref_cat_teaser1.motion.mp4,prompts/cat_teaser1.v1.en.txt,10,10-silver-spotted-shorthair,短毛银色斑点猫,04,04-cat-teaser1,cat_teaser1,左前爪坐姿拨打逗猫棒后注视玩具,0,122_10-silver-spotted-shorthair_04-cat-teaser1_seed-0,4,4.0,24,480,832,15:26,9:16,cat_teaser1.v1+cat_identity.v1,pending_model_validation,8ca339508722dc1598a185b2af79457a20edcf0a98fe27c64e8d3fd6e11ecca0,90ead0cb85338d88512f89fc4fdaa1599eaae717252a8a228289e47e9f7150f0,prompts/cat_identity.v1.json
123,123,../data_h3/cat_ids/10_短毛银色斑点猫.png,Ref_cat_teaser1_mirror.mp4,prepared/Ref_cat_teaser1_mirror.motion.mp4,prompts/cat_teaser1_mirror.v1.en.txt,10,10-silver-spotted-shorthair,短毛银色斑点猫,05,05-cat-teaser1-mirror,cat_teaser1_mirror,右前爪坐姿拨打逗猫棒后注视玩具,0,123_10-silver-spotted-shorthair_05-cat-teaser1-mirror_seed-0,4,4.0,24,480,832,15:26,9:16,cat_teaser1_mirror.v1+cat_identity.v1,pending_model_validation,a80f280fdc203071051f3cdae6a6e4c9b88cc2e2394fbd190400a46666ad601f,af450da4b11a442fbb8dc3b090842b494306a33800841e4f3ac9399fb1a3e695,prompts/cat_identity.v1.json
124,124,../data_h3/cat_ids/10_短毛银色斑点猫.png,Ref_cat_teaser2.mp4,prepared/Ref_cat_teaser2.motion.mp4,prompts/cat_teaser2.v1.en.txt,10,10-silver-spotted-shorthair,短毛银色斑点猫,06,06-cat-teaser2,cat_teaser2,起身向画面右侧追拍逗猫棒并站定,0,124_10-silver-spotted-shorthair_06-cat-teaser2_seed-0,4,4.0,24,480,832,15:26,9:16,cat_teaser2.v1+cat_identity.v1,pending_model_validation,17ac38cb659507e49fc1189b1f4c57939917d07d629fd3f334ee158fd09e7d88,a8c95e9c38443d4d231086357cb356e7c98cb2af1a6bfa216feae39e945cc0ec,prompts/cat_identity.v1.json
125,125,../data_h3/cat_ids/10_短毛银色斑点猫.png,Ref_cat_teaser2_mirror.mp4,prepared/Ref_cat_teaser2_mirror.motion.mp4,prompts/cat_teaser2_mirror.v1.en.txt,10,10-silver-spotted-shorthair,短毛银色斑点猫,07,07-cat-teaser2-mirror,cat_teaser2_mirror,起身向画面左侧追拍逗猫棒并站定,0,125_10-silver-spotted-shorthair_07-cat-teaser2-mirror_seed-0,4,4.0,24,480,832,15:26,9:16,cat_teaser2_mirror.v1+cat_identity.v1,pending_model_validation,c1638bfcdee43563cecdf09a6ba5f8a29294e93c757519d3af2a501584072813,7d4ae2310b662639649d68fa4f699951317c36f76eb715534248659d1924613d,prompts/cat_identity.v1.json
126,126,../data_h3/cat_ids/10_短毛银色斑点猫.png,Ref_cat_teaser3.mp4,prepared/Ref_cat_teaser3.motion.mp4,prompts/cat_teaser3.v1.en.txt,10,10-silver-spotted-shorthair,短毛银色斑点猫,08,08-cat-teaser3,cat_teaser3,双前爪抬起抓扑逗猫棒后落地坐定,0,126_10-silver-spotted-shorthair_08-cat-teaser3_seed-0,4,4.0,24,480,832,15:26,9:16,cat_teaser3.v1+cat_identity.v1,pending_model_validation,25b22be161577ffd3dfe973e170e7e1d49cc44fdc45b32048acc306c3de21cc8,71df79527a94810bcacebc9cb956fa137c891a4ed437386697434b19c5fbb7ce,prompts/cat_identity.v1.json
127,127,../data_h3/cat_ids/10_短毛银色斑点猫.png,Ref_drag_yarn_ball_and_catch.mp4,prepared/Ref_drag_yarn_ball_and_catch.motion.mp4,prompts/drag_yarn_ball_and_catch.v1.en.txt,10,10-silver-spotted-shorthair,短毛银色斑点猫,09,09-drag-yarn-ball-and-catch,drag_yarn_ball_and_catch,追扑从画面左向右滚动的毛线球并按住,0,127_10-silver-spotted-shorthair_09-drag-yarn-ball-and-catch_seed-0,4,4.0,24,480,832,15:26,9:16,drag_yarn_ball_and_catch.v1+cat_identity.v1,pending_model_validation,1231fab21b5292ff518885d7f3d3b1dfc70ba2c62cc9fb8d6ef76da0e21257c5,5b888bc1cdc661bc3b5760445027966ef8d36a31c447614acbd23d3ca6af442e,prompts/cat_identity.v1.json
128,128,../data_h3/cat_ids/10_短毛银色斑点猫.png,Ref_drag_yarn_ball_and_catch_mirror.mp4,prepared/Ref_drag_yarn_ball_and_catch_mirror.motion.mp4,prompts/drag_yarn_ball_and_catch_mirror.v1.en.txt,10,10-silver-spotted-shorthair,短毛银色斑点猫,10,10-drag-yarn-ball-and-catch-mirror,drag_yarn_ball_and_catch_mirror,追扑从画面右向左滚动的毛线球并按住,0,128_10-silver-spotted-shorthair_10-drag-yarn-ball-and-catch-mirror_seed-0,4,4.0,24,480,832,15:26,9:16,drag_yarn_ball_and_catch_mirror.v1+cat_identity.v1,pending_model_validation,0167d094fb9bfb37649457b821ac7b0e4090be7d87a128a6c50ccad956af50d5,8b44957f6ebaca7c04c4a0af6bf4fbb65085b8ecf0acaf3433dc727a25b74982,prompts/cat_identity.v1.json
129,129,../data_h3/cat_ids/10_短毛银色斑点猫.png,Ref_curl_up_and_lie_down.mp4,prepared/Ref_curl_up_and_lie_down.motion.mp4,prompts/curl_up_and_lie_down.v1.en.txt,10,10-silver-spotted-shorthair,短毛银色斑点猫,11,11-curl-up-and-lie-down,curl_up_and_lie_down,低头向画面左侧蜷卧并闭眼休息,0,129_10-silver-spotted-shorthair_11-curl-up-and-lie-down_seed-0,4,4.0,24,480,832,15:26,9:16,curl_up_and_lie_down.v1+cat_identity.v1,pending_model_validation,be901e97680ca306fa3353b4c5a291ad2cffbe955dcf49e8359f443ab45dd0df,8414a980252d2baee6444085d2755563b7e0ccb3a138027e7cc6c1233be766eb,prompts/cat_identity.v1.json
130,130,../data_h3/cat_ids/10_短毛银色斑点猫.png,Ref_curl_up_and_lie_down_mirror.mp4,prepared/Ref_curl_up_and_lie_down_mirror.motion.mp4,prompts/curl_up_and_lie_down_mirror.v1.en.txt,10,10-silver-spotted-shorthair,短毛银色斑点猫,12,12-curl-up-and-lie-down-mirror,curl_up_and_lie_down_mirror,低头向画面右侧蜷卧并闭眼休息,0,130_10-silver-spotted-shorthair_12-curl-up-and-lie-down-mirror_seed-0,4,4.0,24,480,832,15:26,9:16,curl_up_and_lie_down_mirror.v1+cat_identity.v1,pending_model_validation,c654c92b9dba915e5bbe510261758876503613db7a9dc226c313c288b35a0770,5dcfd307dd80e4bd86fa73aff45f41f66eced8aba348a07f81f559f008a63527,prompts/cat_identity.v1.json
131,131,../data_h3/cat_ids/10_短毛银色斑点猫.png,Ref_walk_forward_to_screen.mp4,prepared/Ref_walk_forward_to_screen.motion.mp4,prompts/walk_forward_to_screen.v1.en.txt,10,10-silver-spotted-shorthair,短毛银色斑点猫,13,13-walk-forward-to-screen,walk_forward_to_screen,起身向镜头走近并在近处站定,0,131_10-silver-spotted-shorthair_13-walk-forward-to-screen_seed-0,4,4.041699,24,480,832,15:26,9:16,walk_forward_to_screen.v1+cat_identity.v1,pending_model_validation,d7562fabdc315a063da3d72bef60a119e2bb70939f81a9d4af572fe71bed5e27,b63a08fc2ef943e20b969f5567a1c9334a3d7ca21d68db70b052c4345a83014a,prompts/cat_identity.v1.json
132,132,../data_h3/cat_ids/11_黑白燕尾服猫.png,Ref_drag_ear.mp4,prepared/Ref_drag_ear.motion.mp4,prompts/drag_ear.v1.en.txt,11,11-black-white-tuxedo,黑白燕尾服猫,02,02-pull-left-ear,drag_ear,左前爪轻擦左耳与脸部后恢复坐姿,0,132_11-black-white-tuxedo_02-pull-left-ear_seed-0,4,4.0,24,480,832,15:26,9:16,drag_ear.v1+cat_identity.v1,pending_model_validation,8dcfddfdf6fde23501324bb5b3e04cdb0eebe06e5caedf24159a942e39223c30,241a5d66949edcf078e592e2d02939921c2ff68968a95640d4e5a7e2c4fe75c1,prompts/cat_identity.v1.json
133,133,../data_h3/cat_ids/11_黑白燕尾服猫.png,Ref_drag_ear_mirror.mp4,prepared/Ref_drag_ear_mirror.motion.mp4,prompts/drag_ear_mirror.v1.en.txt,11,11-black-white-tuxedo,黑白燕尾服猫,03,03-drag-ear-mirror,drag_ear_mirror,右前爪轻擦右耳与脸部后恢复坐姿,0,133_11-black-white-tuxedo_03-drag-ear-mirror_seed-0,4,4.0,24,480,832,15:26,9:16,drag_ear_mirror.v1+cat_identity.v1,pending_model_validation,73e0837433cfdf105876a135a61694930db5f0c2b2e6d5a8860efeed99a4128d,f5a0412ed913f5aad8bffb33c68c3b0ad7f4923f44f06370f768483b146897f4,prompts/cat_identity.v1.json
134,134,../data_h3/cat_ids/11_黑白燕尾服猫.png,Ref_cat_teaser1.mp4,prepared/Ref_cat_teaser1.motion.mp4,prompts/cat_teaser1.v1.en.txt,11,11-black-white-tuxedo,黑白燕尾服猫,04,04-cat-teaser1,cat_teaser1,左前爪坐姿拨打逗猫棒后注视玩具,0,134_11-black-white-tuxedo_04-cat-teaser1_seed-0,4,4.0,24,480,832,15:26,9:16,cat_teaser1.v1+cat_identity.v1,pending_model_validation,de9e54e49cfacc8309c00d0eb1315b109af201830928e409018509c53f19643c,90ead0cb85338d88512f89fc4fdaa1599eaae717252a8a228289e47e9f7150f0,prompts/cat_identity.v1.json
135,135,../data_h3/cat_ids/11_黑白燕尾服猫.png,Ref_cat_teaser1_mirror.mp4,prepared/Ref_cat_teaser1_mirror.motion.mp4,prompts/cat_teaser1_mirror.v1.en.txt,11,11-black-white-tuxedo,黑白燕尾服猫,05,05-cat-teaser1-mirror,cat_teaser1_mirror,右前爪坐姿拨打逗猫棒后注视玩具,0,135_11-black-white-tuxedo_05-cat-teaser1-mirror_seed-0,4,4.0,24,480,832,15:26,9:16,cat_teaser1_mirror.v1+cat_identity.v1,pending_model_validation,6b732175381d74169e9c41aba6b8df9c71a5ab8ec3987c1e289d53284164648f,af450da4b11a442fbb8dc3b090842b494306a33800841e4f3ac9399fb1a3e695,prompts/cat_identity.v1.json
136,136,../data_h3/cat_ids/11_黑白燕尾服猫.png,Ref_cat_teaser2.mp4,prepared/Ref_cat_teaser2.motion.mp4,prompts/cat_teaser2.v1.en.txt,11,11-black-white-tuxedo,黑白燕尾服猫,06,06-cat-teaser2,cat_teaser2,起身向画面右侧追拍逗猫棒并站定,0,136_11-black-white-tuxedo_06-cat-teaser2_seed-0,4,4.0,24,480,832,15:26,9:16,cat_teaser2.v1+cat_identity.v1,pending_model_validation,ea285ef056ee81006ae9c34fc1172117af1c0fc2aca93183b7295071a167474d,a8c95e9c38443d4d231086357cb356e7c98cb2af1a6bfa216feae39e945cc0ec,prompts/cat_identity.v1.json
137,137,../data_h3/cat_ids/11_黑白燕尾服猫.png,Ref_cat_teaser2_mirror.mp4,prepared/Ref_cat_teaser2_mirror.motion.mp4,prompts/cat_teaser2_mirror.v1.en.txt,11,11-black-white-tuxedo,黑白燕尾服猫,07,07-cat-teaser2-mirror,cat_teaser2_mirror,起身向画面左侧追拍逗猫棒并站定,0,137_11-black-white-tuxedo_07-cat-teaser2-mirror_seed-0,4,4.0,24,480,832,15:26,9:16,cat_teaser2_mirror.v1+cat_identity.v1,pending_model_validation,822aa136018d7ef70a264971f6caa76e5807a15c83e1d9a882286ea14682b8f3,7d4ae2310b662639649d68fa4f699951317c36f76eb715534248659d1924613d,prompts/cat_identity.v1.json
138,138,../data_h3/cat_ids/11_黑白燕尾服猫.png,Ref_cat_teaser3.mp4,prepared/Ref_cat_teaser3.motion.mp4,prompts/cat_teaser3.v1.en.txt,11,11-black-white-tuxedo,黑白燕尾服猫,08,08-cat-teaser3,cat_teaser3,双前爪抬起抓扑逗猫棒后落地坐定,0,138_11-black-white-tuxedo_08-cat-teaser3_seed-0,4,4.0,24,480,832,15:26,9:16,cat_teaser3.v1+cat_identity.v1,pending_model_validation,70857ee1d884de2766a42ec624c29b1ff485a832914e98a6d42070aeca27528c,71df79527a94810bcacebc9cb956fa137c891a4ed437386697434b19c5fbb7ce,prompts/cat_identity.v1.json
139,139,../data_h3/cat_ids/11_黑白燕尾服猫.png,Ref_drag_yarn_ball_and_catch.mp4,prepared/Ref_drag_yarn_ball_and_catch.motion.mp4,prompts/drag_yarn_ball_and_catch.v1.en.txt,11,11-black-white-tuxedo,黑白燕尾服猫,09,09-drag-yarn-ball-and-catch,drag_yarn_ball_and_catch,追扑从画面左向右滚动的毛线球并按住,0,139_11-black-white-tuxedo_09-drag-yarn-ball-and-catch_seed-0,4,4.0,24,480,832,15:26,9:16,drag_yarn_ball_and_catch.v1+cat_identity.v1,pending_model_validation,3efc1c0ea286bc7ce123af3898fcfdcda69eef74a1edd5bafa76f15d90b16a47,5b888bc1cdc661bc3b5760445027966ef8d36a31c447614acbd23d3ca6af442e,prompts/cat_identity.v1.json
140,140,../data_h3/cat_ids/11_黑白燕尾服猫.png,Ref_drag_yarn_ball_and_catch_mirror.mp4,prepared/Ref_drag_yarn_ball_and_catch_mirror.motion.mp4,prompts/drag_yarn_ball_and_catch_mirror.v1.en.txt,11,11-black-white-tuxedo,黑白燕尾服猫,10,10-drag-yarn-ball-and-catch-mirror,drag_yarn_ball_and_catch_mirror,追扑从画面右向左滚动的毛线球并按住,0,140_11-black-white-tuxedo_10-drag-yarn-ball-and-catch-mirror_seed-0,4,4.0,24,480,832,15:26,9:16,drag_yarn_ball_and_catch_mirror.v1+cat_identity.v1,pending_model_validation,fb15f695f49990cf483daca7b7c48d84ac54d72890cd63a22258271f3758ec4f,8b44957f6ebaca7c04c4a0af6bf4fbb65085b8ecf0acaf3433dc727a25b74982,prompts/cat_identity.v1.json
141,141,../data_h3/cat_ids/11_黑白燕尾服猫.png,Ref_curl_up_and_lie_down.mp4,prepared/Ref_curl_up_and_lie_down.motion.mp4,prompts/curl_up_and_lie_down.v1.en.txt,11,11-black-white-tuxedo,黑白燕尾服猫,11,11-curl-up-and-lie-down,curl_up_and_lie_down,低头向画面左侧蜷卧并闭眼休息,0,141_11-black-white-tuxedo_11-curl-up-and-lie-down_seed-0,4,4.0,24,480,832,15:26,9:16,curl_up_and_lie_down.v1+cat_identity.v1,pending_model_validation,7c3295f1bf378564666367b0fec4543351c78fef1dc6e689eb67a6960d12805c,8414a980252d2baee6444085d2755563b7e0ccb3a138027e7cc6c1233be766eb,prompts/cat_identity.v1.json
142,142,../data_h3/cat_ids/11_黑白燕尾服猫.png,Ref_curl_up_and_lie_down_mirror.mp4,prepared/Ref_curl_up_and_lie_down_mirror.motion.mp4,prompts/curl_up_and_lie_down_mirror.v1.en.txt,11,11-black-white-tuxedo,黑白燕尾服猫,12,12-curl-up-and-lie-down-mirror,curl_up_and_lie_down_mirror,低头向画面右侧蜷卧并闭眼休息,0,142_11-black-white-tuxedo_12-curl-up-and-lie-down-mirror_seed-0,4,4.0,24,480,832,15:26,9:16,curl_up_and_lie_down_mirror.v1+cat_identity.v1,pending_model_validation,6a44599f8087855bd0150d33d5881398ee09fc7219876302012ecc876189554f,5dcfd307dd80e4bd86fa73aff45f41f66eced8aba348a07f81f559f008a63527,prompts/cat_identity.v1.json
143,143,../data_h3/cat_ids/11_黑白燕尾服猫.png,Ref_walk_forward_to_screen.mp4,prepared/Ref_walk_forward_to_screen.motion.mp4,prompts/walk_forward_to_screen.v1.en.txt,11,11-black-white-tuxedo,黑白燕尾服猫,13,13-walk-forward-to-screen,walk_forward_to_screen,起身向镜头走近并在近处站定,0,143_11-black-white-tuxedo_13-walk-forward-to-screen_seed-0,4,4.041699,24,480,832,15:26,9:16,walk_forward_to_screen.v1+cat_identity.v1,pending_model_validation,3c5d90b59b2bc0fa8f7437aab05e8c2f16505851ec64e330d04ca51c02f728c9,b63a08fc2ef943e20b969f5567a1c9334a3d7ca21d68db70b052c4345a83014a,prompts/cat_identity.v1.json
144,144,../data_h3/cat_ids/12_短毛三花猫.png,Ref_drag_ear.mp4,prepared/Ref_drag_ear.motion.mp4,prompts/drag_ear.v1.en.txt,12,12-calico-shorthair,短毛三花猫,02,02-pull-left-ear,drag_ear,左前爪轻擦左耳与脸部后恢复坐姿,0,144_12-calico-shorthair_02-pull-left-ear_seed-0,4,4.0,24,480,832,15:26,9:16,drag_ear.v1+cat_identity.v1,pending_model_validation,ddb4c5d2cacfacbee6f772313656a2cf3f040c8e7388f9682ee6a64d7d7e7093,241a5d66949edcf078e592e2d02939921c2ff68968a95640d4e5a7e2c4fe75c1,prompts/cat_identity.v1.json
145,145,../data_h3/cat_ids/12_短毛三花猫.png,Ref_drag_ear_mirror.mp4,prepared/Ref_drag_ear_mirror.motion.mp4,prompts/drag_ear_mirror.v1.en.txt,12,12-calico-shorthair,短毛三花猫,03,03-drag-ear-mirror,drag_ear_mirror,右前爪轻擦右耳与脸部后恢复坐姿,0,145_12-calico-shorthair_03-drag-ear-mirror_seed-0,4,4.0,24,480,832,15:26,9:16,drag_ear_mirror.v1+cat_identity.v1,pending_model_validation,45fd7abc5175c1cde4958a6c4ef60d35e4305947c3c310f658649a6e33f33ebe,f5a0412ed913f5aad8bffb33c68c3b0ad7f4923f44f06370f768483b146897f4,prompts/cat_identity.v1.json
146,146,../data_h3/cat_ids/12_短毛三花猫.png,Ref_cat_teaser1.mp4,prepared/Ref_cat_teaser1.motion.mp4,prompts/cat_teaser1.v1.en.txt,12,12-calico-shorthair,短毛三花猫,04,04-cat-teaser1,cat_teaser1,左前爪坐姿拨打逗猫棒后注视玩具,0,146_12-calico-shorthair_04-cat-teaser1_seed-0,4,4.0,24,480,832,15:26,9:16,cat_teaser1.v1+cat_identity.v1,pending_model_validation,565b522484235f636b26a687e0ad8b1bec8685c189a4b33e051054fec5ca1a30,90ead0cb85338d88512f89fc4fdaa1599eaae717252a8a228289e47e9f7150f0,prompts/cat_identity.v1.json
147,147,../data_h3/cat_ids/12_短毛三花猫.png,Ref_cat_teaser1_mirror.mp4,prepared/Ref_cat_teaser1_mirror.motion.mp4,prompts/cat_teaser1_mirror.v1.en.txt,12,12-calico-shorthair,短毛三花猫,05,05-cat-teaser1-mirror,cat_teaser1_mirror,右前爪坐姿拨打逗猫棒后注视玩具,0,147_12-calico-shorthair_05-cat-teaser1-mirror_seed-0,4,4.0,24,480,832,15:26,9:16,cat_teaser1_mirror.v1+cat_identity.v1,pending_model_validation,87d4b290335c951db374cc0b5d300363208bc1e045a40f018d334bbbeb77d3c3,af450da4b11a442fbb8dc3b090842b494306a33800841e4f3ac9399fb1a3e695,prompts/cat_identity.v1.json
148,148,../data_h3/cat_ids/12_短毛三花猫.png,Ref_cat_teaser2.mp4,prepared/Ref_cat_teaser2.motion.mp4,prompts/cat_teaser2.v1.en.txt,12,12-calico-shorthair,短毛三花猫,06,06-cat-teaser2,cat_teaser2,起身向画面右侧追拍逗猫棒并站定,0,148_12-calico-shorthair_06-cat-teaser2_seed-0,4,4.0,24,480,832,15:26,9:16,cat_teaser2.v1+cat_identity.v1,pending_model_validation,ec42b174f2340845121c187a9f49acde8ae4e4e46284b8d0c5344f69fe6b97ad,a8c95e9c38443d4d231086357cb356e7c98cb2af1a6bfa216feae39e945cc0ec,prompts/cat_identity.v1.json
149,149,../data_h3/cat_ids/12_短毛三花猫.png,Ref_cat_teaser2_mirror.mp4,prepared/Ref_cat_teaser2_mirror.motion.mp4,prompts/cat_teaser2_mirror.v1.en.txt,12,12-calico-shorthair,短毛三花猫,07,07-cat-teaser2-mirror,cat_teaser2_mirror,起身向画面左侧追拍逗猫棒并站定,0,149_12-calico-shorthair_07-cat-teaser2-mirror_seed-0,4,4.0,24,480,832,15:26,9:16,cat_teaser2_mirror.v1+cat_identity.v1,pending_model_validation,04a6f4beff8055ecee5a5de6a3f3e82af7d3306cda3776d244f10ac167381bca,7d4ae2310b662639649d68fa4f699951317c36f76eb715534248659d1924613d,prompts/cat_identity.v1.json
150,150,../data_h3/cat_ids/12_短毛三花猫.png,Ref_cat_teaser3.mp4,prepared/Ref_cat_teaser3.motion.mp4,prompts/cat_teaser3.v1.en.txt,12,12-calico-shorthair,短毛三花猫,08,08-cat-teaser3,cat_teaser3,双前爪抬起抓扑逗猫棒后落地坐定,0,150_12-calico-shorthair_08-cat-teaser3_seed-0,4,4.0,24,480,832,15:26,9:16,cat_teaser3.v1+cat_identity.v1,pending_model_validation,9f499450199e093385738c7e6bbcb6c8ac25ad984d651eee3c5c978484cb0b56,71df79527a94810bcacebc9cb956fa137c891a4ed437386697434b19c5fbb7ce,prompts/cat_identity.v1.json
151,151,../data_h3/cat_ids/12_短毛三花猫.png,Ref_drag_yarn_ball_and_catch.mp4,prepared/Ref_drag_yarn_ball_and_catch.motion.mp4,prompts/drag_yarn_ball_and_catch.v1.en.txt,12,12-calico-shorthair,短毛三花猫,09,09-drag-yarn-ball-and-catch,drag_yarn_ball_and_catch,追扑从画面左向右滚动的毛线球并按住,0,151_12-calico-shorthair_09-drag-yarn-ball-and-catch_seed-0,4,4.0,24,480,832,15:26,9:16,drag_yarn_ball_and_catch.v1+cat_identity.v1,pending_model_validation,c45b8e9ef0b19a40dafa99bcdce52371ed42e4eeae19c16ccc2eae5d5c2a993d,5b888bc1cdc661bc3b5760445027966ef8d36a31c447614acbd23d3ca6af442e,prompts/cat_identity.v1.json
152,152,../data_h3/cat_ids/12_短毛三花猫.png,Ref_drag_yarn_ball_and_catch_mirror.mp4,prepared/Ref_drag_yarn_ball_and_catch_mirror.motion.mp4,prompts/drag_yarn_ball_and_catch_mirror.v1.en.txt,12,12-calico-shorthair,短毛三花猫,10,10-drag-yarn-ball-and-catch-mirror,drag_yarn_ball_and_catch_mirror,追扑从画面右向左滚动的毛线球并按住,0,152_12-calico-shorthair_10-drag-yarn-ball-and-catch-mirror_seed-0,4,4.0,24,480,832,15:26,9:16,drag_yarn_ball_and_catch_mirror.v1+cat_identity.v1,pending_model_validation,72f6cbe3f8d87763aea0011a18316d3b9face171980326930e1b9f6dc6850733,8b44957f6ebaca7c04c4a0af6bf4fbb65085b8ecf0acaf3433dc727a25b74982,prompts/cat_identity.v1.json
153,153,../data_h3/cat_ids/12_短毛三花猫.png,Ref_curl_up_and_lie_down.mp4,prepared/Ref_curl_up_and_lie_down.motion.mp4,prompts/curl_up_and_lie_down.v1.en.txt,12,12-calico-shorthair,短毛三花猫,11,11-curl-up-and-lie-down,curl_up_and_lie_down,低头向画面左侧蜷卧并闭眼休息,0,153_12-calico-shorthair_11-curl-up-and-lie-down_seed-0,4,4.0,24,480,832,15:26,9:16,curl_up_and_lie_down.v1+cat_identity.v1,pending_model_validation,1448ba02b86839be6d25d67f3435cb909c7649aa781783c66744ca2566710f9e,8414a980252d2baee6444085d2755563b7e0ccb3a138027e7cc6c1233be766eb,prompts/cat_identity.v1.json
154,154,../data_h3/cat_ids/12_短毛三花猫.png,Ref_curl_up_and_lie_down_mirror.mp4,prepared/Ref_curl_up_and_lie_down_mirror.motion.mp4,prompts/curl_up_and_lie_down_mirror.v1.en.txt,12,12-calico-shorthair,短毛三花猫,12,12-curl-up-and-lie-down-mirror,curl_up_and_lie_down_mirror,低头向画面右侧蜷卧并闭眼休息,0,154_12-calico-shorthair_12-curl-up-and-lie-down-mirror_seed-0,4,4.0,24,480,832,15:26,9:16,curl_up_and_lie_down_mirror.v1+cat_identity.v1,pending_model_validation,99530f14fcc77c33fdd46adfb093e084114ab2e0c26eb3492648dd5f9f6a1675,5dcfd307dd80e4bd86fa73aff45f41f66eced8aba348a07f81f559f008a63527,prompts/cat_identity.v1.json
155,155,../data_h3/cat_ids/12_短毛三花猫.png,Ref_walk_forward_to_screen.mp4,prepared/Ref_walk_forward_to_screen.motion.mp4,prompts/walk_forward_to_screen.v1.en.txt,12,12-calico-shorthair,短毛三花猫,13,13-walk-forward-to-screen,walk_forward_to_screen,起身向镜头走近并在近处站定,0,155_12-calico-shorthair_13-walk-forward-to-screen_seed-0,4,4.041699,24,480,832,15:26,9:16,walk_forward_to_screen.v1+cat_identity.v1,pending_model_validation,6dd83d0d557ba5a7151e8c6cfc7c84bc81e6d9655dcf8c41cd928e973dffa48d,b63a08fc2ef943e20b969f5567a1c9334a3d7ca21d68db70b052c4345a83014a,prompts/cat_identity.v1.json
156,156,../data_h3/cat_ids/13_短毛淡三花猫.png,Ref_drag_ear.mp4,prepared/Ref_drag_ear.motion.mp4,prompts/drag_ear.v1.en.txt,13,13-dilute-calico-shorthair,短毛淡三花猫,02,02-pull-left-ear,drag_ear,左前爪轻擦左耳与脸部后恢复坐姿,0,156_13-dilute-calico-shorthair_02-pull-left-ear_seed-0,4,4.0,24,480,832,15:26,9:16,drag_ear.v1+cat_identity.v1,pending_model_validation,8852c36bac75e004c418584dde40bf944107c1c05bb132c12153ac23911fabb9,241a5d66949edcf078e592e2d02939921c2ff68968a95640d4e5a7e2c4fe75c1,prompts/cat_identity.v1.json
157,157,../data_h3/cat_ids/13_短毛淡三花猫.png,Ref_drag_ear_mirror.mp4,prepared/Ref_drag_ear_mirror.motion.mp4,prompts/drag_ear_mirror.v1.en.txt,13,13-dilute-calico-shorthair,短毛淡三花猫,03,03-drag-ear-mirror,drag_ear_mirror,右前爪轻擦右耳与脸部后恢复坐姿,0,157_13-dilute-calico-shorthair_03-drag-ear-mirror_seed-0,4,4.0,24,480,832,15:26,9:16,drag_ear_mirror.v1+cat_identity.v1,pending_model_validation,7001881b557f34872ef5b7a6fbae8484102424a38049fb23053031839e5c013c,f5a0412ed913f5aad8bffb33c68c3b0ad7f4923f44f06370f768483b146897f4,prompts/cat_identity.v1.json
158,158,../data_h3/cat_ids/13_短毛淡三花猫.png,Ref_cat_teaser1.mp4,prepared/Ref_cat_teaser1.motion.mp4,prompts/cat_teaser1.v1.en.txt,13,13-dilute-calico-shorthair,短毛淡三花猫,04,04-cat-teaser1,cat_teaser1,左前爪坐姿拨打逗猫棒后注视玩具,0,158_13-dilute-calico-shorthair_04-cat-teaser1_seed-0,4,4.0,24,480,832,15:26,9:16,cat_teaser1.v1+cat_identity.v1,pending_model_validation,b891729fb2684b5b49c3bec4bd53632102021e7800a7b741c205880c343db86e,90ead0cb85338d88512f89fc4fdaa1599eaae717252a8a228289e47e9f7150f0,prompts/cat_identity.v1.json
159,159,../data_h3/cat_ids/13_短毛淡三花猫.png,Ref_cat_teaser1_mirror.mp4,prepared/Ref_cat_teaser1_mirror.motion.mp4,prompts/cat_teaser1_mirror.v1.en.txt,13,13-dilute-calico-shorthair,短毛淡三花猫,05,05-cat-teaser1-mirror,cat_teaser1_mirror,右前爪坐姿拨打逗猫棒后注视玩具,0,159_13-dilute-calico-shorthair_05-cat-teaser1-mirror_seed-0,4,4.0,24,480,832,15:26,9:16,cat_teaser1_mirror.v1+cat_identity.v1,pending_model_validation,4c604486f754dcc6cd96d74b240befb4e49accef999e0eaf3d65db6b35590c49,af450da4b11a442fbb8dc3b090842b494306a33800841e4f3ac9399fb1a3e695,prompts/cat_identity.v1.json
160,160,../data_h3/cat_ids/13_短毛淡三花猫.png,Ref_cat_teaser2.mp4,prepared/Ref_cat_teaser2.motion.mp4,prompts/cat_teaser2.v1.en.txt,13,13-dilute-calico-shorthair,短毛淡三花猫,06,06-cat-teaser2,cat_teaser2,起身向画面右侧追拍逗猫棒并站定,0,160_13-dilute-calico-shorthair_06-cat-teaser2_seed-0,4,4.0,24,480,832,15:26,9:16,cat_teaser2.v1+cat_identity.v1,pending_model_validation,b0e5c6be5fa0712d15bd86ac45345a5a0e650585a0430922afa41b53e994dc3a,a8c95e9c38443d4d231086357cb356e7c98cb2af1a6bfa216feae39e945cc0ec,prompts/cat_identity.v1.json
161,161,../data_h3/cat_ids/13_短毛淡三花猫.png,Ref_cat_teaser2_mirror.mp4,prepared/Ref_cat_teaser2_mirror.motion.mp4,prompts/cat_teaser2_mirror.v1.en.txt,13,13-dilute-calico-shorthair,短毛淡三花猫,07,07-cat-teaser2-mirror,cat_teaser2_mirror,起身向画面左侧追拍逗猫棒并站定,0,161_13-dilute-calico-shorthair_07-cat-teaser2-mirror_seed-0,4,4.0,24,480,832,15:26,9:16,cat_teaser2_mirror.v1+cat_identity.v1,pending_model_validation,6e74de15cc50959ae7046840528629867ffe9e83f75daf6ee675d8fb37bdd3b8,7d4ae2310b662639649d68fa4f699951317c36f76eb715534248659d1924613d,prompts/cat_identity.v1.json
162,162,../data_h3/cat_ids/13_短毛淡三花猫.png,Ref_cat_teaser3.mp4,prepared/Ref_cat_teaser3.motion.mp4,prompts/cat_teaser3.v1.en.txt,13,13-dilute-calico-shorthair,短毛淡三花猫,08,08-cat-teaser3,cat_teaser3,双前爪抬起抓扑逗猫棒后落地坐定,0,162_13-dilute-calico-shorthair_08-cat-teaser3_seed-0,4,4.0,24,480,832,15:26,9:16,cat_teaser3.v1+cat_identity.v1,pending_model_validation,a51a08b6124217406ce2fe451c158a2fc86a9d3d95c2e2d1f74a349d6e15ba38,71df79527a94810bcacebc9cb956fa137c891a4ed437386697434b19c5fbb7ce,prompts/cat_identity.v1.json
163,163,../data_h3/cat_ids/13_短毛淡三花猫.png,Ref_drag_yarn_ball_and_catch.mp4,prepared/Ref_drag_yarn_ball_and_catch.motion.mp4,prompts/drag_yarn_ball_and_catch.v1.en.txt,13,13-dilute-calico-shorthair,短毛淡三花猫,09,09-drag-yarn-ball-and-catch,drag_yarn_ball_and_catch,追扑从画面左向右滚动的毛线球并按住,0,163_13-dilute-calico-shorthair_09-drag-yarn-ball-and-catch_seed-0,4,4.0,24,480,832,15:26,9:16,drag_yarn_ball_and_catch.v1+cat_identity.v1,pending_model_validation,7ca53585306677f191e085bfe4946bdb1c36a17664289537e19b790748932ab7,5b888bc1cdc661bc3b5760445027966ef8d36a31c447614acbd23d3ca6af442e,prompts/cat_identity.v1.json
164,164,../data_h3/cat_ids/13_短毛淡三花猫.png,Ref_drag_yarn_ball_and_catch_mirror.mp4,prepared/Ref_drag_yarn_ball_and_catch_mirror.motion.mp4,prompts/drag_yarn_ball_and_catch_mirror.v1.en.txt,13,13-dilute-calico-shorthair,短毛淡三花猫,10,10-drag-yarn-ball-and-catch-mirror,drag_yarn_ball_and_catch_mirror,追扑从画面右向左滚动的毛线球并按住,0,164_13-dilute-calico-shorthair_10-drag-yarn-ball-and-catch-mirror_seed-0,4,4.0,24,480,832,15:26,9:16,drag_yarn_ball_and_catch_mirror.v1+cat_identity.v1,pending_model_validation,76819bffe2d66b765c696b02986a0dd4cd388224dd2d5d5ec615afdba0e93c2f,8b44957f6ebaca7c04c4a0af6bf4fbb65085b8ecf0acaf3433dc727a25b74982,prompts/cat_identity.v1.json
165,165,../data_h3/cat_ids/13_短毛淡三花猫.png,Ref_curl_up_and_lie_down.mp4,prepared/Ref_curl_up_and_lie_down.motion.mp4,prompts/curl_up_and_lie_down.v1.en.txt,13,13-dilute-calico-shorthair,短毛淡三花猫,11,11-curl-up-and-lie-down,curl_up_and_lie_down,低头向画面左侧蜷卧并闭眼休息,0,165_13-dilute-calico-shorthair_11-curl-up-and-lie-down_seed-0,4,4.0,24,480,832,15:26,9:16,curl_up_and_lie_down.v1+cat_identity.v1,pending_model_validation,dd7278a17c366f6e9ea4f12a996d496eb5c78659a6e5731b0aa9641624f91377,8414a980252d2baee6444085d2755563b7e0ccb3a138027e7cc6c1233be766eb,prompts/cat_identity.v1.json
166,166,../data_h3/cat_ids/13_短毛淡三花猫.png,Ref_curl_up_and_lie_down_mirror.mp4,prepared/Ref_curl_up_and_lie_down_mirror.motion.mp4,prompts/curl_up_and_lie_down_mirror.v1.en.txt,13,13-dilute-calico-shorthair,短毛淡三花猫,12,12-curl-up-and-lie-down-mirror,curl_up_and_lie_down_mirror,低头向画面右侧蜷卧并闭眼休息,0,166_13-dilute-calico-shorthair_12-curl-up-and-lie-down-mirror_seed-0,4,4.0,24,480,832,15:26,9:16,curl_up_and_lie_down_mirror.v1+cat_identity.v1,pending_model_validation,858247873bbf3284772725717f4d87711ca85881c010e35b9b1d8d56267f2cc8,5dcfd307dd80e4bd86fa73aff45f41f66eced8aba348a07f81f559f008a63527,prompts/cat_identity.v1.json
167,167,../data_h3/cat_ids/13_短毛淡三花猫.png,Ref_walk_forward_to_screen.mp4,prepared/Ref_walk_forward_to_screen.motion.mp4,prompts/walk_forward_to_screen.v1.en.txt,13,13-dilute-calico-shorthair,短毛淡三花猫,13,13-walk-forward-to-screen,walk_forward_to_screen,起身向镜头走近并在近处站定,0,167_13-dilute-calico-shorthair_13-walk-forward-to-screen_seed-0,4,4.041699,24,480,832,15:26,9:16,walk_forward_to_screen.v1+cat_identity.v1,pending_model_validation,2d9ba1323aec876ce1df8c3c54f5ae34d55c4278bf23acda94b4536bb8939e52,b63a08fc2ef943e20b969f5567a1c9334a3d7ca21d68db70b052c4345a83014a,prompts/cat_identity.v1.json
168,168,../data_h3/cat_ids/14_短毛黑玳瑁猫.png,Ref_drag_ear.mp4,prepared/Ref_drag_ear.motion.mp4,prompts/drag_ear.v1.en.txt,14,14-black-tortoiseshell-shorthair,短毛黑玳瑁猫,02,02-pull-left-ear,drag_ear,左前爪轻擦左耳与脸部后恢复坐姿,0,168_14-black-tortoiseshell-shorthair_02-pull-left-ear_seed-0,4,4.0,24,480,832,15:26,9:16,drag_ear.v1+cat_identity.v1,pending_model_validation,4915792d43827d60d6b7718b2eefbde0ae5143b91c8c3904aef13be5d811d3f1,241a5d66949edcf078e592e2d02939921c2ff68968a95640d4e5a7e2c4fe75c1,prompts/cat_identity.v1.json
169,169,../data_h3/cat_ids/14_短毛黑玳瑁猫.png,Ref_drag_ear_mirror.mp4,prepared/Ref_drag_ear_mirror.motion.mp4,prompts/drag_ear_mirror.v1.en.txt,14,14-black-tortoiseshell-shorthair,短毛黑玳瑁猫,03,03-drag-ear-mirror,drag_ear_mirror,右前爪轻擦右耳与脸部后恢复坐姿,0,169_14-black-tortoiseshell-shorthair_03-drag-ear-mirror_seed-0,4,4.0,24,480,832,15:26,9:16,drag_ear_mirror.v1+cat_identity.v1,pending_model_validation,0792eb5d62b59ec29a790a02b64f75b7d75fb65164adec386276257b5e7d5969,f5a0412ed913f5aad8bffb33c68c3b0ad7f4923f44f06370f768483b146897f4,prompts/cat_identity.v1.json
170,170,../data_h3/cat_ids/14_短毛黑玳瑁猫.png,Ref_cat_teaser1.mp4,prepared/Ref_cat_teaser1.motion.mp4,prompts/cat_teaser1.v1.en.txt,14,14-black-tortoiseshell-shorthair,短毛黑玳瑁猫,04,04-cat-teaser1,cat_teaser1,左前爪坐姿拨打逗猫棒后注视玩具,0,170_14-black-tortoiseshell-shorthair_04-cat-teaser1_seed-0,4,4.0,24,480,832,15:26,9:16,cat_teaser1.v1+cat_identity.v1,pending_model_validation,be79a96285f8be7e7f3abaa66ce794de70bdf7f608ae765ef29b6826f72ccbb1,90ead0cb85338d88512f89fc4fdaa1599eaae717252a8a228289e47e9f7150f0,prompts/cat_identity.v1.json
171,171,../data_h3/cat_ids/14_短毛黑玳瑁猫.png,Ref_cat_teaser1_mirror.mp4,prepared/Ref_cat_teaser1_mirror.motion.mp4,prompts/cat_teaser1_mirror.v1.en.txt,14,14-black-tortoiseshell-shorthair,短毛黑玳瑁猫,05,05-cat-teaser1-mirror,cat_teaser1_mirror,右前爪坐姿拨打逗猫棒后注视玩具,0,171_14-black-tortoiseshell-shorthair_05-cat-teaser1-mirror_seed-0,4,4.0,24,480,832,15:26,9:16,cat_teaser1_mirror.v1+cat_identity.v1,pending_model_validation,2f69a7ab0bf7b0c28e4564f8766f750c3fa6de541974457ce4a8568934d10f04,af450da4b11a442fbb8dc3b090842b494306a33800841e4f3ac9399fb1a3e695,prompts/cat_identity.v1.json
172,172,../data_h3/cat_ids/14_短毛黑玳瑁猫.png,Ref_cat_teaser2.mp4,prepared/Ref_cat_teaser2.motion.mp4,prompts/cat_teaser2.v1.en.txt,14,14-black-tortoiseshell-shorthair,短毛黑玳瑁猫,06,06-cat-teaser2,cat_teaser2,起身向画面右侧追拍逗猫棒并站定,0,172_14-black-tortoiseshell-shorthair_06-cat-teaser2_seed-0,4,4.0,24,480,832,15:26,9:16,cat_teaser2.v1+cat_identity.v1,pending_model_validation,d58fed31d390cc918f718d2f31dbdcb0a32dfe8d88d66ebc8070a675db9ba3e9,a8c95e9c38443d4d231086357cb356e7c98cb2af1a6bfa216feae39e945cc0ec,prompts/cat_identity.v1.json
173,173,../data_h3/cat_ids/14_短毛黑玳瑁猫.png,Ref_cat_teaser2_mirror.mp4,prepared/Ref_cat_teaser2_mirror.motion.mp4,prompts/cat_teaser2_mirror.v1.en.txt,14,14-black-tortoiseshell-shorthair,短毛黑玳瑁猫,07,07-cat-teaser2-mirror,cat_teaser2_mirror,起身向画面左侧追拍逗猫棒并站定,0,173_14-black-tortoiseshell-shorthair_07-cat-teaser2-mirror_seed-0,4,4.0,24,480,832,15:26,9:16,cat_teaser2_mirror.v1+cat_identity.v1,pending_model_validation,d806772dec73a37b4136a21ff31f0e3a483047b985afd71946a9e1c3cd86a1f1,7d4ae2310b662639649d68fa4f699951317c36f76eb715534248659d1924613d,prompts/cat_identity.v1.json
174,174,../data_h3/cat_ids/14_短毛黑玳瑁猫.png,Ref_cat_teaser3.mp4,prepared/Ref_cat_teaser3.motion.mp4,prompts/cat_teaser3.v1.en.txt,14,14-black-tortoiseshell-shorthair,短毛黑玳瑁猫,08,08-cat-teaser3,cat_teaser3,双前爪抬起抓扑逗猫棒后落地坐定,0,174_14-black-tortoiseshell-shorthair_08-cat-teaser3_seed-0,4,4.0,24,480,832,15:26,9:16,cat_teaser3.v1+cat_identity.v1,pending_model_validation,24bb031974abd575defb1e675d0373bc86924a1736e1639dbaed62e7f0f0c93a,71df79527a94810bcacebc9cb956fa137c891a4ed437386697434b19c5fbb7ce,prompts/cat_identity.v1.json
175,175,../data_h3/cat_ids/14_短毛黑玳瑁猫.png,Ref_drag_yarn_ball_and_catch.mp4,prepared/Ref_drag_yarn_ball_and_catch.motion.mp4,prompts/drag_yarn_ball_and_catch.v1.en.txt,14,14-black-tortoiseshell-shorthair,短毛黑玳瑁猫,09,09-drag-yarn-ball-and-catch,drag_yarn_ball_and_catch,追扑从画面左向右滚动的毛线球并按住,0,175_14-black-tortoiseshell-shorthair_09-drag-yarn-ball-and-catch_seed-0,4,4.0,24,480,832,15:26,9:16,drag_yarn_ball_and_catch.v1+cat_identity.v1,pending_model_validation,1863baa157ec5a9d46e2ba44d92ff1d5c0c12e8ab387542e77146e460847ffd5,5b888bc1cdc661bc3b5760445027966ef8d36a31c447614acbd23d3ca6af442e,prompts/cat_identity.v1.json
176,176,../data_h3/cat_ids/14_短毛黑玳瑁猫.png,Ref_drag_yarn_ball_and_catch_mirror.mp4,prepared/Ref_drag_yarn_ball_and_catch_mirror.motion.mp4,prompts/drag_yarn_ball_and_catch_mirror.v1.en.txt,14,14-black-tortoiseshell-shorthair,短毛黑玳瑁猫,10,10-drag-yarn-ball-and-catch-mirror,drag_yarn_ball_and_catch_mirror,追扑从画面右向左滚动的毛线球并按住,0,176_14-black-tortoiseshell-shorthair_10-drag-yarn-ball-and-catch-mirror_seed-0,4,4.0,24,480,832,15:26,9:16,drag_yarn_ball_and_catch_mirror.v1+cat_identity.v1,pending_model_validation,9366e701ed57679781cd003e39d01337d70921551db4f172fb4c1bcc03ba79af,8b44957f6ebaca7c04c4a0af6bf4fbb65085b8ecf0acaf3433dc727a25b74982,prompts/cat_identity.v1.json
177,177,../data_h3/cat_ids/14_短毛黑玳瑁猫.png,Ref_curl_up_and_lie_down.mp4,prepared/Ref_curl_up_and_lie_down.motion.mp4,prompts/curl_up_and_lie_down.v1.en.txt,14,14-black-tortoiseshell-shorthair,短毛黑玳瑁猫,11,11-curl-up-and-lie-down,curl_up_and_lie_down,低头向画面左侧蜷卧并闭眼休息,0,177_14-black-tortoiseshell-shorthair_11-curl-up-and-lie-down_seed-0,4,4.0,24,480,832,15:26,9:16,curl_up_and_lie_down.v1+cat_identity.v1,pending_model_validation,408a09a9ac04ca0c690c6d357b5999c93abf28e66b144e0fefe0f99ea093b5ef,8414a980252d2baee6444085d2755563b7e0ccb3a138027e7cc6c1233be766eb,prompts/cat_identity.v1.json
178,178,../data_h3/cat_ids/14_短毛黑玳瑁猫.png,Ref_curl_up_and_lie_down_mirror.mp4,prepared/Ref_curl_up_and_lie_down_mirror.motion.mp4,prompts/curl_up_and_lie_down_mirror.v1.en.txt,14,14-black-tortoiseshell-shorthair,短毛黑玳瑁猫,12,12-curl-up-and-lie-down-mirror,curl_up_and_lie_down_mirror,低头向画面右侧蜷卧并闭眼休息,0,178_14-black-tortoiseshell-shorthair_12-curl-up-and-lie-down-mirror_seed-0,4,4.0,24,480,832,15:26,9:16,curl_up_and_lie_down_mirror.v1+cat_identity.v1,pending_model_validation,7dc8842acbc8c02e85d78b8f511daecb45da00001a6eb7949b9df08c8144b923,5dcfd307dd80e4bd86fa73aff45f41f66eced8aba348a07f81f559f008a63527,prompts/cat_identity.v1.json
179,179,../data_h3/cat_ids/14_短毛黑玳瑁猫.png,Ref_walk_forward_to_screen.mp4,prepared/Ref_walk_forward_to_screen.motion.mp4,prompts/walk_forward_to_screen.v1.en.txt,14,14-black-tortoiseshell-shorthair,短毛黑玳瑁猫,13,13-walk-forward-to-screen,walk_forward_to_screen,起身向镜头走近并在近处站定,0,179_14-black-tortoiseshell-shorthair_13-walk-forward-to-screen_seed-0,4,4.041699,24,480,832,15:26,9:16,walk_forward_to_screen.v1+cat_identity.v1,pending_model_validation,501b1c0d9a05b2f94b832e52ae87ffdb7ad288b0b53058045aae1ea2f3154824,b63a08fc2ef943e20b969f5567a1c9334a3d7ca21d68db70b052c4345a83014a,prompts/cat_identity.v1.json
180,180,../data_h3/cat_ids/15_短毛蓝奶油玳瑁猫.png,Ref_drag_ear.mp4,prepared/Ref_drag_ear.motion.mp4,prompts/drag_ear.v1.en.txt,15,15-blue-cream-tortoiseshell-shorthair,短毛蓝奶油玳瑁猫,02,02-pull-left-ear,drag_ear,左前爪轻擦左耳与脸部后恢复坐姿,0,180_15-blue-cream-tortoiseshell-shorthair_02-pull-left-ear_seed-0,4,4.0,24,480,832,15:26,9:16,drag_ear.v1+cat_identity.v1,pending_model_validation,9156045a98827f7ffd87ebe9464ba29f5a61f5fdb8bdb53c97648d3ae0da3bee,241a5d66949edcf078e592e2d02939921c2ff68968a95640d4e5a7e2c4fe75c1,prompts/cat_identity.v1.json
181,181,../data_h3/cat_ids/15_短毛蓝奶油玳瑁猫.png,Ref_drag_ear_mirror.mp4,prepared/Ref_drag_ear_mirror.motion.mp4,prompts/drag_ear_mirror.v1.en.txt,15,15-blue-cream-tortoiseshell-shorthair,短毛蓝奶油玳瑁猫,03,03-drag-ear-mirror,drag_ear_mirror,右前爪轻擦右耳与脸部后恢复坐姿,0,181_15-blue-cream-tortoiseshell-shorthair_03-drag-ear-mirror_seed-0,4,4.0,24,480,832,15:26,9:16,drag_ear_mirror.v1+cat_identity.v1,pending_model_validation,57dc033ff1e735ace3137a06b2a0b767a5a7bebf601b475c4ef3869a6ccc99f4,f5a0412ed913f5aad8bffb33c68c3b0ad7f4923f44f06370f768483b146897f4,prompts/cat_identity.v1.json
182,182,../data_h3/cat_ids/15_短毛蓝奶油玳瑁猫.png,Ref_cat_teaser1.mp4,prepared/Ref_cat_teaser1.motion.mp4,prompts/cat_teaser1.v1.en.txt,15,15-blue-cream-tortoiseshell-shorthair,短毛蓝奶油玳瑁猫,04,04-cat-teaser1,cat_teaser1,左前爪坐姿拨打逗猫棒后注视玩具,0,182_15-blue-cream-tortoiseshell-shorthair_04-cat-teaser1_seed-0,4,4.0,24,480,832,15:26,9:16,cat_teaser1.v1+cat_identity.v1,pending_model_validation,6578ad7918e3f4297364bddd19d1a7a0cdac37d287228586acdfa1afa8471b57,90ead0cb85338d88512f89fc4fdaa1599eaae717252a8a228289e47e9f7150f0,prompts/cat_identity.v1.json
183,183,../data_h3/cat_ids/15_短毛蓝奶油玳瑁猫.png,Ref_cat_teaser1_mirror.mp4,prepared/Ref_cat_teaser1_mirror.motion.mp4,prompts/cat_teaser1_mirror.v1.en.txt,15,15-blue-cream-tortoiseshell-shorthair,短毛蓝奶油玳瑁猫,05,05-cat-teaser1-mirror,cat_teaser1_mirror,右前爪坐姿拨打逗猫棒后注视玩具,0,183_15-blue-cream-tortoiseshell-shorthair_05-cat-teaser1-mirror_seed-0,4,4.0,24,480,832,15:26,9:16,cat_teaser1_mirror.v1+cat_identity.v1,pending_model_validation,3018d995175cc7cb522673894553bbd2c517cd56562f8f88fb6b4586b4856cae,af450da4b11a442fbb8dc3b090842b494306a33800841e4f3ac9399fb1a3e695,prompts/cat_identity.v1.json
184,184,../data_h3/cat_ids/15_短毛蓝奶油玳瑁猫.png,Ref_cat_teaser2.mp4,prepared/Ref_cat_teaser2.motion.mp4,prompts/cat_teaser2.v1.en.txt,15,15-blue-cream-tortoiseshell-shorthair,短毛蓝奶油玳瑁猫,06,06-cat-teaser2,cat_teaser2,起身向画面右侧追拍逗猫棒并站定,0,184_15-blue-cream-tortoiseshell-shorthair_06-cat-teaser2_seed-0,4,4.0,24,480,832,15:26,9:16,cat_teaser2.v1+cat_identity.v1,pending_model_validation,a66be5eae3bb8efaef657c3ba0f3f63ba10c67f99168f88d7c37e47c291fe5ae,a8c95e9c38443d4d231086357cb356e7c98cb2af1a6bfa216feae39e945cc0ec,prompts/cat_identity.v1.json
185,185,../data_h3/cat_ids/15_短毛蓝奶油玳瑁猫.png,Ref_cat_teaser2_mirror.mp4,prepared/Ref_cat_teaser2_mirror.motion.mp4,prompts/cat_teaser2_mirror.v1.en.txt,15,15-blue-cream-tortoiseshell-shorthair,短毛蓝奶油玳瑁猫,07,07-cat-teaser2-mirror,cat_teaser2_mirror,起身向画面左侧追拍逗猫棒并站定,0,185_15-blue-cream-tortoiseshell-shorthair_07-cat-teaser2-mirror_seed-0,4,4.0,24,480,832,15:26,9:16,cat_teaser2_mirror.v1+cat_identity.v1,pending_model_validation,62acb1e52e91098c8c73f7be0c359cc0399921a3c4ab811ab8ae454fea2ebe54,7d4ae2310b662639649d68fa4f699951317c36f76eb715534248659d1924613d,prompts/cat_identity.v1.json
186,186,../data_h3/cat_ids/15_短毛蓝奶油玳瑁猫.png,Ref_cat_teaser3.mp4,prepared/Ref_cat_teaser3.motion.mp4,prompts/cat_teaser3.v1.en.txt,15,15-blue-cream-tortoiseshell-shorthair,短毛蓝奶油玳瑁猫,08,08-cat-teaser3,cat_teaser3,双前爪抬起抓扑逗猫棒后落地坐定,0,186_15-blue-cream-tortoiseshell-shorthair_08-cat-teaser3_seed-0,4,4.0,24,480,832,15:26,9:16,cat_teaser3.v1+cat_identity.v1,pending_model_validation,011484531b7949bc82f4145299bafc27ca8aac1442c7c2efcad2d49abdcb4c9a,71df79527a94810bcacebc9cb956fa137c891a4ed437386697434b19c5fbb7ce,prompts/cat_identity.v1.json
187,187,../data_h3/cat_ids/15_短毛蓝奶油玳瑁猫.png,Ref_drag_yarn_ball_and_catch.mp4,prepared/Ref_drag_yarn_ball_and_catch.motion.mp4,prompts/drag_yarn_ball_and_catch.v1.en.txt,15,15-blue-cream-tortoiseshell-shorthair,短毛蓝奶油玳瑁猫,09,09-drag-yarn-ball-and-catch,drag_yarn_ball_and_catch,追扑从画面左向右滚动的毛线球并按住,0,187_15-blue-cream-tortoiseshell-shorthair_09-drag-yarn-ball-and-catch_seed-0,4,4.0,24,480,832,15:26,9:16,drag_yarn_ball_and_catch.v1+cat_identity.v1,pending_model_validation,08b2d79046099fd445c6869f89aba77bc07cfa55c8c86f09544f6aa0c873c294,5b888bc1cdc661bc3b5760445027966ef8d36a31c447614acbd23d3ca6af442e,prompts/cat_identity.v1.json
188,188,../data_h3/cat_ids/15_短毛蓝奶油玳瑁猫.png,Ref_drag_yarn_ball_and_catch_mirror.mp4,prepared/Ref_drag_yarn_ball_and_catch_mirror.motion.mp4,prompts/drag_yarn_ball_and_catch_mirror.v1.en.txt,15,15-blue-cream-tortoiseshell-shorthair,短毛蓝奶油玳瑁猫,10,10-drag-yarn-ball-and-catch-mirror,drag_yarn_ball_and_catch_mirror,追扑从画面右向左滚动的毛线球并按住,0,188_15-blue-cream-tortoiseshell-shorthair_10-drag-yarn-ball-and-catch-mirror_seed-0,4,4.0,24,480,832,15:26,9:16,drag_yarn_ball_and_catch_mirror.v1+cat_identity.v1,pending_model_validation,5c7403181c0c1260eec393e26dace98fcb195366d665d8c9f0253092693bd635,8b44957f6ebaca7c04c4a0af6bf4fbb65085b8ecf0acaf3433dc727a25b74982,prompts/cat_identity.v1.json
189,189,../data_h3/cat_ids/15_短毛蓝奶油玳瑁猫.png,Ref_curl_up_and_lie_down.mp4,prepared/Ref_curl_up_and_lie_down.motion.mp4,prompts/curl_up_and_lie_down.v1.en.txt,15,15-blue-cream-tortoiseshell-shorthair,短毛蓝奶油玳瑁猫,11,11-curl-up-and-lie-down,curl_up_and_lie_down,低头向画面左侧蜷卧并闭眼休息,0,189_15-blue-cream-tortoiseshell-shorthair_11-curl-up-and-lie-down_seed-0,4,4.0,24,480,832,15:26,9:16,curl_up_and_lie_down.v1+cat_identity.v1,pending_model_validation,42bcabd8b03850584320c5c6ab75b2eac151bfcd25b9e0247c1789937cf728af,8414a980252d2baee6444085d2755563b7e0ccb3a138027e7cc6c1233be766eb,prompts/cat_identity.v1.json
190,190,../data_h3/cat_ids/15_短毛蓝奶油玳瑁猫.png,Ref_curl_up_and_lie_down_mirror.mp4,prepared/Ref_curl_up_and_lie_down_mirror.motion.mp4,prompts/curl_up_and_lie_down_mirror.v1.en.txt,15,15-blue-cream-tortoiseshell-shorthair,短毛蓝奶油玳瑁猫,12,12-curl-up-and-lie-down-mirror,curl_up_and_lie_down_mirror,低头向画面右侧蜷卧并闭眼休息,0,190_15-blue-cream-tortoiseshell-shorthair_12-curl-up-and-lie-down-mirror_seed-0,4,4.0,24,480,832,15:26,9:16,curl_up_and_lie_down_mirror.v1+cat_identity.v1,pending_model_validation,7ee5fcb244789770dc7bfef2a009a95796ed799aa27cd12efc945e52a10378fe,5dcfd307dd80e4bd86fa73aff45f41f66eced8aba348a07f81f559f008a63527,prompts/cat_identity.v1.json
191,191,../data_h3/cat_ids/15_短毛蓝奶油玳瑁猫.png,Ref_walk_forward_to_screen.mp4,prepared/Ref_walk_forward_to_screen.motion.mp4,prompts/walk_forward_to_screen.v1.en.txt,15,15-blue-cream-tortoiseshell-shorthair,短毛蓝奶油玳瑁猫,13,13-walk-forward-to-screen,walk_forward_to_screen,起身向镜头走近并在近处站定,0,191_15-blue-cream-tortoiseshell-shorthair_13-walk-forward-to-screen_seed-0,4,4.041699,24,480,832,15:26,9:16,walk_forward_to_screen.v1+cat_identity.v1,pending_model_validation,1193e65df0dda323354fdd04b4bc56e8d6e15dc79a74801139da60fe1dbcaf95,b63a08fc2ef943e20b969f5567a1c9334a3d7ca21d68db70b052c4345a83014a,prompts/cat_identity.v1.json
192,192,../data_h3/cat_ids/16_阿比西尼亚猫原色.png,Ref_drag_ear.mp4,prepared/Ref_drag_ear.motion.mp4,prompts/drag_ear.v1.en.txt,16,16-abyssinian-ruddy,阿比西尼亚猫原色,02,02-pull-left-ear,drag_ear,左前爪轻擦左耳与脸部后恢复坐姿,0,192_16-abyssinian-ruddy_02-pull-left-ear_seed-0,4,4.0,24,480,832,15:26,9:16,drag_ear.v1+cat_identity.v1,pending_model_validation,8fdcdc68eee4358a81e1d04408e85cb9cdbdc4e0426c2f024842a4af43d7ae2b,241a5d66949edcf078e592e2d02939921c2ff68968a95640d4e5a7e2c4fe75c1,prompts/cat_identity.v1.json
193,193,../data_h3/cat_ids/16_阿比西尼亚猫原色.png,Ref_drag_ear_mirror.mp4,prepared/Ref_drag_ear_mirror.motion.mp4,prompts/drag_ear_mirror.v1.en.txt,16,16-abyssinian-ruddy,阿比西尼亚猫原色,03,03-drag-ear-mirror,drag_ear_mirror,右前爪轻擦右耳与脸部后恢复坐姿,0,193_16-abyssinian-ruddy_03-drag-ear-mirror_seed-0,4,4.0,24,480,832,15:26,9:16,drag_ear_mirror.v1+cat_identity.v1,pending_model_validation,0e581ff93e25dfea6a2131254ba8933391a9b87aabbf98adfb84de8d1d4af66a,f5a0412ed913f5aad8bffb33c68c3b0ad7f4923f44f06370f768483b146897f4,prompts/cat_identity.v1.json
194,194,../data_h3/cat_ids/16_阿比西尼亚猫原色.png,Ref_cat_teaser1.mp4,prepared/Ref_cat_teaser1.motion.mp4,prompts/cat_teaser1.v1.en.txt,16,16-abyssinian-ruddy,阿比西尼亚猫原色,04,04-cat-teaser1,cat_teaser1,左前爪坐姿拨打逗猫棒后注视玩具,0,194_16-abyssinian-ruddy_04-cat-teaser1_seed-0,4,4.0,24,480,832,15:26,9:16,cat_teaser1.v1+cat_identity.v1,pending_model_validation,9f3ab192f392bc32cba2917107b421f67ac30db2060c464e6b0dcd1fb0676a6a,90ead0cb85338d88512f89fc4fdaa1599eaae717252a8a228289e47e9f7150f0,prompts/cat_identity.v1.json
195,195,../data_h3/cat_ids/16_阿比西尼亚猫原色.png,Ref_cat_teaser1_mirror.mp4,prepared/Ref_cat_teaser1_mirror.motion.mp4,prompts/cat_teaser1_mirror.v1.en.txt,16,16-abyssinian-ruddy,阿比西尼亚猫原色,05,05-cat-teaser1-mirror,cat_teaser1_mirror,右前爪坐姿拨打逗猫棒后注视玩具,0,195_16-abyssinian-ruddy_05-cat-teaser1-mirror_seed-0,4,4.0,24,480,832,15:26,9:16,cat_teaser1_mirror.v1+cat_identity.v1,pending_model_validation,e3a5a51597eeb6e6014213eb1056e3e290f8babace905e45b1980c0dfc69e053,af450da4b11a442fbb8dc3b090842b494306a33800841e4f3ac9399fb1a3e695,prompts/cat_identity.v1.json
196,196,../data_h3/cat_ids/16_阿比西尼亚猫原色.png,Ref_cat_teaser2.mp4,prepared/Ref_cat_teaser2.motion.mp4,prompts/cat_teaser2.v1.en.txt,16,16-abyssinian-ruddy,阿比西尼亚猫原色,06,06-cat-teaser2,cat_teaser2,起身向画面右侧追拍逗猫棒并站定,0,196_16-abyssinian-ruddy_06-cat-teaser2_seed-0,4,4.0,24,480,832,15:26,9:16,cat_teaser2.v1+cat_identity.v1,pending_model_validation,179498d24d30f654249dc488f8519b5f0591c6510db2ff50e4491e5f6ac92f91,a8c95e9c38443d4d231086357cb356e7c98cb2af1a6bfa216feae39e945cc0ec,prompts/cat_identity.v1.json
197,197,../data_h3/cat_ids/16_阿比西尼亚猫原色.png,Ref_cat_teaser2_mirror.mp4,prepared/Ref_cat_teaser2_mirror.motion.mp4,prompts/cat_teaser2_mirror.v1.en.txt,16,16-abyssinian-ruddy,阿比西尼亚猫原色,07,07-cat-teaser2-mirror,cat_teaser2_mirror,起身向画面左侧追拍逗猫棒并站定,0,197_16-abyssinian-ruddy_07-cat-teaser2-mirror_seed-0,4,4.0,24,480,832,15:26,9:16,cat_teaser2_mirror.v1+cat_identity.v1,pending_model_validation,3b23d9106382966fcab62b45c5fdeea3c37c9847996c513906986173b2083507,7d4ae2310b662639649d68fa4f699951317c36f76eb715534248659d1924613d,prompts/cat_identity.v1.json
198,198,../data_h3/cat_ids/16_阿比西尼亚猫原色.png,Ref_cat_teaser3.mp4,prepared/Ref_cat_teaser3.motion.mp4,prompts/cat_teaser3.v1.en.txt,16,16-abyssinian-ruddy,阿比西尼亚猫原色,08,08-cat-teaser3,cat_teaser3,双前爪抬起抓扑逗猫棒后落地坐定,0,198_16-abyssinian-ruddy_08-cat-teaser3_seed-0,4,4.0,24,480,832,15:26,9:16,cat_teaser3.v1+cat_identity.v1,pending_model_validation,31ddef67acbbd2ef52067039a624cff1a74e21653534ff61fef6f965efdf3545,71df79527a94810bcacebc9cb956fa137c891a4ed437386697434b19c5fbb7ce,prompts/cat_identity.v1.json
199,199,../data_h3/cat_ids/16_阿比西尼亚猫原色.png,Ref_drag_yarn_ball_and_catch.mp4,prepared/Ref_drag_yarn_ball_and_catch.motion.mp4,prompts/drag_yarn_ball_and_catch.v1.en.txt,16,16-abyssinian-ruddy,阿比西尼亚猫原色,09,09-drag-yarn-ball-and-catch,drag_yarn_ball_and_catch,追扑从画面左向右滚动的毛线球并按住,0,199_16-abyssinian-ruddy_09-drag-yarn-ball-and-catch_seed-0,4,4.0,24,480,832,15:26,9:16,drag_yarn_ball_and_catch.v1+cat_identity.v1,pending_model_validation,4485094cc7746d7427cabcd8ab4a360fe960228ada5d47c1be56dbd4ebf0ce2c,5b888bc1cdc661bc3b5760445027966ef8d36a31c447614acbd23d3ca6af442e,prompts/cat_identity.v1.json
200,200,../data_h3/cat_ids/16_阿比西尼亚猫原色.png,Ref_drag_yarn_ball_and_catch_mirror.mp4,prepared/Ref_drag_yarn_ball_and_catch_mirror.motion.mp4,prompts/drag_yarn_ball_and_catch_mirror.v1.en.txt,16,16-abyssinian-ruddy,阿比西尼亚猫原色,10,10-drag-yarn-ball-and-catch-mirror,drag_yarn_ball_and_catch_mirror,追扑从画面右向左滚动的毛线球并按住,0,200_16-abyssinian-ruddy_10-drag-yarn-ball-and-catch-mirror_seed-0,4,4.0,24,480,832,15:26,9:16,drag_yarn_ball_and_catch_mirror.v1+cat_identity.v1,pending_model_validation,e7bd2256999b6d8f17fec7d41681f56214c04ea90f3f18f8f67add1385778e16,8b44957f6ebaca7c04c4a0af6bf4fbb65085b8ecf0acaf3433dc727a25b74982,prompts/cat_identity.v1.json
201,201,../data_h3/cat_ids/16_阿比西尼亚猫原色.png,Ref_curl_up_and_lie_down.mp4,prepared/Ref_curl_up_and_lie_down.motion.mp4,prompts/curl_up_and_lie_down.v1.en.txt,16,16-abyssinian-ruddy,阿比西尼亚猫原色,11,11-curl-up-and-lie-down,curl_up_and_lie_down,低头向画面左侧蜷卧并闭眼休息,0,201_16-abyssinian-ruddy_11-curl-up-and-lie-down_seed-0,4,4.0,24,480,832,15:26,9:16,curl_up_and_lie_down.v1+cat_identity.v1,pending_model_validation,1b7d463d702e5022a16695610341e63f6b865778dfe23db58e65f9a8e0d28508,8414a980252d2baee6444085d2755563b7e0ccb3a138027e7cc6c1233be766eb,prompts/cat_identity.v1.json
202,202,../data_h3/cat_ids/16_阿比西尼亚猫原色.png,Ref_curl_up_and_lie_down_mirror.mp4,prepared/Ref_curl_up_and_lie_down_mirror.motion.mp4,prompts/curl_up_and_lie_down_mirror.v1.en.txt,16,16-abyssinian-ruddy,阿比西尼亚猫原色,12,12-curl-up-and-lie-down-mirror,curl_up_and_lie_down_mirror,低头向画面右侧蜷卧并闭眼休息,0,202_16-abyssinian-ruddy_12-curl-up-and-lie-down-mirror_seed-0,4,4.0,24,480,832,15:26,9:16,curl_up_and_lie_down_mirror.v1+cat_identity.v1,pending_model_validation,2157af495e22a9f4537ae71d9d45ccdd09d952a6ca2f4ffe9297275ef3f6a57a,5dcfd307dd80e4bd86fa73aff45f41f66eced8aba348a07f81f559f008a63527,prompts/cat_identity.v1.json
203,203,../data_h3/cat_ids/16_阿比西尼亚猫原色.png,Ref_walk_forward_to_screen.mp4,prepared/Ref_walk_forward_to_screen.motion.mp4,prompts/walk_forward_to_screen.v1.en.txt,16,16-abyssinian-ruddy,阿比西尼亚猫原色,13,13-walk-forward-to-screen,walk_forward_to_screen,起身向镜头走近并在近处站定,0,203_16-abyssinian-ruddy_13-walk-forward-to-screen_seed-0,4,4.041699,24,480,832,15:26,9:16,walk_forward_to_screen.v1+cat_identity.v1,pending_model_validation,3f7ae4561b4e758b4dd25bc2649ac04180a423ce2dddf62f631bda4b83970ebd,b63a08fc2ef943e20b969f5567a1c9334a3d7ca21d68db70b052c4345a83014a,prompts/cat_identity.v1.json
204,204,../data_h3/cat_ids/17_索马里猫索雷尔色.png,Ref_drag_ear.mp4,prepared/Ref_drag_ear.motion.mp4,prompts/drag_ear.v1.en.txt,17,17-somali-sorrel,索马里猫索雷尔色,02,02-pull-left-ear,drag_ear,左前爪轻擦左耳与脸部后恢复坐姿,0,204_17-somali-sorrel_02-pull-left-ear_seed-0,4,4.0,24,480,832,15:26,9:16,drag_ear.v1+cat_identity.v1,pending_model_validation,309f8784fe2b31111ead33fdf775bd2b5b9e31eeee18ee09ac9b8602c5757b6f,241a5d66949edcf078e592e2d02939921c2ff68968a95640d4e5a7e2c4fe75c1,prompts/cat_identity.v1.json
205,205,../data_h3/cat_ids/17_索马里猫索雷尔色.png,Ref_drag_ear_mirror.mp4,prepared/Ref_drag_ear_mirror.motion.mp4,prompts/drag_ear_mirror.v1.en.txt,17,17-somali-sorrel,索马里猫索雷尔色,03,03-drag-ear-mirror,drag_ear_mirror,右前爪轻擦右耳与脸部后恢复坐姿,0,205_17-somali-sorrel_03-drag-ear-mirror_seed-0,4,4.0,24,480,832,15:26,9:16,drag_ear_mirror.v1+cat_identity.v1,pending_model_validation,fb4120ea11912d164725c2cd62ab0e15b464fc2f79fb01f949ebf054b8da9412,f5a0412ed913f5aad8bffb33c68c3b0ad7f4923f44f06370f768483b146897f4,prompts/cat_identity.v1.json
206,206,../data_h3/cat_ids/17_索马里猫索雷尔色.png,Ref_cat_teaser1.mp4,prepared/Ref_cat_teaser1.motion.mp4,prompts/cat_teaser1.v1.en.txt,17,17-somali-sorrel,索马里猫索雷尔色,04,04-cat-teaser1,cat_teaser1,左前爪坐姿拨打逗猫棒后注视玩具,0,206_17-somali-sorrel_04-cat-teaser1_seed-0,4,4.0,24,480,832,15:26,9:16,cat_teaser1.v1+cat_identity.v1,pending_model_validation,75637648e03091ee1d969fe8c1ebef507e02b5f2b085a08671f9f6cd056f1c12,90ead0cb85338d88512f89fc4fdaa1599eaae717252a8a228289e47e9f7150f0,prompts/cat_identity.v1.json
207,207,../data_h3/cat_ids/17_索马里猫索雷尔色.png,Ref_cat_teaser1_mirror.mp4,prepared/Ref_cat_teaser1_mirror.motion.mp4,prompts/cat_teaser1_mirror.v1.en.txt,17,17-somali-sorrel,索马里猫索雷尔色,05,05-cat-teaser1-mirror,cat_teaser1_mirror,右前爪坐姿拨打逗猫棒后注视玩具,0,207_17-somali-sorrel_05-cat-teaser1-mirror_seed-0,4,4.0,24,480,832,15:26,9:16,cat_teaser1_mirror.v1+cat_identity.v1,pending_model_validation,c4f26c1028ba5fcd8c69cbaab3e68c28bd314bad7b9e15c022a6eeb6523d493e,af450da4b11a442fbb8dc3b090842b494306a33800841e4f3ac9399fb1a3e695,prompts/cat_identity.v1.json
208,208,../data_h3/cat_ids/17_索马里猫索雷尔色.png,Ref_cat_teaser2.mp4,prepared/Ref_cat_teaser2.motion.mp4,prompts/cat_teaser2.v1.en.txt,17,17-somali-sorrel,索马里猫索雷尔色,06,06-cat-teaser2,cat_teaser2,起身向画面右侧追拍逗猫棒并站定,0,208_17-somali-sorrel_06-cat-teaser2_seed-0,4,4.0,24,480,832,15:26,9:16,cat_teaser2.v1+cat_identity.v1,pending_model_validation,8d9136de001f3542c1d85e35417a90a8deb81031d3cb5abc382f6ded681f0b26,a8c95e9c38443d4d231086357cb356e7c98cb2af1a6bfa216feae39e945cc0ec,prompts/cat_identity.v1.json
209,209,../data_h3/cat_ids/17_索马里猫索雷尔色.png,Ref_cat_teaser2_mirror.mp4,prepared/Ref_cat_teaser2_mirror.motion.mp4,prompts/cat_teaser2_mirror.v1.en.txt,17,17-somali-sorrel,索马里猫索雷尔色,07,07-cat-teaser2-mirror,cat_teaser2_mirror,起身向画面左侧追拍逗猫棒并站定,0,209_17-somali-sorrel_07-cat-teaser2-mirror_seed-0,4,4.0,24,480,832,15:26,9:16,cat_teaser2_mirror.v1+cat_identity.v1,pending_model_validation,f706339e2f471815ed661b30ba11f1611895e12f7cecb87e2b19b968280ecd26,7d4ae2310b662639649d68fa4f699951317c36f76eb715534248659d1924613d,prompts/cat_identity.v1.json
210,210,../data_h3/cat_ids/17_索马里猫索雷尔色.png,Ref_cat_teaser3.mp4,prepared/Ref_cat_teaser3.motion.mp4,prompts/cat_teaser3.v1.en.txt,17,17-somali-sorrel,索马里猫索雷尔色,08,08-cat-teaser3,cat_teaser3,双前爪抬起抓扑逗猫棒后落地坐定,0,210_17-somali-sorrel_08-cat-teaser3_seed-0,4,4.0,24,480,832,15:26,9:16,cat_teaser3.v1+cat_identity.v1,pending_model_validation,55392c262fc41f2ec9ed84c07496fd3a154af5118c35fe93f1e0a1ca512b7255,71df79527a94810bcacebc9cb956fa137c891a4ed437386697434b19c5fbb7ce,prompts/cat_identity.v1.json
211,211,../data_h3/cat_ids/17_索马里猫索雷尔色.png,Ref_drag_yarn_ball_and_catch.mp4,prepared/Ref_drag_yarn_ball_and_catch.motion.mp4,prompts/drag_yarn_ball_and_catch.v1.en.txt,17,17-somali-sorrel,索马里猫索雷尔色,09,09-drag-yarn-ball-and-catch,drag_yarn_ball_and_catch,追扑从画面左向右滚动的毛线球并按住,0,211_17-somali-sorrel_09-drag-yarn-ball-and-catch_seed-0,4,4.0,24,480,832,15:26,9:16,drag_yarn_ball_and_catch.v1+cat_identity.v1,pending_model_validation,3c97bd70e8c29f5c64fac208609f0f5f2549fae07e6e3b56efb76d07f29455d7,5b888bc1cdc661bc3b5760445027966ef8d36a31c447614acbd23d3ca6af442e,prompts/cat_identity.v1.json
212,212,../data_h3/cat_ids/17_索马里猫索雷尔色.png,Ref_drag_yarn_ball_and_catch_mirror.mp4,prepared/Ref_drag_yarn_ball_and_catch_mirror.motion.mp4,prompts/drag_yarn_ball_and_catch_mirror.v1.en.txt,17,17-somali-sorrel,索马里猫索雷尔色,10,10-drag-yarn-ball-and-catch-mirror,drag_yarn_ball_and_catch_mirror,追扑从画面右向左滚动的毛线球并按住,0,212_17-somali-sorrel_10-drag-yarn-ball-and-catch-mirror_seed-0,4,4.0,24,480,832,15:26,9:16,drag_yarn_ball_and_catch_mirror.v1+cat_identity.v1,pending_model_validation,42bcd1453c709d5b0347a14bf5254dac5327625020f1b99a6ee6ba6da4172722,8b44957f6ebaca7c04c4a0af6bf4fbb65085b8ecf0acaf3433dc727a25b74982,prompts/cat_identity.v1.json
213,213,../data_h3/cat_ids/17_索马里猫索雷尔色.png,Ref_curl_up_and_lie_down.mp4,prepared/Ref_curl_up_and_lie_down.motion.mp4,prompts/curl_up_and_lie_down.v1.en.txt,17,17-somali-sorrel,索马里猫索雷尔色,11,11-curl-up-and-lie-down,curl_up_and_lie_down,低头向画面左侧蜷卧并闭眼休息,0,213_17-somali-sorrel_11-curl-up-and-lie-down_seed-0,4,4.0,24,480,832,15:26,9:16,curl_up_and_lie_down.v1+cat_identity.v1,pending_model_validation,6b42caee90335c502155346c494eac745a8d85727def19a65dda2b5380cebfdb,8414a980252d2baee6444085d2755563b7e0ccb3a138027e7cc6c1233be766eb,prompts/cat_identity.v1.json
214,214,../data_h3/cat_ids/17_索马里猫索雷尔色.png,Ref_curl_up_and_lie_down_mirror.mp4,prepared/Ref_curl_up_and_lie_down_mirror.motion.mp4,prompts/curl_up_and_lie_down_mirror.v1.en.txt,17,17-somali-sorrel,索马里猫索雷尔色,12,12-curl-up-and-lie-down-mirror,curl_up_and_lie_down_mirror,低头向画面右侧蜷卧并闭眼休息,0,214_17-somali-sorrel_12-curl-up-and-lie-down-mirror_seed-0,4,4.0,24,480,832,15:26,9:16,curl_up_and_lie_down_mirror.v1+cat_identity.v1,pending_model_validation,beefa980b0777aa9ef183f1280c43731a1fef4f8bff2a4c55d26c08b930d7997,5dcfd307dd80e4bd86fa73aff45f41f66eced8aba348a07f81f559f008a63527,prompts/cat_identity.v1.json
215,215,../data_h3/cat_ids/17_索马里猫索雷尔色.png,Ref_walk_forward_to_screen.mp4,prepared/Ref_walk_forward_to_screen.motion.mp4,prompts/walk_forward_to_screen.v1.en.txt,17,17-somali-sorrel,索马里猫索雷尔色,13,13-walk-forward-to-screen,walk_forward_to_screen,起身向镜头走近并在近处站定,0,215_17-somali-sorrel_13-walk-forward-to-screen_seed-0,4,4.041699,24,480,832,15:26,9:16,walk_forward_to_screen.v1+cat_identity.v1,pending_model_validation,3d599be0d2622ab4bc617e633b1e773d5ba0749da8ebc004cbc444c49d7e2ec9,b63a08fc2ef943e20b969f5567a1c9334a3d7ca21d68db70b052c4345a83014a,prompts/cat_identity.v1.json
216,216,../data_h3/cat_ids/18_孟加拉猫玫瑰斑.png,Ref_drag_ear.mp4,prepared/Ref_drag_ear.motion.mp4,prompts/drag_ear.v1.en.txt,18,18-bengal-rosetted,孟加拉猫玫瑰斑,02,02-pull-left-ear,drag_ear,左前爪轻擦左耳与脸部后恢复坐姿,0,216_18-bengal-rosetted_02-pull-left-ear_seed-0,4,4.0,24,480,832,15:26,9:16,drag_ear.v1+cat_identity.v1,pending_model_validation,a86643c1d31fba9562590965d019dd41e25370657ec84a7ccb92476dba352647,241a5d66949edcf078e592e2d02939921c2ff68968a95640d4e5a7e2c4fe75c1,prompts/cat_identity.v1.json
217,217,../data_h3/cat_ids/18_孟加拉猫玫瑰斑.png,Ref_drag_ear_mirror.mp4,prepared/Ref_drag_ear_mirror.motion.mp4,prompts/drag_ear_mirror.v1.en.txt,18,18-bengal-rosetted,孟加拉猫玫瑰斑,03,03-drag-ear-mirror,drag_ear_mirror,右前爪轻擦右耳与脸部后恢复坐姿,0,217_18-bengal-rosetted_03-drag-ear-mirror_seed-0,4,4.0,24,480,832,15:26,9:16,drag_ear_mirror.v1+cat_identity.v1,pending_model_validation,d42dd2c6aa4747661180b2314e79f7c377edeca7c41af164acb5770d2034b1bf,f5a0412ed913f5aad8bffb33c68c3b0ad7f4923f44f06370f768483b146897f4,prompts/cat_identity.v1.json
218,218,../data_h3/cat_ids/18_孟加拉猫玫瑰斑.png,Ref_cat_teaser1.mp4,prepared/Ref_cat_teaser1.motion.mp4,prompts/cat_teaser1.v1.en.txt,18,18-bengal-rosetted,孟加拉猫玫瑰斑,04,04-cat-teaser1,cat_teaser1,左前爪坐姿拨打逗猫棒后注视玩具,0,218_18-bengal-rosetted_04-cat-teaser1_seed-0,4,4.0,24,480,832,15:26,9:16,cat_teaser1.v1+cat_identity.v1,pending_model_validation,4860101b9803dfbe129947f022a7735fad7fc6dd06c350a896a5e6dcc16ad870,90ead0cb85338d88512f89fc4fdaa1599eaae717252a8a228289e47e9f7150f0,prompts/cat_identity.v1.json
219,219,../data_h3/cat_ids/18_孟加拉猫玫瑰斑.png,Ref_cat_teaser1_mirror.mp4,prepared/Ref_cat_teaser1_mirror.motion.mp4,prompts/cat_teaser1_mirror.v1.en.txt,18,18-bengal-rosetted,孟加拉猫玫瑰斑,05,05-cat-teaser1-mirror,cat_teaser1_mirror,右前爪坐姿拨打逗猫棒后注视玩具,0,219_18-bengal-rosetted_05-cat-teaser1-mirror_seed-0,4,4.0,24,480,832,15:26,9:16,cat_teaser1_mirror.v1+cat_identity.v1,pending_model_validation,2f013c69dfa385185c9f1dc8987538fa82dd70850f99b8eb827aff5372013e68,af450da4b11a442fbb8dc3b090842b494306a33800841e4f3ac9399fb1a3e695,prompts/cat_identity.v1.json
220,220,../data_h3/cat_ids/18_孟加拉猫玫瑰斑.png,Ref_cat_teaser2.mp4,prepared/Ref_cat_teaser2.motion.mp4,prompts/cat_teaser2.v1.en.txt,18,18-bengal-rosetted,孟加拉猫玫瑰斑,06,06-cat-teaser2,cat_teaser2,起身向画面右侧追拍逗猫棒并站定,0,220_18-bengal-rosetted_06-cat-teaser2_seed-0,4,4.0,24,480,832,15:26,9:16,cat_teaser2.v1+cat_identity.v1,pending_model_validation,abce5545241c646e588621b9e5bc259d0036cc49c4969a943286bd663f4b8e5a,a8c95e9c38443d4d231086357cb356e7c98cb2af1a6bfa216feae39e945cc0ec,prompts/cat_identity.v1.json
221,221,../data_h3/cat_ids/18_孟加拉猫玫瑰斑.png,Ref_cat_teaser2_mirror.mp4,prepared/Ref_cat_teaser2_mirror.motion.mp4,prompts/cat_teaser2_mirror.v1.en.txt,18,18-bengal-rosetted,孟加拉猫玫瑰斑,07,07-cat-teaser2-mirror,cat_teaser2_mirror,起身向画面左侧追拍逗猫棒并站定,0,221_18-bengal-rosetted_07-cat-teaser2-mirror_seed-0,4,4.0,24,480,832,15:26,9:16,cat_teaser2_mirror.v1+cat_identity.v1,pending_model_validation,cc8a5083403354393a42f66c34e61af0c1d50870ddcd4de0e8f78adf4fd1031a,7d4ae2310b662639649d68fa4f699951317c36f76eb715534248659d1924613d,prompts/cat_identity.v1.json
222,222,../data_h3/cat_ids/18_孟加拉猫玫瑰斑.png,Ref_cat_teaser3.mp4,prepared/Ref_cat_teaser3.motion.mp4,prompts/cat_teaser3.v1.en.txt,18,18-bengal-rosetted,孟加拉猫玫瑰斑,08,08-cat-teaser3,cat_teaser3,双前爪抬起抓扑逗猫棒后落地坐定,0,222_18-bengal-rosetted_08-cat-teaser3_seed-0,4,4.0,24,480,832,15:26,9:16,cat_teaser3.v1+cat_identity.v1,pending_model_validation,0a231581fdad7ed666982437da24913a0e346efc098ff842a324f8be8fd7c0f6,71df79527a94810bcacebc9cb956fa137c891a4ed437386697434b19c5fbb7ce,prompts/cat_identity.v1.json
223,223,../data_h3/cat_ids/18_孟加拉猫玫瑰斑.png,Ref_drag_yarn_ball_and_catch.mp4,prepared/Ref_drag_yarn_ball_and_catch.motion.mp4,prompts/drag_yarn_ball_and_catch.v1.en.txt,18,18-bengal-rosetted,孟加拉猫玫瑰斑,09,09-drag-yarn-ball-and-catch,drag_yarn_ball_and_catch,追扑从画面左向右滚动的毛线球并按住,0,223_18-bengal-rosetted_09-drag-yarn-ball-and-catch_seed-0,4,4.0,24,480,832,15:26,9:16,drag_yarn_ball_and_catch.v1+cat_identity.v1,pending_model_validation,79c674cc81bac9e6c0c9d11cfc0a0ea82ad1b5008b59aea2b95ac7cb9652b6a4,5b888bc1cdc661bc3b5760445027966ef8d36a31c447614acbd23d3ca6af442e,prompts/cat_identity.v1.json
224,224,../data_h3/cat_ids/18_孟加拉猫玫瑰斑.png,Ref_drag_yarn_ball_and_catch_mirror.mp4,prepared/Ref_drag_yarn_ball_and_catch_mirror.motion.mp4,prompts/drag_yarn_ball_and_catch_mirror.v1.en.txt,18,18-bengal-rosetted,孟加拉猫玫瑰斑,10,10-drag-yarn-ball-and-catch-mirror,drag_yarn_ball_and_catch_mirror,追扑从画面右向左滚动的毛线球并按住,0,224_18-bengal-rosetted_10-drag-yarn-ball-and-catch-mirror_seed-0,4,4.0,24,480,832,15:26,9:16,drag_yarn_ball_and_catch_mirror.v1+cat_identity.v1,pending_model_validation,e7fd4e58bb7c588e16f47725d0f9f1a7bc7942829e8dd2519f81568c4e3684b7,8b44957f6ebaca7c04c4a0af6bf4fbb65085b8ecf0acaf3433dc727a25b74982,prompts/cat_identity.v1.json
225,225,../data_h3/cat_ids/18_孟加拉猫玫瑰斑.png,Ref_curl_up_and_lie_down.mp4,prepared/Ref_curl_up_and_lie_down.motion.mp4,prompts/curl_up_and_lie_down.v1.en.txt,18,18-bengal-rosetted,孟加拉猫玫瑰斑,11,11-curl-up-and-lie-down,curl_up_and_lie_down,低头向画面左侧蜷卧并闭眼休息,0,225_18-bengal-rosetted_11-curl-up-and-lie-down_seed-0,4,4.0,24,480,832,15:26,9:16,curl_up_and_lie_down.v1+cat_identity.v1,pending_model_validation,3ee07a5de57e33e7e702bc397981b4026df688cdf03f6b57e98372c99606c49f,8414a980252d2baee6444085d2755563b7e0ccb3a138027e7cc6c1233be766eb,prompts/cat_identity.v1.json
226,226,../data_h3/cat_ids/18_孟加拉猫玫瑰斑.png,Ref_curl_up_and_lie_down_mirror.mp4,prepared/Ref_curl_up_and_lie_down_mirror.motion.mp4,prompts/curl_up_and_lie_down_mirror.v1.en.txt,18,18-bengal-rosetted,孟加拉猫玫瑰斑,12,12-curl-up-and-lie-down-mirror,curl_up_and_lie_down_mirror,低头向画面右侧蜷卧并闭眼休息,0,226_18-bengal-rosetted_12-curl-up-and-lie-down-mirror_seed-0,4,4.0,24,480,832,15:26,9:16,curl_up_and_lie_down_mirror.v1+cat_identity.v1,pending_model_validation,222e6a508745a1e12c94c89efa7d641ba41a64fc8ed93b4997b7cfca889e58fb,5dcfd307dd80e4bd86fa73aff45f41f66eced8aba348a07f81f559f008a63527,prompts/cat_identity.v1.json
227,227,../data_h3/cat_ids/18_孟加拉猫玫瑰斑.png,Ref_walk_forward_to_screen.mp4,prepared/Ref_walk_forward_to_screen.motion.mp4,prompts/walk_forward_to_screen.v1.en.txt,18,18-bengal-rosetted,孟加拉猫玫瑰斑,13,13-walk-forward-to-screen,walk_forward_to_screen,起身向镜头走近并在近处站定,0,227_18-bengal-rosetted_13-walk-forward-to-screen_seed-0,4,4.041699,24,480,832,15:26,9:16,walk_forward_to_screen.v1+cat_identity.v1,pending_model_validation,cebe4cde45e936771bd6a01f32ab327d923b4a83683af6dde03d94e261cd58bb,b63a08fc2ef943e20b969f5567a1c9334a3d7ca21d68db70b052c4345a83014a,prompts/cat_identity.v1.json
228,228,../data_h3/cat_ids/19_孟加拉猫雪色大理石纹.png,Ref_drag_ear.mp4,prepared/Ref_drag_ear.motion.mp4,prompts/drag_ear.v1.en.txt,19,19-bengal-snow-marbled,孟加拉猫雪色大理石纹,02,02-pull-left-ear,drag_ear,左前爪轻擦左耳与脸部后恢复坐姿,0,228_19-bengal-snow-marbled_02-pull-left-ear_seed-0,4,4.0,24,480,832,15:26,9:16,drag_ear.v1+cat_identity.v1,pending_model_validation,6ed311ad0167b7f8f89c1fe997fc28e434146d386a507e31998f0cac57cffc7a,241a5d66949edcf078e592e2d02939921c2ff68968a95640d4e5a7e2c4fe75c1,prompts/cat_identity.v1.json
229,229,../data_h3/cat_ids/19_孟加拉猫雪色大理石纹.png,Ref_drag_ear_mirror.mp4,prepared/Ref_drag_ear_mirror.motion.mp4,prompts/drag_ear_mirror.v1.en.txt,19,19-bengal-snow-marbled,孟加拉猫雪色大理石纹,03,03-drag-ear-mirror,drag_ear_mirror,右前爪轻擦右耳与脸部后恢复坐姿,0,229_19-bengal-snow-marbled_03-drag-ear-mirror_seed-0,4,4.0,24,480,832,15:26,9:16,drag_ear_mirror.v1+cat_identity.v1,pending_model_validation,3a49d1da034428ff549baaf1cca658013973fafeca1756246116248739872a0a,f5a0412ed913f5aad8bffb33c68c3b0ad7f4923f44f06370f768483b146897f4,prompts/cat_identity.v1.json
230,230,../data_h3/cat_ids/19_孟加拉猫雪色大理石纹.png,Ref_cat_teaser1.mp4,prepared/Ref_cat_teaser1.motion.mp4,prompts/cat_teaser1.v1.en.txt,19,19-bengal-snow-marbled,孟加拉猫雪色大理石纹,04,04-cat-teaser1,cat_teaser1,左前爪坐姿拨打逗猫棒后注视玩具,0,230_19-bengal-snow-marbled_04-cat-teaser1_seed-0,4,4.0,24,480,832,15:26,9:16,cat_teaser1.v1+cat_identity.v1,pending_model_validation,a17dc301a62362e5c62db548f0f5f62841cad90d2809f506d0bfa4912193e46b,90ead0cb85338d88512f89fc4fdaa1599eaae717252a8a228289e47e9f7150f0,prompts/cat_identity.v1.json
231,231,../data_h3/cat_ids/19_孟加拉猫雪色大理石纹.png,Ref_cat_teaser1_mirror.mp4,prepared/Ref_cat_teaser1_mirror.motion.mp4,prompts/cat_teaser1_mirror.v1.en.txt,19,19-bengal-snow-marbled,孟加拉猫雪色大理石纹,05,05-cat-teaser1-mirror,cat_teaser1_mirror,右前爪坐姿拨打逗猫棒后注视玩具,0,231_19-bengal-snow-marbled_05-cat-teaser1-mirror_seed-0,4,4.0,24,480,832,15:26,9:16,cat_teaser1_mirror.v1+cat_identity.v1,pending_model_validation,7eee44ab223667301cd5e078a48214c2d8bf25d2229d6254009375eb4af43a70,af450da4b11a442fbb8dc3b090842b494306a33800841e4f3ac9399fb1a3e695,prompts/cat_identity.v1.json
232,232,../data_h3/cat_ids/19_孟加拉猫雪色大理石纹.png,Ref_cat_teaser2.mp4,prepared/Ref_cat_teaser2.motion.mp4,prompts/cat_teaser2.v1.en.txt,19,19-bengal-snow-marbled,孟加拉猫雪色大理石纹,06,06-cat-teaser2,cat_teaser2,起身向画面右侧追拍逗猫棒并站定,0,232_19-bengal-snow-marbled_06-cat-teaser2_seed-0,4,4.0,24,480,832,15:26,9:16,cat_teaser2.v1+cat_identity.v1,pending_model_validation,78a71d147349251bdc25c1ecd8bfda63d874c083ec17d1f39f2bc6331a81774c,a8c95e9c38443d4d231086357cb356e7c98cb2af1a6bfa216feae39e945cc0ec,prompts/cat_identity.v1.json
233,233,../data_h3/cat_ids/19_孟加拉猫雪色大理石纹.png,Ref_cat_teaser2_mirror.mp4,prepared/Ref_cat_teaser2_mirror.motion.mp4,prompts/cat_teaser2_mirror.v1.en.txt,19,19-bengal-snow-marbled,孟加拉猫雪色大理石纹,07,07-cat-teaser2-mirror,cat_teaser2_mirror,起身向画面左侧追拍逗猫棒并站定,0,233_19-bengal-snow-marbled_07-cat-teaser2-mirror_seed-0,4,4.0,24,480,832,15:26,9:16,cat_teaser2_mirror.v1+cat_identity.v1,pending_model_validation,843fef606e541dcc246c0405c2532aa6423e807f39c65ae180f73ee7194ba351,7d4ae2310b662639649d68fa4f699951317c36f76eb715534248659d1924613d,prompts/cat_identity.v1.json
234,234,../data_h3/cat_ids/19_孟加拉猫雪色大理石纹.png,Ref_cat_teaser3.mp4,prepared/Ref_cat_teaser3.motion.mp4,prompts/cat_teaser3.v1.en.txt,19,19-bengal-snow-marbled,孟加拉猫雪色大理石纹,08,08-cat-teaser3,cat_teaser3,双前爪抬起抓扑逗猫棒后落地坐定,0,234_19-bengal-snow-marbled_08-cat-teaser3_seed-0,4,4.0,24,480,832,15:26,9:16,cat_teaser3.v1+cat_identity.v1,pending_model_validation,89d3f025377be3efdf3d0be45323a02a67ecb0feded7715dc8c7772c5f527611,71df79527a94810bcacebc9cb956fa137c891a4ed437386697434b19c5fbb7ce,prompts/cat_identity.v1.json
235,235,../data_h3/cat_ids/19_孟加拉猫雪色大理石纹.png,Ref_drag_yarn_ball_and_catch.mp4,prepared/Ref_drag_yarn_ball_and_catch.motion.mp4,prompts/drag_yarn_ball_and_catch.v1.en.txt,19,19-bengal-snow-marbled,孟加拉猫雪色大理石纹,09,09-drag-yarn-ball-and-catch,drag_yarn_ball_and_catch,追扑从画面左向右滚动的毛线球并按住,0,235_19-bengal-snow-marbled_09-drag-yarn-ball-and-catch_seed-0,4,4.0,24,480,832,15:26,9:16,drag_yarn_ball_and_catch.v1+cat_identity.v1,pending_model_validation,ffd122aff34547270b4fcb1a37fd3e94acd5c7ec8490196908645b6219eb56f8,5b888bc1cdc661bc3b5760445027966ef8d36a31c447614acbd23d3ca6af442e,prompts/cat_identity.v1.json
236,236,../data_h3/cat_ids/19_孟加拉猫雪色大理石纹.png,Ref_drag_yarn_ball_and_catch_mirror.mp4,prepared/Ref_drag_yarn_ball_and_catch_mirror.motion.mp4,prompts/drag_yarn_ball_and_catch_mirror.v1.en.txt,19,19-bengal-snow-marbled,孟加拉猫雪色大理石纹,10,10-drag-yarn-ball-and-catch-mirror,drag_yarn_ball_and_catch_mirror,追扑从画面右向左滚动的毛线球并按住,0,236_19-bengal-snow-marbled_10-drag-yarn-ball-and-catch-mirror_seed-0,4,4.0,24,480,832,15:26,9:16,drag_yarn_ball_and_catch_mirror.v1+cat_identity.v1,pending_model_validation,4a1cbf99e5c9218385e20e9bf0705c63ea82d5e6996917d8be7eeb59b128ba58,8b44957f6ebaca7c04c4a0af6bf4fbb65085b8ecf0acaf3433dc727a25b74982,prompts/cat_identity.v1.json
237,237,../data_h3/cat_ids/19_孟加拉猫雪色大理石纹.png,Ref_curl_up_and_lie_down.mp4,prepared/Ref_curl_up_and_lie_down.motion.mp4,prompts/curl_up_and_lie_down.v1.en.txt,19,19-bengal-snow-marbled,孟加拉猫雪色大理石纹,11,11-curl-up-and-lie-down,curl_up_and_lie_down,低头向画面左侧蜷卧并闭眼休息,0,237_19-bengal-snow-marbled_11-curl-up-and-lie-down_seed-0,4,4.0,24,480,832,15:26,9:16,curl_up_and_lie_down.v1+cat_identity.v1,pending_model_validation,eefb774942aacc18906fdbee00aac9947dd9fc57669042e5eb49664909050fd9,8414a980252d2baee6444085d2755563b7e0ccb3a138027e7cc6c1233be766eb,prompts/cat_identity.v1.json
238,238,../data_h3/cat_ids/19_孟加拉猫雪色大理石纹.png,Ref_curl_up_and_lie_down_mirror.mp4,prepared/Ref_curl_up_and_lie_down_mirror.motion.mp4,prompts/curl_up_and_lie_down_mirror.v1.en.txt,19,19-bengal-snow-marbled,孟加拉猫雪色大理石纹,12,12-curl-up-and-lie-down-mirror,curl_up_and_lie_down_mirror,低头向画面右侧蜷卧并闭眼休息,0,238_19-bengal-snow-marbled_12-curl-up-and-lie-down-mirror_seed-0,4,4.0,24,480,832,15:26,9:16,curl_up_and_lie_down_mirror.v1+cat_identity.v1,pending_model_validation,fa7457e13f6e08d107acb76249ea4adaf33fb744061d1fb2372500973b3819eb,5dcfd307dd80e4bd86fa73aff45f41f66eced8aba348a07f81f559f008a63527,prompts/cat_identity.v1.json
239,239,../data_h3/cat_ids/19_孟加拉猫雪色大理石纹.png,Ref_walk_forward_to_screen.mp4,prepared/Ref_walk_forward_to_screen.motion.mp4,prompts/walk_forward_to_screen.v1.en.txt,19,19-bengal-snow-marbled,孟加拉猫雪色大理石纹,13,13-walk-forward-to-screen,walk_forward_to_screen,起身向镜头走近并在近处站定,0,239_19-bengal-snow-marbled_13-walk-forward-to-screen_seed-0,4,4.041699,24,480,832,15:26,9:16,walk_forward_to_screen.v1+cat_identity.v1,pending_model_validation,b347fe7c7d81c406741401a200154c340f5539f759417033b668b4a190215cb6,b63a08fc2ef943e20b969f5567a1c9334a3d7ca21d68db70b052c4345a83014a,prompts/cat_identity.v1.json
240,240,../data_h3/cat_ids/20_埃及猫.png,Ref_drag_ear.mp4,prepared/Ref_drag_ear.motion.mp4,prompts/drag_ear.v1.en.txt,20,20-egyptian-mau,埃及猫,02,02-pull-left-ear,drag_ear,左前爪轻擦左耳与脸部后恢复坐姿,0,240_20-egyptian-mau_02-pull-left-ear_seed-0,4,4.0,24,480,832,15:26,9:16,drag_ear.v1+cat_identity.v1,pending_model_validation,e380ae84d0200cd20ea31c2eb1726c0804407cd0c2607d5feee7676bf5cb5800,241a5d66949edcf078e592e2d02939921c2ff68968a95640d4e5a7e2c4fe75c1,prompts/cat_identity.v1.json
241,241,../data_h3/cat_ids/20_埃及猫.png,Ref_drag_ear_mirror.mp4,prepared/Ref_drag_ear_mirror.motion.mp4,prompts/drag_ear_mirror.v1.en.txt,20,20-egyptian-mau,埃及猫,03,03-drag-ear-mirror,drag_ear_mirror,右前爪轻擦右耳与脸部后恢复坐姿,0,241_20-egyptian-mau_03-drag-ear-mirror_seed-0,4,4.0,24,480,832,15:26,9:16,drag_ear_mirror.v1+cat_identity.v1,pending_model_validation,b1742f972343370b723bdd6d1536b217a7f367bdf43126746eb87eeacec5a14a,f5a0412ed913f5aad8bffb33c68c3b0ad7f4923f44f06370f768483b146897f4,prompts/cat_identity.v1.json
242,242,../data_h3/cat_ids/20_埃及猫.png,Ref_cat_teaser1.mp4,prepared/Ref_cat_teaser1.motion.mp4,prompts/cat_teaser1.v1.en.txt,20,20-egyptian-mau,埃及猫,04,04-cat-teaser1,cat_teaser1,左前爪坐姿拨打逗猫棒后注视玩具,0,242_20-egyptian-mau_04-cat-teaser1_seed-0,4,4.0,24,480,832,15:26,9:16,cat_teaser1.v1+cat_identity.v1,pending_model_validation,d1419eb09731cd1850e15f8dd664f52ee964a7d0fa654b0e0d72a5bd3a58742a,90ead0cb85338d88512f89fc4fdaa1599eaae717252a8a228289e47e9f7150f0,prompts/cat_identity.v1.json
243,243,../data_h3/cat_ids/20_埃及猫.png,Ref_cat_teaser1_mirror.mp4,prepared/Ref_cat_teaser1_mirror.motion.mp4,prompts/cat_teaser1_mirror.v1.en.txt,20,20-egyptian-mau,埃及猫,05,05-cat-teaser1-mirror,cat_teaser1_mirror,右前爪坐姿拨打逗猫棒后注视玩具,0,243_20-egyptian-mau_05-cat-teaser1-mirror_seed-0,4,4.0,24,480,832,15:26,9:16,cat_teaser1_mirror.v1+cat_identity.v1,pending_model_validation,b48b4e6e5be0ff8ce6166d909af978750cd7b6d57bfb130c4a350341e54e8288,af450da4b11a442fbb8dc3b090842b494306a33800841e4f3ac9399fb1a3e695,prompts/cat_identity.v1.json
244,244,../data_h3/cat_ids/20_埃及猫.png,Ref_cat_teaser2.mp4,prepared/Ref_cat_teaser2.motion.mp4,prompts/cat_teaser2.v1.en.txt,20,20-egyptian-mau,埃及猫,06,06-cat-teaser2,cat_teaser2,起身向画面右侧追拍逗猫棒并站定,0,244_20-egyptian-mau_06-cat-teaser2_seed-0,4,4.0,24,480,832,15:26,9:16,cat_teaser2.v1+cat_identity.v1,pending_model_validation,1355edde1a37c9f30d7cd36e5665e7627fbeb6cfb160a8c94aa5a481d4b4de7e,a8c95e9c38443d4d231086357cb356e7c98cb2af1a6bfa216feae39e945cc0ec,prompts/cat_identity.v1.json
245,245,../data_h3/cat_ids/20_埃及猫.png,Ref_cat_teaser2_mirror.mp4,prepared/Ref_cat_teaser2_mirror.motion.mp4,prompts/cat_teaser2_mirror.v1.en.txt,20,20-egyptian-mau,埃及猫,07,07-cat-teaser2-mirror,cat_teaser2_mirror,起身向画面左侧追拍逗猫棒并站定,0,245_20-egyptian-mau_07-cat-teaser2-mirror_seed-0,4,4.0,24,480,832,15:26,9:16,cat_teaser2_mirror.v1+cat_identity.v1,pending_model_validation,7b8423a3a9b88f2db7021c598cfaca3ce3ceca9376170f69bf420d1498829c98,7d4ae2310b662639649d68fa4f699951317c36f76eb715534248659d1924613d,prompts/cat_identity.v1.json
246,246,../data_h3/cat_ids/20_埃及猫.png,Ref_cat_teaser3.mp4,prepared/Ref_cat_teaser3.motion.mp4,prompts/cat_teaser3.v1.en.txt,20,20-egyptian-mau,埃及猫,08,08-cat-teaser3,cat_teaser3,双前爪抬起抓扑逗猫棒后落地坐定,0,246_20-egyptian-mau_08-cat-teaser3_seed-0,4,4.0,24,480,832,15:26,9:16,cat_teaser3.v1+cat_identity.v1,pending_model_validation,9085dc487baa2d8472ade2b8aa26679df7530a16320921a206ad0c04e621abbb,71df79527a94810bcacebc9cb956fa137c891a4ed437386697434b19c5fbb7ce,prompts/cat_identity.v1.json
247,247,../data_h3/cat_ids/20_埃及猫.png,Ref_drag_yarn_ball_and_catch.mp4,prepared/Ref_drag_yarn_ball_and_catch.motion.mp4,prompts/drag_yarn_ball_and_catch.v1.en.txt,20,20-egyptian-mau,埃及猫,09,09-drag-yarn-ball-and-catch,drag_yarn_ball_and_catch,追扑从画面左向右滚动的毛线球并按住,0,247_20-egyptian-mau_09-drag-yarn-ball-and-catch_seed-0,4,4.0,24,480,832,15:26,9:16,drag_yarn_ball_and_catch.v1+cat_identity.v1,pending_model_validation,e81217bbc7676882bfb36dc1aa6d0f1f50365e19e165cd5a785a35a7a81d4174,5b888bc1cdc661bc3b5760445027966ef8d36a31c447614acbd23d3ca6af442e,prompts/cat_identity.v1.json
248,248,../data_h3/cat_ids/20_埃及猫.png,Ref_drag_yarn_ball_and_catch_mirror.mp4,prepared/Ref_drag_yarn_ball_and_catch_mirror.motion.mp4,prompts/drag_yarn_ball_and_catch_mirror.v1.en.txt,20,20-egyptian-mau,埃及猫,10,10-drag-yarn-ball-and-catch-mirror,drag_yarn_ball_and_catch_mirror,追扑从画面右向左滚动的毛线球并按住,0,248_20-egyptian-mau_10-drag-yarn-ball-and-catch-mirror_seed-0,4,4.0,24,480,832,15:26,9:16,drag_yarn_ball_and_catch_mirror.v1+cat_identity.v1,pending_model_validation,6353bfaa871739b51701a963d18ac6890d4133bd6bb4a3126425fd9d30d291b1,8b44957f6ebaca7c04c4a0af6bf4fbb65085b8ecf0acaf3433dc727a25b74982,prompts/cat_identity.v1.json
249,249,../data_h3/cat_ids/20_埃及猫.png,Ref_curl_up_and_lie_down.mp4,prepared/Ref_curl_up_and_lie_down.motion.mp4,prompts/curl_up_and_lie_down.v1.en.txt,20,20-egyptian-mau,埃及猫,11,11-curl-up-and-lie-down,curl_up_and_lie_down,低头向画面左侧蜷卧并闭眼休息,0,249_20-egyptian-mau_11-curl-up-and-lie-down_seed-0,4,4.0,24,480,832,15:26,9:16,curl_up_and_lie_down.v1+cat_identity.v1,pending_model_validation,f06a5dabb43ae010b28841ef5def6d68b8fa39c594405505ca4dadacbf3bba4d,8414a980252d2baee6444085d2755563b7e0ccb3a138027e7cc6c1233be766eb,prompts/cat_identity.v1.json
250,250,../data_h3/cat_ids/20_埃及猫.png,Ref_curl_up_and_lie_down_mirror.mp4,prepared/Ref_curl_up_and_lie_down_mirror.motion.mp4,prompts/curl_up_and_lie_down_mirror.v1.en.txt,20,20-egyptian-mau,埃及猫,12,12-curl-up-and-lie-down-mirror,curl_up_and_lie_down_mirror,低头向画面右侧蜷卧并闭眼休息,0,250_20-egyptian-mau_12-curl-up-and-lie-down-mirror_seed-0,4,4.0,24,480,832,15:26,9:16,curl_up_and_lie_down_mirror.v1+cat_identity.v1,pending_model_validation,e875fa2b8f4414a5654afa42299a23919409b4eec76ac746c22bd8bb58057e1a,5dcfd307dd80e4bd86fa73aff45f41f66eced8aba348a07f81f559f008a63527,prompts/cat_identity.v1.json
251,251,../data_h3/cat_ids/20_埃及猫.png,Ref_walk_forward_to_screen.mp4,prepared/Ref_walk_forward_to_screen.motion.mp4,prompts/walk_forward_to_screen.v1.en.txt,20,20-egyptian-mau,埃及猫,13,13-walk-forward-to-screen,walk_forward_to_screen,起身向镜头走近并在近处站定,0,251_20-egyptian-mau_13-walk-forward-to-screen_seed-0,4,4.041699,24,480,832,15:26,9:16,walk_forward_to_screen.v1+cat_identity.v1,pending_model_validation,bc6c3f6ebc39e6a08d673979bd2377bea7d36fc9e930f909e989e4fc6326d452,b63a08fc2ef943e20b969f5567a1c9334a3d7ca21d68db70b052c4345a83014a,prompts/cat_identity.v1.json
252,252,../data_h3/cat_ids/21_奥西猫黄褐色.png,Ref_drag_ear.mp4,prepared/Ref_drag_ear.motion.mp4,prompts/drag_ear.v1.en.txt,21,21-ocicat-tawny,奥西猫黄褐色,02,02-pull-left-ear,drag_ear,左前爪轻擦左耳与脸部后恢复坐姿,0,252_21-ocicat-tawny_02-pull-left-ear_seed-0,4,4.0,24,480,832,15:26,9:16,drag_ear.v1+cat_identity.v1,pending_model_validation,8c97cef5af340a481904dd0ca981ce6ac7ed81813c3fdb2ad5e6be71b3cd7202,241a5d66949edcf078e592e2d02939921c2ff68968a95640d4e5a7e2c4fe75c1,prompts/cat_identity.v1.json
253,253,../data_h3/cat_ids/21_奥西猫黄褐色.png,Ref_drag_ear_mirror.mp4,prepared/Ref_drag_ear_mirror.motion.mp4,prompts/drag_ear_mirror.v1.en.txt,21,21-ocicat-tawny,奥西猫黄褐色,03,03-drag-ear-mirror,drag_ear_mirror,右前爪轻擦右耳与脸部后恢复坐姿,0,253_21-ocicat-tawny_03-drag-ear-mirror_seed-0,4,4.0,24,480,832,15:26,9:16,drag_ear_mirror.v1+cat_identity.v1,pending_model_validation,c4ff0c55341fbe07fb16269633c8c48ceb8426167e13e5880ad0332a8cab3da5,f5a0412ed913f5aad8bffb33c68c3b0ad7f4923f44f06370f768483b146897f4,prompts/cat_identity.v1.json
254,254,../data_h3/cat_ids/21_奥西猫黄褐色.png,Ref_cat_teaser1.mp4,prepared/Ref_cat_teaser1.motion.mp4,prompts/cat_teaser1.v1.en.txt,21,21-ocicat-tawny,奥西猫黄褐色,04,04-cat-teaser1,cat_teaser1,左前爪坐姿拨打逗猫棒后注视玩具,0,254_21-ocicat-tawny_04-cat-teaser1_seed-0,4,4.0,24,480,832,15:26,9:16,cat_teaser1.v1+cat_identity.v1,pending_model_validation,f558b6df1dae43fa87d5839b12fc1671446541ff7b60019059bbb7f9c4d2e8b0,90ead0cb85338d88512f89fc4fdaa1599eaae717252a8a228289e47e9f7150f0,prompts/cat_identity.v1.json
255,255,../data_h3/cat_ids/21_奥西猫黄褐色.png,Ref_cat_teaser1_mirror.mp4,prepared/Ref_cat_teaser1_mirror.motion.mp4,prompts/cat_teaser1_mirror.v1.en.txt,21,21-ocicat-tawny,奥西猫黄褐色,05,05-cat-teaser1-mirror,cat_teaser1_mirror,右前爪坐姿拨打逗猫棒后注视玩具,0,255_21-ocicat-tawny_05-cat-teaser1-mirror_seed-0,4,4.0,24,480,832,15:26,9:16,cat_teaser1_mirror.v1+cat_identity.v1,pending_model_validation,d74fc9d6923ada9473230f4626fbf841b3f5cd14f0c06321091bf4ff2847717b,af450da4b11a442fbb8dc3b090842b494306a33800841e4f3ac9399fb1a3e695,prompts/cat_identity.v1.json
256,256,../data_h3/cat_ids/21_奥西猫黄褐色.png,Ref_cat_teaser2.mp4,prepared/Ref_cat_teaser2.motion.mp4,prompts/cat_teaser2.v1.en.txt,21,21-ocicat-tawny,奥西猫黄褐色,06,06-cat-teaser2,cat_teaser2,起身向画面右侧追拍逗猫棒并站定,0,256_21-ocicat-tawny_06-cat-teaser2_seed-0,4,4.0,24,480,832,15:26,9:16,cat_teaser2.v1+cat_identity.v1,pending_model_validation,b744783423feef32eb546fd52b78ce3d6c4fc85388e52d0601cb1e9542515ed5,a8c95e9c38443d4d231086357cb356e7c98cb2af1a6bfa216feae39e945cc0ec,prompts/cat_identity.v1.json
257,257,../data_h3/cat_ids/21_奥西猫黄褐色.png,Ref_cat_teaser2_mirror.mp4,prepared/Ref_cat_teaser2_mirror.motion.mp4,prompts/cat_teaser2_mirror.v1.en.txt,21,21-ocicat-tawny,奥西猫黄褐色,07,07-cat-teaser2-mirror,cat_teaser2_mirror,起身向画面左侧追拍逗猫棒并站定,0,257_21-ocicat-tawny_07-cat-teaser2-mirror_seed-0,4,4.0,24,480,832,15:26,9:16,cat_teaser2_mirror.v1+cat_identity.v1,pending_model_validation,e8dce5caea6e743333350a44bdb3c664e9fa7824b404775e7bc1ef1b41858201,7d4ae2310b662639649d68fa4f699951317c36f76eb715534248659d1924613d,prompts/cat_identity.v1.json
258,258,../data_h3/cat_ids/21_奥西猫黄褐色.png,Ref_cat_teaser3.mp4,prepared/Ref_cat_teaser3.motion.mp4,prompts/cat_teaser3.v1.en.txt,21,21-ocicat-tawny,奥西猫黄褐色,08,08-cat-teaser3,cat_teaser3,双前爪抬起抓扑逗猫棒后落地坐定,0,258_21-ocicat-tawny_08-cat-teaser3_seed-0,4,4.0,24,480,832,15:26,9:16,cat_teaser3.v1+cat_identity.v1,pending_model_validation,b29a8513e158aa81dc0e45a61d31e180eee9885f239c7dc9d84e231e0a07c163,71df79527a94810bcacebc9cb956fa137c891a4ed437386697434b19c5fbb7ce,prompts/cat_identity.v1.json
259,259,../data_h3/cat_ids/21_奥西猫黄褐色.png,Ref_drag_yarn_ball_and_catch.mp4,prepared/Ref_drag_yarn_ball_and_catch.motion.mp4,prompts/drag_yarn_ball_and_catch.v1.en.txt,21,21-ocicat-tawny,奥西猫黄褐色,09,09-drag-yarn-ball-and-catch,drag_yarn_ball_and_catch,追扑从画面左向右滚动的毛线球并按住,0,259_21-ocicat-tawny_09-drag-yarn-ball-and-catch_seed-0,4,4.0,24,480,832,15:26,9:16,drag_yarn_ball_and_catch.v1+cat_identity.v1,pending_model_validation,3a2336799dc1ff601e4c5eead54d4c02be3296c4fa1b85300625c1b751bb586f,5b888bc1cdc661bc3b5760445027966ef8d36a31c447614acbd23d3ca6af442e,prompts/cat_identity.v1.json
260,260,../data_h3/cat_ids/21_奥西猫黄褐色.png,Ref_drag_yarn_ball_and_catch_mirror.mp4,prepared/Ref_drag_yarn_ball_and_catch_mirror.motion.mp4,prompts/drag_yarn_ball_and_catch_mirror.v1.en.txt,21,21-ocicat-tawny,奥西猫黄褐色,10,10-drag-yarn-ball-and-catch-mirror,drag_yarn_ball_and_catch_mirror,追扑从画面右向左滚动的毛线球并按住,0,260_21-ocicat-tawny_10-drag-yarn-ball-and-catch-mirror_seed-0,4,4.0,24,480,832,15:26,9:16,drag_yarn_ball_and_catch_mirror.v1+cat_identity.v1,pending_model_validation,cf70d5bf7358b42966cbfe6cb216fd699a7c4791cce629bf49c8246e6180ab00,8b44957f6ebaca7c04c4a0af6bf4fbb65085b8ecf0acaf3433dc727a25b74982,prompts/cat_identity.v1.json
261,261,../data_h3/cat_ids/21_奥西猫黄褐色.png,Ref_curl_up_and_lie_down.mp4,prepared/Ref_curl_up_and_lie_down.motion.mp4,prompts/curl_up_and_lie_down.v1.en.txt,21,21-ocicat-tawny,奥西猫黄褐色,11,11-curl-up-and-lie-down,curl_up_and_lie_down,低头向画面左侧蜷卧并闭眼休息,0,261_21-ocicat-tawny_11-curl-up-and-lie-down_seed-0,4,4.0,24,480,832,15:26,9:16,curl_up_and_lie_down.v1+cat_identity.v1,pending_model_validation,ef730b99d6ec778358fe5b5729eb33995864504accce90dd0a4efab05b85041c,8414a980252d2baee6444085d2755563b7e0ccb3a138027e7cc6c1233be766eb,prompts/cat_identity.v1.json
262,262,../data_h3/cat_ids/21_奥西猫黄褐色.png,Ref_curl_up_and_lie_down_mirror.mp4,prepared/Ref_curl_up_and_lie_down_mirror.motion.mp4,prompts/curl_up_and_lie_down_mirror.v1.en.txt,21,21-ocicat-tawny,奥西猫黄褐色,12,12-curl-up-and-lie-down-mirror,curl_up_and_lie_down_mirror,低头向画面右侧蜷卧并闭眼休息,0,262_21-ocicat-tawny_12-curl-up-and-lie-down-mirror_seed-0,4,4.0,24,480,832,15:26,9:16,curl_up_and_lie_down_mirror.v1+cat_identity.v1,pending_model_validation,9b1b263ed32a118faf1c3e9738bcfbd4e6f88fbe3ee8fe31de96a6c9b1f70003,5dcfd307dd80e4bd86fa73aff45f41f66eced8aba348a07f81f559f008a63527,prompts/cat_identity.v1.json
263,263,../data_h3/cat_ids/21_奥西猫黄褐色.png,Ref_walk_forward_to_screen.mp4,prepared/Ref_walk_forward_to_screen.motion.mp4,prompts/walk_forward_to_screen.v1.en.txt,21,21-ocicat-tawny,奥西猫黄褐色,13,13-walk-forward-to-screen,walk_forward_to_screen,起身向镜头走近并在近处站定,0,263_21-ocicat-tawny_13-walk-forward-to-screen_seed-0,4,4.041699,24,480,832,15:26,9:16,walk_forward_to_screen.v1+cat_identity.v1,pending_model_validation,9b47a6e0a8b1d109f8480d0e4f1a15d42bcad82076056a15afdef0af654a5e54,b63a08fc2ef943e20b969f5567a1c9334a3d7ca21d68db70b052c4345a83014a,prompts/cat_identity.v1.json
264,264,../data_h3/cat_ids/22_萨凡纳猫.png,Ref_drag_ear.mp4,prepared/Ref_drag_ear.motion.mp4,prompts/drag_ear.v1.en.txt,22,22-savannah,萨凡纳猫,02,02-pull-left-ear,drag_ear,左前爪轻擦左耳与脸部后恢复坐姿,0,264_22-savannah_02-pull-left-ear_seed-0,4,4.0,24,480,832,15:26,9:16,drag_ear.v1+cat_identity.v1,pending_model_validation,99b6298f7e71c491eac20f01dd38b9227e10442f18e5e857dc4ae82581def0a6,241a5d66949edcf078e592e2d02939921c2ff68968a95640d4e5a7e2c4fe75c1,prompts/cat_identity.v1.json
265,265,../data_h3/cat_ids/22_萨凡纳猫.png,Ref_drag_ear_mirror.mp4,prepared/Ref_drag_ear_mirror.motion.mp4,prompts/drag_ear_mirror.v1.en.txt,22,22-savannah,萨凡纳猫,03,03-drag-ear-mirror,drag_ear_mirror,右前爪轻擦右耳与脸部后恢复坐姿,0,265_22-savannah_03-drag-ear-mirror_seed-0,4,4.0,24,480,832,15:26,9:16,drag_ear_mirror.v1+cat_identity.v1,pending_model_validation,7b7a22cface97c7223ff1887a50d052d9ceb616a80399a17bb308d41a3b20260,f5a0412ed913f5aad8bffb33c68c3b0ad7f4923f44f06370f768483b146897f4,prompts/cat_identity.v1.json
266,266,../data_h3/cat_ids/22_萨凡纳猫.png,Ref_cat_teaser1.mp4,prepared/Ref_cat_teaser1.motion.mp4,prompts/cat_teaser1.v1.en.txt,22,22-savannah,萨凡纳猫,04,04-cat-teaser1,cat_teaser1,左前爪坐姿拨打逗猫棒后注视玩具,0,266_22-savannah_04-cat-teaser1_seed-0,4,4.0,24,480,832,15:26,9:16,cat_teaser1.v1+cat_identity.v1,pending_model_validation,1266f0918969ededcc697328507afb0178e9c7add121ce4f37239ce09699579d,90ead0cb85338d88512f89fc4fdaa1599eaae717252a8a228289e47e9f7150f0,prompts/cat_identity.v1.json
267,267,../data_h3/cat_ids/22_萨凡纳猫.png,Ref_cat_teaser1_mirror.mp4,prepared/Ref_cat_teaser1_mirror.motion.mp4,prompts/cat_teaser1_mirror.v1.en.txt,22,22-savannah,萨凡纳猫,05,05-cat-teaser1-mirror,cat_teaser1_mirror,右前爪坐姿拨打逗猫棒后注视玩具,0,267_22-savannah_05-cat-teaser1-mirror_seed-0,4,4.0,24,480,832,15:26,9:16,cat_teaser1_mirror.v1+cat_identity.v1,pending_model_validation,cbf8a6c68060b71e5ab2d059ec37048e142a270452be97fe08a760a9df2d19ec,af450da4b11a442fbb8dc3b090842b494306a33800841e4f3ac9399fb1a3e695,prompts/cat_identity.v1.json
268,268,../data_h3/cat_ids/22_萨凡纳猫.png,Ref_cat_teaser2.mp4,prepared/Ref_cat_teaser2.motion.mp4,prompts/cat_teaser2.v1.en.txt,22,22-savannah,萨凡纳猫,06,06-cat-teaser2,cat_teaser2,起身向画面右侧追拍逗猫棒并站定,0,268_22-savannah_06-cat-teaser2_seed-0,4,4.0,24,480,832,15:26,9:16,cat_teaser2.v1+cat_identity.v1,pending_model_validation,70393311f0a88485749b5323cfa55178e4c85958e5804816555ca7e54c8f8c41,a8c95e9c38443d4d231086357cb356e7c98cb2af1a6bfa216feae39e945cc0ec,prompts/cat_identity.v1.json
269,269,../data_h3/cat_ids/22_萨凡纳猫.png,Ref_cat_teaser2_mirror.mp4,prepared/Ref_cat_teaser2_mirror.motion.mp4,prompts/cat_teaser2_mirror.v1.en.txt,22,22-savannah,萨凡纳猫,07,07-cat-teaser2-mirror,cat_teaser2_mirror,起身向画面左侧追拍逗猫棒并站定,0,269_22-savannah_07-cat-teaser2-mirror_seed-0,4,4.0,24,480,832,15:26,9:16,cat_teaser2_mirror.v1+cat_identity.v1,pending_model_validation,f461fe30f1cbb5c3b174a970e6912da36137086ba7225e61b4538205ff74dfd8,7d4ae2310b662639649d68fa4f699951317c36f76eb715534248659d1924613d,prompts/cat_identity.v1.json
270,270,../data_h3/cat_ids/22_萨凡纳猫.png,Ref_cat_teaser3.mp4,prepared/Ref_cat_teaser3.motion.mp4,prompts/cat_teaser3.v1.en.txt,22,22-savannah,萨凡纳猫,08,08-cat-teaser3,cat_teaser3,双前爪抬起抓扑逗猫棒后落地坐定,0,270_22-savannah_08-cat-teaser3_seed-0,4,4.0,24,480,832,15:26,9:16,cat_teaser3.v1+cat_identity.v1,pending_model_validation,0599b1aea73e9b08d5bab6861afb424d2832dff4cd36e68bfb4f6d9716dd4106,71df79527a94810bcacebc9cb956fa137c891a4ed437386697434b19c5fbb7ce,prompts/cat_identity.v1.json
271,271,../data_h3/cat_ids/22_萨凡纳猫.png,Ref_drag_yarn_ball_and_catch.mp4,prepared/Ref_drag_yarn_ball_and_catch.motion.mp4,prompts/drag_yarn_ball_and_catch.v1.en.txt,22,22-savannah,萨凡纳猫,09,09-drag-yarn-ball-and-catch,drag_yarn_ball_and_catch,追扑从画面左向右滚动的毛线球并按住,0,271_22-savannah_09-drag-yarn-ball-and-catch_seed-0,4,4.0,24,480,832,15:26,9:16,drag_yarn_ball_and_catch.v1+cat_identity.v1,pending_model_validation,fdff7fa6c3f44e354460d7b88c7a2677b6cce40208ad6f61538113508e7df583,5b888bc1cdc661bc3b5760445027966ef8d36a31c447614acbd23d3ca6af442e,prompts/cat_identity.v1.json
272,272,../data_h3/cat_ids/22_萨凡纳猫.png,Ref_drag_yarn_ball_and_catch_mirror.mp4,prepared/Ref_drag_yarn_ball_and_catch_mirror.motion.mp4,prompts/drag_yarn_ball_and_catch_mirror.v1.en.txt,22,22-savannah,萨凡纳猫,10,10-drag-yarn-ball-and-catch-mirror,drag_yarn_ball_and_catch_mirror,追扑从画面右向左滚动的毛线球并按住,0,272_22-savannah_10-drag-yarn-ball-and-catch-mirror_seed-0,4,4.0,24,480,832,15:26,9:16,drag_yarn_ball_and_catch_mirror.v1+cat_identity.v1,pending_model_validation,d26fefbdc1902f42483de8cf1688a06ffa9ec9c2aafd8f374b091686343747bc,8b44957f6ebaca7c04c4a0af6bf4fbb65085b8ecf0acaf3433dc727a25b74982,prompts/cat_identity.v1.json
273,273,../data_h3/cat_ids/22_萨凡纳猫.png,Ref_curl_up_and_lie_down.mp4,prepared/Ref_curl_up_and_lie_down.motion.mp4,prompts/curl_up_and_lie_down.v1.en.txt,22,22-savannah,萨凡纳猫,11,11-curl-up-and-lie-down,curl_up_and_lie_down,低头向画面左侧蜷卧并闭眼休息,0,273_22-savannah_11-curl-up-and-lie-down_seed-0,4,4.0,24,480,832,15:26,9:16,curl_up_and_lie_down.v1+cat_identity.v1,pending_model_validation,d3c9f2b863245a4a8876de0e4425a04b2874692f34ea24d4f81811a98b4d0718,8414a980252d2baee6444085d2755563b7e0ccb3a138027e7cc6c1233be766eb,prompts/cat_identity.v1.json
274,274,../data_h3/cat_ids/22_萨凡纳猫.png,Ref_curl_up_and_lie_down_mirror.mp4,prepared/Ref_curl_up_and_lie_down_mirror.motion.mp4,prompts/curl_up_and_lie_down_mirror.v1.en.txt,22,22-savannah,萨凡纳猫,12,12-curl-up-and-lie-down-mirror,curl_up_and_lie_down_mirror,低头向画面右侧蜷卧并闭眼休息,0,274_22-savannah_12-curl-up-and-lie-down-mirror_seed-0,4,4.0,24,480,832,15:26,9:16,curl_up_and_lie_down_mirror.v1+cat_identity.v1,pending_model_validation,d2ab233b1adfcff2d0acb85bae033891630e8441f900d9f36269ff2d0226ea87,5dcfd307dd80e4bd86fa73aff45f41f66eced8aba348a07f81f559f008a63527,prompts/cat_identity.v1.json
275,275,../data_h3/cat_ids/22_萨凡纳猫.png,Ref_walk_forward_to_screen.mp4,prepared/Ref_walk_forward_to_screen.motion.mp4,prompts/walk_forward_to_screen.v1.en.txt,22,22-savannah,萨凡纳猫,13,13-walk-forward-to-screen,walk_forward_to_screen,起身向镜头走近并在近处站定,0,275_22-savannah_13-walk-forward-to-screen_seed-0,4,4.041699,24,480,832,15:26,9:16,walk_forward_to_screen.v1+cat_identity.v1,pending_model_validation,77d03057e340945ac6210d628fcc684844069ff98ac2bc1705058beb97bf8ea0,b63a08fc2ef943e20b969f5567a1c9334a3d7ca21d68db70b052c4345a83014a,prompts/cat_identity.v1.json
276,276,../data_h3/cat_ids/23_缅因猫.png,Ref_drag_ear.mp4,prepared/Ref_drag_ear.motion.mp4,prompts/drag_ear.v1.en.txt,23,23-maine-coon,缅因猫,02,02-pull-left-ear,drag_ear,左前爪轻擦左耳与脸部后恢复坐姿,0,276_23-maine-coon_02-pull-left-ear_seed-0,4,4.0,24,480,832,15:26,9:16,drag_ear.v1+cat_identity.v1,pending_model_validation,d2a5ea8096d539757c64f5e9f009b3156bb0863c310e7a345d8cffa03a884d10,241a5d66949edcf078e592e2d02939921c2ff68968a95640d4e5a7e2c4fe75c1,prompts/cat_identity.v1.json
277,277,../data_h3/cat_ids/23_缅因猫.png,Ref_drag_ear_mirror.mp4,prepared/Ref_drag_ear_mirror.motion.mp4,prompts/drag_ear_mirror.v1.en.txt,23,23-maine-coon,缅因猫,03,03-drag-ear-mirror,drag_ear_mirror,右前爪轻擦右耳与脸部后恢复坐姿,0,277_23-maine-coon_03-drag-ear-mirror_seed-0,4,4.0,24,480,832,15:26,9:16,drag_ear_mirror.v1+cat_identity.v1,pending_model_validation,76ed77e68a911f13d3c4194fd77760dd6867cb184ca19f1f67b90975e4004ec0,f5a0412ed913f5aad8bffb33c68c3b0ad7f4923f44f06370f768483b146897f4,prompts/cat_identity.v1.json
278,278,../data_h3/cat_ids/23_缅因猫.png,Ref_cat_teaser1.mp4,prepared/Ref_cat_teaser1.motion.mp4,prompts/cat_teaser1.v1.en.txt,23,23-maine-coon,缅因猫,04,04-cat-teaser1,cat_teaser1,左前爪坐姿拨打逗猫棒后注视玩具,0,278_23-maine-coon_04-cat-teaser1_seed-0,4,4.0,24,480,832,15:26,9:16,cat_teaser1.v1+cat_identity.v1,pending_model_validation,c219736a2d5e9ae37cd0fec0e33279bfa65bd453fab0d4d4142be6235fddefc0,90ead0cb85338d88512f89fc4fdaa1599eaae717252a8a228289e47e9f7150f0,prompts/cat_identity.v1.json
279,279,../data_h3/cat_ids/23_缅因猫.png,Ref_cat_teaser1_mirror.mp4,prepared/Ref_cat_teaser1_mirror.motion.mp4,prompts/cat_teaser1_mirror.v1.en.txt,23,23-maine-coon,缅因猫,05,05-cat-teaser1-mirror,cat_teaser1_mirror,右前爪坐姿拨打逗猫棒后注视玩具,0,279_23-maine-coon_05-cat-teaser1-mirror_seed-0,4,4.0,24,480,832,15:26,9:16,cat_teaser1_mirror.v1+cat_identity.v1,pending_model_validation,c2819e4f94e4c39467bb9d94bd0b509d4f154afe10743b2ffe67a1edc324e696,af450da4b11a442fbb8dc3b090842b494306a33800841e4f3ac9399fb1a3e695,prompts/cat_identity.v1.json
280,280,../data_h3/cat_ids/23_缅因猫.png,Ref_cat_teaser2.mp4,prepared/Ref_cat_teaser2.motion.mp4,prompts/cat_teaser2.v1.en.txt,23,23-maine-coon,缅因猫,06,06-cat-teaser2,cat_teaser2,起身向画面右侧追拍逗猫棒并站定,0,280_23-maine-coon_06-cat-teaser2_seed-0,4,4.0,24,480,832,15:26,9:16,cat_teaser2.v1+cat_identity.v1,pending_model_validation,eac953ff58fab2399fbb272be7203de80cd1af2754ea887dc61619b0de28090c,a8c95e9c38443d4d231086357cb356e7c98cb2af1a6bfa216feae39e945cc0ec,prompts/cat_identity.v1.json
281,281,../data_h3/cat_ids/23_缅因猫.png,Ref_cat_teaser2_mirror.mp4,prepared/Ref_cat_teaser2_mirror.motion.mp4,prompts/cat_teaser2_mirror.v1.en.txt,23,23-maine-coon,缅因猫,07,07-cat-teaser2-mirror,cat_teaser2_mirror,起身向画面左侧追拍逗猫棒并站定,0,281_23-maine-coon_07-cat-teaser2-mirror_seed-0,4,4.0,24,480,832,15:26,9:16,cat_teaser2_mirror.v1+cat_identity.v1,pending_model_validation,da72e8c4dae10b75fb998740bced08df36542aa9d296df53da4b7d7d12e660b4,7d4ae2310b662639649d68fa4f699951317c36f76eb715534248659d1924613d,prompts/cat_identity.v1.json
282,282,../data_h3/cat_ids/23_缅因猫.png,Ref_cat_teaser3.mp4,prepared/Ref_cat_teaser3.motion.mp4,prompts/cat_teaser3.v1.en.txt,23,23-maine-coon,缅因猫,08,08-cat-teaser3,cat_teaser3,双前爪抬起抓扑逗猫棒后落地坐定,0,282_23-maine-coon_08-cat-teaser3_seed-0,4,4.0,24,480,832,15:26,9:16,cat_teaser3.v1+cat_identity.v1,pending_model_validation,6f8a2911124b8bedf22567b9d205df3f2089c27bff5c9780d87884bb6ad94f76,71df79527a94810bcacebc9cb956fa137c891a4ed437386697434b19c5fbb7ce,prompts/cat_identity.v1.json
283,283,../data_h3/cat_ids/23_缅因猫.png,Ref_drag_yarn_ball_and_catch.mp4,prepared/Ref_drag_yarn_ball_and_catch.motion.mp4,prompts/drag_yarn_ball_and_catch.v1.en.txt,23,23-maine-coon,缅因猫,09,09-drag-yarn-ball-and-catch,drag_yarn_ball_and_catch,追扑从画面左向右滚动的毛线球并按住,0,283_23-maine-coon_09-drag-yarn-ball-and-catch_seed-0,4,4.0,24,480,832,15:26,9:16,drag_yarn_ball_and_catch.v1+cat_identity.v1,pending_model_validation,9de5e71f07aebf6b48fac263e89ec414c6b9d8b3234d3ec608b70140a6d6887c,5b888bc1cdc661bc3b5760445027966ef8d36a31c447614acbd23d3ca6af442e,prompts/cat_identity.v1.json
284,284,../data_h3/cat_ids/23_缅因猫.png,Ref_drag_yarn_ball_and_catch_mirror.mp4,prepared/Ref_drag_yarn_ball_and_catch_mirror.motion.mp4,prompts/drag_yarn_ball_and_catch_mirror.v1.en.txt,23,23-maine-coon,缅因猫,10,10-drag-yarn-ball-and-catch-mirror,drag_yarn_ball_and_catch_mirror,追扑从画面右向左滚动的毛线球并按住,0,284_23-maine-coon_10-drag-yarn-ball-and-catch-mirror_seed-0,4,4.0,24,480,832,15:26,9:16,drag_yarn_ball_and_catch_mirror.v1+cat_identity.v1,pending_model_validation,31d55335de341a30d3dac4fe655e5a412f2c6bcae00fb22496a2c628a5f4d885,8b44957f6ebaca7c04c4a0af6bf4fbb65085b8ecf0acaf3433dc727a25b74982,prompts/cat_identity.v1.json
285,285,../data_h3/cat_ids/23_缅因猫.png,Ref_curl_up_and_lie_down.mp4,prepared/Ref_curl_up_and_lie_down.motion.mp4,prompts/curl_up_and_lie_down.v1.en.txt,23,23-maine-coon,缅因猫,11,11-curl-up-and-lie-down,curl_up_and_lie_down,低头向画面左侧蜷卧并闭眼休息,0,285_23-maine-coon_11-curl-up-and-lie-down_seed-0,4,4.0,24,480,832,15:26,9:16,curl_up_and_lie_down.v1+cat_identity.v1,pending_model_validation,0096dd58165216943a380bd3b79f141bbe66c101f128f6eb6b98da3347948a1e,8414a980252d2baee6444085d2755563b7e0ccb3a138027e7cc6c1233be766eb,prompts/cat_identity.v1.json
286,286,../data_h3/cat_ids/23_缅因猫.png,Ref_curl_up_and_lie_down_mirror.mp4,prepared/Ref_curl_up_and_lie_down_mirror.motion.mp4,prompts/curl_up_and_lie_down_mirror.v1.en.txt,23,23-maine-coon,缅因猫,12,12-curl-up-and-lie-down-mirror,curl_up_and_lie_down_mirror,低头向画面右侧蜷卧并闭眼休息,0,286_23-maine-coon_12-curl-up-and-lie-down-mirror_seed-0,4,4.0,24,480,832,15:26,9:16,curl_up_and_lie_down_mirror.v1+cat_identity.v1,pending_model_validation,fbd7452e4f1d42babc5ed103ab9e799f265908a049fc838b8500c2197057a0d8,5dcfd307dd80e4bd86fa73aff45f41f66eced8aba348a07f81f559f008a63527,prompts/cat_identity.v1.json
287,287,../data_h3/cat_ids/23_缅因猫.png,Ref_walk_forward_to_screen.mp4,prepared/Ref_walk_forward_to_screen.motion.mp4,prompts/walk_forward_to_screen.v1.en.txt,23,23-maine-coon,缅因猫,13,13-walk-forward-to-screen,walk_forward_to_screen,起身向镜头走近并在近处站定,0,287_23-maine-coon_13-walk-forward-to-screen_seed-0,4,4.041699,24,480,832,15:26,9:16,walk_forward_to_screen.v1+cat_identity.v1,pending_model_validation,f3375854b8cd28a4383259a456d2ad1ab4071ef75a894f47e1329ba970a2b515,b63a08fc2ef943e20b969f5567a1c9334a3d7ca21d68db70b052c4345a83014a,prompts/cat_identity.v1.json
288,288,../data_h3/cat_ids/24_挪威森林猫琥珀色.png,Ref_drag_ear.mp4,prepared/Ref_drag_ear.motion.mp4,prompts/drag_ear.v1.en.txt,24,24-norwegian-forest-amber,挪威森林猫琥珀色,02,02-pull-left-ear,drag_ear,左前爪轻擦左耳与脸部后恢复坐姿,0,288_24-norwegian-forest-amber_02-pull-left-ear_seed-0,4,4.0,24,480,832,15:26,9:16,drag_ear.v1+cat_identity.v1,pending_model_validation,947293f0bfa695b7da4d0b21659b09bdce16714af30f21f37b5b7cc4ad0ecce0,241a5d66949edcf078e592e2d02939921c2ff68968a95640d4e5a7e2c4fe75c1,prompts/cat_identity.v1.json
289,289,../data_h3/cat_ids/24_挪威森林猫琥珀色.png,Ref_drag_ear_mirror.mp4,prepared/Ref_drag_ear_mirror.motion.mp4,prompts/drag_ear_mirror.v1.en.txt,24,24-norwegian-forest-amber,挪威森林猫琥珀色,03,03-drag-ear-mirror,drag_ear_mirror,右前爪轻擦右耳与脸部后恢复坐姿,0,289_24-norwegian-forest-amber_03-drag-ear-mirror_seed-0,4,4.0,24,480,832,15:26,9:16,drag_ear_mirror.v1+cat_identity.v1,pending_model_validation,5c6bbac14f5e5b9796c76988e169b03dfc635ee340226807b1317281e7cb7146,f5a0412ed913f5aad8bffb33c68c3b0ad7f4923f44f06370f768483b146897f4,prompts/cat_identity.v1.json
290,290,../data_h3/cat_ids/24_挪威森林猫琥珀色.png,Ref_cat_teaser1.mp4,prepared/Ref_cat_teaser1.motion.mp4,prompts/cat_teaser1.v1.en.txt,24,24-norwegian-forest-amber,挪威森林猫琥珀色,04,04-cat-teaser1,cat_teaser1,左前爪坐姿拨打逗猫棒后注视玩具,0,290_24-norwegian-forest-amber_04-cat-teaser1_seed-0,4,4.0,24,480,832,15:26,9:16,cat_teaser1.v1+cat_identity.v1,pending_model_validation,aa2a9145eb783c598b4cb78c11e5d3cd1f7edf8cb24d7200f6ea74d13249c247,90ead0cb85338d88512f89fc4fdaa1599eaae717252a8a228289e47e9f7150f0,prompts/cat_identity.v1.json
291,291,../data_h3/cat_ids/24_挪威森林猫琥珀色.png,Ref_cat_teaser1_mirror.mp4,prepared/Ref_cat_teaser1_mirror.motion.mp4,prompts/cat_teaser1_mirror.v1.en.txt,24,24-norwegian-forest-amber,挪威森林猫琥珀色,05,05-cat-teaser1-mirror,cat_teaser1_mirror,右前爪坐姿拨打逗猫棒后注视玩具,0,291_24-norwegian-forest-amber_05-cat-teaser1-mirror_seed-0,4,4.0,24,480,832,15:26,9:16,cat_teaser1_mirror.v1+cat_identity.v1,pending_model_validation,8547c46adc10a6b2f6643f673477f2c2eccf3e8dc888e66db72aa3c6a0118f97,af450da4b11a442fbb8dc3b090842b494306a33800841e4f3ac9399fb1a3e695,prompts/cat_identity.v1.json
292,292,../data_h3/cat_ids/24_挪威森林猫琥珀色.png,Ref_cat_teaser2.mp4,prepared/Ref_cat_teaser2.motion.mp4,prompts/cat_teaser2.v1.en.txt,24,24-norwegian-forest-amber,挪威森林猫琥珀色,06,06-cat-teaser2,cat_teaser2,起身向画面右侧追拍逗猫棒并站定,0,292_24-norwegian-forest-amber_06-cat-teaser2_seed-0,4,4.0,24,480,832,15:26,9:16,cat_teaser2.v1+cat_identity.v1,pending_model_validation,26f39a7c70e4e642f39763738eacc6d068ebbb8369edb93e1af52921ec0dfd09,a8c95e9c38443d4d231086357cb356e7c98cb2af1a6bfa216feae39e945cc0ec,prompts/cat_identity.v1.json
293,293,../data_h3/cat_ids/24_挪威森林猫琥珀色.png,Ref_cat_teaser2_mirror.mp4,prepared/Ref_cat_teaser2_mirror.motion.mp4,prompts/cat_teaser2_mirror.v1.en.txt,24,24-norwegian-forest-amber,挪威森林猫琥珀色,07,07-cat-teaser2-mirror,cat_teaser2_mirror,起身向画面左侧追拍逗猫棒并站定,0,293_24-norwegian-forest-amber_07-cat-teaser2-mirror_seed-0,4,4.0,24,480,832,15:26,9:16,cat_teaser2_mirror.v1+cat_identity.v1,pending_model_validation,f56765f379744d6fb9b289550b58d548a8cec0f76a58516d7e1acc6c62a8ef71,7d4ae2310b662639649d68fa4f699951317c36f76eb715534248659d1924613d,prompts/cat_identity.v1.json
294,294,../data_h3/cat_ids/24_挪威森林猫琥珀色.png,Ref_cat_teaser3.mp4,prepared/Ref_cat_teaser3.motion.mp4,prompts/cat_teaser3.v1.en.txt,24,24-norwegian-forest-amber,挪威森林猫琥珀色,08,08-cat-teaser3,cat_teaser3,双前爪抬起抓扑逗猫棒后落地坐定,0,294_24-norwegian-forest-amber_08-cat-teaser3_seed-0,4,4.0,24,480,832,15:26,9:16,cat_teaser3.v1+cat_identity.v1,pending_model_validation,1e1f3069ba9f1196461b78fc6197f30e7f193355b8e3139ed635950d4307d404,71df79527a94810bcacebc9cb956fa137c891a4ed437386697434b19c5fbb7ce,prompts/cat_identity.v1.json
295,295,../data_h3/cat_ids/24_挪威森林猫琥珀色.png,Ref_drag_yarn_ball_and_catch.mp4,prepared/Ref_drag_yarn_ball_and_catch.motion.mp4,prompts/drag_yarn_ball_and_catch.v1.en.txt,24,24-norwegian-forest-amber,挪威森林猫琥珀色,09,09-drag-yarn-ball-and-catch,drag_yarn_ball_and_catch,追扑从画面左向右滚动的毛线球并按住,0,295_24-norwegian-forest-amber_09-drag-yarn-ball-and-catch_seed-0,4,4.0,24,480,832,15:26,9:16,drag_yarn_ball_and_catch.v1+cat_identity.v1,pending_model_validation,8d9e1f0fd63f401c51c9ad17996e947cc3fb092eef8cb1a8a4ff885312edd53c,5b888bc1cdc661bc3b5760445027966ef8d36a31c447614acbd23d3ca6af442e,prompts/cat_identity.v1.json
296,296,../data_h3/cat_ids/24_挪威森林猫琥珀色.png,Ref_drag_yarn_ball_and_catch_mirror.mp4,prepared/Ref_drag_yarn_ball_and_catch_mirror.motion.mp4,prompts/drag_yarn_ball_and_catch_mirror.v1.en.txt,24,24-norwegian-forest-amber,挪威森林猫琥珀色,10,10-drag-yarn-ball-and-catch-mirror,drag_yarn_ball_and_catch_mirror,追扑从画面右向左滚动的毛线球并按住,0,296_24-norwegian-forest-amber_10-drag-yarn-ball-and-catch-mirror_seed-0,4,4.0,24,480,832,15:26,9:16,drag_yarn_ball_and_catch_mirror.v1+cat_identity.v1,pending_model_validation,6f709b5132ab9a0f6af469229177a819df2a1ddbf00ec3505211b7d6072daf1f,8b44957f6ebaca7c04c4a0af6bf4fbb65085b8ecf0acaf3433dc727a25b74982,prompts/cat_identity.v1.json
297,297,../data_h3/cat_ids/24_挪威森林猫琥珀色.png,Ref_curl_up_and_lie_down.mp4,prepared/Ref_curl_up_and_lie_down.motion.mp4,prompts/curl_up_and_lie_down.v1.en.txt,24,24-norwegian-forest-amber,挪威森林猫琥珀色,11,11-curl-up-and-lie-down,curl_up_and_lie_down,低头向画面左侧蜷卧并闭眼休息,0,297_24-norwegian-forest-amber_11-curl-up-and-lie-down_seed-0,4,4.0,24,480,832,15:26,9:16,curl_up_and_lie_down.v1+cat_identity.v1,pending_model_validation,f060c0eafbf2679f841d90f4c2a990a1e0568e4055542059421ece3abde956e7,8414a980252d2baee6444085d2755563b7e0ccb3a138027e7cc6c1233be766eb,prompts/cat_identity.v1.json
298,298,../data_h3/cat_ids/24_挪威森林猫琥珀色.png,Ref_curl_up_and_lie_down_mirror.mp4,prepared/Ref_curl_up_and_lie_down_mirror.motion.mp4,prompts/curl_up_and_lie_down_mirror.v1.en.txt,24,24-norwegian-forest-amber,挪威森林猫琥珀色,12,12-curl-up-and-lie-down-mirror,curl_up_and_lie_down_mirror,低头向画面右侧蜷卧并闭眼休息,0,298_24-norwegian-forest-amber_12-curl-up-and-lie-down-mirror_seed-0,4,4.0,24,480,832,15:26,9:16,curl_up_and_lie_down_mirror.v1+cat_identity.v1,pending_model_validation,a48d5742864735efed592c1d0cdf13207e351003fc135e351c95b2cfc7aace3b,5dcfd307dd80e4bd86fa73aff45f41f66eced8aba348a07f81f559f008a63527,prompts/cat_identity.v1.json
299,299,../data_h3/cat_ids/24_挪威森林猫琥珀色.png,Ref_walk_forward_to_screen.mp4,prepared/Ref_walk_forward_to_screen.motion.mp4,prompts/walk_forward_to_screen.v1.en.txt,24,24-norwegian-forest-amber,挪威森林猫琥珀色,13,13-walk-forward-to-screen,walk_forward_to_screen,起身向镜头走近并在近处站定,0,299_24-norwegian-forest-amber_13-walk-forward-to-screen_seed-0,4,4.041699,24,480,832,15:26,9:16,walk_forward_to_screen.v1+cat_identity.v1,pending_model_validation,1e8a026f1579ba89daa0550b06ad3661207aa7cbda07eec53ba0bdba40517627,b63a08fc2ef943e20b969f5567a1c9334a3d7ca21d68db70b052c4345a83014a,prompts/cat_identity.v1.json
300,300,../data_h3/cat_ids/25_西伯利亚猫银色.png,Ref_drag_ear.mp4,prepared/Ref_drag_ear.motion.mp4,prompts/drag_ear.v1.en.txt,25,25-siberian-silver,西伯利亚猫银色,02,02-pull-left-ear,drag_ear,左前爪轻擦左耳与脸部后恢复坐姿,0,300_25-siberian-silver_02-pull-left-ear_seed-0,4,4.0,24,480,832,15:26,9:16,drag_ear.v1+cat_identity.v1,pending_model_validation,ce4cb91ae3356c68c92412b464ce16fe2969edca0af6b32374254ec9bf799d88,241a5d66949edcf078e592e2d02939921c2ff68968a95640d4e5a7e2c4fe75c1,prompts/cat_identity.v1.json
301,301,../data_h3/cat_ids/25_西伯利亚猫银色.png,Ref_drag_ear_mirror.mp4,prepared/Ref_drag_ear_mirror.motion.mp4,prompts/drag_ear_mirror.v1.en.txt,25,25-siberian-silver,西伯利亚猫银色,03,03-drag-ear-mirror,drag_ear_mirror,右前爪轻擦右耳与脸部后恢复坐姿,0,301_25-siberian-silver_03-drag-ear-mirror_seed-0,4,4.0,24,480,832,15:26,9:16,drag_ear_mirror.v1+cat_identity.v1,pending_model_validation,24c30cf958dc3f969d6db2b28e6647495aa155094ad2eb604c58bd311a70c9e3,f5a0412ed913f5aad8bffb33c68c3b0ad7f4923f44f06370f768483b146897f4,prompts/cat_identity.v1.json
302,302,../data_h3/cat_ids/25_西伯利亚猫银色.png,Ref_cat_teaser1.mp4,prepared/Ref_cat_teaser1.motion.mp4,prompts/cat_teaser1.v1.en.txt,25,25-siberian-silver,西伯利亚猫银色,04,04-cat-teaser1,cat_teaser1,左前爪坐姿拨打逗猫棒后注视玩具,0,302_25-siberian-silver_04-cat-teaser1_seed-0,4,4.0,24,480,832,15:26,9:16,cat_teaser1.v1+cat_identity.v1,pending_model_validation,ae919e3cd21657eb96e3c71de8bbc7e95659ed7dc6b024a8f76e47a143064095,90ead0cb85338d88512f89fc4fdaa1599eaae717252a8a228289e47e9f7150f0,prompts/cat_identity.v1.json
303,303,../data_h3/cat_ids/25_西伯利亚猫银色.png,Ref_cat_teaser1_mirror.mp4,prepared/Ref_cat_teaser1_mirror.motion.mp4,prompts/cat_teaser1_mirror.v1.en.txt,25,25-siberian-silver,西伯利亚猫银色,05,05-cat-teaser1-mirror,cat_teaser1_mirror,右前爪坐姿拨打逗猫棒后注视玩具,0,303_25-siberian-silver_05-cat-teaser1-mirror_seed-0,4,4.0,24,480,832,15:26,9:16,cat_teaser1_mirror.v1+cat_identity.v1,pending_model_validation,6dfe61786d0f7d8d13feb0e7cdcd82c779f4987139d4130f431d328d8030af44,af450da4b11a442fbb8dc3b090842b494306a33800841e4f3ac9399fb1a3e695,prompts/cat_identity.v1.json
304,304,../data_h3/cat_ids/25_西伯利亚猫银色.png,Ref_cat_teaser2.mp4,prepared/Ref_cat_teaser2.motion.mp4,prompts/cat_teaser2.v1.en.txt,25,25-siberian-silver,西伯利亚猫银色,06,06-cat-teaser2,cat_teaser2,起身向画面右侧追拍逗猫棒并站定,0,304_25-siberian-silver_06-cat-teaser2_seed-0,4,4.0,24,480,832,15:26,9:16,cat_teaser2.v1+cat_identity.v1,pending_model_validation,b29a949da28bf3e18aa38b5f6b910e6115cb51a813d2496b3ec00a88ace58a9a,a8c95e9c38443d4d231086357cb356e7c98cb2af1a6bfa216feae39e945cc0ec,prompts/cat_identity.v1.json
305,305,../data_h3/cat_ids/25_西伯利亚猫银色.png,Ref_cat_teaser2_mirror.mp4,prepared/Ref_cat_teaser2_mirror.motion.mp4,prompts/cat_teaser2_mirror.v1.en.txt,25,25-siberian-silver,西伯利亚猫银色,07,07-cat-teaser2-mirror,cat_teaser2_mirror,起身向画面左侧追拍逗猫棒并站定,0,305_25-siberian-silver_07-cat-teaser2-mirror_seed-0,4,4.0,24,480,832,15:26,9:16,cat_teaser2_mirror.v1+cat_identity.v1,pending_model_validation,dc00dc6595f5033fbf1ac7b6d25db975bbe7a43f9ee1eed78c60aafd810ee8ad,7d4ae2310b662639649d68fa4f699951317c36f76eb715534248659d1924613d,prompts/cat_identity.v1.json
306,306,../data_h3/cat_ids/25_西伯利亚猫银色.png,Ref_cat_teaser3.mp4,prepared/Ref_cat_teaser3.motion.mp4,prompts/cat_teaser3.v1.en.txt,25,25-siberian-silver,西伯利亚猫银色,08,08-cat-teaser3,cat_teaser3,双前爪抬起抓扑逗猫棒后落地坐定,0,306_25-siberian-silver_08-cat-teaser3_seed-0,4,4.0,24,480,832,15:26,9:16,cat_teaser3.v1+cat_identity.v1,pending_model_validation,8fffa63a30ec306be9d2603424f07246fe5e06a0990e6dc9e8d6b8a1176b0c54,71df79527a94810bcacebc9cb956fa137c891a4ed437386697434b19c5fbb7ce,prompts/cat_identity.v1.json
307,307,../data_h3/cat_ids/25_西伯利亚猫银色.png,Ref_drag_yarn_ball_and_catch.mp4,prepared/Ref_drag_yarn_ball_and_catch.motion.mp4,prompts/drag_yarn_ball_and_catch.v1.en.txt,25,25-siberian-silver,西伯利亚猫银色,09,09-drag-yarn-ball-and-catch,drag_yarn_ball_and_catch,追扑从画面左向右滚动的毛线球并按住,0,307_25-siberian-silver_09-drag-yarn-ball-and-catch_seed-0,4,4.0,24,480,832,15:26,9:16,drag_yarn_ball_and_catch.v1+cat_identity.v1,pending_model_validation,c000f558af24a4069a7c95aee8d36d30aeef8ca53663f3de623d185142b27190,5b888bc1cdc661bc3b5760445027966ef8d36a31c447614acbd23d3ca6af442e,prompts/cat_identity.v1.json
308,308,../data_h3/cat_ids/25_西伯利亚猫银色.png,Ref_drag_yarn_ball_and_catch_mirror.mp4,prepared/Ref_drag_yarn_ball_and_catch_mirror.motion.mp4,prompts/drag_yarn_ball_and_catch_mirror.v1.en.txt,25,25-siberian-silver,西伯利亚猫银色,10,10-drag-yarn-ball-and-catch-mirror,drag_yarn_ball_and_catch_mirror,追扑从画面右向左滚动的毛线球并按住,0,308_25-siberian-silver_10-drag-yarn-ball-and-catch-mirror_seed-0,4,4.0,24,480,832,15:26,9:16,drag_yarn_ball_and_catch_mirror.v1+cat_identity.v1,pending_model_validation,8f06fae5aace7548dbe6676a477f3bf188cb89182f461a158620adb0a739c31a,8b44957f6ebaca7c04c4a0af6bf4fbb65085b8ecf0acaf3433dc727a25b74982,prompts/cat_identity.v1.json
309,309,../data_h3/cat_ids/25_西伯利亚猫银色.png,Ref_curl_up_and_lie_down.mp4,prepared/Ref_curl_up_and_lie_down.motion.mp4,prompts/curl_up_and_lie_down.v1.en.txt,25,25-siberian-silver,西伯利亚猫银色,11,11-curl-up-and-lie-down,curl_up_and_lie_down,低头向画面左侧蜷卧并闭眼休息,0,309_25-siberian-silver_11-curl-up-and-lie-down_seed-0,4,4.0,24,480,832,15:26,9:16,curl_up_and_lie_down.v1+cat_identity.v1,pending_model_validation,d1b20f8a6aeb282785f5f4c44f91d08f0b8fa58531ab1324de5fe5a8cb7a54f2,8414a980252d2baee6444085d2755563b7e0ccb3a138027e7cc6c1233be766eb,prompts/cat_identity.v1.json
310,310,../data_h3/cat_ids/25_西伯利亚猫银色.png,Ref_curl_up_and_lie_down_mirror.mp4,prepared/Ref_curl_up_and_lie_down_mirror.motion.mp4,prompts/curl_up_and_lie_down_mirror.v1.en.txt,25,25-siberian-silver,西伯利亚猫银色,12,12-curl-up-and-lie-down-mirror,curl_up_and_lie_down_mirror,低头向画面右侧蜷卧并闭眼休息,0,310_25-siberian-silver_12-curl-up-and-lie-down-mirror_seed-0,4,4.0,24,480,832,15:26,9:16,curl_up_and_lie_down_mirror.v1+cat_identity.v1,pending_model_validation,94ec95553b00e145371f559eb9518f67ead257a644c3e4057ba1adb45b3219df,5dcfd307dd80e4bd86fa73aff45f41f66eced8aba348a07f81f559f008a63527,prompts/cat_identity.v1.json
311,311,../data_h3/cat_ids/25_西伯利亚猫银色.png,Ref_walk_forward_to_screen.mp4,prepared/Ref_walk_forward_to_screen.motion.mp4,prompts/walk_forward_to_screen.v1.en.txt,25,25-siberian-silver,西伯利亚猫银色,13,13-walk-forward-to-screen,walk_forward_to_screen,起身向镜头走近并在近处站定,0,311_25-siberian-silver_13-walk-forward-to-screen_seed-0,4,4.041699,24,480,832,15:26,9:16,walk_forward_to_screen.v1+cat_identity.v1,pending_model_validation,e65fa4f27b1d9e48ac5dc489ed30d066994db4f4589f9cd8121d36eb86f572d2,b63a08fc2ef943e20b969f5567a1c9334a3d7ca21d68db70b052c4345a83014a,prompts/cat_identity.v1.json
312,312,../data_h3/cat_ids/26_涅瓦假面猫海豹山猫纹.png,Ref_drag_ear.mp4,prepared/Ref_drag_ear.motion.mp4,prompts/drag_ear.v1.en.txt,26,26-neva-masquerade-seal-lynx-point,涅瓦假面猫海豹山猫纹,02,02-pull-left-ear,drag_ear,左前爪轻擦左耳与脸部后恢复坐姿,0,312_26-neva-masquerade-seal-lynx-point_02-pull-left-ear_seed-0,4,4.0,24,480,832,15:26,9:16,drag_ear.v1+cat_identity.v1,pending_model_validation,704c15697b0498673b7f15e0ef95169d7f49a497b221398f43b60caa98ba6a6d,241a5d66949edcf078e592e2d02939921c2ff68968a95640d4e5a7e2c4fe75c1,prompts/cat_identity.v1.json
313,313,../data_h3/cat_ids/26_涅瓦假面猫海豹山猫纹.png,Ref_drag_ear_mirror.mp4,prepared/Ref_drag_ear_mirror.motion.mp4,prompts/drag_ear_mirror.v1.en.txt,26,26-neva-masquerade-seal-lynx-point,涅瓦假面猫海豹山猫纹,03,03-drag-ear-mirror,drag_ear_mirror,右前爪轻擦右耳与脸部后恢复坐姿,0,313_26-neva-masquerade-seal-lynx-point_03-drag-ear-mirror_seed-0,4,4.0,24,480,832,15:26,9:16,drag_ear_mirror.v1+cat_identity.v1,pending_model_validation,1cf5344559dfb6659034c901efe8363b7039edb331d97fc3ce735b2474935354,f5a0412ed913f5aad8bffb33c68c3b0ad7f4923f44f06370f768483b146897f4,prompts/cat_identity.v1.json
314,314,../data_h3/cat_ids/26_涅瓦假面猫海豹山猫纹.png,Ref_cat_teaser1.mp4,prepared/Ref_cat_teaser1.motion.mp4,prompts/cat_teaser1.v1.en.txt,26,26-neva-masquerade-seal-lynx-point,涅瓦假面猫海豹山猫纹,04,04-cat-teaser1,cat_teaser1,左前爪坐姿拨打逗猫棒后注视玩具,0,314_26-neva-masquerade-seal-lynx-point_04-cat-teaser1_seed-0,4,4.0,24,480,832,15:26,9:16,cat_teaser1.v1+cat_identity.v1,pending_model_validation,1f2a3aed52c3188688877cf743b8a005ec23ebede0ae815a58d7bd5f1f6023dc,90ead0cb85338d88512f89fc4fdaa1599eaae717252a8a228289e47e9f7150f0,prompts/cat_identity.v1.json
315,315,../data_h3/cat_ids/26_涅瓦假面猫海豹山猫纹.png,Ref_cat_teaser1_mirror.mp4,prepared/Ref_cat_teaser1_mirror.motion.mp4,prompts/cat_teaser1_mirror.v1.en.txt,26,26-neva-masquerade-seal-lynx-point,涅瓦假面猫海豹山猫纹,05,05-cat-teaser1-mirror,cat_teaser1_mirror,右前爪坐姿拨打逗猫棒后注视玩具,0,315_26-neva-masquerade-seal-lynx-point_05-cat-teaser1-mirror_seed-0,4,4.0,24,480,832,15:26,9:16,cat_teaser1_mirror.v1+cat_identity.v1,pending_model_validation,b8da7801244591cdc4f52e579af1bb1a7203abd9cb289ecc54ad578dfbc1da78,af450da4b11a442fbb8dc3b090842b494306a33800841e4f3ac9399fb1a3e695,prompts/cat_identity.v1.json
316,316,../data_h3/cat_ids/26_涅瓦假面猫海豹山猫纹.png,Ref_cat_teaser2.mp4,prepared/Ref_cat_teaser2.motion.mp4,prompts/cat_teaser2.v1.en.txt,26,26-neva-masquerade-seal-lynx-point,涅瓦假面猫海豹山猫纹,06,06-cat-teaser2,cat_teaser2,起身向画面右侧追拍逗猫棒并站定,0,316_26-neva-masquerade-seal-lynx-point_06-cat-teaser2_seed-0,4,4.0,24,480,832,15:26,9:16,cat_teaser2.v1+cat_identity.v1,pending_model_validation,c449e5badc053cbe4954c1faf984776fd0424944937d8f7caa7885a3ecb70490,a8c95e9c38443d4d231086357cb356e7c98cb2af1a6bfa216feae39e945cc0ec,prompts/cat_identity.v1.json
317,317,../data_h3/cat_ids/26_涅瓦假面猫海豹山猫纹.png,Ref_cat_teaser2_mirror.mp4,prepared/Ref_cat_teaser2_mirror.motion.mp4,prompts/cat_teaser2_mirror.v1.en.txt,26,26-neva-masquerade-seal-lynx-point,涅瓦假面猫海豹山猫纹,07,07-cat-teaser2-mirror,cat_teaser2_mirror,起身向画面左侧追拍逗猫棒并站定,0,317_26-neva-masquerade-seal-lynx-point_07-cat-teaser2-mirror_seed-0,4,4.0,24,480,832,15:26,9:16,cat_teaser2_mirror.v1+cat_identity.v1,pending_model_validation,03dcfab98409f91f139687a932f8167a1c4becbc26cb1bd613718898aadef392,7d4ae2310b662639649d68fa4f699951317c36f76eb715534248659d1924613d,prompts/cat_identity.v1.json
318,318,../data_h3/cat_ids/26_涅瓦假面猫海豹山猫纹.png,Ref_cat_teaser3.mp4,prepared/Ref_cat_teaser3.motion.mp4,prompts/cat_teaser3.v1.en.txt,26,26-neva-masquerade-seal-lynx-point,涅瓦假面猫海豹山猫纹,08,08-cat-teaser3,cat_teaser3,双前爪抬起抓扑逗猫棒后落地坐定,0,318_26-neva-masquerade-seal-lynx-point_08-cat-teaser3_seed-0,4,4.0,24,480,832,15:26,9:16,cat_teaser3.v1+cat_identity.v1,pending_model_validation,f833862588bc2cd847ee6efb896954c5a46a8935a27055beb8961c4e101cd1ff,71df79527a94810bcacebc9cb956fa137c891a4ed437386697434b19c5fbb7ce,prompts/cat_identity.v1.json
319,319,../data_h3/cat_ids/26_涅瓦假面猫海豹山猫纹.png,Ref_drag_yarn_ball_and_catch.mp4,prepared/Ref_drag_yarn_ball_and_catch.motion.mp4,prompts/drag_yarn_ball_and_catch.v1.en.txt,26,26-neva-masquerade-seal-lynx-point,涅瓦假面猫海豹山猫纹,09,09-drag-yarn-ball-and-catch,drag_yarn_ball_and_catch,追扑从画面左向右滚动的毛线球并按住,0,319_26-neva-masquerade-seal-lynx-point_09-drag-yarn-ball-and-catch_seed-0,4,4.0,24,480,832,15:26,9:16,drag_yarn_ball_and_catch.v1+cat_identity.v1,pending_model_validation,9cf3413836fb1e63c8acffda7749b92786bcbbb8721c90e2447fc2cbbb72e578,5b888bc1cdc661bc3b5760445027966ef8d36a31c447614acbd23d3ca6af442e,prompts/cat_identity.v1.json
320,320,../data_h3/cat_ids/26_涅瓦假面猫海豹山猫纹.png,Ref_drag_yarn_ball_and_catch_mirror.mp4,prepared/Ref_drag_yarn_ball_and_catch_mirror.motion.mp4,prompts/drag_yarn_ball_and_catch_mirror.v1.en.txt,26,26-neva-masquerade-seal-lynx-point,涅瓦假面猫海豹山猫纹,10,10-drag-yarn-ball-and-catch-mirror,drag_yarn_ball_and_catch_mirror,追扑从画面右向左滚动的毛线球并按住,0,320_26-neva-masquerade-seal-lynx-point_10-drag-yarn-ball-and-catch-mirror_seed-0,4,4.0,24,480,832,15:26,9:16,drag_yarn_ball_and_catch_mirror.v1+cat_identity.v1,pending_model_validation,47d5637a1b119fcd215de578f92eaefa25af11aedb31d04debb60c85a934bea8,8b44957f6ebaca7c04c4a0af6bf4fbb65085b8ecf0acaf3433dc727a25b74982,prompts/cat_identity.v1.json
321,321,../data_h3/cat_ids/26_涅瓦假面猫海豹山猫纹.png,Ref_curl_up_and_lie_down.mp4,prepared/Ref_curl_up_and_lie_down.motion.mp4,prompts/curl_up_and_lie_down.v1.en.txt,26,26-neva-masquerade-seal-lynx-point,涅瓦假面猫海豹山猫纹,11,11-curl-up-and-lie-down,curl_up_and_lie_down,低头向画面左侧蜷卧并闭眼休息,0,321_26-neva-masquerade-seal-lynx-point_11-curl-up-and-lie-down_seed-0,4,4.0,24,480,832,15:26,9:16,curl_up_and_lie_down.v1+cat_identity.v1,pending_model_validation,2e6a6a1370437a6dec2dd83128d9276f3dee13c0fa52165c2dbdf25576e73195,8414a980252d2baee6444085d2755563b7e0ccb3a138027e7cc6c1233be766eb,prompts/cat_identity.v1.json
322,322,../data_h3/cat_ids/26_涅瓦假面猫海豹山猫纹.png,Ref_curl_up_and_lie_down_mirror.mp4,prepared/Ref_curl_up_and_lie_down_mirror.motion.mp4,prompts/curl_up_and_lie_down_mirror.v1.en.txt,26,26-neva-masquerade-seal-lynx-point,涅瓦假面猫海豹山猫纹,12,12-curl-up-and-lie-down-mirror,curl_up_and_lie_down_mirror,低头向画面右侧蜷卧并闭眼休息,0,322_26-neva-masquerade-seal-lynx-point_12-curl-up-and-lie-down-mirror_seed-0,4,4.0,24,480,832,15:26,9:16,curl_up_and_lie_down_mirror.v1+cat_identity.v1,pending_model_validation,27ece7c05325a508f1c5184a4fafef6e93239762623a54900479c84066f51b1f,5dcfd307dd80e4bd86fa73aff45f41f66eced8aba348a07f81f559f008a63527,prompts/cat_identity.v1.json
323,323,../data_h3/cat_ids/26_涅瓦假面猫海豹山猫纹.png,Ref_walk_forward_to_screen.mp4,prepared/Ref_walk_forward_to_screen.motion.mp4,prompts/walk_forward_to_screen.v1.en.txt,26,26-neva-masquerade-seal-lynx-point,涅瓦假面猫海豹山猫纹,13,13-walk-forward-to-screen,walk_forward_to_screen,起身向镜头走近并在近处站定,0,323_26-neva-masquerade-seal-lynx-point_13-walk-forward-to-screen_seed-0,4,4.041699,24,480,832,15:26,9:16,walk_forward_to_screen.v1+cat_identity.v1,pending_model_validation,5f413ec8910b076491ee9a39646da55e12c2e0c505337caecac242b008e440f9,b63a08fc2ef943e20b969f5567a1c9334a3d7ca21d68db70b052c4345a83014a,prompts/cat_identity.v1.json
324,324,../data_h3/cat_ids/27_布偶猫蓝双色.png,Ref_drag_ear.mp4,prepared/Ref_drag_ear.motion.mp4,prompts/drag_ear.v1.en.txt,27,27-ragdoll-blue-bicolor,布偶猫蓝双色,02,02-pull-left-ear,drag_ear,左前爪轻擦左耳与脸部后恢复坐姿,0,324_27-ragdoll-blue-bicolor_02-pull-left-ear_seed-0,4,4.0,24,480,832,15:26,9:16,drag_ear.v1+cat_identity.v1,pending_model_validation,9ab5b7e139895732e7613119e4fc3780517f0147acade923a65ac958a8dd88e5,241a5d66949edcf078e592e2d02939921c2ff68968a95640d4e5a7e2c4fe75c1,prompts/cat_identity.v1.json
325,325,../data_h3/cat_ids/27_布偶猫蓝双色.png,Ref_drag_ear_mirror.mp4,prepared/Ref_drag_ear_mirror.motion.mp4,prompts/drag_ear_mirror.v1.en.txt,27,27-ragdoll-blue-bicolor,布偶猫蓝双色,03,03-drag-ear-mirror,drag_ear_mirror,右前爪轻擦右耳与脸部后恢复坐姿,0,325_27-ragdoll-blue-bicolor_03-drag-ear-mirror_seed-0,4,4.0,24,480,832,15:26,9:16,drag_ear_mirror.v1+cat_identity.v1,pending_model_validation,b004f53bae17f01a4d37b10b19b55eb0efed9fd79fe2ceda282e334c294ec5f4,f5a0412ed913f5aad8bffb33c68c3b0ad7f4923f44f06370f768483b146897f4,prompts/cat_identity.v1.json
326,326,../data_h3/cat_ids/27_布偶猫蓝双色.png,Ref_cat_teaser1.mp4,prepared/Ref_cat_teaser1.motion.mp4,prompts/cat_teaser1.v1.en.txt,27,27-ragdoll-blue-bicolor,布偶猫蓝双色,04,04-cat-teaser1,cat_teaser1,左前爪坐姿拨打逗猫棒后注视玩具,0,326_27-ragdoll-blue-bicolor_04-cat-teaser1_seed-0,4,4.0,24,480,832,15:26,9:16,cat_teaser1.v1+cat_identity.v1,pending_model_validation,736085406f50328e4ef4afbb87c8c897dc81b66a92f64301ef4387c23a8b25fe,90ead0cb85338d88512f89fc4fdaa1599eaae717252a8a228289e47e9f7150f0,prompts/cat_identity.v1.json
327,327,../data_h3/cat_ids/27_布偶猫蓝双色.png,Ref_cat_teaser1_mirror.mp4,prepared/Ref_cat_teaser1_mirror.motion.mp4,prompts/cat_teaser1_mirror.v1.en.txt,27,27-ragdoll-blue-bicolor,布偶猫蓝双色,05,05-cat-teaser1-mirror,cat_teaser1_mirror,右前爪坐姿拨打逗猫棒后注视玩具,0,327_27-ragdoll-blue-bicolor_05-cat-teaser1-mirror_seed-0,4,4.0,24,480,832,15:26,9:16,cat_teaser1_mirror.v1+cat_identity.v1,pending_model_validation,c21f81759dda9b10c8ab6af54d9efc2654853ffa2b5138687379297ad0862607,af450da4b11a442fbb8dc3b090842b494306a33800841e4f3ac9399fb1a3e695,prompts/cat_identity.v1.json
328,328,../data_h3/cat_ids/27_布偶猫蓝双色.png,Ref_cat_teaser2.mp4,prepared/Ref_cat_teaser2.motion.mp4,prompts/cat_teaser2.v1.en.txt,27,27-ragdoll-blue-bicolor,布偶猫蓝双色,06,06-cat-teaser2,cat_teaser2,起身向画面右侧追拍逗猫棒并站定,0,328_27-ragdoll-blue-bicolor_06-cat-teaser2_seed-0,4,4.0,24,480,832,15:26,9:16,cat_teaser2.v1+cat_identity.v1,pending_model_validation,817ce5d90f7423e3dd041d32a6abaa70eaaadcdec43211b4c53e0ed03fd1cd15,a8c95e9c38443d4d231086357cb356e7c98cb2af1a6bfa216feae39e945cc0ec,prompts/cat_identity.v1.json
329,329,../data_h3/cat_ids/27_布偶猫蓝双色.png,Ref_cat_teaser2_mirror.mp4,prepared/Ref_cat_teaser2_mirror.motion.mp4,prompts/cat_teaser2_mirror.v1.en.txt,27,27-ragdoll-blue-bicolor,布偶猫蓝双色,07,07-cat-teaser2-mirror,cat_teaser2_mirror,起身向画面左侧追拍逗猫棒并站定,0,329_27-ragdoll-blue-bicolor_07-cat-teaser2-mirror_seed-0,4,4.0,24,480,832,15:26,9:16,cat_teaser2_mirror.v1+cat_identity.v1,pending_model_validation,06d1df83bd914a6800122d4f019d83e4f19b64915351865701fde1c4f1001783,7d4ae2310b662639649d68fa4f699951317c36f76eb715534248659d1924613d,prompts/cat_identity.v1.json
330,330,../data_h3/cat_ids/27_布偶猫蓝双色.png,Ref_cat_teaser3.mp4,prepared/Ref_cat_teaser3.motion.mp4,prompts/cat_teaser3.v1.en.txt,27,27-ragdoll-blue-bicolor,布偶猫蓝双色,08,08-cat-teaser3,cat_teaser3,双前爪抬起抓扑逗猫棒后落地坐定,0,330_27-ragdoll-blue-bicolor_08-cat-teaser3_seed-0,4,4.0,24,480,832,15:26,9:16,cat_teaser3.v1+cat_identity.v1,pending_model_validation,692576c69d3693dc50ff6dfbfe1af5b851299413764020e00af4928cb1f3d175,71df79527a94810bcacebc9cb956fa137c891a4ed437386697434b19c5fbb7ce,prompts/cat_identity.v1.json
331,331,../data_h3/cat_ids/27_布偶猫蓝双色.png,Ref_drag_yarn_ball_and_catch.mp4,prepared/Ref_drag_yarn_ball_and_catch.motion.mp4,prompts/drag_yarn_ball_and_catch.v1.en.txt,27,27-ragdoll-blue-bicolor,布偶猫蓝双色,09,09-drag-yarn-ball-and-catch,drag_yarn_ball_and_catch,追扑从画面左向右滚动的毛线球并按住,0,331_27-ragdoll-blue-bicolor_09-drag-yarn-ball-and-catch_seed-0,4,4.0,24,480,832,15:26,9:16,drag_yarn_ball_and_catch.v1+cat_identity.v1,pending_model_validation,14bb6608e62b35e952b0d24e4630385c4e807aa344e3f22a5d1cf6d8f40b011f,5b888bc1cdc661bc3b5760445027966ef8d36a31c447614acbd23d3ca6af442e,prompts/cat_identity.v1.json
332,332,../data_h3/cat_ids/27_布偶猫蓝双色.png,Ref_drag_yarn_ball_and_catch_mirror.mp4,prepared/Ref_drag_yarn_ball_and_catch_mirror.motion.mp4,prompts/drag_yarn_ball_and_catch_mirror.v1.en.txt,27,27-ragdoll-blue-bicolor,布偶猫蓝双色,10,10-drag-yarn-ball-and-catch-mirror,drag_yarn_ball_and_catch_mirror,追扑从画面右向左滚动的毛线球并按住,0,332_27-ragdoll-blue-bicolor_10-drag-yarn-ball-and-catch-mirror_seed-0,4,4.0,24,480,832,15:26,9:16,drag_yarn_ball_and_catch_mirror.v1+cat_identity.v1,pending_model_validation,d748df280c3c417ea19547750fef973ea73ea0797dc1da561aae67d72087b407,8b44957f6ebaca7c04c4a0af6bf4fbb65085b8ecf0acaf3433dc727a25b74982,prompts/cat_identity.v1.json
333,333,../data_h3/cat_ids/27_布偶猫蓝双色.png,Ref_curl_up_and_lie_down.mp4,prepared/Ref_curl_up_and_lie_down.motion.mp4,prompts/curl_up_and_lie_down.v1.en.txt,27,27-ragdoll-blue-bicolor,布偶猫蓝双色,11,11-curl-up-and-lie-down,curl_up_and_lie_down,低头向画面左侧蜷卧并闭眼休息,0,333_27-ragdoll-blue-bicolor_11-curl-up-and-lie-down_seed-0,4,4.0,24,480,832,15:26,9:16,curl_up_and_lie_down.v1+cat_identity.v1,pending_model_validation,cb333b09c56b49bb81494c297ff7fda50f43d7c080f1d565cd7aa99ed73e4935,8414a980252d2baee6444085d2755563b7e0ccb3a138027e7cc6c1233be766eb,prompts/cat_identity.v1.json
334,334,../data_h3/cat_ids/27_布偶猫蓝双色.png,Ref_curl_up_and_lie_down_mirror.mp4,prepared/Ref_curl_up_and_lie_down_mirror.motion.mp4,prompts/curl_up_and_lie_down_mirror.v1.en.txt,27,27-ragdoll-blue-bicolor,布偶猫蓝双色,12,12-curl-up-and-lie-down-mirror,curl_up_and_lie_down_mirror,低头向画面右侧蜷卧并闭眼休息,0,334_27-ragdoll-blue-bicolor_12-curl-up-and-lie-down-mirror_seed-0,4,4.0,24,480,832,15:26,9:16,curl_up_and_lie_down_mirror.v1+cat_identity.v1,pending_model_validation,bd242c79bae4765ea52c30eebc9d1f525758ea34c8571cbca936c8fa483b6f68,5dcfd307dd80e4bd86fa73aff45f41f66eced8aba348a07f81f559f008a63527,prompts/cat_identity.v1.json
335,335,../data_h3/cat_ids/27_布偶猫蓝双色.png,Ref_walk_forward_to_screen.mp4,prepared/Ref_walk_forward_to_screen.motion.mp4,prompts/walk_forward_to_screen.v1.en.txt,27,27-ragdoll-blue-bicolor,布偶猫蓝双色,13,13-walk-forward-to-screen,walk_forward_to_screen,起身向镜头走近并在近处站定,0,335_27-ragdoll-blue-bicolor_13-walk-forward-to-screen_seed-0,4,4.041699,24,480,832,15:26,9:16,walk_forward_to_screen.v1+cat_identity.v1,pending_model_validation,4576120b120215eb50268ad14e0f505a4fa1cb14450aec51d565297857b51798,b63a08fc2ef943e20b969f5567a1c9334a3d7ca21d68db70b052c4345a83014a,prompts/cat_identity.v1.json
336,336,../data_h3/cat_ids/28_伯曼猫海豹重点色.png,Ref_drag_ear.mp4,prepared/Ref_drag_ear.motion.mp4,prompts/drag_ear.v1.en.txt,28,28-birman-seal-point,伯曼猫海豹重点色,02,02-pull-left-ear,drag_ear,左前爪轻擦左耳与脸部后恢复坐姿,0,336_28-birman-seal-point_02-pull-left-ear_seed-0,4,4.0,24,480,832,15:26,9:16,drag_ear.v1+cat_identity.v1,pending_model_validation,64d6abb056b84599991c30e823d349ef85f820ef2c8aa5ae0385483d4abc2431,241a5d66949edcf078e592e2d02939921c2ff68968a95640d4e5a7e2c4fe75c1,prompts/cat_identity.v1.json
337,337,../data_h3/cat_ids/28_伯曼猫海豹重点色.png,Ref_drag_ear_mirror.mp4,prepared/Ref_drag_ear_mirror.motion.mp4,prompts/drag_ear_mirror.v1.en.txt,28,28-birman-seal-point,伯曼猫海豹重点色,03,03-drag-ear-mirror,drag_ear_mirror,右前爪轻擦右耳与脸部后恢复坐姿,0,337_28-birman-seal-point_03-drag-ear-mirror_seed-0,4,4.0,24,480,832,15:26,9:16,drag_ear_mirror.v1+cat_identity.v1,pending_model_validation,d654188cd2ddce89dfa5f794f6294b2c578c47bf97cba17dfffd5e52800deb96,f5a0412ed913f5aad8bffb33c68c3b0ad7f4923f44f06370f768483b146897f4,prompts/cat_identity.v1.json
338,338,../data_h3/cat_ids/28_伯曼猫海豹重点色.png,Ref_cat_teaser1.mp4,prepared/Ref_cat_teaser1.motion.mp4,prompts/cat_teaser1.v1.en.txt,28,28-birman-seal-point,伯曼猫海豹重点色,04,04-cat-teaser1,cat_teaser1,左前爪坐姿拨打逗猫棒后注视玩具,0,338_28-birman-seal-point_04-cat-teaser1_seed-0,4,4.0,24,480,832,15:26,9:16,cat_teaser1.v1+cat_identity.v1,pending_model_validation,fa53ed60a049c2e147d081d7e7371ec49aa253c98e1fe666e6cce30982368ec9,90ead0cb85338d88512f89fc4fdaa1599eaae717252a8a228289e47e9f7150f0,prompts/cat_identity.v1.json
339,339,../data_h3/cat_ids/28_伯曼猫海豹重点色.png,Ref_cat_teaser1_mirror.mp4,prepared/Ref_cat_teaser1_mirror.motion.mp4,prompts/cat_teaser1_mirror.v1.en.txt,28,28-birman-seal-point,伯曼猫海豹重点色,05,05-cat-teaser1-mirror,cat_teaser1_mirror,右前爪坐姿拨打逗猫棒后注视玩具,0,339_28-birman-seal-point_05-cat-teaser1-mirror_seed-0,4,4.0,24,480,832,15:26,9:16,cat_teaser1_mirror.v1+cat_identity.v1,pending_model_validation,5fb6cfecbf1fbf30524b91511c22dd01ef5fcc81941d73c058bf83488afa8898,af450da4b11a442fbb8dc3b090842b494306a33800841e4f3ac9399fb1a3e695,prompts/cat_identity.v1.json
340,340,../data_h3/cat_ids/28_伯曼猫海豹重点色.png,Ref_cat_teaser2.mp4,prepared/Ref_cat_teaser2.motion.mp4,prompts/cat_teaser2.v1.en.txt,28,28-birman-seal-point,伯曼猫海豹重点色,06,06-cat-teaser2,cat_teaser2,起身向画面右侧追拍逗猫棒并站定,0,340_28-birman-seal-point_06-cat-teaser2_seed-0,4,4.0,24,480,832,15:26,9:16,cat_teaser2.v1+cat_identity.v1,pending_model_validation,9b7200615f29102949a1adc5ea1d0c0067a6b8d2802d3800f6f88cf702e64714,a8c95e9c38443d4d231086357cb356e7c98cb2af1a6bfa216feae39e945cc0ec,prompts/cat_identity.v1.json
341,341,../data_h3/cat_ids/28_伯曼猫海豹重点色.png,Ref_cat_teaser2_mirror.mp4,prepared/Ref_cat_teaser2_mirror.motion.mp4,prompts/cat_teaser2_mirror.v1.en.txt,28,28-birman-seal-point,伯曼猫海豹重点色,07,07-cat-teaser2-mirror,cat_teaser2_mirror,起身向画面左侧追拍逗猫棒并站定,0,341_28-birman-seal-point_07-cat-teaser2-mirror_seed-0,4,4.0,24,480,832,15:26,9:16,cat_teaser2_mirror.v1+cat_identity.v1,pending_model_validation,9a5614d3301f9d6b7e423ebd575c36cb31150c38905a84032742f9f066ed00be,7d4ae2310b662639649d68fa4f699951317c36f76eb715534248659d1924613d,prompts/cat_identity.v1.json
342,342,../data_h3/cat_ids/28_伯曼猫海豹重点色.png,Ref_cat_teaser3.mp4,prepared/Ref_cat_teaser3.motion.mp4,prompts/cat_teaser3.v1.en.txt,28,28-birman-seal-point,伯曼猫海豹重点色,08,08-cat-teaser3,cat_teaser3,双前爪抬起抓扑逗猫棒后落地坐定,0,342_28-birman-seal-point_08-cat-teaser3_seed-0,4,4.0,24,480,832,15:26,9:16,cat_teaser3.v1+cat_identity.v1,pending_model_validation,df87aa75aa9e0f5e797113a059cd7048d5c42a5c2205258a63c3df58d4cc9c78,71df79527a94810bcacebc9cb956fa137c891a4ed437386697434b19c5fbb7ce,prompts/cat_identity.v1.json
343,343,../data_h3/cat_ids/28_伯曼猫海豹重点色.png,Ref_drag_yarn_ball_and_catch.mp4,prepared/Ref_drag_yarn_ball_and_catch.motion.mp4,prompts/drag_yarn_ball_and_catch.v1.en.txt,28,28-birman-seal-point,伯曼猫海豹重点色,09,09-drag-yarn-ball-and-catch,drag_yarn_ball_and_catch,追扑从画面左向右滚动的毛线球并按住,0,343_28-birman-seal-point_09-drag-yarn-ball-and-catch_seed-0,4,4.0,24,480,832,15:26,9:16,drag_yarn_ball_and_catch.v1+cat_identity.v1,pending_model_validation,0462134f172a614b451d8ed17e79bf41d0d0a9a8a4593e1dae9489a1749913b6,5b888bc1cdc661bc3b5760445027966ef8d36a31c447614acbd23d3ca6af442e,prompts/cat_identity.v1.json
344,344,../data_h3/cat_ids/28_伯曼猫海豹重点色.png,Ref_drag_yarn_ball_and_catch_mirror.mp4,prepared/Ref_drag_yarn_ball_and_catch_mirror.motion.mp4,prompts/drag_yarn_ball_and_catch_mirror.v1.en.txt,28,28-birman-seal-point,伯曼猫海豹重点色,10,10-drag-yarn-ball-and-catch-mirror,drag_yarn_ball_and_catch_mirror,追扑从画面右向左滚动的毛线球并按住,0,344_28-birman-seal-point_10-drag-yarn-ball-and-catch-mirror_seed-0,4,4.0,24,480,832,15:26,9:16,drag_yarn_ball_and_catch_mirror.v1+cat_identity.v1,pending_model_validation,781541f1d6c85d01041ff7c6f54cdae21cdef6f23a97ac250548096e73398897,8b44957f6ebaca7c04c4a0af6bf4fbb65085b8ecf0acaf3433dc727a25b74982,prompts/cat_identity.v1.json
345,345,../data_h3/cat_ids/28_伯曼猫海豹重点色.png,Ref_curl_up_and_lie_down.mp4,prepared/Ref_curl_up_and_lie_down.motion.mp4,prompts/curl_up_and_lie_down.v1.en.txt,28,28-birman-seal-point,伯曼猫海豹重点色,11,11-curl-up-and-lie-down,curl_up_and_lie_down,低头向画面左侧蜷卧并闭眼休息,0,345_28-birman-seal-point_11-curl-up-and-lie-down_seed-0,4,4.0,24,480,832,15:26,9:16,curl_up_and_lie_down.v1+cat_identity.v1,pending_model_validation,f6c656a2020e6be965f5e7c22f4fe84fe4731e454d308ba449e9e361554b5f14,8414a980252d2baee6444085d2755563b7e0ccb3a138027e7cc6c1233be766eb,prompts/cat_identity.v1.json
346,346,../data_h3/cat_ids/28_伯曼猫海豹重点色.png,Ref_curl_up_and_lie_down_mirror.mp4,prepared/Ref_curl_up_and_lie_down_mirror.motion.mp4,prompts/curl_up_and_lie_down_mirror.v1.en.txt,28,28-birman-seal-point,伯曼猫海豹重点色,12,12-curl-up-and-lie-down-mirror,curl_up_and_lie_down_mirror,低头向画面右侧蜷卧并闭眼休息,0,346_28-birman-seal-point_12-curl-up-and-lie-down-mirror_seed-0,4,4.0,24,480,832,15:26,9:16,curl_up_and_lie_down_mirror.v1+cat_identity.v1,pending_model_validation,4bfe05f1d5ccea62fe6cd60a7cfe6ab0fafea05e7c99af6310d623c51143cef1,5dcfd307dd80e4bd86fa73aff45f41f66eced8aba348a07f81f559f008a63527,prompts/cat_identity.v1.json
347,347,../data_h3/cat_ids/28_伯曼猫海豹重点色.png,Ref_walk_forward_to_screen.mp4,prepared/Ref_walk_forward_to_screen.motion.mp4,prompts/walk_forward_to_screen.v1.en.txt,28,28-birman-seal-point,伯曼猫海豹重点色,13,13-walk-forward-to-screen,walk_forward_to_screen,起身向镜头走近并在近处站定,0,347_28-birman-seal-point_13-walk-forward-to-screen_seed-0,4,4.041699,24,480,832,15:26,9:16,walk_forward_to_screen.v1+cat_identity.v1,pending_model_validation,9a1721aa4a5562f95a8af81f43d5ca56fda962095a920ac077888894c3b7146e,b63a08fc2ef943e20b969f5567a1c9334a3d7ca21d68db70b052c4345a83014a,prompts/cat_identity.v1.json
348,348,../data_h3/cat_ids/29_波斯猫金吉拉色.png,Ref_drag_ear.mp4,prepared/Ref_drag_ear.motion.mp4,prompts/drag_ear.v1.en.txt,29,29-persian-chinchilla,波斯猫金吉拉色,02,02-pull-left-ear,drag_ear,左前爪轻擦左耳与脸部后恢复坐姿,0,348_29-persian-chinchilla_02-pull-left-ear_seed-0,4,4.0,24,480,832,15:26,9:16,drag_ear.v1+cat_identity.v1,pending_model_validation,f7259f43a93a2ccf4765a2e8672664d97acddcfdcc101f1c95a3309298398d16,241a5d66949edcf078e592e2d02939921c2ff68968a95640d4e5a7e2c4fe75c1,prompts/cat_identity.v1.json
349,349,../data_h3/cat_ids/29_波斯猫金吉拉色.png,Ref_drag_ear_mirror.mp4,prepared/Ref_drag_ear_mirror.motion.mp4,prompts/drag_ear_mirror.v1.en.txt,29,29-persian-chinchilla,波斯猫金吉拉色,03,03-drag-ear-mirror,drag_ear_mirror,右前爪轻擦右耳与脸部后恢复坐姿,0,349_29-persian-chinchilla_03-drag-ear-mirror_seed-0,4,4.0,24,480,832,15:26,9:16,drag_ear_mirror.v1+cat_identity.v1,pending_model_validation,d1187155f00a2e498702942de54da0847d94182fb4dcdaba3ff0c9dd3343069d,f5a0412ed913f5aad8bffb33c68c3b0ad7f4923f44f06370f768483b146897f4,prompts/cat_identity.v1.json
350,350,../data_h3/cat_ids/29_波斯猫金吉拉色.png,Ref_cat_teaser1.mp4,prepared/Ref_cat_teaser1.motion.mp4,prompts/cat_teaser1.v1.en.txt,29,29-persian-chinchilla,波斯猫金吉拉色,04,04-cat-teaser1,cat_teaser1,左前爪坐姿拨打逗猫棒后注视玩具,0,350_29-persian-chinchilla_04-cat-teaser1_seed-0,4,4.0,24,480,832,15:26,9:16,cat_teaser1.v1+cat_identity.v1,pending_model_validation,9a6a8a625b17336f5d6a5f19933cb4e0d231e005f63f8159a156a07754261a00,90ead0cb85338d88512f89fc4fdaa1599eaae717252a8a228289e47e9f7150f0,prompts/cat_identity.v1.json
351,351,../data_h3/cat_ids/29_波斯猫金吉拉色.png,Ref_cat_teaser1_mirror.mp4,prepared/Ref_cat_teaser1_mirror.motion.mp4,prompts/cat_teaser1_mirror.v1.en.txt,29,29-persian-chinchilla,波斯猫金吉拉色,05,05-cat-teaser1-mirror,cat_teaser1_mirror,右前爪坐姿拨打逗猫棒后注视玩具,0,351_29-persian-chinchilla_05-cat-teaser1-mirror_seed-0,4,4.0,24,480,832,15:26,9:16,cat_teaser1_mirror.v1+cat_identity.v1,pending_model_validation,cadf45231a7ec30067257771d1820409ec17850b2562e0c147a5be8972b0624d,af450da4b11a442fbb8dc3b090842b494306a33800841e4f3ac9399fb1a3e695,prompts/cat_identity.v1.json
352,352,../data_h3/cat_ids/29_波斯猫金吉拉色.png,Ref_cat_teaser2.mp4,prepared/Ref_cat_teaser2.motion.mp4,prompts/cat_teaser2.v1.en.txt,29,29-persian-chinchilla,波斯猫金吉拉色,06,06-cat-teaser2,cat_teaser2,起身向画面右侧追拍逗猫棒并站定,0,352_29-persian-chinchilla_06-cat-teaser2_seed-0,4,4.0,24,480,832,15:26,9:16,cat_teaser2.v1+cat_identity.v1,pending_model_validation,e3bbd4b072ab27432e25b82bfac0cb1fbee7415d7114c49ebf5a7e4c4b47662e,a8c95e9c38443d4d231086357cb356e7c98cb2af1a6bfa216feae39e945cc0ec,prompts/cat_identity.v1.json
353,353,../data_h3/cat_ids/29_波斯猫金吉拉色.png,Ref_cat_teaser2_mirror.mp4,prepared/Ref_cat_teaser2_mirror.motion.mp4,prompts/cat_teaser2_mirror.v1.en.txt,29,29-persian-chinchilla,波斯猫金吉拉色,07,07-cat-teaser2-mirror,cat_teaser2_mirror,起身向画面左侧追拍逗猫棒并站定,0,353_29-persian-chinchilla_07-cat-teaser2-mirror_seed-0,4,4.0,24,480,832,15:26,9:16,cat_teaser2_mirror.v1+cat_identity.v1,pending_model_validation,5c3b04520f423f08e246ba0ba22444b0c5c956fd7d5141e322aae1d160399ce9,7d4ae2310b662639649d68fa4f699951317c36f76eb715534248659d1924613d,prompts/cat_identity.v1.json
354,354,../data_h3/cat_ids/29_波斯猫金吉拉色.png,Ref_cat_teaser3.mp4,prepared/Ref_cat_teaser3.motion.mp4,prompts/cat_teaser3.v1.en.txt,29,29-persian-chinchilla,波斯猫金吉拉色,08,08-cat-teaser3,cat_teaser3,双前爪抬起抓扑逗猫棒后落地坐定,0,354_29-persian-chinchilla_08-cat-teaser3_seed-0,4,4.0,24,480,832,15:26,9:16,cat_teaser3.v1+cat_identity.v1,pending_model_validation,29893dcb0c3d67db94f17b3ef5ed8081155adbee77b8ae10613f8f3c5eae5cb6,71df79527a94810bcacebc9cb956fa137c891a4ed437386697434b19c5fbb7ce,prompts/cat_identity.v1.json
355,355,../data_h3/cat_ids/29_波斯猫金吉拉色.png,Ref_drag_yarn_ball_and_catch.mp4,prepared/Ref_drag_yarn_ball_and_catch.motion.mp4,prompts/drag_yarn_ball_and_catch.v1.en.txt,29,29-persian-chinchilla,波斯猫金吉拉色,09,09-drag-yarn-ball-and-catch,drag_yarn_ball_and_catch,追扑从画面左向右滚动的毛线球并按住,0,355_29-persian-chinchilla_09-drag-yarn-ball-and-catch_seed-0,4,4.0,24,480,832,15:26,9:16,drag_yarn_ball_and_catch.v1+cat_identity.v1,pending_model_validation,5c5ccd504e486a6af37a76f20a407177e2025e922dadfa3fc0eb18126d9364b3,5b888bc1cdc661bc3b5760445027966ef8d36a31c447614acbd23d3ca6af442e,prompts/cat_identity.v1.json
356,356,../data_h3/cat_ids/29_波斯猫金吉拉色.png,Ref_drag_yarn_ball_and_catch_mirror.mp4,prepared/Ref_drag_yarn_ball_and_catch_mirror.motion.mp4,prompts/drag_yarn_ball_and_catch_mirror.v1.en.txt,29,29-persian-chinchilla,波斯猫金吉拉色,10,10-drag-yarn-ball-and-catch-mirror,drag_yarn_ball_and_catch_mirror,追扑从画面右向左滚动的毛线球并按住,0,356_29-persian-chinchilla_10-drag-yarn-ball-and-catch-mirror_seed-0,4,4.0,24,480,832,15:26,9:16,drag_yarn_ball_and_catch_mirror.v1+cat_identity.v1,pending_model_validation,bfa280e7e1ad0084ea69dd96cae206c4b200bca4888888462586544bd3b9aa5a,8b44957f6ebaca7c04c4a0af6bf4fbb65085b8ecf0acaf3433dc727a25b74982,prompts/cat_identity.v1.json
357,357,../data_h3/cat_ids/29_波斯猫金吉拉色.png,Ref_curl_up_and_lie_down.mp4,prepared/Ref_curl_up_and_lie_down.motion.mp4,prompts/curl_up_and_lie_down.v1.en.txt,29,29-persian-chinchilla,波斯猫金吉拉色,11,11-curl-up-and-lie-down,curl_up_and_lie_down,低头向画面左侧蜷卧并闭眼休息,0,357_29-persian-chinchilla_11-curl-up-and-lie-down_seed-0,4,4.0,24,480,832,15:26,9:16,curl_up_and_lie_down.v1+cat_identity.v1,pending_model_validation,513359c975164dfbab4edf9714f413bc37c0d8b832ec4c16e5b571337d9ce361,8414a980252d2baee6444085d2755563b7e0ccb3a138027e7cc6c1233be766eb,prompts/cat_identity.v1.json
358,358,../data_h3/cat_ids/29_波斯猫金吉拉色.png,Ref_curl_up_and_lie_down_mirror.mp4,prepared/Ref_curl_up_and_lie_down_mirror.motion.mp4,prompts/curl_up_and_lie_down_mirror.v1.en.txt,29,29-persian-chinchilla,波斯猫金吉拉色,12,12-curl-up-and-lie-down-mirror,curl_up_and_lie_down_mirror,低头向画面右侧蜷卧并闭眼休息,0,358_29-persian-chinchilla_12-curl-up-and-lie-down-mirror_seed-0,4,4.0,24,480,832,15:26,9:16,curl_up_and_lie_down_mirror.v1+cat_identity.v1,pending_model_validation,ecb4e14e640b0d73ad0496f00ad00447d981176e86fc256bfc9c726664524a5e,5dcfd307dd80e4bd86fa73aff45f41f66eced8aba348a07f81f559f008a63527,prompts/cat_identity.v1.json
359,359,../data_h3/cat_ids/29_波斯猫金吉拉色.png,Ref_walk_forward_to_screen.mp4,prepared/Ref_walk_forward_to_screen.motion.mp4,prompts/walk_forward_to_screen.v1.en.txt,29,29-persian-chinchilla,波斯猫金吉拉色,13,13-walk-forward-to-screen,walk_forward_to_screen,起身向镜头走近并在近处站定,0,359_29-persian-chinchilla_13-walk-forward-to-screen_seed-0,4,4.041699,24,480,832,15:26,9:16,walk_forward_to_screen.v1+cat_identity.v1,pending_model_validation,5f5135cb7833dd1fcb537cc6e29249c392ba9977ffaf6338fb287205d52419ea,b63a08fc2ef943e20b969f5567a1c9334a3d7ca21d68db70b052c4345a83014a,prompts/cat_identity.v1.json
360,360,../data_h3/cat_ids/30_异国短毛猫奶油色.png,Ref_drag_ear.mp4,prepared/Ref_drag_ear.motion.mp4,prompts/drag_ear.v1.en.txt,30,30-exotic-shorthair-cream,异国短毛猫奶油色,02,02-pull-left-ear,drag_ear,左前爪轻擦左耳与脸部后恢复坐姿,0,360_30-exotic-shorthair-cream_02-pull-left-ear_seed-0,4,4.0,24,480,832,15:26,9:16,drag_ear.v1+cat_identity.v1,pending_model_validation,eee1716440e10733a3b8f5a4953fe26adbd863898bd6dae7d8dfa8438ef449e5,241a5d66949edcf078e592e2d02939921c2ff68968a95640d4e5a7e2c4fe75c1,prompts/cat_identity.v1.json
361,361,../data_h3/cat_ids/30_异国短毛猫奶油色.png,Ref_drag_ear_mirror.mp4,prepared/Ref_drag_ear_mirror.motion.mp4,prompts/drag_ear_mirror.v1.en.txt,30,30-exotic-shorthair-cream,异国短毛猫奶油色,03,03-drag-ear-mirror,drag_ear_mirror,右前爪轻擦右耳与脸部后恢复坐姿,0,361_30-exotic-shorthair-cream_03-drag-ear-mirror_seed-0,4,4.0,24,480,832,15:26,9:16,drag_ear_mirror.v1+cat_identity.v1,pending_model_validation,3ddcc4349bc8f6cdb7102bcc974db7663a95d2a7cf096848a55e7eb88caa109f,f5a0412ed913f5aad8bffb33c68c3b0ad7f4923f44f06370f768483b146897f4,prompts/cat_identity.v1.json
362,362,../data_h3/cat_ids/30_异国短毛猫奶油色.png,Ref_cat_teaser1.mp4,prepared/Ref_cat_teaser1.motion.mp4,prompts/cat_teaser1.v1.en.txt,30,30-exotic-shorthair-cream,异国短毛猫奶油色,04,04-cat-teaser1,cat_teaser1,左前爪坐姿拨打逗猫棒后注视玩具,0,362_30-exotic-shorthair-cream_04-cat-teaser1_seed-0,4,4.0,24,480,832,15:26,9:16,cat_teaser1.v1+cat_identity.v1,pending_model_validation,fbbb754eaebc9516218bee3e9908dc0a029019ca760d8533df92123cb5a2cde0,90ead0cb85338d88512f89fc4fdaa1599eaae717252a8a228289e47e9f7150f0,prompts/cat_identity.v1.json
363,363,../data_h3/cat_ids/30_异国短毛猫奶油色.png,Ref_cat_teaser1_mirror.mp4,prepared/Ref_cat_teaser1_mirror.motion.mp4,prompts/cat_teaser1_mirror.v1.en.txt,30,30-exotic-shorthair-cream,异国短毛猫奶油色,05,05-cat-teaser1-mirror,cat_teaser1_mirror,右前爪坐姿拨打逗猫棒后注视玩具,0,363_30-exotic-shorthair-cream_05-cat-teaser1-mirror_seed-0,4,4.0,24,480,832,15:26,9:16,cat_teaser1_mirror.v1+cat_identity.v1,pending_model_validation,7dfe98a72b3ac7956d863c92d3003d4bf1028d470b07b742f144c7c31f4544df,af450da4b11a442fbb8dc3b090842b494306a33800841e4f3ac9399fb1a3e695,prompts/cat_identity.v1.json
364,364,../data_h3/cat_ids/30_异国短毛猫奶油色.png,Ref_cat_teaser2.mp4,prepared/Ref_cat_teaser2.motion.mp4,prompts/cat_teaser2.v1.en.txt,30,30-exotic-shorthair-cream,异国短毛猫奶油色,06,06-cat-teaser2,cat_teaser2,起身向画面右侧追拍逗猫棒并站定,0,364_30-exotic-shorthair-cream_06-cat-teaser2_seed-0,4,4.0,24,480,832,15:26,9:16,cat_teaser2.v1+cat_identity.v1,pending_model_validation,88e7051e022705575384632829302347f23eb19dc0edea10fe0f8f7d95fc7520,a8c95e9c38443d4d231086357cb356e7c98cb2af1a6bfa216feae39e945cc0ec,prompts/cat_identity.v1.json
365,365,../data_h3/cat_ids/30_异国短毛猫奶油色.png,Ref_cat_teaser2_mirror.mp4,prepared/Ref_cat_teaser2_mirror.motion.mp4,prompts/cat_teaser2_mirror.v1.en.txt,30,30-exotic-shorthair-cream,异国短毛猫奶油色,07,07-cat-teaser2-mirror,cat_teaser2_mirror,起身向画面左侧追拍逗猫棒并站定,0,365_30-exotic-shorthair-cream_07-cat-teaser2-mirror_seed-0,4,4.0,24,480,832,15:26,9:16,cat_teaser2_mirror.v1+cat_identity.v1,pending_model_validation,ce9911d4bfcc0b686a8f16bcd575b8689b422a99e2d4faebc4241445383c29c2,7d4ae2310b662639649d68fa4f699951317c36f76eb715534248659d1924613d,prompts/cat_identity.v1.json
366,366,../data_h3/cat_ids/30_异国短毛猫奶油色.png,Ref_cat_teaser3.mp4,prepared/Ref_cat_teaser3.motion.mp4,prompts/cat_teaser3.v1.en.txt,30,30-exotic-shorthair-cream,异国短毛猫奶油色,08,08-cat-teaser3,cat_teaser3,双前爪抬起抓扑逗猫棒后落地坐定,0,366_30-exotic-shorthair-cream_08-cat-teaser3_seed-0,4,4.0,24,480,832,15:26,9:16,cat_teaser3.v1+cat_identity.v1,pending_model_validation,8cdbb35a6a1e9e7a7fdbfbbd7c6fec98bf356dba93e199f9eea6281044795257,71df79527a94810bcacebc9cb956fa137c891a4ed437386697434b19c5fbb7ce,prompts/cat_identity.v1.json
367,367,../data_h3/cat_ids/30_异国短毛猫奶油色.png,Ref_drag_yarn_ball_and_catch.mp4,prepared/Ref_drag_yarn_ball_and_catch.motion.mp4,prompts/drag_yarn_ball_and_catch.v1.en.txt,30,30-exotic-shorthair-cream,异国短毛猫奶油色,09,09-drag-yarn-ball-and-catch,drag_yarn_ball_and_catch,追扑从画面左向右滚动的毛线球并按住,0,367_30-exotic-shorthair-cream_09-drag-yarn-ball-and-catch_seed-0,4,4.0,24,480,832,15:26,9:16,drag_yarn_ball_and_catch.v1+cat_identity.v1,pending_model_validation,30456761968fe63226c3920dd358a32e6dc712423a1cd6b3116dd615afa01afa,5b888bc1cdc661bc3b5760445027966ef8d36a31c447614acbd23d3ca6af442e,prompts/cat_identity.v1.json
368,368,../data_h3/cat_ids/30_异国短毛猫奶油色.png,Ref_drag_yarn_ball_and_catch_mirror.mp4,prepared/Ref_drag_yarn_ball_and_catch_mirror.motion.mp4,prompts/drag_yarn_ball_and_catch_mirror.v1.en.txt,30,30-exotic-shorthair-cream,异国短毛猫奶油色,10,10-drag-yarn-ball-and-catch-mirror,drag_yarn_ball_and_catch_mirror,追扑从画面右向左滚动的毛线球并按住,0,368_30-exotic-shorthair-cream_10-drag-yarn-ball-and-catch-mirror_seed-0,4,4.0,24,480,832,15:26,9:16,drag_yarn_ball_and_catch_mirror.v1+cat_identity.v1,pending_model_validation,96d358a9151b76c335d4bec75fc18c059d8990172462926af46e208cfad5717b,8b44957f6ebaca7c04c4a0af6bf4fbb65085b8ecf0acaf3433dc727a25b74982,prompts/cat_identity.v1.json
369,369,../data_h3/cat_ids/30_异国短毛猫奶油色.png,Ref_curl_up_and_lie_down.mp4,prepared/Ref_curl_up_and_lie_down.motion.mp4,prompts/curl_up_and_lie_down.v1.en.txt,30,30-exotic-shorthair-cream,异国短毛猫奶油色,11,11-curl-up-and-lie-down,curl_up_and_lie_down,低头向画面左侧蜷卧并闭眼休息,0,369_30-exotic-shorthair-cream_11-curl-up-and-lie-down_seed-0,4,4.0,24,480,832,15:26,9:16,curl_up_and_lie_down.v1+cat_identity.v1,pending_model_validation,f105bb7b7a996c98d30fda2eed2462af9d1f51d83391805c4ff8585dd2581ea4,8414a980252d2baee6444085d2755563b7e0ccb3a138027e7cc6c1233be766eb,prompts/cat_identity.v1.json
370,370,../data_h3/cat_ids/30_异国短毛猫奶油色.png,Ref_curl_up_and_lie_down_mirror.mp4,prepared/Ref_curl_up_and_lie_down_mirror.motion.mp4,prompts/curl_up_and_lie_down_mirror.v1.en.txt,30,30-exotic-shorthair-cream,异国短毛猫奶油色,12,12-curl-up-and-lie-down-mirror,curl_up_and_lie_down_mirror,低头向画面右侧蜷卧并闭眼休息,0,370_30-exotic-shorthair-cream_12-curl-up-and-lie-down-mirror_seed-0,4,4.0,24,480,832,15:26,9:16,curl_up_and_lie_down_mirror.v1+cat_identity.v1,pending_model_validation,0055da69904d1dd0b37b3653ee8f4f54d544e876987aca08f1ff89fbe542010c,5dcfd307dd80e4bd86fa73aff45f41f66eced8aba348a07f81f559f008a63527,prompts/cat_identity.v1.json
371,371,../data_h3/cat_ids/30_异国短毛猫奶油色.png,Ref_walk_forward_to_screen.mp4,prepared/Ref_walk_forward_to_screen.motion.mp4,prompts/walk_forward_to_screen.v1.en.txt,30,30-exotic-shorthair-cream,异国短毛猫奶油色,13,13-walk-forward-to-screen,walk_forward_to_screen,起身向镜头走近并在近处站定,0,371_30-exotic-shorthair-cream_13-walk-forward-to-screen_seed-0,4,4.041699,24,480,832,15:26,9:16,walk_forward_to_screen.v1+cat_identity.v1,pending_model_validation,0e25e3d722c12b30fc6329dbd85e2767f6edd6899eac73230ae714696db88045,b63a08fc2ef943e20b969f5567a1c9334a3d7ca21d68db70b052c4345a83014a,prompts/cat_identity.v1.json
372,372,../data_h3/cat_ids/31_土耳其安哥拉猫.png,Ref_drag_ear.mp4,prepared/Ref_drag_ear.motion.mp4,prompts/drag_ear.v1.en.txt,31,31-turkish-angora,土耳其安哥拉猫,02,02-pull-left-ear,drag_ear,左前爪轻擦左耳与脸部后恢复坐姿,0,372_31-turkish-angora_02-pull-left-ear_seed-0,4,4.0,24,480,832,15:26,9:16,drag_ear.v1+cat_identity.v1,pending_model_validation,664186489bedc9b9201afc694d9367da6b5e379ed6d9d5e7b2134bf27a54750b,241a5d66949edcf078e592e2d02939921c2ff68968a95640d4e5a7e2c4fe75c1,prompts/cat_identity.v1.json
373,373,../data_h3/cat_ids/31_土耳其安哥拉猫.png,Ref_drag_ear_mirror.mp4,prepared/Ref_drag_ear_mirror.motion.mp4,prompts/drag_ear_mirror.v1.en.txt,31,31-turkish-angora,土耳其安哥拉猫,03,03-drag-ear-mirror,drag_ear_mirror,右前爪轻擦右耳与脸部后恢复坐姿,0,373_31-turkish-angora_03-drag-ear-mirror_seed-0,4,4.0,24,480,832,15:26,9:16,drag_ear_mirror.v1+cat_identity.v1,pending_model_validation,d57f90ab64125a8ef4c10b307ea24dd4bbc1a2471677c4faedea2e6480600410,f5a0412ed913f5aad8bffb33c68c3b0ad7f4923f44f06370f768483b146897f4,prompts/cat_identity.v1.json
374,374,../data_h3/cat_ids/31_土耳其安哥拉猫.png,Ref_cat_teaser1.mp4,prepared/Ref_cat_teaser1.motion.mp4,prompts/cat_teaser1.v1.en.txt,31,31-turkish-angora,土耳其安哥拉猫,04,04-cat-teaser1,cat_teaser1,左前爪坐姿拨打逗猫棒后注视玩具,0,374_31-turkish-angora_04-cat-teaser1_seed-0,4,4.0,24,480,832,15:26,9:16,cat_teaser1.v1+cat_identity.v1,pending_model_validation,d868777641bc1f551d5f146557c641746cbfa4eaf7b509c0394dd26d117cffa5,90ead0cb85338d88512f89fc4fdaa1599eaae717252a8a228289e47e9f7150f0,prompts/cat_identity.v1.json
375,375,../data_h3/cat_ids/31_土耳其安哥拉猫.png,Ref_cat_teaser1_mirror.mp4,prepared/Ref_cat_teaser1_mirror.motion.mp4,prompts/cat_teaser1_mirror.v1.en.txt,31,31-turkish-angora,土耳其安哥拉猫,05,05-cat-teaser1-mirror,cat_teaser1_mirror,右前爪坐姿拨打逗猫棒后注视玩具,0,375_31-turkish-angora_05-cat-teaser1-mirror_seed-0,4,4.0,24,480,832,15:26,9:16,cat_teaser1_mirror.v1+cat_identity.v1,pending_model_validation,968c77253ade9cfa1139b91bdae1f5fed1d1f8e3fcea9480e16697f7471a7aa8,af450da4b11a442fbb8dc3b090842b494306a33800841e4f3ac9399fb1a3e695,prompts/cat_identity.v1.json
376,376,../data_h3/cat_ids/31_土耳其安哥拉猫.png,Ref_cat_teaser2.mp4,prepared/Ref_cat_teaser2.motion.mp4,prompts/cat_teaser2.v1.en.txt,31,31-turkish-angora,土耳其安哥拉猫,06,06-cat-teaser2,cat_teaser2,起身向画面右侧追拍逗猫棒并站定,0,376_31-turkish-angora_06-cat-teaser2_seed-0,4,4.0,24,480,832,15:26,9:16,cat_teaser2.v1+cat_identity.v1,pending_model_validation,417ddd7238052027a79e9c0d782d965a8c74e1be42f3f49f1d242122566163f3,a8c95e9c38443d4d231086357cb356e7c98cb2af1a6bfa216feae39e945cc0ec,prompts/cat_identity.v1.json
377,377,../data_h3/cat_ids/31_土耳其安哥拉猫.png,Ref_cat_teaser2_mirror.mp4,prepared/Ref_cat_teaser2_mirror.motion.mp4,prompts/cat_teaser2_mirror.v1.en.txt,31,31-turkish-angora,土耳其安哥拉猫,07,07-cat-teaser2-mirror,cat_teaser2_mirror,起身向画面左侧追拍逗猫棒并站定,0,377_31-turkish-angora_07-cat-teaser2-mirror_seed-0,4,4.0,24,480,832,15:26,9:16,cat_teaser2_mirror.v1+cat_identity.v1,pending_model_validation,70a74dd5eaec4450ba504a7af2a200964ed63eb8c37fede8ff71c67400fbdbe4,7d4ae2310b662639649d68fa4f699951317c36f76eb715534248659d1924613d,prompts/cat_identity.v1.json
378,378,../data_h3/cat_ids/31_土耳其安哥拉猫.png,Ref_cat_teaser3.mp4,prepared/Ref_cat_teaser3.motion.mp4,prompts/cat_teaser3.v1.en.txt,31,31-turkish-angora,土耳其安哥拉猫,08,08-cat-teaser3,cat_teaser3,双前爪抬起抓扑逗猫棒后落地坐定,0,378_31-turkish-angora_08-cat-teaser3_seed-0,4,4.0,24,480,832,15:26,9:16,cat_teaser3.v1+cat_identity.v1,pending_model_validation,7c703c6061f533125576ed60581b4f5ec0170e3c837735967ee85125aec2651a,71df79527a94810bcacebc9cb956fa137c891a4ed437386697434b19c5fbb7ce,prompts/cat_identity.v1.json
379,379,../data_h3/cat_ids/31_土耳其安哥拉猫.png,Ref_drag_yarn_ball_and_catch.mp4,prepared/Ref_drag_yarn_ball_and_catch.motion.mp4,prompts/drag_yarn_ball_and_catch.v1.en.txt,31,31-turkish-angora,土耳其安哥拉猫,09,09-drag-yarn-ball-and-catch,drag_yarn_ball_and_catch,追扑从画面左向右滚动的毛线球并按住,0,379_31-turkish-angora_09-drag-yarn-ball-and-catch_seed-0,4,4.0,24,480,832,15:26,9:16,drag_yarn_ball_and_catch.v1+cat_identity.v1,pending_model_validation,28bca6c6bf57016bcd61a0a983d4f65200e21c2ebdcf612f93be44a420970689,5b888bc1cdc661bc3b5760445027966ef8d36a31c447614acbd23d3ca6af442e,prompts/cat_identity.v1.json
380,380,../data_h3/cat_ids/31_土耳其安哥拉猫.png,Ref_drag_yarn_ball_and_catch_mirror.mp4,prepared/Ref_drag_yarn_ball_and_catch_mirror.motion.mp4,prompts/drag_yarn_ball_and_catch_mirror.v1.en.txt,31,31-turkish-angora,土耳其安哥拉猫,10,10-drag-yarn-ball-and-catch-mirror,drag_yarn_ball_and_catch_mirror,追扑从画面右向左滚动的毛线球并按住,0,380_31-turkish-angora_10-drag-yarn-ball-and-catch-mirror_seed-0,4,4.0,24,480,832,15:26,9:16,drag_yarn_ball_and_catch_mirror.v1+cat_identity.v1,pending_model_validation,d5cc54957d1f7285217fd4152ca48add3460217255e6606285caa5a541cf38e0,8b44957f6ebaca7c04c4a0af6bf4fbb65085b8ecf0acaf3433dc727a25b74982,prompts/cat_identity.v1.json
381,381,../data_h3/cat_ids/31_土耳其安哥拉猫.png,Ref_curl_up_and_lie_down.mp4,prepared/Ref_curl_up_and_lie_down.motion.mp4,prompts/curl_up_and_lie_down.v1.en.txt,31,31-turkish-angora,土耳其安哥拉猫,11,11-curl-up-and-lie-down,curl_up_and_lie_down,低头向画面左侧蜷卧并闭眼休息,0,381_31-turkish-angora_11-curl-up-and-lie-down_seed-0,4,4.0,24,480,832,15:26,9:16,curl_up_and_lie_down.v1+cat_identity.v1,pending_model_validation,da4a93100008fbb863c9c4a505c5014ed3f859bc8b5870cbad3179d577798856,8414a980252d2baee6444085d2755563b7e0ccb3a138027e7cc6c1233be766eb,prompts/cat_identity.v1.json
382,382,../data_h3/cat_ids/31_土耳其安哥拉猫.png,Ref_curl_up_and_lie_down_mirror.mp4,prepared/Ref_curl_up_and_lie_down_mirror.motion.mp4,prompts/curl_up_and_lie_down_mirror.v1.en.txt,31,31-turkish-angora,土耳其安哥拉猫,12,12-curl-up-and-lie-down-mirror,curl_up_and_lie_down_mirror,低头向画面右侧蜷卧并闭眼休息,0,382_31-turkish-angora_12-curl-up-and-lie-down-mirror_seed-0,4,4.0,24,480,832,15:26,9:16,curl_up_and_lie_down_mirror.v1+cat_identity.v1,pending_model_validation,083b254aef5f41ca69effaacf42e36ec38a4f1e07d639c30ceb39a2a516419db,5dcfd307dd80e4bd86fa73aff45f41f66eced8aba348a07f81f559f008a63527,prompts/cat_identity.v1.json
383,383,../data_h3/cat_ids/31_土耳其安哥拉猫.png,Ref_walk_forward_to_screen.mp4,prepared/Ref_walk_forward_to_screen.motion.mp4,prompts/walk_forward_to_screen.v1.en.txt,31,31-turkish-angora,土耳其安哥拉猫,13,13-walk-forward-to-screen,walk_forward_to_screen,起身向镜头走近并在近处站定,0,383_31-turkish-angora_13-walk-forward-to-screen_seed-0,4,4.041699,24,480,832,15:26,9:16,walk_forward_to_screen.v1+cat_identity.v1,pending_model_validation,0315c7778368cc92f3d1ee7bc03d5f25f338653d2c892618d1aeb7818ad3723c,b63a08fc2ef943e20b969f5567a1c9334a3d7ca21d68db70b052c4345a83014a,prompts/cat_identity.v1.json
384,384,../data_h3/cat_ids/32_土耳其梵猫.png,Ref_drag_ear.mp4,prepared/Ref_drag_ear.motion.mp4,prompts/drag_ear.v1.en.txt,32,32-turkish-van,土耳其梵猫,02,02-pull-left-ear,drag_ear,左前爪轻擦左耳与脸部后恢复坐姿,0,384_32-turkish-van_02-pull-left-ear_seed-0,4,4.0,24,480,832,15:26,9:16,drag_ear.v1+cat_identity.v1,pending_model_validation,fcdd325119077e6d6c91dc5d7a44863623b9b53685a9e64931f7f4f947300641,241a5d66949edcf078e592e2d02939921c2ff68968a95640d4e5a7e2c4fe75c1,prompts/cat_identity.v1.json
385,385,../data_h3/cat_ids/32_土耳其梵猫.png,Ref_drag_ear_mirror.mp4,prepared/Ref_drag_ear_mirror.motion.mp4,prompts/drag_ear_mirror.v1.en.txt,32,32-turkish-van,土耳其梵猫,03,03-drag-ear-mirror,drag_ear_mirror,右前爪轻擦右耳与脸部后恢复坐姿,0,385_32-turkish-van_03-drag-ear-mirror_seed-0,4,4.0,24,480,832,15:26,9:16,drag_ear_mirror.v1+cat_identity.v1,pending_model_validation,c9ab0c00ee3d1578af8995af2420cca0cf0540b0843fab4f1112bdc839685e5a,f5a0412ed913f5aad8bffb33c68c3b0ad7f4923f44f06370f768483b146897f4,prompts/cat_identity.v1.json
386,386,../data_h3/cat_ids/32_土耳其梵猫.png,Ref_cat_teaser1.mp4,prepared/Ref_cat_teaser1.motion.mp4,prompts/cat_teaser1.v1.en.txt,32,32-turkish-van,土耳其梵猫,04,04-cat-teaser1,cat_teaser1,左前爪坐姿拨打逗猫棒后注视玩具,0,386_32-turkish-van_04-cat-teaser1_seed-0,4,4.0,24,480,832,15:26,9:16,cat_teaser1.v1+cat_identity.v1,pending_model_validation,5aa5130e77ead9973f8729e98f2e43aa628b72f6ec9ee5e0b3276c70075fcd26,90ead0cb85338d88512f89fc4fdaa1599eaae717252a8a228289e47e9f7150f0,prompts/cat_identity.v1.json
387,387,../data_h3/cat_ids/32_土耳其梵猫.png,Ref_cat_teaser1_mirror.mp4,prepared/Ref_cat_teaser1_mirror.motion.mp4,prompts/cat_teaser1_mirror.v1.en.txt,32,32-turkish-van,土耳其梵猫,05,05-cat-teaser1-mirror,cat_teaser1_mirror,右前爪坐姿拨打逗猫棒后注视玩具,0,387_32-turkish-van_05-cat-teaser1-mirror_seed-0,4,4.0,24,480,832,15:26,9:16,cat_teaser1_mirror.v1+cat_identity.v1,pending_model_validation,dc37511c52f6867385f61bdd8688b9544bf4fee3edee8a775a2890259fc55db6,af450da4b11a442fbb8dc3b090842b494306a33800841e4f3ac9399fb1a3e695,prompts/cat_identity.v1.json
388,388,../data_h3/cat_ids/32_土耳其梵猫.png,Ref_cat_teaser2.mp4,prepared/Ref_cat_teaser2.motion.mp4,prompts/cat_teaser2.v1.en.txt,32,32-turkish-van,土耳其梵猫,06,06-cat-teaser2,cat_teaser2,起身向画面右侧追拍逗猫棒并站定,0,388_32-turkish-van_06-cat-teaser2_seed-0,4,4.0,24,480,832,15:26,9:16,cat_teaser2.v1+cat_identity.v1,pending_model_validation,1003054a8ccc1fba930805a2ee7602c4a28aba80923d6bc7347d184ef088f77f,a8c95e9c38443d4d231086357cb356e7c98cb2af1a6bfa216feae39e945cc0ec,prompts/cat_identity.v1.json
389,389,../data_h3/cat_ids/32_土耳其梵猫.png,Ref_cat_teaser2_mirror.mp4,prepared/Ref_cat_teaser2_mirror.motion.mp4,prompts/cat_teaser2_mirror.v1.en.txt,32,32-turkish-van,土耳其梵猫,07,07-cat-teaser2-mirror,cat_teaser2_mirror,起身向画面左侧追拍逗猫棒并站定,0,389_32-turkish-van_07-cat-teaser2-mirror_seed-0,4,4.0,24,480,832,15:26,9:16,cat_teaser2_mirror.v1+cat_identity.v1,pending_model_validation,0047f2e80dda6e58039913339c00793a3add539290d58f02cfab8309b59e927c,7d4ae2310b662639649d68fa4f699951317c36f76eb715534248659d1924613d,prompts/cat_identity.v1.json
390,390,../data_h3/cat_ids/32_土耳其梵猫.png,Ref_cat_teaser3.mp4,prepared/Ref_cat_teaser3.motion.mp4,prompts/cat_teaser3.v1.en.txt,32,32-turkish-van,土耳其梵猫,08,08-cat-teaser3,cat_teaser3,双前爪抬起抓扑逗猫棒后落地坐定,0,390_32-turkish-van_08-cat-teaser3_seed-0,4,4.0,24,480,832,15:26,9:16,cat_teaser3.v1+cat_identity.v1,pending_model_validation,392a768191b6c0bbe9db48dcc3b323b6b624be5ce1bb81bf6b674fb8f9fd66cd,71df79527a94810bcacebc9cb956fa137c891a4ed437386697434b19c5fbb7ce,prompts/cat_identity.v1.json
391,391,../data_h3/cat_ids/32_土耳其梵猫.png,Ref_drag_yarn_ball_and_catch.mp4,prepared/Ref_drag_yarn_ball_and_catch.motion.mp4,prompts/drag_yarn_ball_and_catch.v1.en.txt,32,32-turkish-van,土耳其梵猫,09,09-drag-yarn-ball-and-catch,drag_yarn_ball_and_catch,追扑从画面左向右滚动的毛线球并按住,0,391_32-turkish-van_09-drag-yarn-ball-and-catch_seed-0,4,4.0,24,480,832,15:26,9:16,drag_yarn_ball_and_catch.v1+cat_identity.v1,pending_model_validation,88eaa38ce68fdd57a8621c09fab34515f4512a188918ad59bad93f2edc9e2fa9,5b888bc1cdc661bc3b5760445027966ef8d36a31c447614acbd23d3ca6af442e,prompts/cat_identity.v1.json
392,392,../data_h3/cat_ids/32_土耳其梵猫.png,Ref_drag_yarn_ball_and_catch_mirror.mp4,prepared/Ref_drag_yarn_ball_and_catch_mirror.motion.mp4,prompts/drag_yarn_ball_and_catch_mirror.v1.en.txt,32,32-turkish-van,土耳其梵猫,10,10-drag-yarn-ball-and-catch-mirror,drag_yarn_ball_and_catch_mirror,追扑从画面右向左滚动的毛线球并按住,0,392_32-turkish-van_10-drag-yarn-ball-and-catch-mirror_seed-0,4,4.0,24,480,832,15:26,9:16,drag_yarn_ball_and_catch_mirror.v1+cat_identity.v1,pending_model_validation,b60d0884e63a9249b41c6dfce9e3ec062a88469dd3783ab9fc6feba19b22302c,8b44957f6ebaca7c04c4a0af6bf4fbb65085b8ecf0acaf3433dc727a25b74982,prompts/cat_identity.v1.json
393,393,../data_h3/cat_ids/32_土耳其梵猫.png,Ref_curl_up_and_lie_down.mp4,prepared/Ref_curl_up_and_lie_down.motion.mp4,prompts/curl_up_and_lie_down.v1.en.txt,32,32-turkish-van,土耳其梵猫,11,11-curl-up-and-lie-down,curl_up_and_lie_down,低头向画面左侧蜷卧并闭眼休息,0,393_32-turkish-van_11-curl-up-and-lie-down_seed-0,4,4.0,24,480,832,15:26,9:16,curl_up_and_lie_down.v1+cat_identity.v1,pending_model_validation,ccbe024120e4bb5ed18019a5794ead271b0ddc0a041f291c1a7612dc5807f1c8,8414a980252d2baee6444085d2755563b7e0ccb3a138027e7cc6c1233be766eb,prompts/cat_identity.v1.json
394,394,../data_h3/cat_ids/32_土耳其梵猫.png,Ref_curl_up_and_lie_down_mirror.mp4,prepared/Ref_curl_up_and_lie_down_mirror.motion.mp4,prompts/curl_up_and_lie_down_mirror.v1.en.txt,32,32-turkish-van,土耳其梵猫,12,12-curl-up-and-lie-down-mirror,curl_up_and_lie_down_mirror,低头向画面右侧蜷卧并闭眼休息,0,394_32-turkish-van_12-curl-up-and-lie-down-mirror_seed-0,4,4.0,24,480,832,15:26,9:16,curl_up_and_lie_down_mirror.v1+cat_identity.v1,pending_model_validation,e328dc7086e8934906994cd2987813fc7ce9683c30c320dbbcbe90ca13043119,5dcfd307dd80e4bd86fa73aff45f41f66eced8aba348a07f81f559f008a63527,prompts/cat_identity.v1.json
395,395,../data_h3/cat_ids/32_土耳其梵猫.png,Ref_walk_forward_to_screen.mp4,prepared/Ref_walk_forward_to_screen.motion.mp4,prompts/walk_forward_to_screen.v1.en.txt,32,32-turkish-van,土耳其梵猫,13,13-walk-forward-to-screen,walk_forward_to_screen,起身向镜头走近并在近处站定,0,395_32-turkish-van_13-walk-forward-to-screen_seed-0,4,4.041699,24,480,832,15:26,9:16,walk_forward_to_screen.v1+cat_identity.v1,pending_model_validation,30b3e1bb6c5817b911ff465bc21164b539aac876e483df0d3ae36694b5379cab,b63a08fc2ef943e20b969f5567a1c9334a3d7ca21d68db70b052c4345a83014a,prompts/cat_identity.v1.json
396,396,../data_h3/cat_ids/33_喜马拉雅猫火焰重点色.png,Ref_drag_ear.mp4,prepared/Ref_drag_ear.motion.mp4,prompts/drag_ear.v1.en.txt,33,33-himalayan-flame-point,喜马拉雅猫火焰重点色,02,02-pull-left-ear,drag_ear,左前爪轻擦左耳与脸部后恢复坐姿,0,396_33-himalayan-flame-point_02-pull-left-ear_seed-0,4,4.0,24,480,832,15:26,9:16,drag_ear.v1+cat_identity.v1,pending_model_validation,f7dadc3f398feeb3945db22a3e11943cd84d6c1d9262e6d52fc0ab251e032fa1,241a5d66949edcf078e592e2d02939921c2ff68968a95640d4e5a7e2c4fe75c1,prompts/cat_identity.v1.json
397,397,../data_h3/cat_ids/33_喜马拉雅猫火焰重点色.png,Ref_drag_ear_mirror.mp4,prepared/Ref_drag_ear_mirror.motion.mp4,prompts/drag_ear_mirror.v1.en.txt,33,33-himalayan-flame-point,喜马拉雅猫火焰重点色,03,03-drag-ear-mirror,drag_ear_mirror,右前爪轻擦右耳与脸部后恢复坐姿,0,397_33-himalayan-flame-point_03-drag-ear-mirror_seed-0,4,4.0,24,480,832,15:26,9:16,drag_ear_mirror.v1+cat_identity.v1,pending_model_validation,5f066cc26c1705fbd03fa9f0736cec6f4d61f8fe89ffae4193290a6441416f3f,f5a0412ed913f5aad8bffb33c68c3b0ad7f4923f44f06370f768483b146897f4,prompts/cat_identity.v1.json
398,398,../data_h3/cat_ids/33_喜马拉雅猫火焰重点色.png,Ref_cat_teaser1.mp4,prepared/Ref_cat_teaser1.motion.mp4,prompts/cat_teaser1.v1.en.txt,33,33-himalayan-flame-point,喜马拉雅猫火焰重点色,04,04-cat-teaser1,cat_teaser1,左前爪坐姿拨打逗猫棒后注视玩具,0,398_33-himalayan-flame-point_04-cat-teaser1_seed-0,4,4.0,24,480,832,15:26,9:16,cat_teaser1.v1+cat_identity.v1,pending_model_validation,7f69a25190d1cb788bf720362d817672d1096c639e2de608abfd7ed2ea1fd5e4,90ead0cb85338d88512f89fc4fdaa1599eaae717252a8a228289e47e9f7150f0,prompts/cat_identity.v1.json
399,399,../data_h3/cat_ids/33_喜马拉雅猫火焰重点色.png,Ref_cat_teaser1_mirror.mp4,prepared/Ref_cat_teaser1_mirror.motion.mp4,prompts/cat_teaser1_mirror.v1.en.txt,33,33-himalayan-flame-point,喜马拉雅猫火焰重点色,05,05-cat-teaser1-mirror,cat_teaser1_mirror,右前爪坐姿拨打逗猫棒后注视玩具,0,399_33-himalayan-flame-point_05-cat-teaser1-mirror_seed-0,4,4.0,24,480,832,15:26,9:16,cat_teaser1_mirror.v1+cat_identity.v1,pending_model_validation,2f8ce3e789a40540ed3c090acf9225bbb0087d0038d73b5f310bbd9539b29a42,af450da4b11a442fbb8dc3b090842b494306a33800841e4f3ac9399fb1a3e695,prompts/cat_identity.v1.json
400,400,../data_h3/cat_ids/33_喜马拉雅猫火焰重点色.png,Ref_cat_teaser2.mp4,prepared/Ref_cat_teaser2.motion.mp4,prompts/cat_teaser2.v1.en.txt,33,33-himalayan-flame-point,喜马拉雅猫火焰重点色,06,06-cat-teaser2,cat_teaser2,起身向画面右侧追拍逗猫棒并站定,0,400_33-himalayan-flame-point_06-cat-teaser2_seed-0,4,4.0,24,480,832,15:26,9:16,cat_teaser2.v1+cat_identity.v1,pending_model_validation,6a7ed160321ff3c5c34cb48ec34265aed99c49a22c0db32247760983ece08354,a8c95e9c38443d4d231086357cb356e7c98cb2af1a6bfa216feae39e945cc0ec,prompts/cat_identity.v1.json
401,401,../data_h3/cat_ids/33_喜马拉雅猫火焰重点色.png,Ref_cat_teaser2_mirror.mp4,prepared/Ref_cat_teaser2_mirror.motion.mp4,prompts/cat_teaser2_mirror.v1.en.txt,33,33-himalayan-flame-point,喜马拉雅猫火焰重点色,07,07-cat-teaser2-mirror,cat_teaser2_mirror,起身向画面左侧追拍逗猫棒并站定,0,401_33-himalayan-flame-point_07-cat-teaser2-mirror_seed-0,4,4.0,24,480,832,15:26,9:16,cat_teaser2_mirror.v1+cat_identity.v1,pending_model_validation,5608fe94e5b14bebc02d71e2a344726db51c7fb77a554504a07d7104bd741656,7d4ae2310b662639649d68fa4f699951317c36f76eb715534248659d1924613d,prompts/cat_identity.v1.json
402,402,../data_h3/cat_ids/33_喜马拉雅猫火焰重点色.png,Ref_cat_teaser3.mp4,prepared/Ref_cat_teaser3.motion.mp4,prompts/cat_teaser3.v1.en.txt,33,33-himalayan-flame-point,喜马拉雅猫火焰重点色,08,08-cat-teaser3,cat_teaser3,双前爪抬起抓扑逗猫棒后落地坐定,0,402_33-himalayan-flame-point_08-cat-teaser3_seed-0,4,4.0,24,480,832,15:26,9:16,cat_teaser3.v1+cat_identity.v1,pending_model_validation,726beb2a7a840bcbf75b5ff47d55d939e35af9e334838b60668d6cbb135dbff0,71df79527a94810bcacebc9cb956fa137c891a4ed437386697434b19c5fbb7ce,prompts/cat_identity.v1.json
403,403,../data_h3/cat_ids/33_喜马拉雅猫火焰重点色.png,Ref_drag_yarn_ball_and_catch.mp4,prepared/Ref_drag_yarn_ball_and_catch.motion.mp4,prompts/drag_yarn_ball_and_catch.v1.en.txt,33,33-himalayan-flame-point,喜马拉雅猫火焰重点色,09,09-drag-yarn-ball-and-catch,drag_yarn_ball_and_catch,追扑从画面左向右滚动的毛线球并按住,0,403_33-himalayan-flame-point_09-drag-yarn-ball-and-catch_seed-0,4,4.0,24,480,832,15:26,9:16,drag_yarn_ball_and_catch.v1+cat_identity.v1,pending_model_validation,c8a6a65cba804a15304cb6aec6ff573ec3cbd0c53d8723b8ff656acd7b2275f0,5b888bc1cdc661bc3b5760445027966ef8d36a31c447614acbd23d3ca6af442e,prompts/cat_identity.v1.json
404,404,../data_h3/cat_ids/33_喜马拉雅猫火焰重点色.png,Ref_drag_yarn_ball_and_catch_mirror.mp4,prepared/Ref_drag_yarn_ball_and_catch_mirror.motion.mp4,prompts/drag_yarn_ball_and_catch_mirror.v1.en.txt,33,33-himalayan-flame-point,喜马拉雅猫火焰重点色,10,10-drag-yarn-ball-and-catch-mirror,drag_yarn_ball_and_catch_mirror,追扑从画面右向左滚动的毛线球并按住,0,404_33-himalayan-flame-point_10-drag-yarn-ball-and-catch-mirror_seed-0,4,4.0,24,480,832,15:26,9:16,drag_yarn_ball_and_catch_mirror.v1+cat_identity.v1,pending_model_validation,7b74e4215b84984fa3876f6436905dd2865acb7b273b6678fb3c46aa80223a32,8b44957f6ebaca7c04c4a0af6bf4fbb65085b8ecf0acaf3433dc727a25b74982,prompts/cat_identity.v1.json
405,405,../data_h3/cat_ids/33_喜马拉雅猫火焰重点色.png,Ref_curl_up_and_lie_down.mp4,prepared/Ref_curl_up_and_lie_down.motion.mp4,prompts/curl_up_and_lie_down.v1.en.txt,33,33-himalayan-flame-point,喜马拉雅猫火焰重点色,11,11-curl-up-and-lie-down,curl_up_and_lie_down,低头向画面左侧蜷卧并闭眼休息,0,405_33-himalayan-flame-point_11-curl-up-and-lie-down_seed-0,4,4.0,24,480,832,15:26,9:16,curl_up_and_lie_down.v1+cat_identity.v1,pending_model_validation,5a86335a839ad95e5309af064add9462062098995147069dbfe028d837b547ee,8414a980252d2baee6444085d2755563b7e0ccb3a138027e7cc6c1233be766eb,prompts/cat_identity.v1.json
406,406,../data_h3/cat_ids/33_喜马拉雅猫火焰重点色.png,Ref_curl_up_and_lie_down_mirror.mp4,prepared/Ref_curl_up_and_lie_down_mirror.motion.mp4,prompts/curl_up_and_lie_down_mirror.v1.en.txt,33,33-himalayan-flame-point,喜马拉雅猫火焰重点色,12,12-curl-up-and-lie-down-mirror,curl_up_and_lie_down_mirror,低头向画面右侧蜷卧并闭眼休息,0,406_33-himalayan-flame-point_12-curl-up-and-lie-down-mirror_seed-0,4,4.0,24,480,832,15:26,9:16,curl_up_and_lie_down_mirror.v1+cat_identity.v1,pending_model_validation,a5564d21c64b6a0c37b0aaa5e4785106636862927bc976d645286a5ef498daaf,5dcfd307dd80e4bd86fa73aff45f41f66eced8aba348a07f81f559f008a63527,prompts/cat_identity.v1.json
407,407,../data_h3/cat_ids/33_喜马拉雅猫火焰重点色.png,Ref_walk_forward_to_screen.mp4,prepared/Ref_walk_forward_to_screen.motion.mp4,prompts/walk_forward_to_screen.v1.en.txt,33,33-himalayan-flame-point,喜马拉雅猫火焰重点色,13,13-walk-forward-to-screen,walk_forward_to_screen,起身向镜头走近并在近处站定,0,407_33-himalayan-flame-point_13-walk-forward-to-screen_seed-0,4,4.041699,24,480,832,15:26,9:16,walk_forward_to_screen.v1+cat_identity.v1,pending_model_validation,61edf5439039060861911a75f37ccb551593ce9e60ec07626a7c93c76e52ff5e,b63a08fc2ef943e20b969f5567a1c9334a3d7ca21d68db70b052c4345a83014a,prompts/cat_identity.v1.json
408,408,../data_h3/cat_ids/34_暹罗猫海豹重点色.png,Ref_drag_ear.mp4,prepared/Ref_drag_ear.motion.mp4,prompts/drag_ear.v1.en.txt,34,34-siamese-seal-point,暹罗猫海豹重点色,02,02-pull-left-ear,drag_ear,左前爪轻擦左耳与脸部后恢复坐姿,0,408_34-siamese-seal-point_02-pull-left-ear_seed-0,4,4.0,24,480,832,15:26,9:16,drag_ear.v1+cat_identity.v1,pending_model_validation,2967cd2e671e9464eefe73e603a7760db1431180607f354bd4721a80ee734da0,241a5d66949edcf078e592e2d02939921c2ff68968a95640d4e5a7e2c4fe75c1,prompts/cat_identity.v1.json
409,409,../data_h3/cat_ids/34_暹罗猫海豹重点色.png,Ref_drag_ear_mirror.mp4,prepared/Ref_drag_ear_mirror.motion.mp4,prompts/drag_ear_mirror.v1.en.txt,34,34-siamese-seal-point,暹罗猫海豹重点色,03,03-drag-ear-mirror,drag_ear_mirror,右前爪轻擦右耳与脸部后恢复坐姿,0,409_34-siamese-seal-point_03-drag-ear-mirror_seed-0,4,4.0,24,480,832,15:26,9:16,drag_ear_mirror.v1+cat_identity.v1,pending_model_validation,7655c077ab21ee9c44b56ba8157c2039141b088b5da5b4bdd387de67cefdd885,f5a0412ed913f5aad8bffb33c68c3b0ad7f4923f44f06370f768483b146897f4,prompts/cat_identity.v1.json
410,410,../data_h3/cat_ids/34_暹罗猫海豹重点色.png,Ref_cat_teaser1.mp4,prepared/Ref_cat_teaser1.motion.mp4,prompts/cat_teaser1.v1.en.txt,34,34-siamese-seal-point,暹罗猫海豹重点色,04,04-cat-teaser1,cat_teaser1,左前爪坐姿拨打逗猫棒后注视玩具,0,410_34-siamese-seal-point_04-cat-teaser1_seed-0,4,4.0,24,480,832,15:26,9:16,cat_teaser1.v1+cat_identity.v1,pending_model_validation,a610b1571abb4b805e4766e89c740b97995ccc4c43c76ae38c9706057e781e81,90ead0cb85338d88512f89fc4fdaa1599eaae717252a8a228289e47e9f7150f0,prompts/cat_identity.v1.json
411,411,../data_h3/cat_ids/34_暹罗猫海豹重点色.png,Ref_cat_teaser1_mirror.mp4,prepared/Ref_cat_teaser1_mirror.motion.mp4,prompts/cat_teaser1_mirror.v1.en.txt,34,34-siamese-seal-point,暹罗猫海豹重点色,05,05-cat-teaser1-mirror,cat_teaser1_mirror,右前爪坐姿拨打逗猫棒后注视玩具,0,411_34-siamese-seal-point_05-cat-teaser1-mirror_seed-0,4,4.0,24,480,832,15:26,9:16,cat_teaser1_mirror.v1+cat_identity.v1,pending_model_validation,9fdc2f3327d8ed4b6b57f4d224c8a1b434925536d0db7e2daffa0f579498fa45,af450da4b11a442fbb8dc3b090842b494306a33800841e4f3ac9399fb1a3e695,prompts/cat_identity.v1.json
412,412,../data_h3/cat_ids/34_暹罗猫海豹重点色.png,Ref_cat_teaser2.mp4,prepared/Ref_cat_teaser2.motion.mp4,prompts/cat_teaser2.v1.en.txt,34,34-siamese-seal-point,暹罗猫海豹重点色,06,06-cat-teaser2,cat_teaser2,起身向画面右侧追拍逗猫棒并站定,0,412_34-siamese-seal-point_06-cat-teaser2_seed-0,4,4.0,24,480,832,15:26,9:16,cat_teaser2.v1+cat_identity.v1,pending_model_validation,b8fe32285626eeac7aacbdb23c871c8b207454b8d3dd0ab874acb81cb7613bcd,a8c95e9c38443d4d231086357cb356e7c98cb2af1a6bfa216feae39e945cc0ec,prompts/cat_identity.v1.json
413,413,../data_h3/cat_ids/34_暹罗猫海豹重点色.png,Ref_cat_teaser2_mirror.mp4,prepared/Ref_cat_teaser2_mirror.motion.mp4,prompts/cat_teaser2_mirror.v1.en.txt,34,34-siamese-seal-point,暹罗猫海豹重点色,07,07-cat-teaser2-mirror,cat_teaser2_mirror,起身向画面左侧追拍逗猫棒并站定,0,413_34-siamese-seal-point_07-cat-teaser2-mirror_seed-0,4,4.0,24,480,832,15:26,9:16,cat_teaser2_mirror.v1+cat_identity.v1,pending_model_validation,ed27f4a25713de1e622c18bc20d142ca89daac292877abc4c57e3e55511236a7,7d4ae2310b662639649d68fa4f699951317c36f76eb715534248659d1924613d,prompts/cat_identity.v1.json
414,414,../data_h3/cat_ids/34_暹罗猫海豹重点色.png,Ref_cat_teaser3.mp4,prepared/Ref_cat_teaser3.motion.mp4,prompts/cat_teaser3.v1.en.txt,34,34-siamese-seal-point,暹罗猫海豹重点色,08,08-cat-teaser3,cat_teaser3,双前爪抬起抓扑逗猫棒后落地坐定,0,414_34-siamese-seal-point_08-cat-teaser3_seed-0,4,4.0,24,480,832,15:26,9:16,cat_teaser3.v1+cat_identity.v1,pending_model_validation,473047bde9f752c686d9a6c8e1836bee5964873bb8c7815cc2c7c359a513aa8a,71df79527a94810bcacebc9cb956fa137c891a4ed437386697434b19c5fbb7ce,prompts/cat_identity.v1.json
415,415,../data_h3/cat_ids/34_暹罗猫海豹重点色.png,Ref_drag_yarn_ball_and_catch.mp4,prepared/Ref_drag_yarn_ball_and_catch.motion.mp4,prompts/drag_yarn_ball_and_catch.v1.en.txt,34,34-siamese-seal-point,暹罗猫海豹重点色,09,09-drag-yarn-ball-and-catch,drag_yarn_ball_and_catch,追扑从画面左向右滚动的毛线球并按住,0,415_34-siamese-seal-point_09-drag-yarn-ball-and-catch_seed-0,4,4.0,24,480,832,15:26,9:16,drag_yarn_ball_and_catch.v1+cat_identity.v1,pending_model_validation,dc4251485f8850bfc5b88870f78f5afb5d2587a231986efc0266d615a173ad70,5b888bc1cdc661bc3b5760445027966ef8d36a31c447614acbd23d3ca6af442e,prompts/cat_identity.v1.json
416,416,../data_h3/cat_ids/34_暹罗猫海豹重点色.png,Ref_drag_yarn_ball_and_catch_mirror.mp4,prepared/Ref_drag_yarn_ball_and_catch_mirror.motion.mp4,prompts/drag_yarn_ball_and_catch_mirror.v1.en.txt,34,34-siamese-seal-point,暹罗猫海豹重点色,10,10-drag-yarn-ball-and-catch-mirror,drag_yarn_ball_and_catch_mirror,追扑从画面右向左滚动的毛线球并按住,0,416_34-siamese-seal-point_10-drag-yarn-ball-and-catch-mirror_seed-0,4,4.0,24,480,832,15:26,9:16,drag_yarn_ball_and_catch_mirror.v1+cat_identity.v1,pending_model_validation,a257b59478f8ff6c8645ffb6ffca862199f9b7f3671de1518b288cfd61cf4822,8b44957f6ebaca7c04c4a0af6bf4fbb65085b8ecf0acaf3433dc727a25b74982,prompts/cat_identity.v1.json
417,417,../data_h3/cat_ids/34_暹罗猫海豹重点色.png,Ref_curl_up_and_lie_down.mp4,prepared/Ref_curl_up_and_lie_down.motion.mp4,prompts/curl_up_and_lie_down.v1.en.txt,34,34-siamese-seal-point,暹罗猫海豹重点色,11,11-curl-up-and-lie-down,curl_up_and_lie_down,低头向画面左侧蜷卧并闭眼休息,0,417_34-siamese-seal-point_11-curl-up-and-lie-down_seed-0,4,4.0,24,480,832,15:26,9:16,curl_up_and_lie_down.v1+cat_identity.v1,pending_model_validation,436c6903993200e06b96b3939badf52430b766d6ba9d5c364c6b6d9a9a324dfd,8414a980252d2baee6444085d2755563b7e0ccb3a138027e7cc6c1233be766eb,prompts/cat_identity.v1.json
418,418,../data_h3/cat_ids/34_暹罗猫海豹重点色.png,Ref_curl_up_and_lie_down_mirror.mp4,prepared/Ref_curl_up_and_lie_down_mirror.motion.mp4,prompts/curl_up_and_lie_down_mirror.v1.en.txt,34,34-siamese-seal-point,暹罗猫海豹重点色,12,12-curl-up-and-lie-down-mirror,curl_up_and_lie_down_mirror,低头向画面右侧蜷卧并闭眼休息,0,418_34-siamese-seal-point_12-curl-up-and-lie-down-mirror_seed-0,4,4.0,24,480,832,15:26,9:16,curl_up_and_lie_down_mirror.v1+cat_identity.v1,pending_model_validation,3314d1bf420284de64d1a3c41cc349ef431e9d0ef41b763fb57df98397afb72b,5dcfd307dd80e4bd86fa73aff45f41f66eced8aba348a07f81f559f008a63527,prompts/cat_identity.v1.json
419,419,../data_h3/cat_ids/34_暹罗猫海豹重点色.png,Ref_walk_forward_to_screen.mp4,prepared/Ref_walk_forward_to_screen.motion.mp4,prompts/walk_forward_to_screen.v1.en.txt,34,34-siamese-seal-point,暹罗猫海豹重点色,13,13-walk-forward-to-screen,walk_forward_to_screen,起身向镜头走近并在近处站定,0,419_34-siamese-seal-point_13-walk-forward-to-screen_seed-0,4,4.041699,24,480,832,15:26,9:16,walk_forward_to_screen.v1+cat_identity.v1,pending_model_validation,41bdcaef78ad50398a246c6fdcf199e460558233dbfb18b0ec374a5e460e9500,b63a08fc2ef943e20b969f5567a1c9334a3d7ca21d68db70b052c4345a83014a,prompts/cat_identity.v1.json
420,420,../data_h3/cat_ids/35_巴厘猫海豹重点色.png,Ref_drag_ear.mp4,prepared/Ref_drag_ear.motion.mp4,prompts/drag_ear.v1.en.txt,35,35-balinese-seal-point,巴厘猫海豹重点色,02,02-pull-left-ear,drag_ear,左前爪轻擦左耳与脸部后恢复坐姿,0,420_35-balinese-seal-point_02-pull-left-ear_seed-0,4,4.0,24,480,832,15:26,9:16,drag_ear.v1+cat_identity.v1,pending_model_validation,012cf58747ed03e8e1ebb069725ed573d473186f548bcd034a94ebf0eb13f5c6,241a5d66949edcf078e592e2d02939921c2ff68968a95640d4e5a7e2c4fe75c1,prompts/cat_identity.v1.json
421,421,../data_h3/cat_ids/35_巴厘猫海豹重点色.png,Ref_drag_ear_mirror.mp4,prepared/Ref_drag_ear_mirror.motion.mp4,prompts/drag_ear_mirror.v1.en.txt,35,35-balinese-seal-point,巴厘猫海豹重点色,03,03-drag-ear-mirror,drag_ear_mirror,右前爪轻擦右耳与脸部后恢复坐姿,0,421_35-balinese-seal-point_03-drag-ear-mirror_seed-0,4,4.0,24,480,832,15:26,9:16,drag_ear_mirror.v1+cat_identity.v1,pending_model_validation,4324e9ce050f977349f0b2c3e5543b49ef951b6afe3ff31657c9ed61031dc9ea,f5a0412ed913f5aad8bffb33c68c3b0ad7f4923f44f06370f768483b146897f4,prompts/cat_identity.v1.json
422,422,../data_h3/cat_ids/35_巴厘猫海豹重点色.png,Ref_cat_teaser1.mp4,prepared/Ref_cat_teaser1.motion.mp4,prompts/cat_teaser1.v1.en.txt,35,35-balinese-seal-point,巴厘猫海豹重点色,04,04-cat-teaser1,cat_teaser1,左前爪坐姿拨打逗猫棒后注视玩具,0,422_35-balinese-seal-point_04-cat-teaser1_seed-0,4,4.0,24,480,832,15:26,9:16,cat_teaser1.v1+cat_identity.v1,pending_model_validation,35e7d34e1a26428b489496bbbd3f03954731161c23651120b3ba8e25bb783e74,90ead0cb85338d88512f89fc4fdaa1599eaae717252a8a228289e47e9f7150f0,prompts/cat_identity.v1.json
423,423,../data_h3/cat_ids/35_巴厘猫海豹重点色.png,Ref_cat_teaser1_mirror.mp4,prepared/Ref_cat_teaser1_mirror.motion.mp4,prompts/cat_teaser1_mirror.v1.en.txt,35,35-balinese-seal-point,巴厘猫海豹重点色,05,05-cat-teaser1-mirror,cat_teaser1_mirror,右前爪坐姿拨打逗猫棒后注视玩具,0,423_35-balinese-seal-point_05-cat-teaser1-mirror_seed-0,4,4.0,24,480,832,15:26,9:16,cat_teaser1_mirror.v1+cat_identity.v1,pending_model_validation,6763bcef4c2d0c17c0304d625ca5277a61a8de7d102237ae5ca90a0a8f484ded,af450da4b11a442fbb8dc3b090842b494306a33800841e4f3ac9399fb1a3e695,prompts/cat_identity.v1.json
424,424,../data_h3/cat_ids/35_巴厘猫海豹重点色.png,Ref_cat_teaser2.mp4,prepared/Ref_cat_teaser2.motion.mp4,prompts/cat_teaser2.v1.en.txt,35,35-balinese-seal-point,巴厘猫海豹重点色,06,06-cat-teaser2,cat_teaser2,起身向画面右侧追拍逗猫棒并站定,0,424_35-balinese-seal-point_06-cat-teaser2_seed-0,4,4.0,24,480,832,15:26,9:16,cat_teaser2.v1+cat_identity.v1,pending_model_validation,24a3a8aac69087bcbf5477764aa905185ece471822717500a892cfc1b0bd583e,a8c95e9c38443d4d231086357cb356e7c98cb2af1a6bfa216feae39e945cc0ec,prompts/cat_identity.v1.json
425,425,../data_h3/cat_ids/35_巴厘猫海豹重点色.png,Ref_cat_teaser2_mirror.mp4,prepared/Ref_cat_teaser2_mirror.motion.mp4,prompts/cat_teaser2_mirror.v1.en.txt,35,35-balinese-seal-point,巴厘猫海豹重点色,07,07-cat-teaser2-mirror,cat_teaser2_mirror,起身向画面左侧追拍逗猫棒并站定,0,425_35-balinese-seal-point_07-cat-teaser2-mirror_seed-0,4,4.0,24,480,832,15:26,9:16,cat_teaser2_mirror.v1+cat_identity.v1,pending_model_validation,ca76be3f287c8fe70f581ca4a835fee9f56d53c75d5eb693a6f3f4353bac3df3,7d4ae2310b662639649d68fa4f699951317c36f76eb715534248659d1924613d,prompts/cat_identity.v1.json
426,426,../data_h3/cat_ids/35_巴厘猫海豹重点色.png,Ref_cat_teaser3.mp4,prepared/Ref_cat_teaser3.motion.mp4,prompts/cat_teaser3.v1.en.txt,35,35-balinese-seal-point,巴厘猫海豹重点色,08,08-cat-teaser3,cat_teaser3,双前爪抬起抓扑逗猫棒后落地坐定,0,426_35-balinese-seal-point_08-cat-teaser3_seed-0,4,4.0,24,480,832,15:26,9:16,cat_teaser3.v1+cat_identity.v1,pending_model_validation,46608a4dbfcfe9301e4d39de4e6730e7b3dc92ab8bc31a6ee6474ef02631b95a,71df79527a94810bcacebc9cb956fa137c891a4ed437386697434b19c5fbb7ce,prompts/cat_identity.v1.json
427,427,../data_h3/cat_ids/35_巴厘猫海豹重点色.png,Ref_drag_yarn_ball_and_catch.mp4,prepared/Ref_drag_yarn_ball_and_catch.motion.mp4,prompts/drag_yarn_ball_and_catch.v1.en.txt,35,35-balinese-seal-point,巴厘猫海豹重点色,09,09-drag-yarn-ball-and-catch,drag_yarn_ball_and_catch,追扑从画面左向右滚动的毛线球并按住,0,427_35-balinese-seal-point_09-drag-yarn-ball-and-catch_seed-0,4,4.0,24,480,832,15:26,9:16,drag_yarn_ball_and_catch.v1+cat_identity.v1,pending_model_validation,402afeb3696b4e9ebf59ceb7cee00a3c94b5405a36df2ace5cff492176c155d8,5b888bc1cdc661bc3b5760445027966ef8d36a31c447614acbd23d3ca6af442e,prompts/cat_identity.v1.json
428,428,../data_h3/cat_ids/35_巴厘猫海豹重点色.png,Ref_drag_yarn_ball_and_catch_mirror.mp4,prepared/Ref_drag_yarn_ball_and_catch_mirror.motion.mp4,prompts/drag_yarn_ball_and_catch_mirror.v1.en.txt,35,35-balinese-seal-point,巴厘猫海豹重点色,10,10-drag-yarn-ball-and-catch-mirror,drag_yarn_ball_and_catch_mirror,追扑从画面右向左滚动的毛线球并按住,0,428_35-balinese-seal-point_10-drag-yarn-ball-and-catch-mirror_seed-0,4,4.0,24,480,832,15:26,9:16,drag_yarn_ball_and_catch_mirror.v1+cat_identity.v1,pending_model_validation,e44336582eb072390f32fe0821579d3feefe2820398f278aa70b9e95c67f25f8,8b44957f6ebaca7c04c4a0af6bf4fbb65085b8ecf0acaf3433dc727a25b74982,prompts/cat_identity.v1.json
429,429,../data_h3/cat_ids/35_巴厘猫海豹重点色.png,Ref_curl_up_and_lie_down.mp4,prepared/Ref_curl_up_and_lie_down.motion.mp4,prompts/curl_up_and_lie_down.v1.en.txt,35,35-balinese-seal-point,巴厘猫海豹重点色,11,11-curl-up-and-lie-down,curl_up_and_lie_down,低头向画面左侧蜷卧并闭眼休息,0,429_35-balinese-seal-point_11-curl-up-and-lie-down_seed-0,4,4.0,24,480,832,15:26,9:16,curl_up_and_lie_down.v1+cat_identity.v1,pending_model_validation,8fb5ed17d8545ee69099fd3ba20db4a3779ea860279aac26ca6d4ddd2eca781c,8414a980252d2baee6444085d2755563b7e0ccb3a138027e7cc6c1233be766eb,prompts/cat_identity.v1.json
430,430,../data_h3/cat_ids/35_巴厘猫海豹重点色.png,Ref_curl_up_and_lie_down_mirror.mp4,prepared/Ref_curl_up_and_lie_down_mirror.motion.mp4,prompts/curl_up_and_lie_down_mirror.v1.en.txt,35,35-balinese-seal-point,巴厘猫海豹重点色,12,12-curl-up-and-lie-down-mirror,curl_up_and_lie_down_mirror,低头向画面右侧蜷卧并闭眼休息,0,430_35-balinese-seal-point_12-curl-up-and-lie-down-mirror_seed-0,4,4.0,24,480,832,15:26,9:16,curl_up_and_lie_down_mirror.v1+cat_identity.v1,pending_model_validation,6942f849ea5fac18d13cc75a2c6a8c504fa19fecfd6b779f5f9a1064035303e1,5dcfd307dd80e4bd86fa73aff45f41f66eced8aba348a07f81f559f008a63527,prompts/cat_identity.v1.json
431,431,../data_h3/cat_ids/35_巴厘猫海豹重点色.png,Ref_walk_forward_to_screen.mp4,prepared/Ref_walk_forward_to_screen.motion.mp4,prompts/walk_forward_to_screen.v1.en.txt,35,35-balinese-seal-point,巴厘猫海豹重点色,13,13-walk-forward-to-screen,walk_forward_to_screen,起身向镜头走近并在近处站定,0,431_35-balinese-seal-point_13-walk-forward-to-screen_seed-0,4,4.041699,24,480,832,15:26,9:16,walk_forward_to_screen.v1+cat_identity.v1,pending_model_validation,852351e64f02fbfbc25835b555416cc036c8802394f5469b5d77c8b8de3839e9,b63a08fc2ef943e20b969f5567a1c9334a3d7ca21d68db70b052c4345a83014a,prompts/cat_identity.v1.json
432,432,../data_h3/cat_ids/36_缅甸猫深褐色.png,Ref_drag_ear.mp4,prepared/Ref_drag_ear.motion.mp4,prompts/drag_ear.v1.en.txt,36,36-burmese-sable,缅甸猫深褐色,02,02-pull-left-ear,drag_ear,左前爪轻擦左耳与脸部后恢复坐姿,0,432_36-burmese-sable_02-pull-left-ear_seed-0,4,4.0,24,480,832,15:26,9:16,drag_ear.v1+cat_identity.v1,pending_model_validation,741fe1c47b90028fe669ef830103f05f9933b2275a7d1b5a55b995027232dd9e,241a5d66949edcf078e592e2d02939921c2ff68968a95640d4e5a7e2c4fe75c1,prompts/cat_identity.v1.json
433,433,../data_h3/cat_ids/36_缅甸猫深褐色.png,Ref_drag_ear_mirror.mp4,prepared/Ref_drag_ear_mirror.motion.mp4,prompts/drag_ear_mirror.v1.en.txt,36,36-burmese-sable,缅甸猫深褐色,03,03-drag-ear-mirror,drag_ear_mirror,右前爪轻擦右耳与脸部后恢复坐姿,0,433_36-burmese-sable_03-drag-ear-mirror_seed-0,4,4.0,24,480,832,15:26,9:16,drag_ear_mirror.v1+cat_identity.v1,pending_model_validation,0b9b5ae33a9da54272c5c70f844c71b7a4b1f0e364d63737d92b5e6195fffbe4,f5a0412ed913f5aad8bffb33c68c3b0ad7f4923f44f06370f768483b146897f4,prompts/cat_identity.v1.json
434,434,../data_h3/cat_ids/36_缅甸猫深褐色.png,Ref_cat_teaser1.mp4,prepared/Ref_cat_teaser1.motion.mp4,prompts/cat_teaser1.v1.en.txt,36,36-burmese-sable,缅甸猫深褐色,04,04-cat-teaser1,cat_teaser1,左前爪坐姿拨打逗猫棒后注视玩具,0,434_36-burmese-sable_04-cat-teaser1_seed-0,4,4.0,24,480,832,15:26,9:16,cat_teaser1.v1+cat_identity.v1,pending_model_validation,0acb056f3ce3a9eb4793ee6439d0dca4b4fa6fa5c44d7572e8e25f6a9bdb9857,90ead0cb85338d88512f89fc4fdaa1599eaae717252a8a228289e47e9f7150f0,prompts/cat_identity.v1.json
435,435,../data_h3/cat_ids/36_缅甸猫深褐色.png,Ref_cat_teaser1_mirror.mp4,prepared/Ref_cat_teaser1_mirror.motion.mp4,prompts/cat_teaser1_mirror.v1.en.txt,36,36-burmese-sable,缅甸猫深褐色,05,05-cat-teaser1-mirror,cat_teaser1_mirror,右前爪坐姿拨打逗猫棒后注视玩具,0,435_36-burmese-sable_05-cat-teaser1-mirror_seed-0,4,4.0,24,480,832,15:26,9:16,cat_teaser1_mirror.v1+cat_identity.v1,pending_model_validation,15a7b13f35920d891b2300ef1638d14a2d6648268ec15429b2c17ecc7b2b2b74,af450da4b11a442fbb8dc3b090842b494306a33800841e4f3ac9399fb1a3e695,prompts/cat_identity.v1.json
436,436,../data_h3/cat_ids/36_缅甸猫深褐色.png,Ref_cat_teaser2.mp4,prepared/Ref_cat_teaser2.motion.mp4,prompts/cat_teaser2.v1.en.txt,36,36-burmese-sable,缅甸猫深褐色,06,06-cat-teaser2,cat_teaser2,起身向画面右侧追拍逗猫棒并站定,0,436_36-burmese-sable_06-cat-teaser2_seed-0,4,4.0,24,480,832,15:26,9:16,cat_teaser2.v1+cat_identity.v1,pending_model_validation,9834f788bdf8385f52f18b6d78b323ba4fea00b8eeb2e2d94430a77363fe1197,a8c95e9c38443d4d231086357cb356e7c98cb2af1a6bfa216feae39e945cc0ec,prompts/cat_identity.v1.json
437,437,../data_h3/cat_ids/36_缅甸猫深褐色.png,Ref_cat_teaser2_mirror.mp4,prepared/Ref_cat_teaser2_mirror.motion.mp4,prompts/cat_teaser2_mirror.v1.en.txt,36,36-burmese-sable,缅甸猫深褐色,07,07-cat-teaser2-mirror,cat_teaser2_mirror,起身向画面左侧追拍逗猫棒并站定,0,437_36-burmese-sable_07-cat-teaser2-mirror_seed-0,4,4.0,24,480,832,15:26,9:16,cat_teaser2_mirror.v1+cat_identity.v1,pending_model_validation,18f5b440fcb8e50df36ce9b7ec47664139219daaf3570dbc46d34896454db165,7d4ae2310b662639649d68fa4f699951317c36f76eb715534248659d1924613d,prompts/cat_identity.v1.json
438,438,../data_h3/cat_ids/36_缅甸猫深褐色.png,Ref_cat_teaser3.mp4,prepared/Ref_cat_teaser3.motion.mp4,prompts/cat_teaser3.v1.en.txt,36,36-burmese-sable,缅甸猫深褐色,08,08-cat-teaser3,cat_teaser3,双前爪抬起抓扑逗猫棒后落地坐定,0,438_36-burmese-sable_08-cat-teaser3_seed-0,4,4.0,24,480,832,15:26,9:16,cat_teaser3.v1+cat_identity.v1,pending_model_validation,af3a1b00f3a625ac9f07d69aa60090a04e9beaee37434758b52c70ec010ac128,71df79527a94810bcacebc9cb956fa137c891a4ed437386697434b19c5fbb7ce,prompts/cat_identity.v1.json
439,439,../data_h3/cat_ids/36_缅甸猫深褐色.png,Ref_drag_yarn_ball_and_catch.mp4,prepared/Ref_drag_yarn_ball_and_catch.motion.mp4,prompts/drag_yarn_ball_and_catch.v1.en.txt,36,36-burmese-sable,缅甸猫深褐色,09,09-drag-yarn-ball-and-catch,drag_yarn_ball_and_catch,追扑从画面左向右滚动的毛线球并按住,0,439_36-burmese-sable_09-drag-yarn-ball-and-catch_seed-0,4,4.0,24,480,832,15:26,9:16,drag_yarn_ball_and_catch.v1+cat_identity.v1,pending_model_validation,a60517190c96da590823a9624ab6b22149530cec2525b5372345d7587e652f1a,5b888bc1cdc661bc3b5760445027966ef8d36a31c447614acbd23d3ca6af442e,prompts/cat_identity.v1.json
440,440,../data_h3/cat_ids/36_缅甸猫深褐色.png,Ref_drag_yarn_ball_and_catch_mirror.mp4,prepared/Ref_drag_yarn_ball_and_catch_mirror.motion.mp4,prompts/drag_yarn_ball_and_catch_mirror.v1.en.txt,36,36-burmese-sable,缅甸猫深褐色,10,10-drag-yarn-ball-and-catch-mirror,drag_yarn_ball_and_catch_mirror,追扑从画面右向左滚动的毛线球并按住,0,440_36-burmese-sable_10-drag-yarn-ball-and-catch-mirror_seed-0,4,4.0,24,480,832,15:26,9:16,drag_yarn_ball_and_catch_mirror.v1+cat_identity.v1,pending_model_validation,bfdf89d2cd7136838ffbbfb7eb520a76527ba3493ccff976c1f40b8604b50353,8b44957f6ebaca7c04c4a0af6bf4fbb65085b8ecf0acaf3433dc727a25b74982,prompts/cat_identity.v1.json
441,441,../data_h3/cat_ids/36_缅甸猫深褐色.png,Ref_curl_up_and_lie_down.mp4,prepared/Ref_curl_up_and_lie_down.motion.mp4,prompts/curl_up_and_lie_down.v1.en.txt,36,36-burmese-sable,缅甸猫深褐色,11,11-curl-up-and-lie-down,curl_up_and_lie_down,低头向画面左侧蜷卧并闭眼休息,0,441_36-burmese-sable_11-curl-up-and-lie-down_seed-0,4,4.0,24,480,832,15:26,9:16,curl_up_and_lie_down.v1+cat_identity.v1,pending_model_validation,4d0fefc0cb5f149f85a83ac1caaa195d262729e43dd3313e2677aaf9bc335c6e,8414a980252d2baee6444085d2755563b7e0ccb3a138027e7cc6c1233be766eb,prompts/cat_identity.v1.json
442,442,../data_h3/cat_ids/36_缅甸猫深褐色.png,Ref_curl_up_and_lie_down_mirror.mp4,prepared/Ref_curl_up_and_lie_down_mirror.motion.mp4,prompts/curl_up_and_lie_down_mirror.v1.en.txt,36,36-burmese-sable,缅甸猫深褐色,12,12-curl-up-and-lie-down-mirror,curl_up_and_lie_down_mirror,低头向画面右侧蜷卧并闭眼休息,0,442_36-burmese-sable_12-curl-up-and-lie-down-mirror_seed-0,4,4.0,24,480,832,15:26,9:16,curl_up_and_lie_down_mirror.v1+cat_identity.v1,pending_model_validation,f0494d74b26774675042861c9e9b0e42a354d28162ff8d9e34cd94f3dd9fd6db,5dcfd307dd80e4bd86fa73aff45f41f66eced8aba348a07f81f559f008a63527,prompts/cat_identity.v1.json
443,443,../data_h3/cat_ids/36_缅甸猫深褐色.png,Ref_walk_forward_to_screen.mp4,prepared/Ref_walk_forward_to_screen.motion.mp4,prompts/walk_forward_to_screen.v1.en.txt,36,36-burmese-sable,缅甸猫深褐色,13,13-walk-forward-to-screen,walk_forward_to_screen,起身向镜头走近并在近处站定,0,443_36-burmese-sable_13-walk-forward-to-screen_seed-0,4,4.041699,24,480,832,15:26,9:16,walk_forward_to_screen.v1+cat_identity.v1,pending_model_validation,921801c00efaeba7d4fd945c67367d9235e1097ad1ec7f83921eaedad05bf80f,b63a08fc2ef943e20b969f5567a1c9334a3d7ca21d68db70b052c4345a83014a,prompts/cat_identity.v1.json
444,444,../data_h3/cat_ids/37_东奇尼猫貂色.png,Ref_drag_ear.mp4,prepared/Ref_drag_ear.motion.mp4,prompts/drag_ear.v1.en.txt,37,37-tonkinese-mink,东奇尼猫貂色,02,02-pull-left-ear,drag_ear,左前爪轻擦左耳与脸部后恢复坐姿,0,444_37-tonkinese-mink_02-pull-left-ear_seed-0,4,4.0,24,480,832,15:26,9:16,drag_ear.v1+cat_identity.v1,pending_model_validation,6ca911dd3fbc7ba82f39da063b5860e1ffed70e5d6f7c6b94080d3bb411dce85,241a5d66949edcf078e592e2d02939921c2ff68968a95640d4e5a7e2c4fe75c1,prompts/cat_identity.v1.json
445,445,../data_h3/cat_ids/37_东奇尼猫貂色.png,Ref_drag_ear_mirror.mp4,prepared/Ref_drag_ear_mirror.motion.mp4,prompts/drag_ear_mirror.v1.en.txt,37,37-tonkinese-mink,东奇尼猫貂色,03,03-drag-ear-mirror,drag_ear_mirror,右前爪轻擦右耳与脸部后恢复坐姿,0,445_37-tonkinese-mink_03-drag-ear-mirror_seed-0,4,4.0,24,480,832,15:26,9:16,drag_ear_mirror.v1+cat_identity.v1,pending_model_validation,1262884dcfcead12d3da10d56d9e4f3927ae3f2de2008b26429362651c17b580,f5a0412ed913f5aad8bffb33c68c3b0ad7f4923f44f06370f768483b146897f4,prompts/cat_identity.v1.json
446,446,../data_h3/cat_ids/37_东奇尼猫貂色.png,Ref_cat_teaser1.mp4,prepared/Ref_cat_teaser1.motion.mp4,prompts/cat_teaser1.v1.en.txt,37,37-tonkinese-mink,东奇尼猫貂色,04,04-cat-teaser1,cat_teaser1,左前爪坐姿拨打逗猫棒后注视玩具,0,446_37-tonkinese-mink_04-cat-teaser1_seed-0,4,4.0,24,480,832,15:26,9:16,cat_teaser1.v1+cat_identity.v1,pending_model_validation,95f68930e9bf4600fb5a0dae78159125c50f3c1046357140e1812393cce68176,90ead0cb85338d88512f89fc4fdaa1599eaae717252a8a228289e47e9f7150f0,prompts/cat_identity.v1.json
447,447,../data_h3/cat_ids/37_东奇尼猫貂色.png,Ref_cat_teaser1_mirror.mp4,prepared/Ref_cat_teaser1_mirror.motion.mp4,prompts/cat_teaser1_mirror.v1.en.txt,37,37-tonkinese-mink,东奇尼猫貂色,05,05-cat-teaser1-mirror,cat_teaser1_mirror,右前爪坐姿拨打逗猫棒后注视玩具,0,447_37-tonkinese-mink_05-cat-teaser1-mirror_seed-0,4,4.0,24,480,832,15:26,9:16,cat_teaser1_mirror.v1+cat_identity.v1,pending_model_validation,7eb6cf155b735f6958f5b9e1f0550f0edf19cbeabcc0073bf700036e7987b6f2,af450da4b11a442fbb8dc3b090842b494306a33800841e4f3ac9399fb1a3e695,prompts/cat_identity.v1.json
448,448,../data_h3/cat_ids/37_东奇尼猫貂色.png,Ref_cat_teaser2.mp4,prepared/Ref_cat_teaser2.motion.mp4,prompts/cat_teaser2.v1.en.txt,37,37-tonkinese-mink,东奇尼猫貂色,06,06-cat-teaser2,cat_teaser2,起身向画面右侧追拍逗猫棒并站定,0,448_37-tonkinese-mink_06-cat-teaser2_seed-0,4,4.0,24,480,832,15:26,9:16,cat_teaser2.v1+cat_identity.v1,pending_model_validation,5a456b76a964b67ff705bb52f97b26edf4067c169c347ae7630bb9d57329c4b7,a8c95e9c38443d4d231086357cb356e7c98cb2af1a6bfa216feae39e945cc0ec,prompts/cat_identity.v1.json
449,449,../data_h3/cat_ids/37_东奇尼猫貂色.png,Ref_cat_teaser2_mirror.mp4,prepared/Ref_cat_teaser2_mirror.motion.mp4,prompts/cat_teaser2_mirror.v1.en.txt,37,37-tonkinese-mink,东奇尼猫貂色,07,07-cat-teaser2-mirror,cat_teaser2_mirror,起身向画面左侧追拍逗猫棒并站定,0,449_37-tonkinese-mink_07-cat-teaser2-mirror_seed-0,4,4.0,24,480,832,15:26,9:16,cat_teaser2_mirror.v1+cat_identity.v1,pending_model_validation,c7c76dac758636f785faa1b5cfd72621c12ba105010f437142e657b7279e053e,7d4ae2310b662639649d68fa4f699951317c36f76eb715534248659d1924613d,prompts/cat_identity.v1.json
450,450,../data_h3/cat_ids/37_东奇尼猫貂色.png,Ref_cat_teaser3.mp4,prepared/Ref_cat_teaser3.motion.mp4,prompts/cat_teaser3.v1.en.txt,37,37-tonkinese-mink,东奇尼猫貂色,08,08-cat-teaser3,cat_teaser3,双前爪抬起抓扑逗猫棒后落地坐定,0,450_37-tonkinese-mink_08-cat-teaser3_seed-0,4,4.0,24,480,832,15:26,9:16,cat_teaser3.v1+cat_identity.v1,pending_model_validation,4c26087ca37d82516815153d972a0e5567b0fdf3b224713b3b54ccd934065d14,71df79527a94810bcacebc9cb956fa137c891a4ed437386697434b19c5fbb7ce,prompts/cat_identity.v1.json
451,451,../data_h3/cat_ids/37_东奇尼猫貂色.png,Ref_drag_yarn_ball_and_catch.mp4,prepared/Ref_drag_yarn_ball_and_catch.motion.mp4,prompts/drag_yarn_ball_and_catch.v1.en.txt,37,37-tonkinese-mink,东奇尼猫貂色,09,09-drag-yarn-ball-and-catch,drag_yarn_ball_and_catch,追扑从画面左向右滚动的毛线球并按住,0,451_37-tonkinese-mink_09-drag-yarn-ball-and-catch_seed-0,4,4.0,24,480,832,15:26,9:16,drag_yarn_ball_and_catch.v1+cat_identity.v1,pending_model_validation,3b723c0446d0dd3eea269132036b71895712b082f079259e37f9e7c9574ded15,5b888bc1cdc661bc3b5760445027966ef8d36a31c447614acbd23d3ca6af442e,prompts/cat_identity.v1.json
452,452,../data_h3/cat_ids/37_东奇尼猫貂色.png,Ref_drag_yarn_ball_and_catch_mirror.mp4,prepared/Ref_drag_yarn_ball_and_catch_mirror.motion.mp4,prompts/drag_yarn_ball_and_catch_mirror.v1.en.txt,37,37-tonkinese-mink,东奇尼猫貂色,10,10-drag-yarn-ball-and-catch-mirror,drag_yarn_ball_and_catch_mirror,追扑从画面右向左滚动的毛线球并按住,0,452_37-tonkinese-mink_10-drag-yarn-ball-and-catch-mirror_seed-0,4,4.0,24,480,832,15:26,9:16,drag_yarn_ball_and_catch_mirror.v1+cat_identity.v1,pending_model_validation,42c6fcc16792722d917cd4783f8bac6beb540ca219ad74736f4ce91e738851e2,8b44957f6ebaca7c04c4a0af6bf4fbb65085b8ecf0acaf3433dc727a25b74982,prompts/cat_identity.v1.json
453,453,../data_h3/cat_ids/37_东奇尼猫貂色.png,Ref_curl_up_and_lie_down.mp4,prepared/Ref_curl_up_and_lie_down.motion.mp4,prompts/curl_up_and_lie_down.v1.en.txt,37,37-tonkinese-mink,东奇尼猫貂色,11,11-curl-up-and-lie-down,curl_up_and_lie_down,低头向画面左侧蜷卧并闭眼休息,0,453_37-tonkinese-mink_11-curl-up-and-lie-down_seed-0,4,4.0,24,480,832,15:26,9:16,curl_up_and_lie_down.v1+cat_identity.v1,pending_model_validation,1c868c3f2ec3e8f7054555c9f44324c7c7d58eb94c3a208ac631be52d5a23ecb,8414a980252d2baee6444085d2755563b7e0ccb3a138027e7cc6c1233be766eb,prompts/cat_identity.v1.json
454,454,../data_h3/cat_ids/37_东奇尼猫貂色.png,Ref_curl_up_and_lie_down_mirror.mp4,prepared/Ref_curl_up_and_lie_down_mirror.motion.mp4,prompts/curl_up_and_lie_down_mirror.v1.en.txt,37,37-tonkinese-mink,东奇尼猫貂色,12,12-curl-up-and-lie-down-mirror,curl_up_and_lie_down_mirror,低头向画面右侧蜷卧并闭眼休息,0,454_37-tonkinese-mink_12-curl-up-and-lie-down-mirror_seed-0,4,4.0,24,480,832,15:26,9:16,curl_up_and_lie_down_mirror.v1+cat_identity.v1,pending_model_validation,663d353ce243c913702d62ed0f98af0370ed0ad30f65ab3ae651c55171a687a3,5dcfd307dd80e4bd86fa73aff45f41f66eced8aba348a07f81f559f008a63527,prompts/cat_identity.v1.json
455,455,../data_h3/cat_ids/37_东奇尼猫貂色.png,Ref_walk_forward_to_screen.mp4,prepared/Ref_walk_forward_to_screen.motion.mp4,prompts/walk_forward_to_screen.v1.en.txt,37,37-tonkinese-mink,东奇尼猫貂色,13,13-walk-forward-to-screen,walk_forward_to_screen,起身向镜头走近并在近处站定,0,455_37-tonkinese-mink_13-walk-forward-to-screen_seed-0,4,4.041699,24,480,832,15:26,9:16,walk_forward_to_screen.v1+cat_identity.v1,pending_model_validation,879718e2e0f94f45be94431bc8f52bf852765c6da2db57cd6c7404d53af15a68,b63a08fc2ef943e20b969f5567a1c9334a3d7ca21d68db70b052c4345a83014a,prompts/cat_identity.v1.json
456,456,../data_h3/cat_ids/38_彼得秃猫.png,Ref_drag_ear.mp4,prepared/Ref_drag_ear.motion.mp4,prompts/drag_ear.v1.en.txt,38,38-peterbald,彼得秃猫,02,02-pull-left-ear,drag_ear,左前爪轻擦左耳与脸部后恢复坐姿,0,456_38-peterbald_02-pull-left-ear_seed-0,4,4.0,24,480,832,15:26,9:16,drag_ear.v1+cat_identity.v1,pending_model_validation,97d021ba514328b779bbfd7636204f76efec70c9e962015b343f91355e77e359,241a5d66949edcf078e592e2d02939921c2ff68968a95640d4e5a7e2c4fe75c1,prompts/cat_identity.v1.json
457,457,../data_h3/cat_ids/38_彼得秃猫.png,Ref_drag_ear_mirror.mp4,prepared/Ref_drag_ear_mirror.motion.mp4,prompts/drag_ear_mirror.v1.en.txt,38,38-peterbald,彼得秃猫,03,03-drag-ear-mirror,drag_ear_mirror,右前爪轻擦右耳与脸部后恢复坐姿,0,457_38-peterbald_03-drag-ear-mirror_seed-0,4,4.0,24,480,832,15:26,9:16,drag_ear_mirror.v1+cat_identity.v1,pending_model_validation,b4df8c4ec031917136889c8abe28543ff54f8331124bb215292a24c9dfa906d2,f5a0412ed913f5aad8bffb33c68c3b0ad7f4923f44f06370f768483b146897f4,prompts/cat_identity.v1.json
458,458,../data_h3/cat_ids/38_彼得秃猫.png,Ref_cat_teaser1.mp4,prepared/Ref_cat_teaser1.motion.mp4,prompts/cat_teaser1.v1.en.txt,38,38-peterbald,彼得秃猫,04,04-cat-teaser1,cat_teaser1,左前爪坐姿拨打逗猫棒后注视玩具,0,458_38-peterbald_04-cat-teaser1_seed-0,4,4.0,24,480,832,15:26,9:16,cat_teaser1.v1+cat_identity.v1,pending_model_validation,8d66b4d99e5ba2aaa7d0b427428a349fc790311733b1a93e6c213fac5691d8ab,90ead0cb85338d88512f89fc4fdaa1599eaae717252a8a228289e47e9f7150f0,prompts/cat_identity.v1.json
459,459,../data_h3/cat_ids/38_彼得秃猫.png,Ref_cat_teaser1_mirror.mp4,prepared/Ref_cat_teaser1_mirror.motion.mp4,prompts/cat_teaser1_mirror.v1.en.txt,38,38-peterbald,彼得秃猫,05,05-cat-teaser1-mirror,cat_teaser1_mirror,右前爪坐姿拨打逗猫棒后注视玩具,0,459_38-peterbald_05-cat-teaser1-mirror_seed-0,4,4.0,24,480,832,15:26,9:16,cat_teaser1_mirror.v1+cat_identity.v1,pending_model_validation,90581ef940f1b7e2dd57af295ecfe005b72be303c5306ff9332a116a41d42e9c,af450da4b11a442fbb8dc3b090842b494306a33800841e4f3ac9399fb1a3e695,prompts/cat_identity.v1.json
460,460,../data_h3/cat_ids/38_彼得秃猫.png,Ref_cat_teaser2.mp4,prepared/Ref_cat_teaser2.motion.mp4,prompts/cat_teaser2.v1.en.txt,38,38-peterbald,彼得秃猫,06,06-cat-teaser2,cat_teaser2,起身向画面右侧追拍逗猫棒并站定,0,460_38-peterbald_06-cat-teaser2_seed-0,4,4.0,24,480,832,15:26,9:16,cat_teaser2.v1+cat_identity.v1,pending_model_validation,22095a8e4ab3d10afdae4729e71c2a9f5b41142bf4109d807ef8497dbf88eec5,a8c95e9c38443d4d231086357cb356e7c98cb2af1a6bfa216feae39e945cc0ec,prompts/cat_identity.v1.json
461,461,../data_h3/cat_ids/38_彼得秃猫.png,Ref_cat_teaser2_mirror.mp4,prepared/Ref_cat_teaser2_mirror.motion.mp4,prompts/cat_teaser2_mirror.v1.en.txt,38,38-peterbald,彼得秃猫,07,07-cat-teaser2-mirror,cat_teaser2_mirror,起身向画面左侧追拍逗猫棒并站定,0,461_38-peterbald_07-cat-teaser2-mirror_seed-0,4,4.0,24,480,832,15:26,9:16,cat_teaser2_mirror.v1+cat_identity.v1,pending_model_validation,30743a81de8f36a525a34f6c2c2db9e1300045a758b5eb190977074d3eccfb4a,7d4ae2310b662639649d68fa4f699951317c36f76eb715534248659d1924613d,prompts/cat_identity.v1.json
462,462,../data_h3/cat_ids/38_彼得秃猫.png,Ref_cat_teaser3.mp4,prepared/Ref_cat_teaser3.motion.mp4,prompts/cat_teaser3.v1.en.txt,38,38-peterbald,彼得秃猫,08,08-cat-teaser3,cat_teaser3,双前爪抬起抓扑逗猫棒后落地坐定,0,462_38-peterbald_08-cat-teaser3_seed-0,4,4.0,24,480,832,15:26,9:16,cat_teaser3.v1+cat_identity.v1,pending_model_validation,9bd8379da3f8ec3bb0ef57894c9d04d0b61ecb6715e1e7b52d27452ad31e2a23,71df79527a94810bcacebc9cb956fa137c891a4ed437386697434b19c5fbb7ce,prompts/cat_identity.v1.json
463,463,../data_h3/cat_ids/38_彼得秃猫.png,Ref_drag_yarn_ball_and_catch.mp4,prepared/Ref_drag_yarn_ball_and_catch.motion.mp4,prompts/drag_yarn_ball_and_catch.v1.en.txt,38,38-peterbald,彼得秃猫,09,09-drag-yarn-ball-and-catch,drag_yarn_ball_and_catch,追扑从画面左向右滚动的毛线球并按住,0,463_38-peterbald_09-drag-yarn-ball-and-catch_seed-0,4,4.0,24,480,832,15:26,9:16,drag_yarn_ball_and_catch.v1+cat_identity.v1,pending_model_validation,49e9e6471d0a55d14a013606c72ca9363a51c8a6c8f92652ef7470bd7647c897,5b888bc1cdc661bc3b5760445027966ef8d36a31c447614acbd23d3ca6af442e,prompts/cat_identity.v1.json
464,464,../data_h3/cat_ids/38_彼得秃猫.png,Ref_drag_yarn_ball_and_catch_mirror.mp4,prepared/Ref_drag_yarn_ball_and_catch_mirror.motion.mp4,prompts/drag_yarn_ball_and_catch_mirror.v1.en.txt,38,38-peterbald,彼得秃猫,10,10-drag-yarn-ball-and-catch-mirror,drag_yarn_ball_and_catch_mirror,追扑从画面右向左滚动的毛线球并按住,0,464_38-peterbald_10-drag-yarn-ball-and-catch-mirror_seed-0,4,4.0,24,480,832,15:26,9:16,drag_yarn_ball_and_catch_mirror.v1+cat_identity.v1,pending_model_validation,02f3c44a8e57be862dd9fe87f9ec1e8534501e45d8d2803c8c295629a45810f5,8b44957f6ebaca7c04c4a0af6bf4fbb65085b8ecf0acaf3433dc727a25b74982,prompts/cat_identity.v1.json
465,465,../data_h3/cat_ids/38_彼得秃猫.png,Ref_curl_up_and_lie_down.mp4,prepared/Ref_curl_up_and_lie_down.motion.mp4,prompts/curl_up_and_lie_down.v1.en.txt,38,38-peterbald,彼得秃猫,11,11-curl-up-and-lie-down,curl_up_and_lie_down,低头向画面左侧蜷卧并闭眼休息,0,465_38-peterbald_11-curl-up-and-lie-down_seed-0,4,4.0,24,480,832,15:26,9:16,curl_up_and_lie_down.v1+cat_identity.v1,pending_model_validation,a603dd72a1b1074d2e975d6cf017a0de35e06416dd74fff9b295212473960d11,8414a980252d2baee6444085d2755563b7e0ccb3a138027e7cc6c1233be766eb,prompts/cat_identity.v1.json
466,466,../data_h3/cat_ids/38_彼得秃猫.png,Ref_curl_up_and_lie_down_mirror.mp4,prepared/Ref_curl_up_and_lie_down_mirror.motion.mp4,prompts/curl_up_and_lie_down_mirror.v1.en.txt,38,38-peterbald,彼得秃猫,12,12-curl-up-and-lie-down-mirror,curl_up_and_lie_down_mirror,低头向画面右侧蜷卧并闭眼休息,0,466_38-peterbald_12-curl-up-and-lie-down-mirror_seed-0,4,4.0,24,480,832,15:26,9:16,curl_up_and_lie_down_mirror.v1+cat_identity.v1,pending_model_validation,483fb882becfd1437ddfb8145358d8daa0589f0a674b6f5bde6d97fc15038be9,5dcfd307dd80e4bd86fa73aff45f41f66eced8aba348a07f81f559f008a63527,prompts/cat_identity.v1.json
467,467,../data_h3/cat_ids/38_彼得秃猫.png,Ref_walk_forward_to_screen.mp4,prepared/Ref_walk_forward_to_screen.motion.mp4,prompts/walk_forward_to_screen.v1.en.txt,38,38-peterbald,彼得秃猫,13,13-walk-forward-to-screen,walk_forward_to_screen,起身向镜头走近并在近处站定,0,467_38-peterbald_13-walk-forward-to-screen_seed-0,4,4.041699,24,480,832,15:26,9:16,walk_forward_to_screen.v1+cat_identity.v1,pending_model_validation,6872e78ce019962c982545b50627053609d42143e81adf597f84b114774f9dce,b63a08fc2ef943e20b969f5567a1c9334a3d7ca21d68db70b052c4345a83014a,prompts/cat_identity.v1.json
468,468,../data_h3/cat_ids/39_雪鞋猫.png,Ref_drag_ear.mp4,prepared/Ref_drag_ear.motion.mp4,prompts/drag_ear.v1.en.txt,39,39-snowshoe,雪鞋猫,02,02-pull-left-ear,drag_ear,左前爪轻擦左耳与脸部后恢复坐姿,0,468_39-snowshoe_02-pull-left-ear_seed-0,4,4.0,24,480,832,15:26,9:16,drag_ear.v1+cat_identity.v1,pending_model_validation,42d8cb8fd4a1f36b6d75bcb9d3aa3d951a1db6db1f802c421774fb6aa6fd7c76,241a5d66949edcf078e592e2d02939921c2ff68968a95640d4e5a7e2c4fe75c1,prompts/cat_identity.v1.json
469,469,../data_h3/cat_ids/39_雪鞋猫.png,Ref_drag_ear_mirror.mp4,prepared/Ref_drag_ear_mirror.motion.mp4,prompts/drag_ear_mirror.v1.en.txt,39,39-snowshoe,雪鞋猫,03,03-drag-ear-mirror,drag_ear_mirror,右前爪轻擦右耳与脸部后恢复坐姿,0,469_39-snowshoe_03-drag-ear-mirror_seed-0,4,4.0,24,480,832,15:26,9:16,drag_ear_mirror.v1+cat_identity.v1,pending_model_validation,5696fcc32056cec2124ce266395e1b2b35e5f6a32804c20d2ec1fc2b43204ad0,f5a0412ed913f5aad8bffb33c68c3b0ad7f4923f44f06370f768483b146897f4,prompts/cat_identity.v1.json
470,470,../data_h3/cat_ids/39_雪鞋猫.png,Ref_cat_teaser1.mp4,prepared/Ref_cat_teaser1.motion.mp4,prompts/cat_teaser1.v1.en.txt,39,39-snowshoe,雪鞋猫,04,04-cat-teaser1,cat_teaser1,左前爪坐姿拨打逗猫棒后注视玩具,0,470_39-snowshoe_04-cat-teaser1_seed-0,4,4.0,24,480,832,15:26,9:16,cat_teaser1.v1+cat_identity.v1,pending_model_validation,86b71c9da9320e0f81cb8e127db9946a540755c9cf6220e6c5be876ab6bf54d0,90ead0cb85338d88512f89fc4fdaa1599eaae717252a8a228289e47e9f7150f0,prompts/cat_identity.v1.json
471,471,../data_h3/cat_ids/39_雪鞋猫.png,Ref_cat_teaser1_mirror.mp4,prepared/Ref_cat_teaser1_mirror.motion.mp4,prompts/cat_teaser1_mirror.v1.en.txt,39,39-snowshoe,雪鞋猫,05,05-cat-teaser1-mirror,cat_teaser1_mirror,右前爪坐姿拨打逗猫棒后注视玩具,0,471_39-snowshoe_05-cat-teaser1-mirror_seed-0,4,4.0,24,480,832,15:26,9:16,cat_teaser1_mirror.v1+cat_identity.v1,pending_model_validation,9a820317e33a2b8d581548da68dd07fb06a12f3f654df3227309a9f73f42ba77,af450da4b11a442fbb8dc3b090842b494306a33800841e4f3ac9399fb1a3e695,prompts/cat_identity.v1.json
472,472,../data_h3/cat_ids/39_雪鞋猫.png,Ref_cat_teaser2.mp4,prepared/Ref_cat_teaser2.motion.mp4,prompts/cat_teaser2.v1.en.txt,39,39-snowshoe,雪鞋猫,06,06-cat-teaser2,cat_teaser2,起身向画面右侧追拍逗猫棒并站定,0,472_39-snowshoe_06-cat-teaser2_seed-0,4,4.0,24,480,832,15:26,9:16,cat_teaser2.v1+cat_identity.v1,pending_model_validation,b8928f780ef69d0bb87fb45f09110ec194e867cc54d02962fb19b1c5a4711042,a8c95e9c38443d4d231086357cb356e7c98cb2af1a6bfa216feae39e945cc0ec,prompts/cat_identity.v1.json
473,473,../data_h3/cat_ids/39_雪鞋猫.png,Ref_cat_teaser2_mirror.mp4,prepared/Ref_cat_teaser2_mirror.motion.mp4,prompts/cat_teaser2_mirror.v1.en.txt,39,39-snowshoe,雪鞋猫,07,07-cat-teaser2-mirror,cat_teaser2_mirror,起身向画面左侧追拍逗猫棒并站定,0,473_39-snowshoe_07-cat-teaser2-mirror_seed-0,4,4.0,24,480,832,15:26,9:16,cat_teaser2_mirror.v1+cat_identity.v1,pending_model_validation,bb4104f6eb2d10445133569e0d91bc071102cf52e38d0f151c1b7de4af011eba,7d4ae2310b662639649d68fa4f699951317c36f76eb715534248659d1924613d,prompts/cat_identity.v1.json
474,474,../data_h3/cat_ids/39_雪鞋猫.png,Ref_cat_teaser3.mp4,prepared/Ref_cat_teaser3.motion.mp4,prompts/cat_teaser3.v1.en.txt,39,39-snowshoe,雪鞋猫,08,08-cat-teaser3,cat_teaser3,双前爪抬起抓扑逗猫棒后落地坐定,0,474_39-snowshoe_08-cat-teaser3_seed-0,4,4.0,24,480,832,15:26,9:16,cat_teaser3.v1+cat_identity.v1,pending_model_validation,68b34e68e03b27b2d624a75596b17cd3dbd8e1cb3facdb24fa742f3e7679cb8c,71df79527a94810bcacebc9cb956fa137c891a4ed437386697434b19c5fbb7ce,prompts/cat_identity.v1.json
475,475,../data_h3/cat_ids/39_雪鞋猫.png,Ref_drag_yarn_ball_and_catch.mp4,prepared/Ref_drag_yarn_ball_and_catch.motion.mp4,prompts/drag_yarn_ball_and_catch.v1.en.txt,39,39-snowshoe,雪鞋猫,09,09-drag-yarn-ball-and-catch,drag_yarn_ball_and_catch,追扑从画面左向右滚动的毛线球并按住,0,475_39-snowshoe_09-drag-yarn-ball-and-catch_seed-0,4,4.0,24,480,832,15:26,9:16,drag_yarn_ball_and_catch.v1+cat_identity.v1,pending_model_validation,0be368d8e87f775ab4d381eaeca22627e1668dc4559d81a3e9cf58103ce7ce6d,5b888bc1cdc661bc3b5760445027966ef8d36a31c447614acbd23d3ca6af442e,prompts/cat_identity.v1.json
476,476,../data_h3/cat_ids/39_雪鞋猫.png,Ref_drag_yarn_ball_and_catch_mirror.mp4,prepared/Ref_drag_yarn_ball_and_catch_mirror.motion.mp4,prompts/drag_yarn_ball_and_catch_mirror.v1.en.txt,39,39-snowshoe,雪鞋猫,10,10-drag-yarn-ball-and-catch-mirror,drag_yarn_ball_and_catch_mirror,追扑从画面右向左滚动的毛线球并按住,0,476_39-snowshoe_10-drag-yarn-ball-and-catch-mirror_seed-0,4,4.0,24,480,832,15:26,9:16,drag_yarn_ball_and_catch_mirror.v1+cat_identity.v1,pending_model_validation,c6266482b941f58fa01a9dc6b882e8158d96496cab52ec60f93ce0e21c629eec,8b44957f6ebaca7c04c4a0af6bf4fbb65085b8ecf0acaf3433dc727a25b74982,prompts/cat_identity.v1.json
477,477,../data_h3/cat_ids/39_雪鞋猫.png,Ref_curl_up_and_lie_down.mp4,prepared/Ref_curl_up_and_lie_down.motion.mp4,prompts/curl_up_and_lie_down.v1.en.txt,39,39-snowshoe,雪鞋猫,11,11-curl-up-and-lie-down,curl_up_and_lie_down,低头向画面左侧蜷卧并闭眼休息,0,477_39-snowshoe_11-curl-up-and-lie-down_seed-0,4,4.0,24,480,832,15:26,9:16,curl_up_and_lie_down.v1+cat_identity.v1,pending_model_validation,8a63fb975503336536e53d87c6da837146c458e73d9f831e6838085f770bd023,8414a980252d2baee6444085d2755563b7e0ccb3a138027e7cc6c1233be766eb,prompts/cat_identity.v1.json
478,478,../data_h3/cat_ids/39_雪鞋猫.png,Ref_curl_up_and_lie_down_mirror.mp4,prepared/Ref_curl_up_and_lie_down_mirror.motion.mp4,prompts/curl_up_and_lie_down_mirror.v1.en.txt,39,39-snowshoe,雪鞋猫,12,12-curl-up-and-lie-down-mirror,curl_up_and_lie_down_mirror,低头向画面右侧蜷卧并闭眼休息,0,478_39-snowshoe_12-curl-up-and-lie-down-mirror_seed-0,4,4.0,24,480,832,15:26,9:16,curl_up_and_lie_down_mirror.v1+cat_identity.v1,pending_model_validation,375b16dccb0728d2a4342c69fdf6a097533d291966aa9c60df43e909b7ec03f2,5dcfd307dd80e4bd86fa73aff45f41f66eced8aba348a07f81f559f008a63527,prompts/cat_identity.v1.json
479,479,../data_h3/cat_ids/39_雪鞋猫.png,Ref_walk_forward_to_screen.mp4,prepared/Ref_walk_forward_to_screen.motion.mp4,prompts/walk_forward_to_screen.v1.en.txt,39,39-snowshoe,雪鞋猫,13,13-walk-forward-to-screen,walk_forward_to_screen,起身向镜头走近并在近处站定,0,479_39-snowshoe_13-walk-forward-to-screen_seed-0,4,4.041699,24,480,832,15:26,9:16,walk_forward_to_screen.v1+cat_identity.v1,pending_model_validation,8f0185dac4de4cf1ad446e04d2c14f32ae6532f562382976a338bb418f5cba0f,b63a08fc2ef943e20b969f5567a1c9334a3d7ca21d68db70b052c4345a83014a,prompts/cat_identity.v1.json
480,480,../data_h3/cat_ids/40_孟买猫.png,Ref_drag_ear.mp4,prepared/Ref_drag_ear.motion.mp4,prompts/drag_ear.v1.en.txt,40,40-bombay,孟买猫,02,02-pull-left-ear,drag_ear,左前爪轻擦左耳与脸部后恢复坐姿,0,480_40-bombay_02-pull-left-ear_seed-0,4,4.0,24,480,832,15:26,9:16,drag_ear.v1+cat_identity.v1,pending_model_validation,1636a6be1351d2f0168bac682b6391b7f82d4b9c65f6770d19325a6202b2ab34,241a5d66949edcf078e592e2d02939921c2ff68968a95640d4e5a7e2c4fe75c1,prompts/cat_identity.v1.json
481,481,../data_h3/cat_ids/40_孟买猫.png,Ref_drag_ear_mirror.mp4,prepared/Ref_drag_ear_mirror.motion.mp4,prompts/drag_ear_mirror.v1.en.txt,40,40-bombay,孟买猫,03,03-drag-ear-mirror,drag_ear_mirror,右前爪轻擦右耳与脸部后恢复坐姿,0,481_40-bombay_03-drag-ear-mirror_seed-0,4,4.0,24,480,832,15:26,9:16,drag_ear_mirror.v1+cat_identity.v1,pending_model_validation,73a3cc5ad18257712a539d78e4c1b52fa376c4e23841f22f147deb4494817296,f5a0412ed913f5aad8bffb33c68c3b0ad7f4923f44f06370f768483b146897f4,prompts/cat_identity.v1.json
482,482,../data_h3/cat_ids/40_孟买猫.png,Ref_cat_teaser1.mp4,prepared/Ref_cat_teaser1.motion.mp4,prompts/cat_teaser1.v1.en.txt,40,40-bombay,孟买猫,04,04-cat-teaser1,cat_teaser1,左前爪坐姿拨打逗猫棒后注视玩具,0,482_40-bombay_04-cat-teaser1_seed-0,4,4.0,24,480,832,15:26,9:16,cat_teaser1.v1+cat_identity.v1,pending_model_validation,b4a4b76cf2948e5c564e3b8dfc166020b81f2fc15791cb188a491201ad7b0a95,90ead0cb85338d88512f89fc4fdaa1599eaae717252a8a228289e47e9f7150f0,prompts/cat_identity.v1.json
483,483,../data_h3/cat_ids/40_孟买猫.png,Ref_cat_teaser1_mirror.mp4,prepared/Ref_cat_teaser1_mirror.motion.mp4,prompts/cat_teaser1_mirror.v1.en.txt,40,40-bombay,孟买猫,05,05-cat-teaser1-mirror,cat_teaser1_mirror,右前爪坐姿拨打逗猫棒后注视玩具,0,483_40-bombay_05-cat-teaser1-mirror_seed-0,4,4.0,24,480,832,15:26,9:16,cat_teaser1_mirror.v1+cat_identity.v1,pending_model_validation,5768af945a99269f01e837ded8631a983ff7e0edd7cfe8341c49e3614a82c137,af450da4b11a442fbb8dc3b090842b494306a33800841e4f3ac9399fb1a3e695,prompts/cat_identity.v1.json
484,484,../data_h3/cat_ids/40_孟买猫.png,Ref_cat_teaser2.mp4,prepared/Ref_cat_teaser2.motion.mp4,prompts/cat_teaser2.v1.en.txt,40,40-bombay,孟买猫,06,06-cat-teaser2,cat_teaser2,起身向画面右侧追拍逗猫棒并站定,0,484_40-bombay_06-cat-teaser2_seed-0,4,4.0,24,480,832,15:26,9:16,cat_teaser2.v1+cat_identity.v1,pending_model_validation,9ff82ffd641f79fea7b964e358ce35802673a53bf16b166fb313be9be7d64f17,a8c95e9c38443d4d231086357cb356e7c98cb2af1a6bfa216feae39e945cc0ec,prompts/cat_identity.v1.json
485,485,../data_h3/cat_ids/40_孟买猫.png,Ref_cat_teaser2_mirror.mp4,prepared/Ref_cat_teaser2_mirror.motion.mp4,prompts/cat_teaser2_mirror.v1.en.txt,40,40-bombay,孟买猫,07,07-cat-teaser2-mirror,cat_teaser2_mirror,起身向画面左侧追拍逗猫棒并站定,0,485_40-bombay_07-cat-teaser2-mirror_seed-0,4,4.0,24,480,832,15:26,9:16,cat_teaser2_mirror.v1+cat_identity.v1,pending_model_validation,6575e94758e69f03d7c7365c06b5bad6761212edcd22238767a123d59153a751,7d4ae2310b662639649d68fa4f699951317c36f76eb715534248659d1924613d,prompts/cat_identity.v1.json
486,486,../data_h3/cat_ids/40_孟买猫.png,Ref_cat_teaser3.mp4,prepared/Ref_cat_teaser3.motion.mp4,prompts/cat_teaser3.v1.en.txt,40,40-bombay,孟买猫,08,08-cat-teaser3,cat_teaser3,双前爪抬起抓扑逗猫棒后落地坐定,0,486_40-bombay_08-cat-teaser3_seed-0,4,4.0,24,480,832,15:26,9:16,cat_teaser3.v1+cat_identity.v1,pending_model_validation,03857f3237d9ec7e283ce7d49c9338204abc0083c969feedb113ffb341110efe,71df79527a94810bcacebc9cb956fa137c891a4ed437386697434b19c5fbb7ce,prompts/cat_identity.v1.json
487,487,../data_h3/cat_ids/40_孟买猫.png,Ref_drag_yarn_ball_and_catch.mp4,prepared/Ref_drag_yarn_ball_and_catch.motion.mp4,prompts/drag_yarn_ball_and_catch.v1.en.txt,40,40-bombay,孟买猫,09,09-drag-yarn-ball-and-catch,drag_yarn_ball_and_catch,追扑从画面左向右滚动的毛线球并按住,0,487_40-bombay_09-drag-yarn-ball-and-catch_seed-0,4,4.0,24,480,832,15:26,9:16,drag_yarn_ball_and_catch.v1+cat_identity.v1,pending_model_validation,54ff4aeac80beb3ecc1ca546fb1ceeb8949daaa8fc7f6ece0c9bf33e2552618b,5b888bc1cdc661bc3b5760445027966ef8d36a31c447614acbd23d3ca6af442e,prompts/cat_identity.v1.json
488,488,../data_h3/cat_ids/40_孟买猫.png,Ref_drag_yarn_ball_and_catch_mirror.mp4,prepared/Ref_drag_yarn_ball_and_catch_mirror.motion.mp4,prompts/drag_yarn_ball_and_catch_mirror.v1.en.txt,40,40-bombay,孟买猫,10,10-drag-yarn-ball-and-catch-mirror,drag_yarn_ball_and_catch_mirror,追扑从画面右向左滚动的毛线球并按住,0,488_40-bombay_10-drag-yarn-ball-and-catch-mirror_seed-0,4,4.0,24,480,832,15:26,9:16,drag_yarn_ball_and_catch_mirror.v1+cat_identity.v1,pending_model_validation,50b4ff473b7191153dd425be96c7d2587754aefec51c6d0daa6f4320ce89c0ec,8b44957f6ebaca7c04c4a0af6bf4fbb65085b8ecf0acaf3433dc727a25b74982,prompts/cat_identity.v1.json
489,489,../data_h3/cat_ids/40_孟买猫.png,Ref_curl_up_and_lie_down.mp4,prepared/Ref_curl_up_and_lie_down.motion.mp4,prompts/curl_up_and_lie_down.v1.en.txt,40,40-bombay,孟买猫,11,11-curl-up-and-lie-down,curl_up_and_lie_down,低头向画面左侧蜷卧并闭眼休息,0,489_40-bombay_11-curl-up-and-lie-down_seed-0,4,4.0,24,480,832,15:26,9:16,curl_up_and_lie_down.v1+cat_identity.v1,pending_model_validation,531823e00eb66f6deac9340b148398c13135ef86afb468d811ba167b1327de63,8414a980252d2baee6444085d2755563b7e0ccb3a138027e7cc6c1233be766eb,prompts/cat_identity.v1.json
490,490,../data_h3/cat_ids/40_孟买猫.png,Ref_curl_up_and_lie_down_mirror.mp4,prepared/Ref_curl_up_and_lie_down_mirror.motion.mp4,prompts/curl_up_and_lie_down_mirror.v1.en.txt,40,40-bombay,孟买猫,12,12-curl-up-and-lie-down-mirror,curl_up_and_lie_down_mirror,低头向画面右侧蜷卧并闭眼休息,0,490_40-bombay_12-curl-up-and-lie-down-mirror_seed-0,4,4.0,24,480,832,15:26,9:16,curl_up_and_lie_down_mirror.v1+cat_identity.v1,pending_model_validation,a515b14f2c90741ba92d0c3a15f9a7cc41aadb69823ba32aa50fb4777f262d82,5dcfd307dd80e4bd86fa73aff45f41f66eced8aba348a07f81f559f008a63527,prompts/cat_identity.v1.json
491,491,../data_h3/cat_ids/40_孟买猫.png,Ref_walk_forward_to_screen.mp4,prepared/Ref_walk_forward_to_screen.motion.mp4,prompts/walk_forward_to_screen.v1.en.txt,40,40-bombay,孟买猫,13,13-walk-forward-to-screen,walk_forward_to_screen,起身向镜头走近并在近处站定,0,491_40-bombay_13-walk-forward-to-screen_seed-0,4,4.041699,24,480,832,15:26,9:16,walk_forward_to_screen.v1+cat_identity.v1,pending_model_validation,4a97eaca11d690a8c4e4929c0d2642e1b1208eca4fe35ba907c62045dcabf775,b63a08fc2ef943e20b969f5567a1c9334a3d7ca21d68db70b052c4345a83014a,prompts/cat_identity.v1.json
492,492,../data_h3/cat_ids/41_英国短毛猫蓝色.png,Ref_drag_ear.mp4,prepared/Ref_drag_ear.motion.mp4,prompts/drag_ear.v1.en.txt,41,41-british-shorthair-blue,英国短毛猫蓝色,02,02-pull-left-ear,drag_ear,左前爪轻擦左耳与脸部后恢复坐姿,0,492_41-british-shorthair-blue_02-pull-left-ear_seed-0,4,4.0,24,480,832,15:26,9:16,drag_ear.v1+cat_identity.v1,pending_model_validation,df633f86b5177cbe9805c0cec0415926d96bfd082c8b022b6ea374b9313bbb0d,241a5d66949edcf078e592e2d02939921c2ff68968a95640d4e5a7e2c4fe75c1,prompts/cat_identity.v1.json
493,493,../data_h3/cat_ids/41_英国短毛猫蓝色.png,Ref_drag_ear_mirror.mp4,prepared/Ref_drag_ear_mirror.motion.mp4,prompts/drag_ear_mirror.v1.en.txt,41,41-british-shorthair-blue,英国短毛猫蓝色,03,03-drag-ear-mirror,drag_ear_mirror,右前爪轻擦右耳与脸部后恢复坐姿,0,493_41-british-shorthair-blue_03-drag-ear-mirror_seed-0,4,4.0,24,480,832,15:26,9:16,drag_ear_mirror.v1+cat_identity.v1,pending_model_validation,bf02c5bfb83e48b06b58a6e82c24f4cec9553f536c6d728bcfd728358d8788a1,f5a0412ed913f5aad8bffb33c68c3b0ad7f4923f44f06370f768483b146897f4,prompts/cat_identity.v1.json
494,494,../data_h3/cat_ids/41_英国短毛猫蓝色.png,Ref_cat_teaser1.mp4,prepared/Ref_cat_teaser1.motion.mp4,prompts/cat_teaser1.v1.en.txt,41,41-british-shorthair-blue,英国短毛猫蓝色,04,04-cat-teaser1,cat_teaser1,左前爪坐姿拨打逗猫棒后注视玩具,0,494_41-british-shorthair-blue_04-cat-teaser1_seed-0,4,4.0,24,480,832,15:26,9:16,cat_teaser1.v1+cat_identity.v1,pending_model_validation,b84eb37e6576da52358e627f8fad2b328687e69cd8076dfd0d3c358b0e91d32e,90ead0cb85338d88512f89fc4fdaa1599eaae717252a8a228289e47e9f7150f0,prompts/cat_identity.v1.json
495,495,../data_h3/cat_ids/41_英国短毛猫蓝色.png,Ref_cat_teaser1_mirror.mp4,prepared/Ref_cat_teaser1_mirror.motion.mp4,prompts/cat_teaser1_mirror.v1.en.txt,41,41-british-shorthair-blue,英国短毛猫蓝色,05,05-cat-teaser1-mirror,cat_teaser1_mirror,右前爪坐姿拨打逗猫棒后注视玩具,0,495_41-british-shorthair-blue_05-cat-teaser1-mirror_seed-0,4,4.0,24,480,832,15:26,9:16,cat_teaser1_mirror.v1+cat_identity.v1,pending_model_validation,29099ebfda384e1cf5fe486cc636ae5643380d93c2c66b8ad27377619ba11adb,af450da4b11a442fbb8dc3b090842b494306a33800841e4f3ac9399fb1a3e695,prompts/cat_identity.v1.json
496,496,../data_h3/cat_ids/41_英国短毛猫蓝色.png,Ref_cat_teaser2.mp4,prepared/Ref_cat_teaser2.motion.mp4,prompts/cat_teaser2.v1.en.txt,41,41-british-shorthair-blue,英国短毛猫蓝色,06,06-cat-teaser2,cat_teaser2,起身向画面右侧追拍逗猫棒并站定,0,496_41-british-shorthair-blue_06-cat-teaser2_seed-0,4,4.0,24,480,832,15:26,9:16,cat_teaser2.v1+cat_identity.v1,pending_model_validation,6412792485cd200bd21085ce19e1e85d11d61a95e8b9145ee3f291f06c5f6a64,a8c95e9c38443d4d231086357cb356e7c98cb2af1a6bfa216feae39e945cc0ec,prompts/cat_identity.v1.json
497,497,../data_h3/cat_ids/41_英国短毛猫蓝色.png,Ref_cat_teaser2_mirror.mp4,prepared/Ref_cat_teaser2_mirror.motion.mp4,prompts/cat_teaser2_mirror.v1.en.txt,41,41-british-shorthair-blue,英国短毛猫蓝色,07,07-cat-teaser2-mirror,cat_teaser2_mirror,起身向画面左侧追拍逗猫棒并站定,0,497_41-british-shorthair-blue_07-cat-teaser2-mirror_seed-0,4,4.0,24,480,832,15:26,9:16,cat_teaser2_mirror.v1+cat_identity.v1,pending_model_validation,d102d14e5025036a3ac2d7ef53640cfdb450ac8adc54964e91e558d4299a90eb,7d4ae2310b662639649d68fa4f699951317c36f76eb715534248659d1924613d,prompts/cat_identity.v1.json
498,498,../data_h3/cat_ids/41_英国短毛猫蓝色.png,Ref_cat_teaser3.mp4,prepared/Ref_cat_teaser3.motion.mp4,prompts/cat_teaser3.v1.en.txt,41,41-british-shorthair-blue,英国短毛猫蓝色,08,08-cat-teaser3,cat_teaser3,双前爪抬起抓扑逗猫棒后落地坐定,0,498_41-british-shorthair-blue_08-cat-teaser3_seed-0,4,4.0,24,480,832,15:26,9:16,cat_teaser3.v1+cat_identity.v1,pending_model_validation,4c7b6bc181928a97a30780d0f8894218b2a98725a618c0a1c47f9c24c9e65e57,71df79527a94810bcacebc9cb956fa137c891a4ed437386697434b19c5fbb7ce,prompts/cat_identity.v1.json
499,499,../data_h3/cat_ids/41_英国短毛猫蓝色.png,Ref_drag_yarn_ball_and_catch.mp4,prepared/Ref_drag_yarn_ball_and_catch.motion.mp4,prompts/drag_yarn_ball_and_catch.v1.en.txt,41,41-british-shorthair-blue,英国短毛猫蓝色,09,09-drag-yarn-ball-and-catch,drag_yarn_ball_and_catch,追扑从画面左向右滚动的毛线球并按住,0,499_41-british-shorthair-blue_09-drag-yarn-ball-and-catch_seed-0,4,4.0,24,480,832,15:26,9:16,drag_yarn_ball_and_catch.v1+cat_identity.v1,pending_model_validation,d439af3a6e2ffd1fb44ce1d18ed103389a65c458cc10bc5433bc885d46e68337,5b888bc1cdc661bc3b5760445027966ef8d36a31c447614acbd23d3ca6af442e,prompts/cat_identity.v1.json
500,500,../data_h3/cat_ids/41_英国短毛猫蓝色.png,Ref_drag_yarn_ball_and_catch_mirror.mp4,prepared/Ref_drag_yarn_ball_and_catch_mirror.motion.mp4,prompts/drag_yarn_ball_and_catch_mirror.v1.en.txt,41,41-british-shorthair-blue,英国短毛猫蓝色,10,10-drag-yarn-ball-and-catch-mirror,drag_yarn_ball_and_catch_mirror,追扑从画面右向左滚动的毛线球并按住,0,500_41-british-shorthair-blue_10-drag-yarn-ball-and-catch-mirror_seed-0,4,4.0,24,480,832,15:26,9:16,drag_yarn_ball_and_catch_mirror.v1+cat_identity.v1,pending_model_validation,b25194b02f129b7f047b32f88602150156c2dba07b1499688534bd20ca3352cb,8b44957f6ebaca7c04c4a0af6bf4fbb65085b8ecf0acaf3433dc727a25b74982,prompts/cat_identity.v1.json
501,501,../data_h3/cat_ids/41_英国短毛猫蓝色.png,Ref_curl_up_and_lie_down.mp4,prepared/Ref_curl_up_and_lie_down.motion.mp4,prompts/curl_up_and_lie_down.v1.en.txt,41,41-british-shorthair-blue,英国短毛猫蓝色,11,11-curl-up-and-lie-down,curl_up_and_lie_down,低头向画面左侧蜷卧并闭眼休息,0,501_41-british-shorthair-blue_11-curl-up-and-lie-down_seed-0,4,4.0,24,480,832,15:26,9:16,curl_up_and_lie_down.v1+cat_identity.v1,pending_model_validation,f47c030de74dab7ce5357cf061326fc9992f6ed78ec1a016dd86ae5fac5c1be5,8414a980252d2baee6444085d2755563b7e0ccb3a138027e7cc6c1233be766eb,prompts/cat_identity.v1.json
502,502,../data_h3/cat_ids/41_英国短毛猫蓝色.png,Ref_curl_up_and_lie_down_mirror.mp4,prepared/Ref_curl_up_and_lie_down_mirror.motion.mp4,prompts/curl_up_and_lie_down_mirror.v1.en.txt,41,41-british-shorthair-blue,英国短毛猫蓝色,12,12-curl-up-and-lie-down-mirror,curl_up_and_lie_down_mirror,低头向画面右侧蜷卧并闭眼休息,0,502_41-british-shorthair-blue_12-curl-up-and-lie-down-mirror_seed-0,4,4.0,24,480,832,15:26,9:16,curl_up_and_lie_down_mirror.v1+cat_identity.v1,pending_model_validation,9e4dee71c2ecc1143883e2f8ef7eec48cb0c99d7962549829035993761a94b6f,5dcfd307dd80e4bd86fa73aff45f41f66eced8aba348a07f81f559f008a63527,prompts/cat_identity.v1.json
503,503,../data_h3/cat_ids/41_英国短毛猫蓝色.png,Ref_walk_forward_to_screen.mp4,prepared/Ref_walk_forward_to_screen.motion.mp4,prompts/walk_forward_to_screen.v1.en.txt,41,41-british-shorthair-blue,英国短毛猫蓝色,13,13-walk-forward-to-screen,walk_forward_to_screen,起身向镜头走近并在近处站定,0,503_41-british-shorthair-blue_13-walk-forward-to-screen_seed-0,4,4.041699,24,480,832,15:26,9:16,walk_forward_to_screen.v1+cat_identity.v1,pending_model_validation,41edb6afa3f7e28e58f3da52fa419873e4ec3f661783eec25fd2252fab9bdebc,b63a08fc2ef943e20b969f5567a1c9334a3d7ca21d68db70b052c4345a83014a,prompts/cat_identity.v1.json
504,504,../data_h3/cat_ids/42_英国短毛猫金色.png,Ref_drag_ear.mp4,prepared/Ref_drag_ear.motion.mp4,prompts/drag_ear.v1.en.txt,42,42-british-shorthair-golden,英国短毛猫金色,02,02-pull-left-ear,drag_ear,左前爪轻擦左耳与脸部后恢复坐姿,0,504_42-british-shorthair-golden_02-pull-left-ear_seed-0,4,4.0,24,480,832,15:26,9:16,drag_ear.v1+cat_identity.v1,pending_model_validation,f541b9574a424e8b6c2ddbaf9d9a020dbc216fe15f3d0648aba71463647aeaea,241a5d66949edcf078e592e2d02939921c2ff68968a95640d4e5a7e2c4fe75c1,prompts/cat_identity.v1.json
505,505,../data_h3/cat_ids/42_英国短毛猫金色.png,Ref_drag_ear_mirror.mp4,prepared/Ref_drag_ear_mirror.motion.mp4,prompts/drag_ear_mirror.v1.en.txt,42,42-british-shorthair-golden,英国短毛猫金色,03,03-drag-ear-mirror,drag_ear_mirror,右前爪轻擦右耳与脸部后恢复坐姿,0,505_42-british-shorthair-golden_03-drag-ear-mirror_seed-0,4,4.0,24,480,832,15:26,9:16,drag_ear_mirror.v1+cat_identity.v1,pending_model_validation,5329db4ee486a37d07760f20cb61f9b5368572e88880e3186546cc32914a5ee7,f5a0412ed913f5aad8bffb33c68c3b0ad7f4923f44f06370f768483b146897f4,prompts/cat_identity.v1.json
506,506,../data_h3/cat_ids/42_英国短毛猫金色.png,Ref_cat_teaser1.mp4,prepared/Ref_cat_teaser1.motion.mp4,prompts/cat_teaser1.v1.en.txt,42,42-british-shorthair-golden,英国短毛猫金色,04,04-cat-teaser1,cat_teaser1,左前爪坐姿拨打逗猫棒后注视玩具,0,506_42-british-shorthair-golden_04-cat-teaser1_seed-0,4,4.0,24,480,832,15:26,9:16,cat_teaser1.v1+cat_identity.v1,pending_model_validation,209af877e683eb5e6f8093d023967ef658a6f52cddbc1cee6640174bd7aca706,90ead0cb85338d88512f89fc4fdaa1599eaae717252a8a228289e47e9f7150f0,prompts/cat_identity.v1.json
507,507,../data_h3/cat_ids/42_英国短毛猫金色.png,Ref_cat_teaser1_mirror.mp4,prepared/Ref_cat_teaser1_mirror.motion.mp4,prompts/cat_teaser1_mirror.v1.en.txt,42,42-british-shorthair-golden,英国短毛猫金色,05,05-cat-teaser1-mirror,cat_teaser1_mirror,右前爪坐姿拨打逗猫棒后注视玩具,0,507_42-british-shorthair-golden_05-cat-teaser1-mirror_seed-0,4,4.0,24,480,832,15:26,9:16,cat_teaser1_mirror.v1+cat_identity.v1,pending_model_validation,c1a1fdfbab1e1ce203b7242915b326baa91a6e6afae662769343139d1b35090a,af450da4b11a442fbb8dc3b090842b494306a33800841e4f3ac9399fb1a3e695,prompts/cat_identity.v1.json
508,508,../data_h3/cat_ids/42_英国短毛猫金色.png,Ref_cat_teaser2.mp4,prepared/Ref_cat_teaser2.motion.mp4,prompts/cat_teaser2.v1.en.txt,42,42-british-shorthair-golden,英国短毛猫金色,06,06-cat-teaser2,cat_teaser2,起身向画面右侧追拍逗猫棒并站定,0,508_42-british-shorthair-golden_06-cat-teaser2_seed-0,4,4.0,24,480,832,15:26,9:16,cat_teaser2.v1+cat_identity.v1,pending_model_validation,ef0c40ec02ff22c467c6aea7588f247f91837cf6b5a01138e1639852a6472035,a8c95e9c38443d4d231086357cb356e7c98cb2af1a6bfa216feae39e945cc0ec,prompts/cat_identity.v1.json
509,509,../data_h3/cat_ids/42_英国短毛猫金色.png,Ref_cat_teaser2_mirror.mp4,prepared/Ref_cat_teaser2_mirror.motion.mp4,prompts/cat_teaser2_mirror.v1.en.txt,42,42-british-shorthair-golden,英国短毛猫金色,07,07-cat-teaser2-mirror,cat_teaser2_mirror,起身向画面左侧追拍逗猫棒并站定,0,509_42-british-shorthair-golden_07-cat-teaser2-mirror_seed-0,4,4.0,24,480,832,15:26,9:16,cat_teaser2_mirror.v1+cat_identity.v1,pending_model_validation,2231a3a76891b46a4681fd80b0fa08732c1e515751096f468bf164223e8ba163,7d4ae2310b662639649d68fa4f699951317c36f76eb715534248659d1924613d,prompts/cat_identity.v1.json
510,510,../data_h3/cat_ids/42_英国短毛猫金色.png,Ref_cat_teaser3.mp4,prepared/Ref_cat_teaser3.motion.mp4,prompts/cat_teaser3.v1.en.txt,42,42-british-shorthair-golden,英国短毛猫金色,08,08-cat-teaser3,cat_teaser3,双前爪抬起抓扑逗猫棒后落地坐定,0,510_42-british-shorthair-golden_08-cat-teaser3_seed-0,4,4.0,24,480,832,15:26,9:16,cat_teaser3.v1+cat_identity.v1,pending_model_validation,2f54d0c79adb46306931c9a85e69d2fd0a30c234343f9c52326156b87b8506f3,71df79527a94810bcacebc9cb956fa137c891a4ed437386697434b19c5fbb7ce,prompts/cat_identity.v1.json
511,511,../data_h3/cat_ids/42_英国短毛猫金色.png,Ref_drag_yarn_ball_and_catch.mp4,prepared/Ref_drag_yarn_ball_and_catch.motion.mp4,prompts/drag_yarn_ball_and_catch.v1.en.txt,42,42-british-shorthair-golden,英国短毛猫金色,09,09-drag-yarn-ball-and-catch,drag_yarn_ball_and_catch,追扑从画面左向右滚动的毛线球并按住,0,511_42-british-shorthair-golden_09-drag-yarn-ball-and-catch_seed-0,4,4.0,24,480,832,15:26,9:16,drag_yarn_ball_and_catch.v1+cat_identity.v1,pending_model_validation,93b4044b8abe7695302115cd7b5000a97c58be4cbd4b56a696a27e53118b74fe,5b888bc1cdc661bc3b5760445027966ef8d36a31c447614acbd23d3ca6af442e,prompts/cat_identity.v1.json
512,512,../data_h3/cat_ids/42_英国短毛猫金色.png,Ref_drag_yarn_ball_and_catch_mirror.mp4,prepared/Ref_drag_yarn_ball_and_catch_mirror.motion.mp4,prompts/drag_yarn_ball_and_catch_mirror.v1.en.txt,42,42-british-shorthair-golden,英国短毛猫金色,10,10-drag-yarn-ball-and-catch-mirror,drag_yarn_ball_and_catch_mirror,追扑从画面右向左滚动的毛线球并按住,0,512_42-british-shorthair-golden_10-drag-yarn-ball-and-catch-mirror_seed-0,4,4.0,24,480,832,15:26,9:16,drag_yarn_ball_and_catch_mirror.v1+cat_identity.v1,pending_model_validation,c9005ab8f75e193fd18ccda49421e77f68fa1862e2a5bc3e63270e98a32a0eec,8b44957f6ebaca7c04c4a0af6bf4fbb65085b8ecf0acaf3433dc727a25b74982,prompts/cat_identity.v1.json
513,513,../data_h3/cat_ids/42_英国短毛猫金色.png,Ref_curl_up_and_lie_down.mp4,prepared/Ref_curl_up_and_lie_down.motion.mp4,prompts/curl_up_and_lie_down.v1.en.txt,42,42-british-shorthair-golden,英国短毛猫金色,11,11-curl-up-and-lie-down,curl_up_and_lie_down,低头向画面左侧蜷卧并闭眼休息,0,513_42-british-shorthair-golden_11-curl-up-and-lie-down_seed-0,4,4.0,24,480,832,15:26,9:16,curl_up_and_lie_down.v1+cat_identity.v1,pending_model_validation,7f2585fc749655319224e0ae7a37ffb98d2cd967fa157af5e063962241ec5ca4,8414a980252d2baee6444085d2755563b7e0ccb3a138027e7cc6c1233be766eb,prompts/cat_identity.v1.json
514,514,../data_h3/cat_ids/42_英国短毛猫金色.png,Ref_curl_up_and_lie_down_mirror.mp4,prepared/Ref_curl_up_and_lie_down_mirror.motion.mp4,prompts/curl_up_and_lie_down_mirror.v1.en.txt,42,42-british-shorthair-golden,英国短毛猫金色,12,12-curl-up-and-lie-down-mirror,curl_up_and_lie_down_mirror,低头向画面右侧蜷卧并闭眼休息,0,514_42-british-shorthair-golden_12-curl-up-and-lie-down-mirror_seed-0,4,4.0,24,480,832,15:26,9:16,curl_up_and_lie_down_mirror.v1+cat_identity.v1,pending_model_validation,ade940599f10983e0c78904ab596a96a6e928f8ca9a11a04f5d180eceff76bb9,5dcfd307dd80e4bd86fa73aff45f41f66eced8aba348a07f81f559f008a63527,prompts/cat_identity.v1.json
515,515,../data_h3/cat_ids/42_英国短毛猫金色.png,Ref_walk_forward_to_screen.mp4,prepared/Ref_walk_forward_to_screen.motion.mp4,prompts/walk_forward_to_screen.v1.en.txt,42,42-british-shorthair-golden,英国短毛猫金色,13,13-walk-forward-to-screen,walk_forward_to_screen,起身向镜头走近并在近处站定,0,515_42-british-shorthair-golden_13-walk-forward-to-screen_seed-0,4,4.041699,24,480,832,15:26,9:16,walk_forward_to_screen.v1+cat_identity.v1,pending_model_validation,381598d91eef3880c706d3f521b1ed2263daee566ad5fb4846f562c76bcb23a6,b63a08fc2ef943e20b969f5567a1c9334a3d7ca21d68db70b052c4345a83014a,prompts/cat_identity.v1.json
516,516,../data_h3/cat_ids/43_英国长毛猫丁香色.png,Ref_drag_ear.mp4,prepared/Ref_drag_ear.motion.mp4,prompts/drag_ear.v1.en.txt,43,43-british-longhair-lilac,英国长毛猫丁香色,02,02-pull-left-ear,drag_ear,左前爪轻擦左耳与脸部后恢复坐姿,0,516_43-british-longhair-lilac_02-pull-left-ear_seed-0,4,4.0,24,480,832,15:26,9:16,drag_ear.v1+cat_identity.v1,pending_model_validation,2e630c0e0a2340884df4d98c6861300982973e594e45be09eebfb07aea2b33c1,241a5d66949edcf078e592e2d02939921c2ff68968a95640d4e5a7e2c4fe75c1,prompts/cat_identity.v1.json
517,517,../data_h3/cat_ids/43_英国长毛猫丁香色.png,Ref_drag_ear_mirror.mp4,prepared/Ref_drag_ear_mirror.motion.mp4,prompts/drag_ear_mirror.v1.en.txt,43,43-british-longhair-lilac,英国长毛猫丁香色,03,03-drag-ear-mirror,drag_ear_mirror,右前爪轻擦右耳与脸部后恢复坐姿,0,517_43-british-longhair-lilac_03-drag-ear-mirror_seed-0,4,4.0,24,480,832,15:26,9:16,drag_ear_mirror.v1+cat_identity.v1,pending_model_validation,799c986dad4aec3fafddd5d4a757a9d02065e1dd4870fc9f4895b64773d7c427,f5a0412ed913f5aad8bffb33c68c3b0ad7f4923f44f06370f768483b146897f4,prompts/cat_identity.v1.json
518,518,../data_h3/cat_ids/43_英国长毛猫丁香色.png,Ref_cat_teaser1.mp4,prepared/Ref_cat_teaser1.motion.mp4,prompts/cat_teaser1.v1.en.txt,43,43-british-longhair-lilac,英国长毛猫丁香色,04,04-cat-teaser1,cat_teaser1,左前爪坐姿拨打逗猫棒后注视玩具,0,518_43-british-longhair-lilac_04-cat-teaser1_seed-0,4,4.0,24,480,832,15:26,9:16,cat_teaser1.v1+cat_identity.v1,pending_model_validation,8e1837e0cfd3203d30685a4cf2b23d33dfdb5c306d8e70a96b4a2ccb338e822e,90ead0cb85338d88512f89fc4fdaa1599eaae717252a8a228289e47e9f7150f0,prompts/cat_identity.v1.json
519,519,../data_h3/cat_ids/43_英国长毛猫丁香色.png,Ref_cat_teaser1_mirror.mp4,prepared/Ref_cat_teaser1_mirror.motion.mp4,prompts/cat_teaser1_mirror.v1.en.txt,43,43-british-longhair-lilac,英国长毛猫丁香色,05,05-cat-teaser1-mirror,cat_teaser1_mirror,右前爪坐姿拨打逗猫棒后注视玩具,0,519_43-british-longhair-lilac_05-cat-teaser1-mirror_seed-0,4,4.0,24,480,832,15:26,9:16,cat_teaser1_mirror.v1+cat_identity.v1,pending_model_validation,954f2046afa3bea8e4fa1c46890605afa4751775b2c87619caf3326c5d4d7cc4,af450da4b11a442fbb8dc3b090842b494306a33800841e4f3ac9399fb1a3e695,prompts/cat_identity.v1.json
520,520,../data_h3/cat_ids/43_英国长毛猫丁香色.png,Ref_cat_teaser2.mp4,prepared/Ref_cat_teaser2.motion.mp4,prompts/cat_teaser2.v1.en.txt,43,43-british-longhair-lilac,英国长毛猫丁香色,06,06-cat-teaser2,cat_teaser2,起身向画面右侧追拍逗猫棒并站定,0,520_43-british-longhair-lilac_06-cat-teaser2_seed-0,4,4.0,24,480,832,15:26,9:16,cat_teaser2.v1+cat_identity.v1,pending_model_validation,4d9059a13db069bfdde38b510e46c817b7d83f38af73ce9af5404a706ed0edf5,a8c95e9c38443d4d231086357cb356e7c98cb2af1a6bfa216feae39e945cc0ec,prompts/cat_identity.v1.json
521,521,../data_h3/cat_ids/43_英国长毛猫丁香色.png,Ref_cat_teaser2_mirror.mp4,prepared/Ref_cat_teaser2_mirror.motion.mp4,prompts/cat_teaser2_mirror.v1.en.txt,43,43-british-longhair-lilac,英国长毛猫丁香色,07,07-cat-teaser2-mirror,cat_teaser2_mirror,起身向画面左侧追拍逗猫棒并站定,0,521_43-british-longhair-lilac_07-cat-teaser2-mirror_seed-0,4,4.0,24,480,832,15:26,9:16,cat_teaser2_mirror.v1+cat_identity.v1,pending_model_validation,097449eec42b5dfad399e6803a21740aae555632360e47afbdfd403ae81666cc,7d4ae2310b662639649d68fa4f699951317c36f76eb715534248659d1924613d,prompts/cat_identity.v1.json
522,522,../data_h3/cat_ids/43_英国长毛猫丁香色.png,Ref_cat_teaser3.mp4,prepared/Ref_cat_teaser3.motion.mp4,prompts/cat_teaser3.v1.en.txt,43,43-british-longhair-lilac,英国长毛猫丁香色,08,08-cat-teaser3,cat_teaser3,双前爪抬起抓扑逗猫棒后落地坐定,0,522_43-british-longhair-lilac_08-cat-teaser3_seed-0,4,4.0,24,480,832,15:26,9:16,cat_teaser3.v1+cat_identity.v1,pending_model_validation,016d4012009994e79f83e9dfd18a155418294dbc711e5501c9cab0391306aa37,71df79527a94810bcacebc9cb956fa137c891a4ed437386697434b19c5fbb7ce,prompts/cat_identity.v1.json
523,523,../data_h3/cat_ids/43_英国长毛猫丁香色.png,Ref_drag_yarn_ball_and_catch.mp4,prepared/Ref_drag_yarn_ball_and_catch.motion.mp4,prompts/drag_yarn_ball_and_catch.v1.en.txt,43,43-british-longhair-lilac,英国长毛猫丁香色,09,09-drag-yarn-ball-and-catch,drag_yarn_ball_and_catch,追扑从画面左向右滚动的毛线球并按住,0,523_43-british-longhair-lilac_09-drag-yarn-ball-and-catch_seed-0,4,4.0,24,480,832,15:26,9:16,drag_yarn_ball_and_catch.v1+cat_identity.v1,pending_model_validation,99cbf12b286cdbd4c4e2d16fb4fda3728f70731f08704ab3000c1bf9fdedc21d,5b888bc1cdc661bc3b5760445027966ef8d36a31c447614acbd23d3ca6af442e,prompts/cat_identity.v1.json
524,524,../data_h3/cat_ids/43_英国长毛猫丁香色.png,Ref_drag_yarn_ball_and_catch_mirror.mp4,prepared/Ref_drag_yarn_ball_and_catch_mirror.motion.mp4,prompts/drag_yarn_ball_and_catch_mirror.v1.en.txt,43,43-british-longhair-lilac,英国长毛猫丁香色,10,10-drag-yarn-ball-and-catch-mirror,drag_yarn_ball_and_catch_mirror,追扑从画面右向左滚动的毛线球并按住,0,524_43-british-longhair-lilac_10-drag-yarn-ball-and-catch-mirror_seed-0,4,4.0,24,480,832,15:26,9:16,drag_yarn_ball_and_catch_mirror.v1+cat_identity.v1,pending_model_validation,9976029e605c3cdc02f4ea89926f6f75772bd795f76306428f39bb409c3924e4,8b44957f6ebaca7c04c4a0af6bf4fbb65085b8ecf0acaf3433dc727a25b74982,prompts/cat_identity.v1.json
525,525,../data_h3/cat_ids/43_英国长毛猫丁香色.png,Ref_curl_up_and_lie_down.mp4,prepared/Ref_curl_up_and_lie_down.motion.mp4,prompts/curl_up_and_lie_down.v1.en.txt,43,43-british-longhair-lilac,英国长毛猫丁香色,11,11-curl-up-and-lie-down,curl_up_and_lie_down,低头向画面左侧蜷卧并闭眼休息,0,525_43-british-longhair-lilac_11-curl-up-and-lie-down_seed-0,4,4.0,24,480,832,15:26,9:16,curl_up_and_lie_down.v1+cat_identity.v1,pending_model_validation,dc1ec6cf22da04f7009223b88b10dd7d77649cee6a9b1f99f5bcf30dfd856260,8414a980252d2baee6444085d2755563b7e0ccb3a138027e7cc6c1233be766eb,prompts/cat_identity.v1.json
526,526,../data_h3/cat_ids/43_英国长毛猫丁香色.png,Ref_curl_up_and_lie_down_mirror.mp4,prepared/Ref_curl_up_and_lie_down_mirror.motion.mp4,prompts/curl_up_and_lie_down_mirror.v1.en.txt,43,43-british-longhair-lilac,英国长毛猫丁香色,12,12-curl-up-and-lie-down-mirror,curl_up_and_lie_down_mirror,低头向画面右侧蜷卧并闭眼休息,0,526_43-british-longhair-lilac_12-curl-up-and-lie-down-mirror_seed-0,4,4.0,24,480,832,15:26,9:16,curl_up_and_lie_down_mirror.v1+cat_identity.v1,pending_model_validation,59540a65d1f410a05dedcb4983eeb301cea410205e6171c80888d492adf403d6,5dcfd307dd80e4bd86fa73aff45f41f66eced8aba348a07f81f559f008a63527,prompts/cat_identity.v1.json
527,527,../data_h3/cat_ids/43_英国长毛猫丁香色.png,Ref_walk_forward_to_screen.mp4,prepared/Ref_walk_forward_to_screen.motion.mp4,prompts/walk_forward_to_screen.v1.en.txt,43,43-british-longhair-lilac,英国长毛猫丁香色,13,13-walk-forward-to-screen,walk_forward_to_screen,起身向镜头走近并在近处站定,0,527_43-british-longhair-lilac_13-walk-forward-to-screen_seed-0,4,4.041699,24,480,832,15:26,9:16,walk_forward_to_screen.v1+cat_identity.v1,pending_model_validation,11cb508dc61e879ec495df80bf76ce3533ca7252f13788ff81bc08cfe13237b6,b63a08fc2ef943e20b969f5567a1c9334a3d7ca21d68db70b052c4345a83014a,prompts/cat_identity.v1.json
528,528,../data_h3/cat_ids/44_沙特尔猫.png,Ref_drag_ear.mp4,prepared/Ref_drag_ear.motion.mp4,prompts/drag_ear.v1.en.txt,44,44-chartreux,沙特尔猫,02,02-pull-left-ear,drag_ear,左前爪轻擦左耳与脸部后恢复坐姿,0,528_44-chartreux_02-pull-left-ear_seed-0,4,4.0,24,480,832,15:26,9:16,drag_ear.v1+cat_identity.v1,pending_model_validation,315e4e6d8b5988cda4b9f182822f809388d8be83e12715a56cacf294ae5cfbeb,241a5d66949edcf078e592e2d02939921c2ff68968a95640d4e5a7e2c4fe75c1,prompts/cat_identity.v1.json
529,529,../data_h3/cat_ids/44_沙特尔猫.png,Ref_drag_ear_mirror.mp4,prepared/Ref_drag_ear_mirror.motion.mp4,prompts/drag_ear_mirror.v1.en.txt,44,44-chartreux,沙特尔猫,03,03-drag-ear-mirror,drag_ear_mirror,右前爪轻擦右耳与脸部后恢复坐姿,0,529_44-chartreux_03-drag-ear-mirror_seed-0,4,4.0,24,480,832,15:26,9:16,drag_ear_mirror.v1+cat_identity.v1,pending_model_validation,ac3b6573c20cbf3959a87fe03203a17b2f436775eccadabe41eacbe3181179e4,f5a0412ed913f5aad8bffb33c68c3b0ad7f4923f44f06370f768483b146897f4,prompts/cat_identity.v1.json
530,530,../data_h3/cat_ids/44_沙特尔猫.png,Ref_cat_teaser1.mp4,prepared/Ref_cat_teaser1.motion.mp4,prompts/cat_teaser1.v1.en.txt,44,44-chartreux,沙特尔猫,04,04-cat-teaser1,cat_teaser1,左前爪坐姿拨打逗猫棒后注视玩具,0,530_44-chartreux_04-cat-teaser1_seed-0,4,4.0,24,480,832,15:26,9:16,cat_teaser1.v1+cat_identity.v1,pending_model_validation,f07ed477ee87f359237aadfdec15b6ca8d0d9375d334cc66b7c6ce780d365a3b,90ead0cb85338d88512f89fc4fdaa1599eaae717252a8a228289e47e9f7150f0,prompts/cat_identity.v1.json
531,531,../data_h3/cat_ids/44_沙特尔猫.png,Ref_cat_teaser1_mirror.mp4,prepared/Ref_cat_teaser1_mirror.motion.mp4,prompts/cat_teaser1_mirror.v1.en.txt,44,44-chartreux,沙特尔猫,05,05-cat-teaser1-mirror,cat_teaser1_mirror,右前爪坐姿拨打逗猫棒后注视玩具,0,531_44-chartreux_05-cat-teaser1-mirror_seed-0,4,4.0,24,480,832,15:26,9:16,cat_teaser1_mirror.v1+cat_identity.v1,pending_model_validation,1cb803215900af4d360070815c3ffd7b0795b7a3d3355ed6233a4b6ad257a774,af450da4b11a442fbb8dc3b090842b494306a33800841e4f3ac9399fb1a3e695,prompts/cat_identity.v1.json
532,532,../data_h3/cat_ids/44_沙特尔猫.png,Ref_cat_teaser2.mp4,prepared/Ref_cat_teaser2.motion.mp4,prompts/cat_teaser2.v1.en.txt,44,44-chartreux,沙特尔猫,06,06-cat-teaser2,cat_teaser2,起身向画面右侧追拍逗猫棒并站定,0,532_44-chartreux_06-cat-teaser2_seed-0,4,4.0,24,480,832,15:26,9:16,cat_teaser2.v1+cat_identity.v1,pending_model_validation,239d4087b3378a49cfb5ff07073fcb52b953c667cf7769875647db0e35076ee4,a8c95e9c38443d4d231086357cb356e7c98cb2af1a6bfa216feae39e945cc0ec,prompts/cat_identity.v1.json
533,533,../data_h3/cat_ids/44_沙特尔猫.png,Ref_cat_teaser2_mirror.mp4,prepared/Ref_cat_teaser2_mirror.motion.mp4,prompts/cat_teaser2_mirror.v1.en.txt,44,44-chartreux,沙特尔猫,07,07-cat-teaser2-mirror,cat_teaser2_mirror,起身向画面左侧追拍逗猫棒并站定,0,533_44-chartreux_07-cat-teaser2-mirror_seed-0,4,4.0,24,480,832,15:26,9:16,cat_teaser2_mirror.v1+cat_identity.v1,pending_model_validation,7d31d0ad10e3f195d85e80679f054cc7d153f4cc35ead1cb836a39c35da764d9,7d4ae2310b662639649d68fa4f699951317c36f76eb715534248659d1924613d,prompts/cat_identity.v1.json
534,534,../data_h3/cat_ids/44_沙特尔猫.png,Ref_cat_teaser3.mp4,prepared/Ref_cat_teaser3.motion.mp4,prompts/cat_teaser3.v1.en.txt,44,44-chartreux,沙特尔猫,08,08-cat-teaser3,cat_teaser3,双前爪抬起抓扑逗猫棒后落地坐定,0,534_44-chartreux_08-cat-teaser3_seed-0,4,4.0,24,480,832,15:26,9:16,cat_teaser3.v1+cat_identity.v1,pending_model_validation,81fb3c6f2df76be949c953a9b2fe73e1025442ea4156cc5a986e57bc02ae5480,71df79527a94810bcacebc9cb956fa137c891a4ed437386697434b19c5fbb7ce,prompts/cat_identity.v1.json
535,535,../data_h3/cat_ids/44_沙特尔猫.png,Ref_drag_yarn_ball_and_catch.mp4,prepared/Ref_drag_yarn_ball_and_catch.motion.mp4,prompts/drag_yarn_ball_and_catch.v1.en.txt,44,44-chartreux,沙特尔猫,09,09-drag-yarn-ball-and-catch,drag_yarn_ball_and_catch,追扑从画面左向右滚动的毛线球并按住,0,535_44-chartreux_09-drag-yarn-ball-and-catch_seed-0,4,4.0,24,480,832,15:26,9:16,drag_yarn_ball_and_catch.v1+cat_identity.v1,pending_model_validation,3ee61fe72469ef9451f066f8be1550173d2681fc3c985fa2ce568d12529c1ab5,5b888bc1cdc661bc3b5760445027966ef8d36a31c447614acbd23d3ca6af442e,prompts/cat_identity.v1.json
536,536,../data_h3/cat_ids/44_沙特尔猫.png,Ref_drag_yarn_ball_and_catch_mirror.mp4,prepared/Ref_drag_yarn_ball_and_catch_mirror.motion.mp4,prompts/drag_yarn_ball_and_catch_mirror.v1.en.txt,44,44-chartreux,沙特尔猫,10,10-drag-yarn-ball-and-catch-mirror,drag_yarn_ball_and_catch_mirror,追扑从画面右向左滚动的毛线球并按住,0,536_44-chartreux_10-drag-yarn-ball-and-catch-mirror_seed-0,4,4.0,24,480,832,15:26,9:16,drag_yarn_ball_and_catch_mirror.v1+cat_identity.v1,pending_model_validation,474986c109087142f3a669a940d56dacf01c19aaf951fab7f67d1fdbd4f902f7,8b44957f6ebaca7c04c4a0af6bf4fbb65085b8ecf0acaf3433dc727a25b74982,prompts/cat_identity.v1.json
537,537,../data_h3/cat_ids/44_沙特尔猫.png,Ref_curl_up_and_lie_down.mp4,prepared/Ref_curl_up_and_lie_down.motion.mp4,prompts/curl_up_and_lie_down.v1.en.txt,44,44-chartreux,沙特尔猫,11,11-curl-up-and-lie-down,curl_up_and_lie_down,低头向画面左侧蜷卧并闭眼休息,0,537_44-chartreux_11-curl-up-and-lie-down_seed-0,4,4.0,24,480,832,15:26,9:16,curl_up_and_lie_down.v1+cat_identity.v1,pending_model_validation,69cd183b044ba6b18ad0632eda4dab6fc77006aa6c21105a0c2a8a3087ac7478,8414a980252d2baee6444085d2755563b7e0ccb3a138027e7cc6c1233be766eb,prompts/cat_identity.v1.json
538,538,../data_h3/cat_ids/44_沙特尔猫.png,Ref_curl_up_and_lie_down_mirror.mp4,prepared/Ref_curl_up_and_lie_down_mirror.motion.mp4,prompts/curl_up_and_lie_down_mirror.v1.en.txt,44,44-chartreux,沙特尔猫,12,12-curl-up-and-lie-down-mirror,curl_up_and_lie_down_mirror,低头向画面右侧蜷卧并闭眼休息,0,538_44-chartreux_12-curl-up-and-lie-down-mirror_seed-0,4,4.0,24,480,832,15:26,9:16,curl_up_and_lie_down_mirror.v1+cat_identity.v1,pending_model_validation,7d450673df84bcc59c306555bf32a39648c44f89796b9952ada6f3a8b10715b6,5dcfd307dd80e4bd86fa73aff45f41f66eced8aba348a07f81f559f008a63527,prompts/cat_identity.v1.json
539,539,../data_h3/cat_ids/44_沙特尔猫.png,Ref_walk_forward_to_screen.mp4,prepared/Ref_walk_forward_to_screen.motion.mp4,prompts/walk_forward_to_screen.v1.en.txt,44,44-chartreux,沙特尔猫,13,13-walk-forward-to-screen,walk_forward_to_screen,起身向镜头走近并在近处站定,0,539_44-chartreux_13-walk-forward-to-screen_seed-0,4,4.041699,24,480,832,15:26,9:16,walk_forward_to_screen.v1+cat_identity.v1,pending_model_validation,0394264a2809d39868c03045b4f6a27b5c51bc7b55dc0a4e310c7739e2f7e2a9,b63a08fc2ef943e20b969f5567a1c9334a3d7ca21d68db70b052c4345a83014a,prompts/cat_identity.v1.json
540,540,../data_h3/cat_ids/45_俄罗斯蓝猫.png,Ref_drag_ear.mp4,prepared/Ref_drag_ear.motion.mp4,prompts/drag_ear.v1.en.txt,45,45-russian-blue,俄罗斯蓝猫,02,02-pull-left-ear,drag_ear,左前爪轻擦左耳与脸部后恢复坐姿,0,540_45-russian-blue_02-pull-left-ear_seed-0,4,4.0,24,480,832,15:26,9:16,drag_ear.v1+cat_identity.v1,pending_model_validation,14482c46da0731b48c56fcb784450d554c7814974f1003c7257e8f60a3e4a2a6,241a5d66949edcf078e592e2d02939921c2ff68968a95640d4e5a7e2c4fe75c1,prompts/cat_identity.v1.json
541,541,../data_h3/cat_ids/45_俄罗斯蓝猫.png,Ref_drag_ear_mirror.mp4,prepared/Ref_drag_ear_mirror.motion.mp4,prompts/drag_ear_mirror.v1.en.txt,45,45-russian-blue,俄罗斯蓝猫,03,03-drag-ear-mirror,drag_ear_mirror,右前爪轻擦右耳与脸部后恢复坐姿,0,541_45-russian-blue_03-drag-ear-mirror_seed-0,4,4.0,24,480,832,15:26,9:16,drag_ear_mirror.v1+cat_identity.v1,pending_model_validation,88d689be38bcdf6471c8ce14989d9917d47c93920bdda6303cc2ab7e28aac3d3,f5a0412ed913f5aad8bffb33c68c3b0ad7f4923f44f06370f768483b146897f4,prompts/cat_identity.v1.json
542,542,../data_h3/cat_ids/45_俄罗斯蓝猫.png,Ref_cat_teaser1.mp4,prepared/Ref_cat_teaser1.motion.mp4,prompts/cat_teaser1.v1.en.txt,45,45-russian-blue,俄罗斯蓝猫,04,04-cat-teaser1,cat_teaser1,左前爪坐姿拨打逗猫棒后注视玩具,0,542_45-russian-blue_04-cat-teaser1_seed-0,4,4.0,24,480,832,15:26,9:16,cat_teaser1.v1+cat_identity.v1,pending_model_validation,e8293327940af02a8315d87b0905b0f7cf107a5a5c2a074834d53e99d419eaef,90ead0cb85338d88512f89fc4fdaa1599eaae717252a8a228289e47e9f7150f0,prompts/cat_identity.v1.json
543,543,../data_h3/cat_ids/45_俄罗斯蓝猫.png,Ref_cat_teaser1_mirror.mp4,prepared/Ref_cat_teaser1_mirror.motion.mp4,prompts/cat_teaser1_mirror.v1.en.txt,45,45-russian-blue,俄罗斯蓝猫,05,05-cat-teaser1-mirror,cat_teaser1_mirror,右前爪坐姿拨打逗猫棒后注视玩具,0,543_45-russian-blue_05-cat-teaser1-mirror_seed-0,4,4.0,24,480,832,15:26,9:16,cat_teaser1_mirror.v1+cat_identity.v1,pending_model_validation,a4beb2879581ba6de5379f4527d32e693d0724df1abb6702727c380b535d036e,af450da4b11a442fbb8dc3b090842b494306a33800841e4f3ac9399fb1a3e695,prompts/cat_identity.v1.json
544,544,../data_h3/cat_ids/45_俄罗斯蓝猫.png,Ref_cat_teaser2.mp4,prepared/Ref_cat_teaser2.motion.mp4,prompts/cat_teaser2.v1.en.txt,45,45-russian-blue,俄罗斯蓝猫,06,06-cat-teaser2,cat_teaser2,起身向画面右侧追拍逗猫棒并站定,0,544_45-russian-blue_06-cat-teaser2_seed-0,4,4.0,24,480,832,15:26,9:16,cat_teaser2.v1+cat_identity.v1,pending_model_validation,f794da182e45331562aa9d2fdeb580310bc1ced7f5a8653f2114a768955424d8,a8c95e9c38443d4d231086357cb356e7c98cb2af1a6bfa216feae39e945cc0ec,prompts/cat_identity.v1.json
545,545,../data_h3/cat_ids/45_俄罗斯蓝猫.png,Ref_cat_teaser2_mirror.mp4,prepared/Ref_cat_teaser2_mirror.motion.mp4,prompts/cat_teaser2_mirror.v1.en.txt,45,45-russian-blue,俄罗斯蓝猫,07,07-cat-teaser2-mirror,cat_teaser2_mirror,起身向画面左侧追拍逗猫棒并站定,0,545_45-russian-blue_07-cat-teaser2-mirror_seed-0,4,4.0,24,480,832,15:26,9:16,cat_teaser2_mirror.v1+cat_identity.v1,pending_model_validation,c7be0460b9fcb43b2db0f0d65ff8c69373317f4049274d10833711d2c5bbbe81,7d4ae2310b662639649d68fa4f699951317c36f76eb715534248659d1924613d,prompts/cat_identity.v1.json
546,546,../data_h3/cat_ids/45_俄罗斯蓝猫.png,Ref_cat_teaser3.mp4,prepared/Ref_cat_teaser3.motion.mp4,prompts/cat_teaser3.v1.en.txt,45,45-russian-blue,俄罗斯蓝猫,08,08-cat-teaser3,cat_teaser3,双前爪抬起抓扑逗猫棒后落地坐定,0,546_45-russian-blue_08-cat-teaser3_seed-0,4,4.0,24,480,832,15:26,9:16,cat_teaser3.v1+cat_identity.v1,pending_model_validation,867674e9ec192834daa1bc04f73a23bcabcd86c0f454f37a240a3e63b0e7be3a,71df79527a94810bcacebc9cb956fa137c891a4ed437386697434b19c5fbb7ce,prompts/cat_identity.v1.json
547,547,../data_h3/cat_ids/45_俄罗斯蓝猫.png,Ref_drag_yarn_ball_and_catch.mp4,prepared/Ref_drag_yarn_ball_and_catch.motion.mp4,prompts/drag_yarn_ball_and_catch.v1.en.txt,45,45-russian-blue,俄罗斯蓝猫,09,09-drag-yarn-ball-and-catch,drag_yarn_ball_and_catch,追扑从画面左向右滚动的毛线球并按住,0,547_45-russian-blue_09-drag-yarn-ball-and-catch_seed-0,4,4.0,24,480,832,15:26,9:16,drag_yarn_ball_and_catch.v1+cat_identity.v1,pending_model_validation,7f87d165581c83785ab62830455ddea0ab36d1fc66312d169f880d0820b50c89,5b888bc1cdc661bc3b5760445027966ef8d36a31c447614acbd23d3ca6af442e,prompts/cat_identity.v1.json
548,548,../data_h3/cat_ids/45_俄罗斯蓝猫.png,Ref_drag_yarn_ball_and_catch_mirror.mp4,prepared/Ref_drag_yarn_ball_and_catch_mirror.motion.mp4,prompts/drag_yarn_ball_and_catch_mirror.v1.en.txt,45,45-russian-blue,俄罗斯蓝猫,10,10-drag-yarn-ball-and-catch-mirror,drag_yarn_ball_and_catch_mirror,追扑从画面右向左滚动的毛线球并按住,0,548_45-russian-blue_10-drag-yarn-ball-and-catch-mirror_seed-0,4,4.0,24,480,832,15:26,9:16,drag_yarn_ball_and_catch_mirror.v1+cat_identity.v1,pending_model_validation,4e2157271229998b20bf3f34f7c3ff7ae7218c7c192ab3aa9c0dd0be637d51f8,8b44957f6ebaca7c04c4a0af6bf4fbb65085b8ecf0acaf3433dc727a25b74982,prompts/cat_identity.v1.json
549,549,../data_h3/cat_ids/45_俄罗斯蓝猫.png,Ref_curl_up_and_lie_down.mp4,prepared/Ref_curl_up_and_lie_down.motion.mp4,prompts/curl_up_and_lie_down.v1.en.txt,45,45-russian-blue,俄罗斯蓝猫,11,11-curl-up-and-lie-down,curl_up_and_lie_down,低头向画面左侧蜷卧并闭眼休息,0,549_45-russian-blue_11-curl-up-and-lie-down_seed-0,4,4.0,24,480,832,15:26,9:16,curl_up_and_lie_down.v1+cat_identity.v1,pending_model_validation,10483c7baa5c90eed827b9237b52b00c178bfcdab10ac64f5489e5522c9dd34f,8414a980252d2baee6444085d2755563b7e0ccb3a138027e7cc6c1233be766eb,prompts/cat_identity.v1.json
550,550,../data_h3/cat_ids/45_俄罗斯蓝猫.png,Ref_curl_up_and_lie_down_mirror.mp4,prepared/Ref_curl_up_and_lie_down_mirror.motion.mp4,prompts/curl_up_and_lie_down_mirror.v1.en.txt,45,45-russian-blue,俄罗斯蓝猫,12,12-curl-up-and-lie-down-mirror,curl_up_and_lie_down_mirror,低头向画面右侧蜷卧并闭眼休息,0,550_45-russian-blue_12-curl-up-and-lie-down-mirror_seed-0,4,4.0,24,480,832,15:26,9:16,curl_up_and_lie_down_mirror.v1+cat_identity.v1,pending_model_validation,17d960e597765d632e29908664f8580dba80d2c78551bc3e49019fa6c5fbbd79,5dcfd307dd80e4bd86fa73aff45f41f66eced8aba348a07f81f559f008a63527,prompts/cat_identity.v1.json
551,551,../data_h3/cat_ids/45_俄罗斯蓝猫.png,Ref_walk_forward_to_screen.mp4,prepared/Ref_walk_forward_to_screen.motion.mp4,prompts/walk_forward_to_screen.v1.en.txt,45,45-russian-blue,俄罗斯蓝猫,13,13-walk-forward-to-screen,walk_forward_to_screen,起身向镜头走近并在近处站定,0,551_45-russian-blue_13-walk-forward-to-screen_seed-0,4,4.041699,24,480,832,15:26,9:16,walk_forward_to_screen.v1+cat_identity.v1,pending_model_validation,a67e1f9b24a57730fd5afd7a87163d587d2bce539a3de88ec5ec2f5c4c80bf94,b63a08fc2ef943e20b969f5567a1c9334a3d7ca21d68db70b052c4345a83014a,prompts/cat_identity.v1.json
552,552,../data_h3/cat_ids/46_美国短毛猫银虎斑.png,Ref_drag_ear.mp4,prepared/Ref_drag_ear.motion.mp4,prompts/drag_ear.v1.en.txt,46,46-american-shorthair-silver-tabby,美国短毛猫银虎斑,02,02-pull-left-ear,drag_ear,左前爪轻擦左耳与脸部后恢复坐姿,0,552_46-american-shorthair-silver-tabby_02-pull-left-ear_seed-0,4,4.0,24,480,832,15:26,9:16,drag_ear.v1+cat_identity.v1,pending_model_validation,60ca0bcebed9083e97ecb0671d898a0e6ddaad41ca9e47fcff5564d85e2555ad,241a5d66949edcf078e592e2d02939921c2ff68968a95640d4e5a7e2c4fe75c1,prompts/cat_identity.v1.json
553,553,../data_h3/cat_ids/46_美国短毛猫银虎斑.png,Ref_drag_ear_mirror.mp4,prepared/Ref_drag_ear_mirror.motion.mp4,prompts/drag_ear_mirror.v1.en.txt,46,46-american-shorthair-silver-tabby,美国短毛猫银虎斑,03,03-drag-ear-mirror,drag_ear_mirror,右前爪轻擦右耳与脸部后恢复坐姿,0,553_46-american-shorthair-silver-tabby_03-drag-ear-mirror_seed-0,4,4.0,24,480,832,15:26,9:16,drag_ear_mirror.v1+cat_identity.v1,pending_model_validation,ad9e9c8d4a315fc5c690bbf6b28cb14c2d82eb188ae9dc42c15fdc9e883ae057,f5a0412ed913f5aad8bffb33c68c3b0ad7f4923f44f06370f768483b146897f4,prompts/cat_identity.v1.json
554,554,../data_h3/cat_ids/46_美国短毛猫银虎斑.png,Ref_cat_teaser1.mp4,prepared/Ref_cat_teaser1.motion.mp4,prompts/cat_teaser1.v1.en.txt,46,46-american-shorthair-silver-tabby,美国短毛猫银虎斑,04,04-cat-teaser1,cat_teaser1,左前爪坐姿拨打逗猫棒后注视玩具,0,554_46-american-shorthair-silver-tabby_04-cat-teaser1_seed-0,4,4.0,24,480,832,15:26,9:16,cat_teaser1.v1+cat_identity.v1,pending_model_validation,ecee397ba168a7782309ea4e2a610f861407410cbce91796ddf3b656a2029b95,90ead0cb85338d88512f89fc4fdaa1599eaae717252a8a228289e47e9f7150f0,prompts/cat_identity.v1.json
555,555,../data_h3/cat_ids/46_美国短毛猫银虎斑.png,Ref_cat_teaser1_mirror.mp4,prepared/Ref_cat_teaser1_mirror.motion.mp4,prompts/cat_teaser1_mirror.v1.en.txt,46,46-american-shorthair-silver-tabby,美国短毛猫银虎斑,05,05-cat-teaser1-mirror,cat_teaser1_mirror,右前爪坐姿拨打逗猫棒后注视玩具,0,555_46-american-shorthair-silver-tabby_05-cat-teaser1-mirror_seed-0,4,4.0,24,480,832,15:26,9:16,cat_teaser1_mirror.v1+cat_identity.v1,pending_model_validation,6454bf65e327f39712075123b497c5bbcd4966c2597b01e84fad39e659fe897f,af450da4b11a442fbb8dc3b090842b494306a33800841e4f3ac9399fb1a3e695,prompts/cat_identity.v1.json
556,556,../data_h3/cat_ids/46_美国短毛猫银虎斑.png,Ref_cat_teaser2.mp4,prepared/Ref_cat_teaser2.motion.mp4,prompts/cat_teaser2.v1.en.txt,46,46-american-shorthair-silver-tabby,美国短毛猫银虎斑,06,06-cat-teaser2,cat_teaser2,起身向画面右侧追拍逗猫棒并站定,0,556_46-american-shorthair-silver-tabby_06-cat-teaser2_seed-0,4,4.0,24,480,832,15:26,9:16,cat_teaser2.v1+cat_identity.v1,pending_model_validation,6566d5a49cb05fae5a8ced58007e7253e98a3ee667bf49668b19e57914b35bb5,a8c95e9c38443d4d231086357cb356e7c98cb2af1a6bfa216feae39e945cc0ec,prompts/cat_identity.v1.json
557,557,../data_h3/cat_ids/46_美国短毛猫银虎斑.png,Ref_cat_teaser2_mirror.mp4,prepared/Ref_cat_teaser2_mirror.motion.mp4,prompts/cat_teaser2_mirror.v1.en.txt,46,46-american-shorthair-silver-tabby,美国短毛猫银虎斑,07,07-cat-teaser2-mirror,cat_teaser2_mirror,起身向画面左侧追拍逗猫棒并站定,0,557_46-american-shorthair-silver-tabby_07-cat-teaser2-mirror_seed-0,4,4.0,24,480,832,15:26,9:16,cat_teaser2_mirror.v1+cat_identity.v1,pending_model_validation,180312f154214628bdad4dc15a7da81a849b6d1f3eeb2632264f42ef0af598d9,7d4ae2310b662639649d68fa4f699951317c36f76eb715534248659d1924613d,prompts/cat_identity.v1.json
558,558,../data_h3/cat_ids/46_美国短毛猫银虎斑.png,Ref_cat_teaser3.mp4,prepared/Ref_cat_teaser3.motion.mp4,prompts/cat_teaser3.v1.en.txt,46,46-american-shorthair-silver-tabby,美国短毛猫银虎斑,08,08-cat-teaser3,cat_teaser3,双前爪抬起抓扑逗猫棒后落地坐定,0,558_46-american-shorthair-silver-tabby_08-cat-teaser3_seed-0,4,4.0,24,480,832,15:26,9:16,cat_teaser3.v1+cat_identity.v1,pending_model_validation,05388e602fc80fc1161ad2696eeaf1fb88b34b63d16fb77b8560b11d48deacb5,71df79527a94810bcacebc9cb956fa137c891a4ed437386697434b19c5fbb7ce,prompts/cat_identity.v1.json
559,559,../data_h3/cat_ids/46_美国短毛猫银虎斑.png,Ref_drag_yarn_ball_and_catch.mp4,prepared/Ref_drag_yarn_ball_and_catch.motion.mp4,prompts/drag_yarn_ball_and_catch.v1.en.txt,46,46-american-shorthair-silver-tabby,美国短毛猫银虎斑,09,09-drag-yarn-ball-and-catch,drag_yarn_ball_and_catch,追扑从画面左向右滚动的毛线球并按住,0,559_46-american-shorthair-silver-tabby_09-drag-yarn-ball-and-catch_seed-0,4,4.0,24,480,832,15:26,9:16,drag_yarn_ball_and_catch.v1+cat_identity.v1,pending_model_validation,ffc36aeb29de747b24c90f28029c5d23c85885efd847cde8c829e26d9be778e9,5b888bc1cdc661bc3b5760445027966ef8d36a31c447614acbd23d3ca6af442e,prompts/cat_identity.v1.json
560,560,../data_h3/cat_ids/46_美国短毛猫银虎斑.png,Ref_drag_yarn_ball_and_catch_mirror.mp4,prepared/Ref_drag_yarn_ball_and_catch_mirror.motion.mp4,prompts/drag_yarn_ball_and_catch_mirror.v1.en.txt,46,46-american-shorthair-silver-tabby,美国短毛猫银虎斑,10,10-drag-yarn-ball-and-catch-mirror,drag_yarn_ball_and_catch_mirror,追扑从画面右向左滚动的毛线球并按住,0,560_46-american-shorthair-silver-tabby_10-drag-yarn-ball-and-catch-mirror_seed-0,4,4.0,24,480,832,15:26,9:16,drag_yarn_ball_and_catch_mirror.v1+cat_identity.v1,pending_model_validation,5346b21d698bbea5441646c8be7c3d3cef516709e002db015704cf4794d21d93,8b44957f6ebaca7c04c4a0af6bf4fbb65085b8ecf0acaf3433dc727a25b74982,prompts/cat_identity.v1.json
561,561,../data_h3/cat_ids/46_美国短毛猫银虎斑.png,Ref_curl_up_and_lie_down.mp4,prepared/Ref_curl_up_and_lie_down.motion.mp4,prompts/curl_up_and_lie_down.v1.en.txt,46,46-american-shorthair-silver-tabby,美国短毛猫银虎斑,11,11-curl-up-and-lie-down,curl_up_and_lie_down,低头向画面左侧蜷卧并闭眼休息,0,561_46-american-shorthair-silver-tabby_11-curl-up-and-lie-down_seed-0,4,4.0,24,480,832,15:26,9:16,curl_up_and_lie_down.v1+cat_identity.v1,pending_model_validation,b9846d0fb47ef342ef0de33a74eab5bad7ff576893eb791d22177fe528439335,8414a980252d2baee6444085d2755563b7e0ccb3a138027e7cc6c1233be766eb,prompts/cat_identity.v1.json
562,562,../data_h3/cat_ids/46_美国短毛猫银虎斑.png,Ref_curl_up_and_lie_down_mirror.mp4,prepared/Ref_curl_up_and_lie_down_mirror.motion.mp4,prompts/curl_up_and_lie_down_mirror.v1.en.txt,46,46-american-shorthair-silver-tabby,美国短毛猫银虎斑,12,12-curl-up-and-lie-down-mirror,curl_up_and_lie_down_mirror,低头向画面右侧蜷卧并闭眼休息,0,562_46-american-shorthair-silver-tabby_12-curl-up-and-lie-down-mirror_seed-0,4,4.0,24,480,832,15:26,9:16,curl_up_and_lie_down_mirror.v1+cat_identity.v1,pending_model_validation,63201b31112d4f9ef322c560c0cd01764f7fa5ebcf752e3c0f51b248ae32beb7,5dcfd307dd80e4bd86fa73aff45f41f66eced8aba348a07f81f559f008a63527,prompts/cat_identity.v1.json
563,563,../data_h3/cat_ids/46_美国短毛猫银虎斑.png,Ref_walk_forward_to_screen.mp4,prepared/Ref_walk_forward_to_screen.motion.mp4,prompts/walk_forward_to_screen.v1.en.txt,46,46-american-shorthair-silver-tabby,美国短毛猫银虎斑,13,13-walk-forward-to-screen,walk_forward_to_screen,起身向镜头走近并在近处站定,0,563_46-american-shorthair-silver-tabby_13-walk-forward-to-screen_seed-0,4,4.041699,24,480,832,15:26,9:16,walk_forward_to_screen.v1+cat_identity.v1,pending_model_validation,cfbe3edd497e662067b0b2640d28f60840812de3fbf73307e434f80840d8dd95,b63a08fc2ef943e20b969f5567a1c9334a3d7ca21d68db70b052c4345a83014a,prompts/cat_identity.v1.json
564,564,../data_h3/cat_ids/47_美国硬毛猫.png,Ref_drag_ear.mp4,prepared/Ref_drag_ear.motion.mp4,prompts/drag_ear.v1.en.txt,47,47-american-wirehair,美国硬毛猫,02,02-pull-left-ear,drag_ear,左前爪轻擦左耳与脸部后恢复坐姿,0,564_47-american-wirehair_02-pull-left-ear_seed-0,4,4.0,24,480,832,15:26,9:16,drag_ear.v1+cat_identity.v1,pending_model_validation,959c790928190fbc67f4245e957d36a5c649927f9d699e23bcb76968aa22ee64,241a5d66949edcf078e592e2d02939921c2ff68968a95640d4e5a7e2c4fe75c1,prompts/cat_identity.v1.json
565,565,../data_h3/cat_ids/47_美国硬毛猫.png,Ref_drag_ear_mirror.mp4,prepared/Ref_drag_ear_mirror.motion.mp4,prompts/drag_ear_mirror.v1.en.txt,47,47-american-wirehair,美国硬毛猫,03,03-drag-ear-mirror,drag_ear_mirror,右前爪轻擦右耳与脸部后恢复坐姿,0,565_47-american-wirehair_03-drag-ear-mirror_seed-0,4,4.0,24,480,832,15:26,9:16,drag_ear_mirror.v1+cat_identity.v1,pending_model_validation,bc606f89c505219873c1483fd1a42a04c2cd26311a094dc9daf8fcb779b2fef2,f5a0412ed913f5aad8bffb33c68c3b0ad7f4923f44f06370f768483b146897f4,prompts/cat_identity.v1.json
566,566,../data_h3/cat_ids/47_美国硬毛猫.png,Ref_cat_teaser1.mp4,prepared/Ref_cat_teaser1.motion.mp4,prompts/cat_teaser1.v1.en.txt,47,47-american-wirehair,美国硬毛猫,04,04-cat-teaser1,cat_teaser1,左前爪坐姿拨打逗猫棒后注视玩具,0,566_47-american-wirehair_04-cat-teaser1_seed-0,4,4.0,24,480,832,15:26,9:16,cat_teaser1.v1+cat_identity.v1,pending_model_validation,8f011ba911beb677ed773adde0a716014a007a72ca0846c20896082e26cf029c,90ead0cb85338d88512f89fc4fdaa1599eaae717252a8a228289e47e9f7150f0,prompts/cat_identity.v1.json
567,567,../data_h3/cat_ids/47_美国硬毛猫.png,Ref_cat_teaser1_mirror.mp4,prepared/Ref_cat_teaser1_mirror.motion.mp4,prompts/cat_teaser1_mirror.v1.en.txt,47,47-american-wirehair,美国硬毛猫,05,05-cat-teaser1-mirror,cat_teaser1_mirror,右前爪坐姿拨打逗猫棒后注视玩具,0,567_47-american-wirehair_05-cat-teaser1-mirror_seed-0,4,4.0,24,480,832,15:26,9:16,cat_teaser1_mirror.v1+cat_identity.v1,pending_model_validation,07d1f5e179611a971a57260e42395d61fd88e12d872534c6d8b9a58b8b6fee75,af450da4b11a442fbb8dc3b090842b494306a33800841e4f3ac9399fb1a3e695,prompts/cat_identity.v1.json
568,568,../data_h3/cat_ids/47_美国硬毛猫.png,Ref_cat_teaser2.mp4,prepared/Ref_cat_teaser2.motion.mp4,prompts/cat_teaser2.v1.en.txt,47,47-american-wirehair,美国硬毛猫,06,06-cat-teaser2,cat_teaser2,起身向画面右侧追拍逗猫棒并站定,0,568_47-american-wirehair_06-cat-teaser2_seed-0,4,4.0,24,480,832,15:26,9:16,cat_teaser2.v1+cat_identity.v1,pending_model_validation,3a2a50d1a9c276af9dedee3d71d512086aa7f86b275f0b3cf88fb5b845a12c91,a8c95e9c38443d4d231086357cb356e7c98cb2af1a6bfa216feae39e945cc0ec,prompts/cat_identity.v1.json
569,569,../data_h3/cat_ids/47_美国硬毛猫.png,Ref_cat_teaser2_mirror.mp4,prepared/Ref_cat_teaser2_mirror.motion.mp4,prompts/cat_teaser2_mirror.v1.en.txt,47,47-american-wirehair,美国硬毛猫,07,07-cat-teaser2-mirror,cat_teaser2_mirror,起身向画面左侧追拍逗猫棒并站定,0,569_47-american-wirehair_07-cat-teaser2-mirror_seed-0,4,4.0,24,480,832,15:26,9:16,cat_teaser2_mirror.v1+cat_identity.v1,pending_model_validation,673dc0f3fe6e388ab6aabb3a7229257a5ed183d1a143e467785c395a8ae92801,7d4ae2310b662639649d68fa4f699951317c36f76eb715534248659d1924613d,prompts/cat_identity.v1.json
570,570,../data_h3/cat_ids/47_美国硬毛猫.png,Ref_cat_teaser3.mp4,prepared/Ref_cat_teaser3.motion.mp4,prompts/cat_teaser3.v1.en.txt,47,47-american-wirehair,美国硬毛猫,08,08-cat-teaser3,cat_teaser3,双前爪抬起抓扑逗猫棒后落地坐定,0,570_47-american-wirehair_08-cat-teaser3_seed-0,4,4.0,24,480,832,15:26,9:16,cat_teaser3.v1+cat_identity.v1,pending_model_validation,1d7121d6fbb3e79e9f81a4c7a61ba1942ce73d053e26c74e76a58e3e2193819e,71df79527a94810bcacebc9cb956fa137c891a4ed437386697434b19c5fbb7ce,prompts/cat_identity.v1.json
571,571,../data_h3/cat_ids/47_美国硬毛猫.png,Ref_drag_yarn_ball_and_catch.mp4,prepared/Ref_drag_yarn_ball_and_catch.motion.mp4,prompts/drag_yarn_ball_and_catch.v1.en.txt,47,47-american-wirehair,美国硬毛猫,09,09-drag-yarn-ball-and-catch,drag_yarn_ball_and_catch,追扑从画面左向右滚动的毛线球并按住,0,571_47-american-wirehair_09-drag-yarn-ball-and-catch_seed-0,4,4.0,24,480,832,15:26,9:16,drag_yarn_ball_and_catch.v1+cat_identity.v1,pending_model_validation,a56cae335485015f49a5bf87576ed1defa34d0fc0a5bd8f8033e005d2f039ea4,5b888bc1cdc661bc3b5760445027966ef8d36a31c447614acbd23d3ca6af442e,prompts/cat_identity.v1.json
572,572,../data_h3/cat_ids/47_美国硬毛猫.png,Ref_drag_yarn_ball_and_catch_mirror.mp4,prepared/Ref_drag_yarn_ball_and_catch_mirror.motion.mp4,prompts/drag_yarn_ball_and_catch_mirror.v1.en.txt,47,47-american-wirehair,美国硬毛猫,10,10-drag-yarn-ball-and-catch-mirror,drag_yarn_ball_and_catch_mirror,追扑从画面右向左滚动的毛线球并按住,0,572_47-american-wirehair_10-drag-yarn-ball-and-catch-mirror_seed-0,4,4.0,24,480,832,15:26,9:16,drag_yarn_ball_and_catch_mirror.v1+cat_identity.v1,pending_model_validation,b98adb48dde988346719a4eeb15166ba1686a85cba53b1b45ed2bf89642142ca,8b44957f6ebaca7c04c4a0af6bf4fbb65085b8ecf0acaf3433dc727a25b74982,prompts/cat_identity.v1.json
573,573,../data_h3/cat_ids/47_美国硬毛猫.png,Ref_curl_up_and_lie_down.mp4,prepared/Ref_curl_up_and_lie_down.motion.mp4,prompts/curl_up_and_lie_down.v1.en.txt,47,47-american-wirehair,美国硬毛猫,11,11-curl-up-and-lie-down,curl_up_and_lie_down,低头向画面左侧蜷卧并闭眼休息,0,573_47-american-wirehair_11-curl-up-and-lie-down_seed-0,4,4.0,24,480,832,15:26,9:16,curl_up_and_lie_down.v1+cat_identity.v1,pending_model_validation,70adaeafa2147f111874cabacbebf1c96614d259bbadd55ea8e17cf696b9a472,8414a980252d2baee6444085d2755563b7e0ccb3a138027e7cc6c1233be766eb,prompts/cat_identity.v1.json
574,574,../data_h3/cat_ids/47_美国硬毛猫.png,Ref_curl_up_and_lie_down_mirror.mp4,prepared/Ref_curl_up_and_lie_down_mirror.motion.mp4,prompts/curl_up_and_lie_down_mirror.v1.en.txt,47,47-american-wirehair,美国硬毛猫,12,12-curl-up-and-lie-down-mirror,curl_up_and_lie_down_mirror,低头向画面右侧蜷卧并闭眼休息,0,574_47-american-wirehair_12-curl-up-and-lie-down-mirror_seed-0,4,4.0,24,480,832,15:26,9:16,curl_up_and_lie_down_mirror.v1+cat_identity.v1,pending_model_validation,659a198e887b61c47d9c4a70d41cff6c66bb419a1fa2abb61a96cc93fe8f8159,5dcfd307dd80e4bd86fa73aff45f41f66eced8aba348a07f81f559f008a63527,prompts/cat_identity.v1.json
575,575,../data_h3/cat_ids/47_美国硬毛猫.png,Ref_walk_forward_to_screen.mp4,prepared/Ref_walk_forward_to_screen.motion.mp4,prompts/walk_forward_to_screen.v1.en.txt,47,47-american-wirehair,美国硬毛猫,13,13-walk-forward-to-screen,walk_forward_to_screen,起身向镜头走近并在近处站定,0,575_47-american-wirehair_13-walk-forward-to-screen_seed-0,4,4.041699,24,480,832,15:26,9:16,walk_forward_to_screen.v1+cat_identity.v1,pending_model_validation,63ca3163e599277339dbdba5cc8cd198a50bc46661058396fa3d0cd36a982b1d,b63a08fc2ef943e20b969f5567a1c9334a3d7ca21d68db70b052c4345a83014a,prompts/cat_identity.v1.json
576,576,../data_h3/cat_ids/48_美国卷耳猫长毛.png,Ref_drag_ear.mp4,prepared/Ref_drag_ear.motion.mp4,prompts/drag_ear.v1.en.txt,48,48-american-curl-longhair,美国卷耳猫长毛,02,02-pull-left-ear,drag_ear,左前爪轻擦左耳与脸部后恢复坐姿,0,576_48-american-curl-longhair_02-pull-left-ear_seed-0,4,4.0,24,480,832,15:26,9:16,drag_ear.v1+cat_identity.v1,pending_model_validation,a7106f5b511b672bfab75dafd0f5a07fc8b5e6dfd6c6237aa4a8632eb39f8674,241a5d66949edcf078e592e2d02939921c2ff68968a95640d4e5a7e2c4fe75c1,prompts/cat_identity.v1.json
577,577,../data_h3/cat_ids/48_美国卷耳猫长毛.png,Ref_drag_ear_mirror.mp4,prepared/Ref_drag_ear_mirror.motion.mp4,prompts/drag_ear_mirror.v1.en.txt,48,48-american-curl-longhair,美国卷耳猫长毛,03,03-drag-ear-mirror,drag_ear_mirror,右前爪轻擦右耳与脸部后恢复坐姿,0,577_48-american-curl-longhair_03-drag-ear-mirror_seed-0,4,4.0,24,480,832,15:26,9:16,drag_ear_mirror.v1+cat_identity.v1,pending_model_validation,4dc5d10235138c0483034cf84aac50940291d3350838ff6cf2df9bf454c68ef1,f5a0412ed913f5aad8bffb33c68c3b0ad7f4923f44f06370f768483b146897f4,prompts/cat_identity.v1.json
578,578,../data_h3/cat_ids/48_美国卷耳猫长毛.png,Ref_cat_teaser1.mp4,prepared/Ref_cat_teaser1.motion.mp4,prompts/cat_teaser1.v1.en.txt,48,48-american-curl-longhair,美国卷耳猫长毛,04,04-cat-teaser1,cat_teaser1,左前爪坐姿拨打逗猫棒后注视玩具,0,578_48-american-curl-longhair_04-cat-teaser1_seed-0,4,4.0,24,480,832,15:26,9:16,cat_teaser1.v1+cat_identity.v1,pending_model_validation,6a5c78d06b13f32eefc84e6259db79121778e14e3b0b86eddc10fe55b3c65372,90ead0cb85338d88512f89fc4fdaa1599eaae717252a8a228289e47e9f7150f0,prompts/cat_identity.v1.json
579,579,../data_h3/cat_ids/48_美国卷耳猫长毛.png,Ref_cat_teaser1_mirror.mp4,prepared/Ref_cat_teaser1_mirror.motion.mp4,prompts/cat_teaser1_mirror.v1.en.txt,48,48-american-curl-longhair,美国卷耳猫长毛,05,05-cat-teaser1-mirror,cat_teaser1_mirror,右前爪坐姿拨打逗猫棒后注视玩具,0,579_48-american-curl-longhair_05-cat-teaser1-mirror_seed-0,4,4.0,24,480,832,15:26,9:16,cat_teaser1_mirror.v1+cat_identity.v1,pending_model_validation,0e0b64f2998d53c94063b5b66b63fbb120ee265869002d35ad639d034640e7e5,af450da4b11a442fbb8dc3b090842b494306a33800841e4f3ac9399fb1a3e695,prompts/cat_identity.v1.json
580,580,../data_h3/cat_ids/48_美国卷耳猫长毛.png,Ref_cat_teaser2.mp4,prepared/Ref_cat_teaser2.motion.mp4,prompts/cat_teaser2.v1.en.txt,48,48-american-curl-longhair,美国卷耳猫长毛,06,06-cat-teaser2,cat_teaser2,起身向画面右侧追拍逗猫棒并站定,0,580_48-american-curl-longhair_06-cat-teaser2_seed-0,4,4.0,24,480,832,15:26,9:16,cat_teaser2.v1+cat_identity.v1,pending_model_validation,e2cc9631936de165cf6d9fffc00bd697f4468606109f3b6877266447cdf8a6de,a8c95e9c38443d4d231086357cb356e7c98cb2af1a6bfa216feae39e945cc0ec,prompts/cat_identity.v1.json
581,581,../data_h3/cat_ids/48_美国卷耳猫长毛.png,Ref_cat_teaser2_mirror.mp4,prepared/Ref_cat_teaser2_mirror.motion.mp4,prompts/cat_teaser2_mirror.v1.en.txt,48,48-american-curl-longhair,美国卷耳猫长毛,07,07-cat-teaser2-mirror,cat_teaser2_mirror,起身向画面左侧追拍逗猫棒并站定,0,581_48-american-curl-longhair_07-cat-teaser2-mirror_seed-0,4,4.0,24,480,832,15:26,9:16,cat_teaser2_mirror.v1+cat_identity.v1,pending_model_validation,fb2fd8e4d348d0a96fec0afec4a3db3aa92f70941236f7b381cbe4b7b5c75f19,7d4ae2310b662639649d68fa4f699951317c36f76eb715534248659d1924613d,prompts/cat_identity.v1.json
582,582,../data_h3/cat_ids/48_美国卷耳猫长毛.png,Ref_cat_teaser3.mp4,prepared/Ref_cat_teaser3.motion.mp4,prompts/cat_teaser3.v1.en.txt,48,48-american-curl-longhair,美国卷耳猫长毛,08,08-cat-teaser3,cat_teaser3,双前爪抬起抓扑逗猫棒后落地坐定,0,582_48-american-curl-longhair_08-cat-teaser3_seed-0,4,4.0,24,480,832,15:26,9:16,cat_teaser3.v1+cat_identity.v1,pending_model_validation,f610f1159e19db7137ef3395fd7eee0fad4ef12ff66b2ae8d94b95fc607a2f8b,71df79527a94810bcacebc9cb956fa137c891a4ed437386697434b19c5fbb7ce,prompts/cat_identity.v1.json
583,583,../data_h3/cat_ids/48_美国卷耳猫长毛.png,Ref_drag_yarn_ball_and_catch.mp4,prepared/Ref_drag_yarn_ball_and_catch.motion.mp4,prompts/drag_yarn_ball_and_catch.v1.en.txt,48,48-american-curl-longhair,美国卷耳猫长毛,09,09-drag-yarn-ball-and-catch,drag_yarn_ball_and_catch,追扑从画面左向右滚动的毛线球并按住,0,583_48-american-curl-longhair_09-drag-yarn-ball-and-catch_seed-0,4,4.0,24,480,832,15:26,9:16,drag_yarn_ball_and_catch.v1+cat_identity.v1,pending_model_validation,874622bab9ad610f0659314b8a5cf5e0b45b9dbaa8ffbf4b8ee71c67728a508e,5b888bc1cdc661bc3b5760445027966ef8d36a31c447614acbd23d3ca6af442e,prompts/cat_identity.v1.json
584,584,../data_h3/cat_ids/48_美国卷耳猫长毛.png,Ref_drag_yarn_ball_and_catch_mirror.mp4,prepared/Ref_drag_yarn_ball_and_catch_mirror.motion.mp4,prompts/drag_yarn_ball_and_catch_mirror.v1.en.txt,48,48-american-curl-longhair,美国卷耳猫长毛,10,10-drag-yarn-ball-and-catch-mirror,drag_yarn_ball_and_catch_mirror,追扑从画面右向左滚动的毛线球并按住,0,584_48-american-curl-longhair_10-drag-yarn-ball-and-catch-mirror_seed-0,4,4.0,24,480,832,15:26,9:16,drag_yarn_ball_and_catch_mirror.v1+cat_identity.v1,pending_model_validation,3903050aed239527fbffe121d51e70614ffe1c70fd701577dc8d3b5667062a65,8b44957f6ebaca7c04c4a0af6bf4fbb65085b8ecf0acaf3433dc727a25b74982,prompts/cat_identity.v1.json
585,585,../data_h3/cat_ids/48_美国卷耳猫长毛.png,Ref_curl_up_and_lie_down.mp4,prepared/Ref_curl_up_and_lie_down.motion.mp4,prompts/curl_up_and_lie_down.v1.en.txt,48,48-american-curl-longhair,美国卷耳猫长毛,11,11-curl-up-and-lie-down,curl_up_and_lie_down,低头向画面左侧蜷卧并闭眼休息,0,585_48-american-curl-longhair_11-curl-up-and-lie-down_seed-0,4,4.0,24,480,832,15:26,9:16,curl_up_and_lie_down.v1+cat_identity.v1,pending_model_validation,102129441fccd8d8c78b261b5e8815ec893744682c19830269130dbd8bbd20c1,8414a980252d2baee6444085d2755563b7e0ccb3a138027e7cc6c1233be766eb,prompts/cat_identity.v1.json
586,586,../data_h3/cat_ids/48_美国卷耳猫长毛.png,Ref_curl_up_and_lie_down_mirror.mp4,prepared/Ref_curl_up_and_lie_down_mirror.motion.mp4,prompts/curl_up_and_lie_down_mirror.v1.en.txt,48,48-american-curl-longhair,美国卷耳猫长毛,12,12-curl-up-and-lie-down-mirror,curl_up_and_lie_down_mirror,低头向画面右侧蜷卧并闭眼休息,0,586_48-american-curl-longhair_12-curl-up-and-lie-down-mirror_seed-0,4,4.0,24,480,832,15:26,9:16,curl_up_and_lie_down_mirror.v1+cat_identity.v1,pending_model_validation,a6bcd09c777b1f2dba674b7c73ba6a34eda40c4bcbe7883936b3169dc8bf0439,5dcfd307dd80e4bd86fa73aff45f41f66eced8aba348a07f81f559f008a63527,prompts/cat_identity.v1.json
587,587,../data_h3/cat_ids/48_美国卷耳猫长毛.png,Ref_walk_forward_to_screen.mp4,prepared/Ref_walk_forward_to_screen.motion.mp4,prompts/walk_forward_to_screen.v1.en.txt,48,48-american-curl-longhair,美国卷耳猫长毛,13,13-walk-forward-to-screen,walk_forward_to_screen,起身向镜头走近并在近处站定,0,587_48-american-curl-longhair_13-walk-forward-to-screen_seed-0,4,4.041699,24,480,832,15:26,9:16,walk_forward_to_screen.v1+cat_identity.v1,pending_model_validation,ea0b17df85629348d8eaf12296152a4703cf0919cbfe4bec5c4a729d55797586,b63a08fc2ef943e20b969f5567a1c9334a3d7ca21d68db70b052c4345a83014a,prompts/cat_identity.v1.json
588,588,../data_h3/cat_ids/49_苏格兰折耳猫.png,Ref_drag_ear.mp4,prepared/Ref_drag_ear.motion.mp4,prompts/drag_ear.v1.en.txt,49,49-scottish-fold,苏格兰折耳猫,02,02-pull-left-ear,drag_ear,左前爪轻擦左耳与脸部后恢复坐姿,0,588_49-scottish-fold_02-pull-left-ear_seed-0,4,4.0,24,480,832,15:26,9:16,drag_ear.v1+cat_identity.v1,pending_model_validation,38ab1e7e7bdf52832c0d11fc808d60fe158525c2334f8905a58f81185f4df341,241a5d66949edcf078e592e2d02939921c2ff68968a95640d4e5a7e2c4fe75c1,prompts/cat_identity.v1.json
589,589,../data_h3/cat_ids/49_苏格兰折耳猫.png,Ref_drag_ear_mirror.mp4,prepared/Ref_drag_ear_mirror.motion.mp4,prompts/drag_ear_mirror.v1.en.txt,49,49-scottish-fold,苏格兰折耳猫,03,03-drag-ear-mirror,drag_ear_mirror,右前爪轻擦右耳与脸部后恢复坐姿,0,589_49-scottish-fold_03-drag-ear-mirror_seed-0,4,4.0,24,480,832,15:26,9:16,drag_ear_mirror.v1+cat_identity.v1,pending_model_validation,0dee793379c18ddbc8e27bc21cba87ddef9b891fcd3fa3539c6c1bc3b88979fd,f5a0412ed913f5aad8bffb33c68c3b0ad7f4923f44f06370f768483b146897f4,prompts/cat_identity.v1.json
590,590,../data_h3/cat_ids/49_苏格兰折耳猫.png,Ref_cat_teaser1.mp4,prepared/Ref_cat_teaser1.motion.mp4,prompts/cat_teaser1.v1.en.txt,49,49-scottish-fold,苏格兰折耳猫,04,04-cat-teaser1,cat_teaser1,左前爪坐姿拨打逗猫棒后注视玩具,0,590_49-scottish-fold_04-cat-teaser1_seed-0,4,4.0,24,480,832,15:26,9:16,cat_teaser1.v1+cat_identity.v1,pending_model_validation,452352a522fb45b243012a1f6f3a443c0fec91f4ce33caf185ae066f47ce0d82,90ead0cb85338d88512f89fc4fdaa1599eaae717252a8a228289e47e9f7150f0,prompts/cat_identity.v1.json
591,591,../data_h3/cat_ids/49_苏格兰折耳猫.png,Ref_cat_teaser1_mirror.mp4,prepared/Ref_cat_teaser1_mirror.motion.mp4,prompts/cat_teaser1_mirror.v1.en.txt,49,49-scottish-fold,苏格兰折耳猫,05,05-cat-teaser1-mirror,cat_teaser1_mirror,右前爪坐姿拨打逗猫棒后注视玩具,0,591_49-scottish-fold_05-cat-teaser1-mirror_seed-0,4,4.0,24,480,832,15:26,9:16,cat_teaser1_mirror.v1+cat_identity.v1,pending_model_validation,3dcd6d10cfc9923aa41dc4bf8a9530825bfe134019e8ba02bfbe23deee200881,af450da4b11a442fbb8dc3b090842b494306a33800841e4f3ac9399fb1a3e695,prompts/cat_identity.v1.json
592,592,../data_h3/cat_ids/49_苏格兰折耳猫.png,Ref_cat_teaser2.mp4,prepared/Ref_cat_teaser2.motion.mp4,prompts/cat_teaser2.v1.en.txt,49,49-scottish-fold,苏格兰折耳猫,06,06-cat-teaser2,cat_teaser2,起身向画面右侧追拍逗猫棒并站定,0,592_49-scottish-fold_06-cat-teaser2_seed-0,4,4.0,24,480,832,15:26,9:16,cat_teaser2.v1+cat_identity.v1,pending_model_validation,05ea3d5808c752b02ba6abc9f1ec14ff5bb351c7479722bcd3dc7a668b30e8d1,a8c95e9c38443d4d231086357cb356e7c98cb2af1a6bfa216feae39e945cc0ec,prompts/cat_identity.v1.json
593,593,../data_h3/cat_ids/49_苏格兰折耳猫.png,Ref_cat_teaser2_mirror.mp4,prepared/Ref_cat_teaser2_mirror.motion.mp4,prompts/cat_teaser2_mirror.v1.en.txt,49,49-scottish-fold,苏格兰折耳猫,07,07-cat-teaser2-mirror,cat_teaser2_mirror,起身向画面左侧追拍逗猫棒并站定,0,593_49-scottish-fold_07-cat-teaser2-mirror_seed-0,4,4.0,24,480,832,15:26,9:16,cat_teaser2_mirror.v1+cat_identity.v1,pending_model_validation,5d94bda466266367132ac90308c84ae85dcccbf2a1d52633cecdbddd8a9dd74a,7d4ae2310b662639649d68fa4f699951317c36f76eb715534248659d1924613d,prompts/cat_identity.v1.json
594,594,../data_h3/cat_ids/49_苏格兰折耳猫.png,Ref_cat_teaser3.mp4,prepared/Ref_cat_teaser3.motion.mp4,prompts/cat_teaser3.v1.en.txt,49,49-scottish-fold,苏格兰折耳猫,08,08-cat-teaser3,cat_teaser3,双前爪抬起抓扑逗猫棒后落地坐定,0,594_49-scottish-fold_08-cat-teaser3_seed-0,4,4.0,24,480,832,15:26,9:16,cat_teaser3.v1+cat_identity.v1,pending_model_validation,f285a2c2c842de4eb32bc1a6e37ee669ad04aadf717077203e5864ebd44dca24,71df79527a94810bcacebc9cb956fa137c891a4ed437386697434b19c5fbb7ce,prompts/cat_identity.v1.json
595,595,../data_h3/cat_ids/49_苏格兰折耳猫.png,Ref_drag_yarn_ball_and_catch.mp4,prepared/Ref_drag_yarn_ball_and_catch.motion.mp4,prompts/drag_yarn_ball_and_catch.v1.en.txt,49,49-scottish-fold,苏格兰折耳猫,09,09-drag-yarn-ball-and-catch,drag_yarn_ball_and_catch,追扑从画面左向右滚动的毛线球并按住,0,595_49-scottish-fold_09-drag-yarn-ball-and-catch_seed-0,4,4.0,24,480,832,15:26,9:16,drag_yarn_ball_and_catch.v1+cat_identity.v1,pending_model_validation,a094ef801d933087f7ee25c38ec0a65f8cbccdbd1697f902edecb2a40ccac1e4,5b888bc1cdc661bc3b5760445027966ef8d36a31c447614acbd23d3ca6af442e,prompts/cat_identity.v1.json
596,596,../data_h3/cat_ids/49_苏格兰折耳猫.png,Ref_drag_yarn_ball_and_catch_mirror.mp4,prepared/Ref_drag_yarn_ball_and_catch_mirror.motion.mp4,prompts/drag_yarn_ball_and_catch_mirror.v1.en.txt,49,49-scottish-fold,苏格兰折耳猫,10,10-drag-yarn-ball-and-catch-mirror,drag_yarn_ball_and_catch_mirror,追扑从画面右向左滚动的毛线球并按住,0,596_49-scottish-fold_10-drag-yarn-ball-and-catch-mirror_seed-0,4,4.0,24,480,832,15:26,9:16,drag_yarn_ball_and_catch_mirror.v1+cat_identity.v1,pending_model_validation,0b32169d156c3b6918bff69afbc4a795fb07db3249c651467c999e75e9fafd28,8b44957f6ebaca7c04c4a0af6bf4fbb65085b8ecf0acaf3433dc727a25b74982,prompts/cat_identity.v1.json
597,597,../data_h3/cat_ids/49_苏格兰折耳猫.png,Ref_curl_up_and_lie_down.mp4,prepared/Ref_curl_up_and_lie_down.motion.mp4,prompts/curl_up_and_lie_down.v1.en.txt,49,49-scottish-fold,苏格兰折耳猫,11,11-curl-up-and-lie-down,curl_up_and_lie_down,低头向画面左侧蜷卧并闭眼休息,0,597_49-scottish-fold_11-curl-up-and-lie-down_seed-0,4,4.0,24,480,832,15:26,9:16,curl_up_and_lie_down.v1+cat_identity.v1,pending_model_validation,485e774b35d89c7e06e0f92cca99ae9e359b464b1766ead90c840e51cdaa0dd6,8414a980252d2baee6444085d2755563b7e0ccb3a138027e7cc6c1233be766eb,prompts/cat_identity.v1.json
598,598,../data_h3/cat_ids/49_苏格兰折耳猫.png,Ref_curl_up_and_lie_down_mirror.mp4,prepared/Ref_curl_up_and_lie_down_mirror.motion.mp4,prompts/curl_up_and_lie_down_mirror.v1.en.txt,49,49-scottish-fold,苏格兰折耳猫,12,12-curl-up-and-lie-down-mirror,curl_up_and_lie_down_mirror,低头向画面右侧蜷卧并闭眼休息,0,598_49-scottish-fold_12-curl-up-and-lie-down-mirror_seed-0,4,4.0,24,480,832,15:26,9:16,curl_up_and_lie_down_mirror.v1+cat_identity.v1,pending_model_validation,c0da5cbbfe610865b296e75a1d139aa6043c776c3cbdc74ca209022612dc7331,5dcfd307dd80e4bd86fa73aff45f41f66eced8aba348a07f81f559f008a63527,prompts/cat_identity.v1.json
599,599,../data_h3/cat_ids/49_苏格兰折耳猫.png,Ref_walk_forward_to_screen.mp4,prepared/Ref_walk_forward_to_screen.motion.mp4,prompts/walk_forward_to_screen.v1.en.txt,49,49-scottish-fold,苏格兰折耳猫,13,13-walk-forward-to-screen,walk_forward_to_screen,起身向镜头走近并在近处站定,0,599_49-scottish-fold_13-walk-forward-to-screen_seed-0,4,4.041699,24,480,832,15:26,9:16,walk_forward_to_screen.v1+cat_identity.v1,pending_model_validation,82e037f247cb5e6e941979f92b4688dbab9bf0a231c686ff68edb332c2b0ddb3,b63a08fc2ef943e20b969f5567a1c9334a3d7ca21d68db70b052c4345a83014a,prompts/cat_identity.v1.json
600,600,../data_h3/cat_ids/50_日本短尾猫.png,Ref_drag_ear.mp4,prepared/Ref_drag_ear.motion.mp4,prompts/drag_ear.v1.en.txt,50,50-japanese-bobtail,日本短尾猫,02,02-pull-left-ear,drag_ear,左前爪轻擦左耳与脸部后恢复坐姿,0,600_50-japanese-bobtail_02-pull-left-ear_seed-0,4,4.0,24,480,832,15:26,9:16,drag_ear.v1+cat_identity.v1,pending_model_validation,dd98ee70f7b624c6e9591e6fe008f43cee2e14bf794339377ac89ca1b03d7021,241a5d66949edcf078e592e2d02939921c2ff68968a95640d4e5a7e2c4fe75c1,prompts/cat_identity.v1.json
601,601,../data_h3/cat_ids/50_日本短尾猫.png,Ref_drag_ear_mirror.mp4,prepared/Ref_drag_ear_mirror.motion.mp4,prompts/drag_ear_mirror.v1.en.txt,50,50-japanese-bobtail,日本短尾猫,03,03-drag-ear-mirror,drag_ear_mirror,右前爪轻擦右耳与脸部后恢复坐姿,0,601_50-japanese-bobtail_03-drag-ear-mirror_seed-0,4,4.0,24,480,832,15:26,9:16,drag_ear_mirror.v1+cat_identity.v1,pending_model_validation,cb2b6c55809bd7fffd59cd4ad0121e54ed8197c58375c0ab1a964810d46ce02d,f5a0412ed913f5aad8bffb33c68c3b0ad7f4923f44f06370f768483b146897f4,prompts/cat_identity.v1.json
602,602,../data_h3/cat_ids/50_日本短尾猫.png,Ref_cat_teaser1.mp4,prepared/Ref_cat_teaser1.motion.mp4,prompts/cat_teaser1.v1.en.txt,50,50-japanese-bobtail,日本短尾猫,04,04-cat-teaser1,cat_teaser1,左前爪坐姿拨打逗猫棒后注视玩具,0,602_50-japanese-bobtail_04-cat-teaser1_seed-0,4,4.0,24,480,832,15:26,9:16,cat_teaser1.v1+cat_identity.v1,pending_model_validation,6e20f63f3dea912376f98fcedfb331de9e2925c7ba1fb55441c00aedd5dda018,90ead0cb85338d88512f89fc4fdaa1599eaae717252a8a228289e47e9f7150f0,prompts/cat_identity.v1.json
603,603,../data_h3/cat_ids/50_日本短尾猫.png,Ref_cat_teaser1_mirror.mp4,prepared/Ref_cat_teaser1_mirror.motion.mp4,prompts/cat_teaser1_mirror.v1.en.txt,50,50-japanese-bobtail,日本短尾猫,05,05-cat-teaser1-mirror,cat_teaser1_mirror,右前爪坐姿拨打逗猫棒后注视玩具,0,603_50-japanese-bobtail_05-cat-teaser1-mirror_seed-0,4,4.0,24,480,832,15:26,9:16,cat_teaser1_mirror.v1+cat_identity.v1,pending_model_validation,980ebc380d0cb00625f8166054077dc4b4dca8ce9fae3e5b93ad21dbcb92db95,af450da4b11a442fbb8dc3b090842b494306a33800841e4f3ac9399fb1a3e695,prompts/cat_identity.v1.json
604,604,../data_h3/cat_ids/50_日本短尾猫.png,Ref_cat_teaser2.mp4,prepared/Ref_cat_teaser2.motion.mp4,prompts/cat_teaser2.v1.en.txt,50,50-japanese-bobtail,日本短尾猫,06,06-cat-teaser2,cat_teaser2,起身向画面右侧追拍逗猫棒并站定,0,604_50-japanese-bobtail_06-cat-teaser2_seed-0,4,4.0,24,480,832,15:26,9:16,cat_teaser2.v1+cat_identity.v1,pending_model_validation,594978fc4f01ffff5b7d44ba5c3bf7ccb7d288eb64495db3dc7063ad73dd8a62,a8c95e9c38443d4d231086357cb356e7c98cb2af1a6bfa216feae39e945cc0ec,prompts/cat_identity.v1.json
605,605,../data_h3/cat_ids/50_日本短尾猫.png,Ref_cat_teaser2_mirror.mp4,prepared/Ref_cat_teaser2_mirror.motion.mp4,prompts/cat_teaser2_mirror.v1.en.txt,50,50-japanese-bobtail,日本短尾猫,07,07-cat-teaser2-mirror,cat_teaser2_mirror,起身向画面左侧追拍逗猫棒并站定,0,605_50-japanese-bobtail_07-cat-teaser2-mirror_seed-0,4,4.0,24,480,832,15:26,9:16,cat_teaser2_mirror.v1+cat_identity.v1,pending_model_validation,8880183b3663edf2b521e1c53d3a51bf89884e1d581ab5f0823c31cd93fa361c,7d4ae2310b662639649d68fa4f699951317c36f76eb715534248659d1924613d,prompts/cat_identity.v1.json
606,606,../data_h3/cat_ids/50_日本短尾猫.png,Ref_cat_teaser3.mp4,prepared/Ref_cat_teaser3.motion.mp4,prompts/cat_teaser3.v1.en.txt,50,50-japanese-bobtail,日本短尾猫,08,08-cat-teaser3,cat_teaser3,双前爪抬起抓扑逗猫棒后落地坐定,0,606_50-japanese-bobtail_08-cat-teaser3_seed-0,4,4.0,24,480,832,15:26,9:16,cat_teaser3.v1+cat_identity.v1,pending_model_validation,14afe66e5c3ce3e9dab36be529683c596b79f0b1eb7e40b370efe32614617100,71df79527a94810bcacebc9cb956fa137c891a4ed437386697434b19c5fbb7ce,prompts/cat_identity.v1.json
607,607,../data_h3/cat_ids/50_日本短尾猫.png,Ref_drag_yarn_ball_and_catch.mp4,prepared/Ref_drag_yarn_ball_and_catch.motion.mp4,prompts/drag_yarn_ball_and_catch.v1.en.txt,50,50-japanese-bobtail,日本短尾猫,09,09-drag-yarn-ball-and-catch,drag_yarn_ball_and_catch,追扑从画面左向右滚动的毛线球并按住,0,607_50-japanese-bobtail_09-drag-yarn-ball-and-catch_seed-0,4,4.0,24,480,832,15:26,9:16,drag_yarn_ball_and_catch.v1+cat_identity.v1,pending_model_validation,9ef3a7ca9c821271cd2fd90fa931416f9ced054eee453c8cdaa495128a7bf88e,5b888bc1cdc661bc3b5760445027966ef8d36a31c447614acbd23d3ca6af442e,prompts/cat_identity.v1.json
608,608,../data_h3/cat_ids/50_日本短尾猫.png,Ref_drag_yarn_ball_and_catch_mirror.mp4,prepared/Ref_drag_yarn_ball_and_catch_mirror.motion.mp4,prompts/drag_yarn_ball_and_catch_mirror.v1.en.txt,50,50-japanese-bobtail,日本短尾猫,10,10-drag-yarn-ball-and-catch-mirror,drag_yarn_ball_and_catch_mirror,追扑从画面右向左滚动的毛线球并按住,0,608_50-japanese-bobtail_10-drag-yarn-ball-and-catch-mirror_seed-0,4,4.0,24,480,832,15:26,9:16,drag_yarn_ball_and_catch_mirror.v1+cat_identity.v1,pending_model_validation,6da0ee64ab68b24de323dda0ea132e19830fb20cce579250d6768e6a45be2c0a,8b44957f6ebaca7c04c4a0af6bf4fbb65085b8ecf0acaf3433dc727a25b74982,prompts/cat_identity.v1.json
609,609,../data_h3/cat_ids/50_日本短尾猫.png,Ref_curl_up_and_lie_down.mp4,prepared/Ref_curl_up_and_lie_down.motion.mp4,prompts/curl_up_and_lie_down.v1.en.txt,50,50-japanese-bobtail,日本短尾猫,11,11-curl-up-and-lie-down,curl_up_and_lie_down,低头向画面左侧蜷卧并闭眼休息,0,609_50-japanese-bobtail_11-curl-up-and-lie-down_seed-0,4,4.0,24,480,832,15:26,9:16,curl_up_and_lie_down.v1+cat_identity.v1,pending_model_validation,a74b2b9b9ed5f7bdbfc13a88ae3b4ee9be5cfbc8de119044540bcb25321d9910,8414a980252d2baee6444085d2755563b7e0ccb3a138027e7cc6c1233be766eb,prompts/cat_identity.v1.json
610,610,../data_h3/cat_ids/50_日本短尾猫.png,Ref_curl_up_and_lie_down_mirror.mp4,prepared/Ref_curl_up_and_lie_down_mirror.motion.mp4,prompts/curl_up_and_lie_down_mirror.v1.en.txt,50,50-japanese-bobtail,日本短尾猫,12,12-curl-up-and-lie-down-mirror,curl_up_and_lie_down_mirror,低头向画面右侧蜷卧并闭眼休息,0,610_50-japanese-bobtail_12-curl-up-and-lie-down-mirror_seed-0,4,4.0,24,480,832,15:26,9:16,curl_up_and_lie_down_mirror.v1+cat_identity.v1,pending_model_validation,7b342531232d6ec5b4de8931579df2d79ca9ec54b875f197ca5d8bacee8144a7,5dcfd307dd80e4bd86fa73aff45f41f66eced8aba348a07f81f559f008a63527,prompts/cat_identity.v1.json
611,611,../data_h3/cat_ids/50_日本短尾猫.png,Ref_walk_forward_to_screen.mp4,prepared/Ref_walk_forward_to_screen.motion.mp4,prompts/walk_forward_to_screen.v1.en.txt,50,50-japanese-bobtail,日本短尾猫,13,13-walk-forward-to-screen,walk_forward_to_screen,起身向镜头走近并在近处站定,0,611_50-japanese-bobtail_13-walk-forward-to-screen_seed-0,4,4.041699,24,480,832,15:26,9:16,walk_forward_to_screen.v1+cat_identity.v1,pending_model_validation,3044e755c9def50103ddc6619052e7b91104c66b779178b1e76d49075a30bfc7,b63a08fc2ef943e20b969f5567a1c9334a3d7ca21d68db70b052c4345a83014a,prompts/cat_identity.v1.json
612,612,../data_h3/cat_ids/51_库里尔短尾猫.png,Ref_drag_ear.mp4,prepared/Ref_drag_ear.motion.mp4,prompts/drag_ear.v1.en.txt,51,51-kurilian-bobtail,库里尔短尾猫,02,02-pull-left-ear,drag_ear,左前爪轻擦左耳与脸部后恢复坐姿,0,612_51-kurilian-bobtail_02-pull-left-ear_seed-0,4,4.0,24,480,832,15:26,9:16,drag_ear.v1+cat_identity.v1,pending_model_validation,8f3cce46686f9f70858f1ecadda9dd8b87aa530c5d36fca58118afb63af2cf3a,241a5d66949edcf078e592e2d02939921c2ff68968a95640d4e5a7e2c4fe75c1,prompts/cat_identity.v1.json
613,613,../data_h3/cat_ids/51_库里尔短尾猫.png,Ref_drag_ear_mirror.mp4,prepared/Ref_drag_ear_mirror.motion.mp4,prompts/drag_ear_mirror.v1.en.txt,51,51-kurilian-bobtail,库里尔短尾猫,03,03-drag-ear-mirror,drag_ear_mirror,右前爪轻擦右耳与脸部后恢复坐姿,0,613_51-kurilian-bobtail_03-drag-ear-mirror_seed-0,4,4.0,24,480,832,15:26,9:16,drag_ear_mirror.v1+cat_identity.v1,pending_model_validation,1370a39fc3945998359e91e7cf5421245b606863529b22267c87693ee2b86269,f5a0412ed913f5aad8bffb33c68c3b0ad7f4923f44f06370f768483b146897f4,prompts/cat_identity.v1.json
614,614,../data_h3/cat_ids/51_库里尔短尾猫.png,Ref_cat_teaser1.mp4,prepared/Ref_cat_teaser1.motion.mp4,prompts/cat_teaser1.v1.en.txt,51,51-kurilian-bobtail,库里尔短尾猫,04,04-cat-teaser1,cat_teaser1,左前爪坐姿拨打逗猫棒后注视玩具,0,614_51-kurilian-bobtail_04-cat-teaser1_seed-0,4,4.0,24,480,832,15:26,9:16,cat_teaser1.v1+cat_identity.v1,pending_model_validation,09b51f2d7d09d0fea227297f318eff1f4d8e6ed753463fc844b7f7f0469734b0,90ead0cb85338d88512f89fc4fdaa1599eaae717252a8a228289e47e9f7150f0,prompts/cat_identity.v1.json
615,615,../data_h3/cat_ids/51_库里尔短尾猫.png,Ref_cat_teaser1_mirror.mp4,prepared/Ref_cat_teaser1_mirror.motion.mp4,prompts/cat_teaser1_mirror.v1.en.txt,51,51-kurilian-bobtail,库里尔短尾猫,05,05-cat-teaser1-mirror,cat_teaser1_mirror,右前爪坐姿拨打逗猫棒后注视玩具,0,615_51-kurilian-bobtail_05-cat-teaser1-mirror_seed-0,4,4.0,24,480,832,15:26,9:16,cat_teaser1_mirror.v1+cat_identity.v1,pending_model_validation,0c55bcd55aec96a5974898d2500e8e78616998d9f80425d615b1dde2c504b123,af450da4b11a442fbb8dc3b090842b494306a33800841e4f3ac9399fb1a3e695,prompts/cat_identity.v1.json
616,616,../data_h3/cat_ids/51_库里尔短尾猫.png,Ref_cat_teaser2.mp4,prepared/Ref_cat_teaser2.motion.mp4,prompts/cat_teaser2.v1.en.txt,51,51-kurilian-bobtail,库里尔短尾猫,06,06-cat-teaser2,cat_teaser2,起身向画面右侧追拍逗猫棒并站定,0,616_51-kurilian-bobtail_06-cat-teaser2_seed-0,4,4.0,24,480,832,15:26,9:16,cat_teaser2.v1+cat_identity.v1,pending_model_validation,ccea2f1367dc9367ed6634a55a135ab735d21060c74040e18286912759ec0906,a8c95e9c38443d4d231086357cb356e7c98cb2af1a6bfa216feae39e945cc0ec,prompts/cat_identity.v1.json
617,617,../data_h3/cat_ids/51_库里尔短尾猫.png,Ref_cat_teaser2_mirror.mp4,prepared/Ref_cat_teaser2_mirror.motion.mp4,prompts/cat_teaser2_mirror.v1.en.txt,51,51-kurilian-bobtail,库里尔短尾猫,07,07-cat-teaser2-mirror,cat_teaser2_mirror,起身向画面左侧追拍逗猫棒并站定,0,617_51-kurilian-bobtail_07-cat-teaser2-mirror_seed-0,4,4.0,24,480,832,15:26,9:16,cat_teaser2_mirror.v1+cat_identity.v1,pending_model_validation,9332fffc8f40dfe6491003524d87c80a9691bb95baa09ed2fa3c104880d2ef77,7d4ae2310b662639649d68fa4f699951317c36f76eb715534248659d1924613d,prompts/cat_identity.v1.json
618,618,../data_h3/cat_ids/51_库里尔短尾猫.png,Ref_cat_teaser3.mp4,prepared/Ref_cat_teaser3.motion.mp4,prompts/cat_teaser3.v1.en.txt,51,51-kurilian-bobtail,库里尔短尾猫,08,08-cat-teaser3,cat_teaser3,双前爪抬起抓扑逗猫棒后落地坐定,0,618_51-kurilian-bobtail_08-cat-teaser3_seed-0,4,4.0,24,480,832,15:26,9:16,cat_teaser3.v1+cat_identity.v1,pending_model_validation,e6336447e6e1285ec59fa075002cbc74cd7faf94200fc5c61c4fa50b318afdb0,71df79527a94810bcacebc9cb956fa137c891a4ed437386697434b19c5fbb7ce,prompts/cat_identity.v1.json
619,619,../data_h3/cat_ids/51_库里尔短尾猫.png,Ref_drag_yarn_ball_and_catch.mp4,prepared/Ref_drag_yarn_ball_and_catch.motion.mp4,prompts/drag_yarn_ball_and_catch.v1.en.txt,51,51-kurilian-bobtail,库里尔短尾猫,09,09-drag-yarn-ball-and-catch,drag_yarn_ball_and_catch,追扑从画面左向右滚动的毛线球并按住,0,619_51-kurilian-bobtail_09-drag-yarn-ball-and-catch_seed-0,4,4.0,24,480,832,15:26,9:16,drag_yarn_ball_and_catch.v1+cat_identity.v1,pending_model_validation,07f4088dd95e32af88c2f5b49aa882ee75a1529f50aca45ac33c2e02fb6a5eb9,5b888bc1cdc661bc3b5760445027966ef8d36a31c447614acbd23d3ca6af442e,prompts/cat_identity.v1.json
620,620,../data_h3/cat_ids/51_库里尔短尾猫.png,Ref_drag_yarn_ball_and_catch_mirror.mp4,prepared/Ref_drag_yarn_ball_and_catch_mirror.motion.mp4,prompts/drag_yarn_ball_and_catch_mirror.v1.en.txt,51,51-kurilian-bobtail,库里尔短尾猫,10,10-drag-yarn-ball-and-catch-mirror,drag_yarn_ball_and_catch_mirror,追扑从画面右向左滚动的毛线球并按住,0,620_51-kurilian-bobtail_10-drag-yarn-ball-and-catch-mirror_seed-0,4,4.0,24,480,832,15:26,9:16,drag_yarn_ball_and_catch_mirror.v1+cat_identity.v1,pending_model_validation,33740baf786d3b0ae7aba2226fe912fa38da9b3f7e817ae45267453dc8971ffb,8b44957f6ebaca7c04c4a0af6bf4fbb65085b8ecf0acaf3433dc727a25b74982,prompts/cat_identity.v1.json
621,621,../data_h3/cat_ids/51_库里尔短尾猫.png,Ref_curl_up_and_lie_down.mp4,prepared/Ref_curl_up_and_lie_down.motion.mp4,prompts/curl_up_and_lie_down.v1.en.txt,51,51-kurilian-bobtail,库里尔短尾猫,11,11-curl-up-and-lie-down,curl_up_and_lie_down,低头向画面左侧蜷卧并闭眼休息,0,621_51-kurilian-bobtail_11-curl-up-and-lie-down_seed-0,4,4.0,24,480,832,15:26,9:16,curl_up_and_lie_down.v1+cat_identity.v1,pending_model_validation,7e90446158846876c614860c00f7f2510d330281b1c43a581900a3b893e4a46c,8414a980252d2baee6444085d2755563b7e0ccb3a138027e7cc6c1233be766eb,prompts/cat_identity.v1.json
622,622,../data_h3/cat_ids/51_库里尔短尾猫.png,Ref_curl_up_and_lie_down_mirror.mp4,prepared/Ref_curl_up_and_lie_down_mirror.motion.mp4,prompts/curl_up_and_lie_down_mirror.v1.en.txt,51,51-kurilian-bobtail,库里尔短尾猫,12,12-curl-up-and-lie-down-mirror,curl_up_and_lie_down_mirror,低头向画面右侧蜷卧并闭眼休息,0,622_51-kurilian-bobtail_12-curl-up-and-lie-down-mirror_seed-0,4,4.0,24,480,832,15:26,9:16,curl_up_and_lie_down_mirror.v1+cat_identity.v1,pending_model_validation,e1df347c53b2d9b13766ceb3aa8155faf8c7e2fb853d9d930915eb22cc34b199,5dcfd307dd80e4bd86fa73aff45f41f66eced8aba348a07f81f559f008a63527,prompts/cat_identity.v1.json
623,623,../data_h3/cat_ids/51_库里尔短尾猫.png,Ref_walk_forward_to_screen.mp4,prepared/Ref_walk_forward_to_screen.motion.mp4,prompts/walk_forward_to_screen.v1.en.txt,51,51-kurilian-bobtail,库里尔短尾猫,13,13-walk-forward-to-screen,walk_forward_to_screen,起身向镜头走近并在近处站定,0,623_51-kurilian-bobtail_13-walk-forward-to-screen_seed-0,4,4.041699,24,480,832,15:26,9:16,walk_forward_to_screen.v1+cat_identity.v1,pending_model_validation,5605f47393e05efb5799e3f214e3e00dc8c834a7c0d59b3a5485adcaba4d9bbf,b63a08fc2ef943e20b969f5567a1c9334a3d7ca21d68db70b052c4345a83014a,prompts/cat_identity.v1.json
624,624,../data_h3/cat_ids/52_马恩岛猫短尾.png,Ref_drag_ear.mp4,prepared/Ref_drag_ear.motion.mp4,prompts/drag_ear.v1.en.txt,52,52-manx-short-tail,马恩岛猫短尾,02,02-pull-left-ear,drag_ear,左前爪轻擦左耳与脸部后恢复坐姿,0,624_52-manx-short-tail_02-pull-left-ear_seed-0,4,4.0,24,480,832,15:26,9:16,drag_ear.v1+cat_identity.v1,pending_model_validation,f219fb02e26aedadce4cb3afda5d28039e94dd1cee21715d6c0b4c47272f837f,241a5d66949edcf078e592e2d02939921c2ff68968a95640d4e5a7e2c4fe75c1,prompts/cat_identity.v1.json
625,625,../data_h3/cat_ids/52_马恩岛猫短尾.png,Ref_drag_ear_mirror.mp4,prepared/Ref_drag_ear_mirror.motion.mp4,prompts/drag_ear_mirror.v1.en.txt,52,52-manx-short-tail,马恩岛猫短尾,03,03-drag-ear-mirror,drag_ear_mirror,右前爪轻擦右耳与脸部后恢复坐姿,0,625_52-manx-short-tail_03-drag-ear-mirror_seed-0,4,4.0,24,480,832,15:26,9:16,drag_ear_mirror.v1+cat_identity.v1,pending_model_validation,69888d5d6f4d585e55298ada8a73161e9060026b8db6e2b6c966c6cc96b6162b,f5a0412ed913f5aad8bffb33c68c3b0ad7f4923f44f06370f768483b146897f4,prompts/cat_identity.v1.json
626,626,../data_h3/cat_ids/52_马恩岛猫短尾.png,Ref_cat_teaser1.mp4,prepared/Ref_cat_teaser1.motion.mp4,prompts/cat_teaser1.v1.en.txt,52,52-manx-short-tail,马恩岛猫短尾,04,04-cat-teaser1,cat_teaser1,左前爪坐姿拨打逗猫棒后注视玩具,0,626_52-manx-short-tail_04-cat-teaser1_seed-0,4,4.0,24,480,832,15:26,9:16,cat_teaser1.v1+cat_identity.v1,pending_model_validation,fdeac492dcddebcf20dabc6eb17a7e148e4502093be8662a12a6634945214049,90ead0cb85338d88512f89fc4fdaa1599eaae717252a8a228289e47e9f7150f0,prompts/cat_identity.v1.json
627,627,../data_h3/cat_ids/52_马恩岛猫短尾.png,Ref_cat_teaser1_mirror.mp4,prepared/Ref_cat_teaser1_mirror.motion.mp4,prompts/cat_teaser1_mirror.v1.en.txt,52,52-manx-short-tail,马恩岛猫短尾,05,05-cat-teaser1-mirror,cat_teaser1_mirror,右前爪坐姿拨打逗猫棒后注视玩具,0,627_52-manx-short-tail_05-cat-teaser1-mirror_seed-0,4,4.0,24,480,832,15:26,9:16,cat_teaser1_mirror.v1+cat_identity.v1,pending_model_validation,92a63b9a4692fabade7cf3245583d303ae135769beb96fcfb0447901d0c89490,af450da4b11a442fbb8dc3b090842b494306a33800841e4f3ac9399fb1a3e695,prompts/cat_identity.v1.json
628,628,../data_h3/cat_ids/52_马恩岛猫短尾.png,Ref_cat_teaser2.mp4,prepared/Ref_cat_teaser2.motion.mp4,prompts/cat_teaser2.v1.en.txt,52,52-manx-short-tail,马恩岛猫短尾,06,06-cat-teaser2,cat_teaser2,起身向画面右侧追拍逗猫棒并站定,0,628_52-manx-short-tail_06-cat-teaser2_seed-0,4,4.0,24,480,832,15:26,9:16,cat_teaser2.v1+cat_identity.v1,pending_model_validation,3421f9d812e0d07d07cb9a9bc78f31a6b41028778ccff19c3e250aa92524e2e5,a8c95e9c38443d4d231086357cb356e7c98cb2af1a6bfa216feae39e945cc0ec,prompts/cat_identity.v1.json
629,629,../data_h3/cat_ids/52_马恩岛猫短尾.png,Ref_cat_teaser2_mirror.mp4,prepared/Ref_cat_teaser2_mirror.motion.mp4,prompts/cat_teaser2_mirror.v1.en.txt,52,52-manx-short-tail,马恩岛猫短尾,07,07-cat-teaser2-mirror,cat_teaser2_mirror,起身向画面左侧追拍逗猫棒并站定,0,629_52-manx-short-tail_07-cat-teaser2-mirror_seed-0,4,4.0,24,480,832,15:26,9:16,cat_teaser2_mirror.v1+cat_identity.v1,pending_model_validation,ca948b431151945892b1ad0a2f7581ee85a6cbbfd6934691627dbf50dc7f7a6d,7d4ae2310b662639649d68fa4f699951317c36f76eb715534248659d1924613d,prompts/cat_identity.v1.json
630,630,../data_h3/cat_ids/52_马恩岛猫短尾.png,Ref_cat_teaser3.mp4,prepared/Ref_cat_teaser3.motion.mp4,prompts/cat_teaser3.v1.en.txt,52,52-manx-short-tail,马恩岛猫短尾,08,08-cat-teaser3,cat_teaser3,双前爪抬起抓扑逗猫棒后落地坐定,0,630_52-manx-short-tail_08-cat-teaser3_seed-0,4,4.0,24,480,832,15:26,9:16,cat_teaser3.v1+cat_identity.v1,pending_model_validation,51c8fa64eeb39dd6c76c04142fcf550225ddc85db8e83c79de67afb618edeb63,71df79527a94810bcacebc9cb956fa137c891a4ed437386697434b19c5fbb7ce,prompts/cat_identity.v1.json
631,631,../data_h3/cat_ids/52_马恩岛猫短尾.png,Ref_drag_yarn_ball_and_catch.mp4,prepared/Ref_drag_yarn_ball_and_catch.motion.mp4,prompts/drag_yarn_ball_and_catch.v1.en.txt,52,52-manx-short-tail,马恩岛猫短尾,09,09-drag-yarn-ball-and-catch,drag_yarn_ball_and_catch,追扑从画面左向右滚动的毛线球并按住,0,631_52-manx-short-tail_09-drag-yarn-ball-and-catch_seed-0,4,4.0,24,480,832,15:26,9:16,drag_yarn_ball_and_catch.v1+cat_identity.v1,pending_model_validation,c4c04f1fe24afabe3759a6252e0486c5796b3444f14e5e3e8a938c53a0f81767,5b888bc1cdc661bc3b5760445027966ef8d36a31c447614acbd23d3ca6af442e,prompts/cat_identity.v1.json
632,632,../data_h3/cat_ids/52_马恩岛猫短尾.png,Ref_drag_yarn_ball_and_catch_mirror.mp4,prepared/Ref_drag_yarn_ball_and_catch_mirror.motion.mp4,prompts/drag_yarn_ball_and_catch_mirror.v1.en.txt,52,52-manx-short-tail,马恩岛猫短尾,10,10-drag-yarn-ball-and-catch-mirror,drag_yarn_ball_and_catch_mirror,追扑从画面右向左滚动的毛线球并按住,0,632_52-manx-short-tail_10-drag-yarn-ball-and-catch-mirror_seed-0,4,4.0,24,480,832,15:26,9:16,drag_yarn_ball_and_catch_mirror.v1+cat_identity.v1,pending_model_validation,0c798da435a988362271fd4706ea08db38786aa6176ca70544161782778e2cb3,8b44957f6ebaca7c04c4a0af6bf4fbb65085b8ecf0acaf3433dc727a25b74982,prompts/cat_identity.v1.json
633,633,../data_h3/cat_ids/52_马恩岛猫短尾.png,Ref_curl_up_and_lie_down.mp4,prepared/Ref_curl_up_and_lie_down.motion.mp4,prompts/curl_up_and_lie_down.v1.en.txt,52,52-manx-short-tail,马恩岛猫短尾,11,11-curl-up-and-lie-down,curl_up_and_lie_down,低头向画面左侧蜷卧并闭眼休息,0,633_52-manx-short-tail_11-curl-up-and-lie-down_seed-0,4,4.0,24,480,832,15:26,9:16,curl_up_and_lie_down.v1+cat_identity.v1,pending_model_validation,87f753b55908ac3592ddb204a6e55db8fdfd1f11ccdae0db65383ef0b34830ad,8414a980252d2baee6444085d2755563b7e0ccb3a138027e7cc6c1233be766eb,prompts/cat_identity.v1.json
634,634,../data_h3/cat_ids/52_马恩岛猫短尾.png,Ref_curl_up_and_lie_down_mirror.mp4,prepared/Ref_curl_up_and_lie_down_mirror.motion.mp4,prompts/curl_up_and_lie_down_mirror.v1.en.txt,52,52-manx-short-tail,马恩岛猫短尾,12,12-curl-up-and-lie-down-mirror,curl_up_and_lie_down_mirror,低头向画面右侧蜷卧并闭眼休息,0,634_52-manx-short-tail_12-curl-up-and-lie-down-mirror_seed-0,4,4.0,24,480,832,15:26,9:16,curl_up_and_lie_down_mirror.v1+cat_identity.v1,pending_model_validation,a51a5d2220be9012e6575c79b0981cdb93c370d90de035baca3943499383bfb7,5dcfd307dd80e4bd86fa73aff45f41f66eced8aba348a07f81f559f008a63527,prompts/cat_identity.v1.json
635,635,../data_h3/cat_ids/52_马恩岛猫短尾.png,Ref_walk_forward_to_screen.mp4,prepared/Ref_walk_forward_to_screen.motion.mp4,prompts/walk_forward_to_screen.v1.en.txt,52,52-manx-short-tail,马恩岛猫短尾,13,13-walk-forward-to-screen,walk_forward_to_screen,起身向镜头走近并在近处站定,0,635_52-manx-short-tail_13-walk-forward-to-screen_seed-0,4,4.041699,24,480,832,15:26,9:16,walk_forward_to_screen.v1+cat_identity.v1,pending_model_validation,e242b39d7d9abfeb5a7229f5732ae343ff32dbf220521c25a70b3216490532d4,b63a08fc2ef943e20b969f5567a1c9334a3d7ca21d68db70b052c4345a83014a,prompts/cat_identity.v1.json
636,636,../data_h3/cat_ids/53_德文卷毛猫.png,Ref_drag_ear.mp4,prepared/Ref_drag_ear.motion.mp4,prompts/drag_ear.v1.en.txt,53,53-devon-rex,德文卷毛猫,02,02-pull-left-ear,drag_ear,左前爪轻擦左耳与脸部后恢复坐姿,0,636_53-devon-rex_02-pull-left-ear_seed-0,4,4.0,24,480,832,15:26,9:16,drag_ear.v1+cat_identity.v1,pending_model_validation,328245fc90f3a7aa3c2738f947764b4e85271092dbe1aff72fca021812141bc0,241a5d66949edcf078e592e2d02939921c2ff68968a95640d4e5a7e2c4fe75c1,prompts/cat_identity.v1.json
637,637,../data_h3/cat_ids/53_德文卷毛猫.png,Ref_drag_ear_mirror.mp4,prepared/Ref_drag_ear_mirror.motion.mp4,prompts/drag_ear_mirror.v1.en.txt,53,53-devon-rex,德文卷毛猫,03,03-drag-ear-mirror,drag_ear_mirror,右前爪轻擦右耳与脸部后恢复坐姿,0,637_53-devon-rex_03-drag-ear-mirror_seed-0,4,4.0,24,480,832,15:26,9:16,drag_ear_mirror.v1+cat_identity.v1,pending_model_validation,b7bdba29381a41fd38eff1de0c00ce843f84b7b1c3c073efbe2b02815776397f,f5a0412ed913f5aad8bffb33c68c3b0ad7f4923f44f06370f768483b146897f4,prompts/cat_identity.v1.json
638,638,../data_h3/cat_ids/53_德文卷毛猫.png,Ref_cat_teaser1.mp4,prepared/Ref_cat_teaser1.motion.mp4,prompts/cat_teaser1.v1.en.txt,53,53-devon-rex,德文卷毛猫,04,04-cat-teaser1,cat_teaser1,左前爪坐姿拨打逗猫棒后注视玩具,0,638_53-devon-rex_04-cat-teaser1_seed-0,4,4.0,24,480,832,15:26,9:16,cat_teaser1.v1+cat_identity.v1,pending_model_validation,9a669e3b73461830238ed5ee6f933a63daad2dd1145eb9f50bc02272c03f8b90,90ead0cb85338d88512f89fc4fdaa1599eaae717252a8a228289e47e9f7150f0,prompts/cat_identity.v1.json
639,639,../data_h3/cat_ids/53_德文卷毛猫.png,Ref_cat_teaser1_mirror.mp4,prepared/Ref_cat_teaser1_mirror.motion.mp4,prompts/cat_teaser1_mirror.v1.en.txt,53,53-devon-rex,德文卷毛猫,05,05-cat-teaser1-mirror,cat_teaser1_mirror,右前爪坐姿拨打逗猫棒后注视玩具,0,639_53-devon-rex_05-cat-teaser1-mirror_seed-0,4,4.0,24,480,832,15:26,9:16,cat_teaser1_mirror.v1+cat_identity.v1,pending_model_validation,d4e14988629d4163ce3f1a94c50dfb813fb2f7efd2a21674e5de0c915ffa09ad,af450da4b11a442fbb8dc3b090842b494306a33800841e4f3ac9399fb1a3e695,prompts/cat_identity.v1.json
640,640,../data_h3/cat_ids/53_德文卷毛猫.png,Ref_cat_teaser2.mp4,prepared/Ref_cat_teaser2.motion.mp4,prompts/cat_teaser2.v1.en.txt,53,53-devon-rex,德文卷毛猫,06,06-cat-teaser2,cat_teaser2,起身向画面右侧追拍逗猫棒并站定,0,640_53-devon-rex_06-cat-teaser2_seed-0,4,4.0,24,480,832,15:26,9:16,cat_teaser2.v1+cat_identity.v1,pending_model_validation,0e95c5dfbcdfb4bea55b06dcce7f717ab18d4722d06607de3a1d3413b581484a,a8c95e9c38443d4d231086357cb356e7c98cb2af1a6bfa216feae39e945cc0ec,prompts/cat_identity.v1.json
641,641,../data_h3/cat_ids/53_德文卷毛猫.png,Ref_cat_teaser2_mirror.mp4,prepared/Ref_cat_teaser2_mirror.motion.mp4,prompts/cat_teaser2_mirror.v1.en.txt,53,53-devon-rex,德文卷毛猫,07,07-cat-teaser2-mirror,cat_teaser2_mirror,起身向画面左侧追拍逗猫棒并站定,0,641_53-devon-rex_07-cat-teaser2-mirror_seed-0,4,4.0,24,480,832,15:26,9:16,cat_teaser2_mirror.v1+cat_identity.v1,pending_model_validation,9bd5e388736534a840885e27bd4fa6f0f9311c72a27988940c1d2630198d9217,7d4ae2310b662639649d68fa4f699951317c36f76eb715534248659d1924613d,prompts/cat_identity.v1.json
642,642,../data_h3/cat_ids/53_德文卷毛猫.png,Ref_cat_teaser3.mp4,prepared/Ref_cat_teaser3.motion.mp4,prompts/cat_teaser3.v1.en.txt,53,53-devon-rex,德文卷毛猫,08,08-cat-teaser3,cat_teaser3,双前爪抬起抓扑逗猫棒后落地坐定,0,642_53-devon-rex_08-cat-teaser3_seed-0,4,4.0,24,480,832,15:26,9:16,cat_teaser3.v1+cat_identity.v1,pending_model_validation,0a50a87276604921006bacb2216f59e88228107619af798f97ce5e5c785da552,71df79527a94810bcacebc9cb956fa137c891a4ed437386697434b19c5fbb7ce,prompts/cat_identity.v1.json
643,643,../data_h3/cat_ids/53_德文卷毛猫.png,Ref_drag_yarn_ball_and_catch.mp4,prepared/Ref_drag_yarn_ball_and_catch.motion.mp4,prompts/drag_yarn_ball_and_catch.v1.en.txt,53,53-devon-rex,德文卷毛猫,09,09-drag-yarn-ball-and-catch,drag_yarn_ball_and_catch,追扑从画面左向右滚动的毛线球并按住,0,643_53-devon-rex_09-drag-yarn-ball-and-catch_seed-0,4,4.0,24,480,832,15:26,9:16,drag_yarn_ball_and_catch.v1+cat_identity.v1,pending_model_validation,3a0a6373cd811b15d40f999fea650e4846567765abe5aae819da912168c55afd,5b888bc1cdc661bc3b5760445027966ef8d36a31c447614acbd23d3ca6af442e,prompts/cat_identity.v1.json
644,644,../data_h3/cat_ids/53_德文卷毛猫.png,Ref_drag_yarn_ball_and_catch_mirror.mp4,prepared/Ref_drag_yarn_ball_and_catch_mirror.motion.mp4,prompts/drag_yarn_ball_and_catch_mirror.v1.en.txt,53,53-devon-rex,德文卷毛猫,10,10-drag-yarn-ball-and-catch-mirror,drag_yarn_ball_and_catch_mirror,追扑从画面右向左滚动的毛线球并按住,0,644_53-devon-rex_10-drag-yarn-ball-and-catch-mirror_seed-0,4,4.0,24,480,832,15:26,9:16,drag_yarn_ball_and_catch_mirror.v1+cat_identity.v1,pending_model_validation,37ef72f8a211451497f93ecf9e50629d1a9007e3049841106cb5a71150b51008,8b44957f6ebaca7c04c4a0af6bf4fbb65085b8ecf0acaf3433dc727a25b74982,prompts/cat_identity.v1.json
645,645,../data_h3/cat_ids/53_德文卷毛猫.png,Ref_curl_up_and_lie_down.mp4,prepared/Ref_curl_up_and_lie_down.motion.mp4,prompts/curl_up_and_lie_down.v1.en.txt,53,53-devon-rex,德文卷毛猫,11,11-curl-up-and-lie-down,curl_up_and_lie_down,低头向画面左侧蜷卧并闭眼休息,0,645_53-devon-rex_11-curl-up-and-lie-down_seed-0,4,4.0,24,480,832,15:26,9:16,curl_up_and_lie_down.v1+cat_identity.v1,pending_model_validation,ba6d6fa1b869bf1565377c8eaf45b8261a49fba63e6bf5a32cfd178c04832daf,8414a980252d2baee6444085d2755563b7e0ccb3a138027e7cc6c1233be766eb,prompts/cat_identity.v1.json
646,646,../data_h3/cat_ids/53_德文卷毛猫.png,Ref_curl_up_and_lie_down_mirror.mp4,prepared/Ref_curl_up_and_lie_down_mirror.motion.mp4,prompts/curl_up_and_lie_down_mirror.v1.en.txt,53,53-devon-rex,德文卷毛猫,12,12-curl-up-and-lie-down-mirror,curl_up_and_lie_down_mirror,低头向画面右侧蜷卧并闭眼休息,0,646_53-devon-rex_12-curl-up-and-lie-down-mirror_seed-0,4,4.0,24,480,832,15:26,9:16,curl_up_and_lie_down_mirror.v1+cat_identity.v1,pending_model_validation,c89f3183c6801d423a1a03533d243908ed175152f126d1e4bd8d5721e59c284e,5dcfd307dd80e4bd86fa73aff45f41f66eced8aba348a07f81f559f008a63527,prompts/cat_identity.v1.json
647,647,../data_h3/cat_ids/53_德文卷毛猫.png,Ref_walk_forward_to_screen.mp4,prepared/Ref_walk_forward_to_screen.motion.mp4,prompts/walk_forward_to_screen.v1.en.txt,53,53-devon-rex,德文卷毛猫,13,13-walk-forward-to-screen,walk_forward_to_screen,起身向镜头走近并在近处站定,0,647_53-devon-rex_13-walk-forward-to-screen_seed-0,4,4.041699,24,480,832,15:26,9:16,walk_forward_to_screen.v1+cat_identity.v1,pending_model_validation,0e64e76b3643d5e50302dc25ebdc8f2bee36baa4fe545d18312facaef892a84b,b63a08fc2ef943e20b969f5567a1c9334a3d7ca21d68db70b052c4345a83014a,prompts/cat_identity.v1.json
648,648,../data_h3/cat_ids/54_塞尔凯克卷毛猫长毛.png,Ref_drag_ear.mp4,prepared/Ref_drag_ear.motion.mp4,prompts/drag_ear.v1.en.txt,54,54-selkirk-rex-longhair,塞尔凯克卷毛猫长毛,02,02-pull-left-ear,drag_ear,左前爪轻擦左耳与脸部后恢复坐姿,0,648_54-selkirk-rex-longhair_02-pull-left-ear_seed-0,4,4.0,24,480,832,15:26,9:16,drag_ear.v1+cat_identity.v1,pending_model_validation,beab9cacd6fb5c8f96de581c2cab1fd945ca78237ef2f54ebb26b427d4c47286,241a5d66949edcf078e592e2d02939921c2ff68968a95640d4e5a7e2c4fe75c1,prompts/cat_identity.v1.json
649,649,../data_h3/cat_ids/54_塞尔凯克卷毛猫长毛.png,Ref_drag_ear_mirror.mp4,prepared/Ref_drag_ear_mirror.motion.mp4,prompts/drag_ear_mirror.v1.en.txt,54,54-selkirk-rex-longhair,塞尔凯克卷毛猫长毛,03,03-drag-ear-mirror,drag_ear_mirror,右前爪轻擦右耳与脸部后恢复坐姿,0,649_54-selkirk-rex-longhair_03-drag-ear-mirror_seed-0,4,4.0,24,480,832,15:26,9:16,drag_ear_mirror.v1+cat_identity.v1,pending_model_validation,bd35d049aa0f5789dea37b68a3d655facf6ff43d678e88cbc3fa8145b82cb1ef,f5a0412ed913f5aad8bffb33c68c3b0ad7f4923f44f06370f768483b146897f4,prompts/cat_identity.v1.json
650,650,../data_h3/cat_ids/54_塞尔凯克卷毛猫长毛.png,Ref_cat_teaser1.mp4,prepared/Ref_cat_teaser1.motion.mp4,prompts/cat_teaser1.v1.en.txt,54,54-selkirk-rex-longhair,塞尔凯克卷毛猫长毛,04,04-cat-teaser1,cat_teaser1,左前爪坐姿拨打逗猫棒后注视玩具,0,650_54-selkirk-rex-longhair_04-cat-teaser1_seed-0,4,4.0,24,480,832,15:26,9:16,cat_teaser1.v1+cat_identity.v1,pending_model_validation,6f41a337795e9ad7a761af550c0ab87518b88fe7b3daef64cea4215a7fa02ebf,90ead0cb85338d88512f89fc4fdaa1599eaae717252a8a228289e47e9f7150f0,prompts/cat_identity.v1.json
651,651,../data_h3/cat_ids/54_塞尔凯克卷毛猫长毛.png,Ref_cat_teaser1_mirror.mp4,prepared/Ref_cat_teaser1_mirror.motion.mp4,prompts/cat_teaser1_mirror.v1.en.txt,54,54-selkirk-rex-longhair,塞尔凯克卷毛猫长毛,05,05-cat-teaser1-mirror,cat_teaser1_mirror,右前爪坐姿拨打逗猫棒后注视玩具,0,651_54-selkirk-rex-longhair_05-cat-teaser1-mirror_seed-0,4,4.0,24,480,832,15:26,9:16,cat_teaser1_mirror.v1+cat_identity.v1,pending_model_validation,fe0bbdaa447b6637f55f17be589afead8f18eee173e35663382b14cd6842172b,af450da4b11a442fbb8dc3b090842b494306a33800841e4f3ac9399fb1a3e695,prompts/cat_identity.v1.json
652,652,../data_h3/cat_ids/54_塞尔凯克卷毛猫长毛.png,Ref_cat_teaser2.mp4,prepared/Ref_cat_teaser2.motion.mp4,prompts/cat_teaser2.v1.en.txt,54,54-selkirk-rex-longhair,塞尔凯克卷毛猫长毛,06,06-cat-teaser2,cat_teaser2,起身向画面右侧追拍逗猫棒并站定,0,652_54-selkirk-rex-longhair_06-cat-teaser2_seed-0,4,4.0,24,480,832,15:26,9:16,cat_teaser2.v1+cat_identity.v1,pending_model_validation,de1a694a8ac8fffe7d3f8ce8d0b41473967f8831f41fc613a30cdca135707bc8,a8c95e9c38443d4d231086357cb356e7c98cb2af1a6bfa216feae39e945cc0ec,prompts/cat_identity.v1.json
653,653,../data_h3/cat_ids/54_塞尔凯克卷毛猫长毛.png,Ref_cat_teaser2_mirror.mp4,prepared/Ref_cat_teaser2_mirror.motion.mp4,prompts/cat_teaser2_mirror.v1.en.txt,54,54-selkirk-rex-longhair,塞尔凯克卷毛猫长毛,07,07-cat-teaser2-mirror,cat_teaser2_mirror,起身向画面左侧追拍逗猫棒并站定,0,653_54-selkirk-rex-longhair_07-cat-teaser2-mirror_seed-0,4,4.0,24,480,832,15:26,9:16,cat_teaser2_mirror.v1+cat_identity.v1,pending_model_validation,3a4943e18ae99b221ac8ad907ad54446b3c7530cdfa88f181670c0ab6cf7dc40,7d4ae2310b662639649d68fa4f699951317c36f76eb715534248659d1924613d,prompts/cat_identity.v1.json
654,654,../data_h3/cat_ids/54_塞尔凯克卷毛猫长毛.png,Ref_cat_teaser3.mp4,prepared/Ref_cat_teaser3.motion.mp4,prompts/cat_teaser3.v1.en.txt,54,54-selkirk-rex-longhair,塞尔凯克卷毛猫长毛,08,08-cat-teaser3,cat_teaser3,双前爪抬起抓扑逗猫棒后落地坐定,0,654_54-selkirk-rex-longhair_08-cat-teaser3_seed-0,4,4.0,24,480,832,15:26,9:16,cat_teaser3.v1+cat_identity.v1,pending_model_validation,05328833d87d76cb4fc13e5eb4aafcff8c20aa17c21c691d1011f0b9237ab84e,71df79527a94810bcacebc9cb956fa137c891a4ed437386697434b19c5fbb7ce,prompts/cat_identity.v1.json
655,655,../data_h3/cat_ids/54_塞尔凯克卷毛猫长毛.png,Ref_drag_yarn_ball_and_catch.mp4,prepared/Ref_drag_yarn_ball_and_catch.motion.mp4,prompts/drag_yarn_ball_and_catch.v1.en.txt,54,54-selkirk-rex-longhair,塞尔凯克卷毛猫长毛,09,09-drag-yarn-ball-and-catch,drag_yarn_ball_and_catch,追扑从画面左向右滚动的毛线球并按住,0,655_54-selkirk-rex-longhair_09-drag-yarn-ball-and-catch_seed-0,4,4.0,24,480,832,15:26,9:16,drag_yarn_ball_and_catch.v1+cat_identity.v1,pending_model_validation,76ec77c671ea987a25f10af4edef280479af74246cb3b422004d894c2f98cf80,5b888bc1cdc661bc3b5760445027966ef8d36a31c447614acbd23d3ca6af442e,prompts/cat_identity.v1.json
656,656,../data_h3/cat_ids/54_塞尔凯克卷毛猫长毛.png,Ref_drag_yarn_ball_and_catch_mirror.mp4,prepared/Ref_drag_yarn_ball_and_catch_mirror.motion.mp4,prompts/drag_yarn_ball_and_catch_mirror.v1.en.txt,54,54-selkirk-rex-longhair,塞尔凯克卷毛猫长毛,10,10-drag-yarn-ball-and-catch-mirror,drag_yarn_ball_and_catch_mirror,追扑从画面右向左滚动的毛线球并按住,0,656_54-selkirk-rex-longhair_10-drag-yarn-ball-and-catch-mirror_seed-0,4,4.0,24,480,832,15:26,9:16,drag_yarn_ball_and_catch_mirror.v1+cat_identity.v1,pending_model_validation,c7d618568837558c342b668d042cb67df7f7ee50830e4d8634368ac6900d5a85,8b44957f6ebaca7c04c4a0af6bf4fbb65085b8ecf0acaf3433dc727a25b74982,prompts/cat_identity.v1.json
657,657,../data_h3/cat_ids/54_塞尔凯克卷毛猫长毛.png,Ref_curl_up_and_lie_down.mp4,prepared/Ref_curl_up_and_lie_down.motion.mp4,prompts/curl_up_and_lie_down.v1.en.txt,54,54-selkirk-rex-longhair,塞尔凯克卷毛猫长毛,11,11-curl-up-and-lie-down,curl_up_and_lie_down,低头向画面左侧蜷卧并闭眼休息,0,657_54-selkirk-rex-longhair_11-curl-up-and-lie-down_seed-0,4,4.0,24,480,832,15:26,9:16,curl_up_and_lie_down.v1+cat_identity.v1,pending_model_validation,00f3bd88e4dd311e3ed8dd25c90fa58434d30b11a61b263aaab84c86b2bd18d6,8414a980252d2baee6444085d2755563b7e0ccb3a138027e7cc6c1233be766eb,prompts/cat_identity.v1.json
658,658,../data_h3/cat_ids/54_塞尔凯克卷毛猫长毛.png,Ref_curl_up_and_lie_down_mirror.mp4,prepared/Ref_curl_up_and_lie_down_mirror.motion.mp4,prompts/curl_up_and_lie_down_mirror.v1.en.txt,54,54-selkirk-rex-longhair,塞尔凯克卷毛猫长毛,12,12-curl-up-and-lie-down-mirror,curl_up_and_lie_down_mirror,低头向画面右侧蜷卧并闭眼休息,0,658_54-selkirk-rex-longhair_12-curl-up-and-lie-down-mirror_seed-0,4,4.0,24,480,832,15:26,9:16,curl_up_and_lie_down_mirror.v1+cat_identity.v1,pending_model_validation,ae0c8113d4c36072ed4ce9e9b99df28d65adba630a130ab8e8a4553bbc3a280b,5dcfd307dd80e4bd86fa73aff45f41f66eced8aba348a07f81f559f008a63527,prompts/cat_identity.v1.json
659,659,../data_h3/cat_ids/54_塞尔凯克卷毛猫长毛.png,Ref_walk_forward_to_screen.mp4,prepared/Ref_walk_forward_to_screen.motion.mp4,prompts/walk_forward_to_screen.v1.en.txt,54,54-selkirk-rex-longhair,塞尔凯克卷毛猫长毛,13,13-walk-forward-to-screen,walk_forward_to_screen,起身向镜头走近并在近处站定,0,659_54-selkirk-rex-longhair_13-walk-forward-to-screen_seed-0,4,4.041699,24,480,832,15:26,9:16,walk_forward_to_screen.v1+cat_identity.v1,pending_model_validation,84a37e55b13456cedfa5a21c723b4d911151fa9c8967e1683dc4b384c8f8247d,b63a08fc2ef943e20b969f5567a1c9334a3d7ca21d68db70b052c4345a83014a,prompts/cat_identity.v1.json
660,660,../data_h3/cat_ids/55_拉邦卷毛猫长毛.png,Ref_drag_ear.mp4,prepared/Ref_drag_ear.motion.mp4,prompts/drag_ear.v1.en.txt,55,55-laperm-longhair,拉邦卷毛猫长毛,02,02-pull-left-ear,drag_ear,左前爪轻擦左耳与脸部后恢复坐姿,0,660_55-laperm-longhair_02-pull-left-ear_seed-0,4,4.0,24,480,832,15:26,9:16,drag_ear.v1+cat_identity.v1,pending_model_validation,3bb686e4b903f7e4d6623f35eef5940639c5686127c33f7b7217f779f75d6764,241a5d66949edcf078e592e2d02939921c2ff68968a95640d4e5a7e2c4fe75c1,prompts/cat_identity.v1.json
661,661,../data_h3/cat_ids/55_拉邦卷毛猫长毛.png,Ref_drag_ear_mirror.mp4,prepared/Ref_drag_ear_mirror.motion.mp4,prompts/drag_ear_mirror.v1.en.txt,55,55-laperm-longhair,拉邦卷毛猫长毛,03,03-drag-ear-mirror,drag_ear_mirror,右前爪轻擦右耳与脸部后恢复坐姿,0,661_55-laperm-longhair_03-drag-ear-mirror_seed-0,4,4.0,24,480,832,15:26,9:16,drag_ear_mirror.v1+cat_identity.v1,pending_model_validation,beb53f9f13c4c306a417f3f23dccb13314809fe060bd7ddfdbe05a55342feb10,f5a0412ed913f5aad8bffb33c68c3b0ad7f4923f44f06370f768483b146897f4,prompts/cat_identity.v1.json
662,662,../data_h3/cat_ids/55_拉邦卷毛猫长毛.png,Ref_cat_teaser1.mp4,prepared/Ref_cat_teaser1.motion.mp4,prompts/cat_teaser1.v1.en.txt,55,55-laperm-longhair,拉邦卷毛猫长毛,04,04-cat-teaser1,cat_teaser1,左前爪坐姿拨打逗猫棒后注视玩具,0,662_55-laperm-longhair_04-cat-teaser1_seed-0,4,4.0,24,480,832,15:26,9:16,cat_teaser1.v1+cat_identity.v1,pending_model_validation,8e6658c4dc5575a403f51688bde54aae06524db9ef00694cc76de256858cb0f4,90ead0cb85338d88512f89fc4fdaa1599eaae717252a8a228289e47e9f7150f0,prompts/cat_identity.v1.json
663,663,../data_h3/cat_ids/55_拉邦卷毛猫长毛.png,Ref_cat_teaser1_mirror.mp4,prepared/Ref_cat_teaser1_mirror.motion.mp4,prompts/cat_teaser1_mirror.v1.en.txt,55,55-laperm-longhair,拉邦卷毛猫长毛,05,05-cat-teaser1-mirror,cat_teaser1_mirror,右前爪坐姿拨打逗猫棒后注视玩具,0,663_55-laperm-longhair_05-cat-teaser1-mirror_seed-0,4,4.0,24,480,832,15:26,9:16,cat_teaser1_mirror.v1+cat_identity.v1,pending_model_validation,4bb766b1c8ec60c9bbbf0ee44a42a5712f7fa69e305ac02c0e4b18c1e746e060,af450da4b11a442fbb8dc3b090842b494306a33800841e4f3ac9399fb1a3e695,prompts/cat_identity.v1.json
664,664,../data_h3/cat_ids/55_拉邦卷毛猫长毛.png,Ref_cat_teaser2.mp4,prepared/Ref_cat_teaser2.motion.mp4,prompts/cat_teaser2.v1.en.txt,55,55-laperm-longhair,拉邦卷毛猫长毛,06,06-cat-teaser2,cat_teaser2,起身向画面右侧追拍逗猫棒并站定,0,664_55-laperm-longhair_06-cat-teaser2_seed-0,4,4.0,24,480,832,15:26,9:16,cat_teaser2.v1+cat_identity.v1,pending_model_validation,4149d2d7a26166083006bfa5bdce519938435a75f3081337e63e9aa3b12f3c30,a8c95e9c38443d4d231086357cb356e7c98cb2af1a6bfa216feae39e945cc0ec,prompts/cat_identity.v1.json
665,665,../data_h3/cat_ids/55_拉邦卷毛猫长毛.png,Ref_cat_teaser2_mirror.mp4,prepared/Ref_cat_teaser2_mirror.motion.mp4,prompts/cat_teaser2_mirror.v1.en.txt,55,55-laperm-longhair,拉邦卷毛猫长毛,07,07-cat-teaser2-mirror,cat_teaser2_mirror,起身向画面左侧追拍逗猫棒并站定,0,665_55-laperm-longhair_07-cat-teaser2-mirror_seed-0,4,4.0,24,480,832,15:26,9:16,cat_teaser2_mirror.v1+cat_identity.v1,pending_model_validation,87cd9eb35562786b98fdd3d780749390573f5aa581fff5484817ac9e651e5b95,7d4ae2310b662639649d68fa4f699951317c36f76eb715534248659d1924613d,prompts/cat_identity.v1.json
666,666,../data_h3/cat_ids/55_拉邦卷毛猫长毛.png,Ref_cat_teaser3.mp4,prepared/Ref_cat_teaser3.motion.mp4,prompts/cat_teaser3.v1.en.txt,55,55-laperm-longhair,拉邦卷毛猫长毛,08,08-cat-teaser3,cat_teaser3,双前爪抬起抓扑逗猫棒后落地坐定,0,666_55-laperm-longhair_08-cat-teaser3_seed-0,4,4.0,24,480,832,15:26,9:16,cat_teaser3.v1+cat_identity.v1,pending_model_validation,59f8e3e8809f4625750537904cfd41f60cbd871b84e6d0627b3e1d684486cc98,71df79527a94810bcacebc9cb956fa137c891a4ed437386697434b19c5fbb7ce,prompts/cat_identity.v1.json
667,667,../data_h3/cat_ids/55_拉邦卷毛猫长毛.png,Ref_drag_yarn_ball_and_catch.mp4,prepared/Ref_drag_yarn_ball_and_catch.motion.mp4,prompts/drag_yarn_ball_and_catch.v1.en.txt,55,55-laperm-longhair,拉邦卷毛猫长毛,09,09-drag-yarn-ball-and-catch,drag_yarn_ball_and_catch,追扑从画面左向右滚动的毛线球并按住,0,667_55-laperm-longhair_09-drag-yarn-ball-and-catch_seed-0,4,4.0,24,480,832,15:26,9:16,drag_yarn_ball_and_catch.v1+cat_identity.v1,pending_model_validation,42833d42db700797c784c0e86fa54104072510a3da96b25370d596851cc22fb1,5b888bc1cdc661bc3b5760445027966ef8d36a31c447614acbd23d3ca6af442e,prompts/cat_identity.v1.json
668,668,../data_h3/cat_ids/55_拉邦卷毛猫长毛.png,Ref_drag_yarn_ball_and_catch_mirror.mp4,prepared/Ref_drag_yarn_ball_and_catch_mirror.motion.mp4,prompts/drag_yarn_ball_and_catch_mirror.v1.en.txt,55,55-laperm-longhair,拉邦卷毛猫长毛,10,10-drag-yarn-ball-and-catch-mirror,drag_yarn_ball_and_catch_mirror,追扑从画面右向左滚动的毛线球并按住,0,668_55-laperm-longhair_10-drag-yarn-ball-and-catch-mirror_seed-0,4,4.0,24,480,832,15:26,9:16,drag_yarn_ball_and_catch_mirror.v1+cat_identity.v1,pending_model_validation,bf088a0e9e4348e4ffa39b6858c34899ddccc7f982f49216c86e468011f11024,8b44957f6ebaca7c04c4a0af6bf4fbb65085b8ecf0acaf3433dc727a25b74982,prompts/cat_identity.v1.json
669,669,../data_h3/cat_ids/55_拉邦卷毛猫长毛.png,Ref_curl_up_and_lie_down.mp4,prepared/Ref_curl_up_and_lie_down.motion.mp4,prompts/curl_up_and_lie_down.v1.en.txt,55,55-laperm-longhair,拉邦卷毛猫长毛,11,11-curl-up-and-lie-down,curl_up_and_lie_down,低头向画面左侧蜷卧并闭眼休息,0,669_55-laperm-longhair_11-curl-up-and-lie-down_seed-0,4,4.0,24,480,832,15:26,9:16,curl_up_and_lie_down.v1+cat_identity.v1,pending_model_validation,ae58cf9159107c1994075ee39a23a41b8d1b8c043104984020ed15bc7ae3648b,8414a980252d2baee6444085d2755563b7e0ccb3a138027e7cc6c1233be766eb,prompts/cat_identity.v1.json
670,670,../data_h3/cat_ids/55_拉邦卷毛猫长毛.png,Ref_curl_up_and_lie_down_mirror.mp4,prepared/Ref_curl_up_and_lie_down_mirror.motion.mp4,prompts/curl_up_and_lie_down_mirror.v1.en.txt,55,55-laperm-longhair,拉邦卷毛猫长毛,12,12-curl-up-and-lie-down-mirror,curl_up_and_lie_down_mirror,低头向画面右侧蜷卧并闭眼休息,0,670_55-laperm-longhair_12-curl-up-and-lie-down-mirror_seed-0,4,4.0,24,480,832,15:26,9:16,curl_up_and_lie_down_mirror.v1+cat_identity.v1,pending_model_validation,27c34444421fe090d79bd20dc95a8ac90476ebd7cdec383af85fb73f80505306,5dcfd307dd80e4bd86fa73aff45f41f66eced8aba348a07f81f559f008a63527,prompts/cat_identity.v1.json
671,671,../data_h3/cat_ids/55_拉邦卷毛猫长毛.png,Ref_walk_forward_to_screen.mp4,prepared/Ref_walk_forward_to_screen.motion.mp4,prompts/walk_forward_to_screen.v1.en.txt,55,55-laperm-longhair,拉邦卷毛猫长毛,13,13-walk-forward-to-screen,walk_forward_to_screen,起身向镜头走近并在近处站定,0,671_55-laperm-longhair_13-walk-forward-to-screen_seed-0,4,4.041699,24,480,832,15:26,9:16,walk_forward_to_screen.v1+cat_identity.v1,pending_model_validation,9e58a7391faeb7122ffc8203093b9ce3fb38c21115594756a892148e88099ffb,b63a08fc2ef943e20b969f5567a1c9334a3d7ca21d68db70b052c4345a83014a,prompts/cat_identity.v1.json
672,672,../data_h3/cat_ids/56_中华田园猫深棕狸花.png,Ref_drag_ear.mp4,prepared/Ref_drag_ear.motion.mp4,prompts/drag_ear.v1.en.txt,56,56-chinese-domestic-dark-brown-tabby,中华田园猫深棕狸花,02,02-pull-left-ear,drag_ear,左前爪轻擦左耳与脸部后恢复坐姿,0,672_56-chinese-domestic-dark-brown-tabby_02-pull-left-ear_seed-0,4,4.0,24,480,832,15:26,9:16,drag_ear.v1+cat_identity.v1,pending_model_validation,07b109d8d8643a55913cce6d01b769b5e48905e7d189c3e70b38db944fe72fee,241a5d66949edcf078e592e2d02939921c2ff68968a95640d4e5a7e2c4fe75c1,prompts/cat_identity.v1.json
673,673,../data_h3/cat_ids/56_中华田园猫深棕狸花.png,Ref_drag_ear_mirror.mp4,prepared/Ref_drag_ear_mirror.motion.mp4,prompts/drag_ear_mirror.v1.en.txt,56,56-chinese-domestic-dark-brown-tabby,中华田园猫深棕狸花,03,03-drag-ear-mirror,drag_ear_mirror,右前爪轻擦右耳与脸部后恢复坐姿,0,673_56-chinese-domestic-dark-brown-tabby_03-drag-ear-mirror_seed-0,4,4.0,24,480,832,15:26,9:16,drag_ear_mirror.v1+cat_identity.v1,pending_model_validation,5516b7c8775baa664e61dac2724b38d15a3dba9dbe178cdaea0ae0251441f26b,f5a0412ed913f5aad8bffb33c68c3b0ad7f4923f44f06370f768483b146897f4,prompts/cat_identity.v1.json
674,674,../data_h3/cat_ids/56_中华田园猫深棕狸花.png,Ref_cat_teaser1.mp4,prepared/Ref_cat_teaser1.motion.mp4,prompts/cat_teaser1.v1.en.txt,56,56-chinese-domestic-dark-brown-tabby,中华田园猫深棕狸花,04,04-cat-teaser1,cat_teaser1,左前爪坐姿拨打逗猫棒后注视玩具,0,674_56-chinese-domestic-dark-brown-tabby_04-cat-teaser1_seed-0,4,4.0,24,480,832,15:26,9:16,cat_teaser1.v1+cat_identity.v1,pending_model_validation,0340cd62a5334e7e62321e56bcf67e8be9dcf763bc12c26f242757cd6e1d6939,90ead0cb85338d88512f89fc4fdaa1599eaae717252a8a228289e47e9f7150f0,prompts/cat_identity.v1.json
675,675,../data_h3/cat_ids/56_中华田园猫深棕狸花.png,Ref_cat_teaser1_mirror.mp4,prepared/Ref_cat_teaser1_mirror.motion.mp4,prompts/cat_teaser1_mirror.v1.en.txt,56,56-chinese-domestic-dark-brown-tabby,中华田园猫深棕狸花,05,05-cat-teaser1-mirror,cat_teaser1_mirror,右前爪坐姿拨打逗猫棒后注视玩具,0,675_56-chinese-domestic-dark-brown-tabby_05-cat-teaser1-mirror_seed-0,4,4.0,24,480,832,15:26,9:16,cat_teaser1_mirror.v1+cat_identity.v1,pending_model_validation,a9b5cdf0ad2f58c67a4eddbfa313399462ff977750626452ee5d0badef787a26,af450da4b11a442fbb8dc3b090842b494306a33800841e4f3ac9399fb1a3e695,prompts/cat_identity.v1.json
676,676,../data_h3/cat_ids/56_中华田园猫深棕狸花.png,Ref_cat_teaser2.mp4,prepared/Ref_cat_teaser2.motion.mp4,prompts/cat_teaser2.v1.en.txt,56,56-chinese-domestic-dark-brown-tabby,中华田园猫深棕狸花,06,06-cat-teaser2,cat_teaser2,起身向画面右侧追拍逗猫棒并站定,0,676_56-chinese-domestic-dark-brown-tabby_06-cat-teaser2_seed-0,4,4.0,24,480,832,15:26,9:16,cat_teaser2.v1+cat_identity.v1,pending_model_validation,0793ac6ea70ca085c0bf37d3f104da1be7f9f50ef8fd21adc6dbe12743751813,a8c95e9c38443d4d231086357cb356e7c98cb2af1a6bfa216feae39e945cc0ec,prompts/cat_identity.v1.json
677,677,../data_h3/cat_ids/56_中华田园猫深棕狸花.png,Ref_cat_teaser2_mirror.mp4,prepared/Ref_cat_teaser2_mirror.motion.mp4,prompts/cat_teaser2_mirror.v1.en.txt,56,56-chinese-domestic-dark-brown-tabby,中华田园猫深棕狸花,07,07-cat-teaser2-mirror,cat_teaser2_mirror,起身向画面左侧追拍逗猫棒并站定,0,677_56-chinese-domestic-dark-brown-tabby_07-cat-teaser2-mirror_seed-0,4,4.0,24,480,832,15:26,9:16,cat_teaser2_mirror.v1+cat_identity.v1,pending_model_validation,203006f291fa15ea557262c66828432daf566b4935cd5a780459fa7286751f0d,7d4ae2310b662639649d68fa4f699951317c36f76eb715534248659d1924613d,prompts/cat_identity.v1.json
678,678,../data_h3/cat_ids/56_中华田园猫深棕狸花.png,Ref_cat_teaser3.mp4,prepared/Ref_cat_teaser3.motion.mp4,prompts/cat_teaser3.v1.en.txt,56,56-chinese-domestic-dark-brown-tabby,中华田园猫深棕狸花,08,08-cat-teaser3,cat_teaser3,双前爪抬起抓扑逗猫棒后落地坐定,0,678_56-chinese-domestic-dark-brown-tabby_08-cat-teaser3_seed-0,4,4.0,24,480,832,15:26,9:16,cat_teaser3.v1+cat_identity.v1,pending_model_validation,fad24562c642f2c736fcc9fd19a9a81e9f7181961dad88501600ace7e8001fe0,71df79527a94810bcacebc9cb956fa137c891a4ed437386697434b19c5fbb7ce,prompts/cat_identity.v1.json
679,679,../data_h3/cat_ids/56_中华田园猫深棕狸花.png,Ref_drag_yarn_ball_and_catch.mp4,prepared/Ref_drag_yarn_ball_and_catch.motion.mp4,prompts/drag_yarn_ball_and_catch.v1.en.txt,56,56-chinese-domestic-dark-brown-tabby,中华田园猫深棕狸花,09,09-drag-yarn-ball-and-catch,drag_yarn_ball_and_catch,追扑从画面左向右滚动的毛线球并按住,0,679_56-chinese-domestic-dark-brown-tabby_09-drag-yarn-ball-and-catch_seed-0,4,4.0,24,480,832,15:26,9:16,drag_yarn_ball_and_catch.v1+cat_identity.v1,pending_model_validation,f7b063572a9d790e64778a2eb13f26df03a3c25db5d0d4ea65aa56bccb816b84,5b888bc1cdc661bc3b5760445027966ef8d36a31c447614acbd23d3ca6af442e,prompts/cat_identity.v1.json
680,680,../data_h3/cat_ids/56_中华田园猫深棕狸花.png,Ref_drag_yarn_ball_and_catch_mirror.mp4,prepared/Ref_drag_yarn_ball_and_catch_mirror.motion.mp4,prompts/drag_yarn_ball_and_catch_mirror.v1.en.txt,56,56-chinese-domestic-dark-brown-tabby,中华田园猫深棕狸花,10,10-drag-yarn-ball-and-catch-mirror,drag_yarn_ball_and_catch_mirror,追扑从画面右向左滚动的毛线球并按住,0,680_56-chinese-domestic-dark-brown-tabby_10-drag-yarn-ball-and-catch-mirror_seed-0,4,4.0,24,480,832,15:26,9:16,drag_yarn_ball_and_catch_mirror.v1+cat_identity.v1,pending_model_validation,871d2bd445c2876535030618f650d9b8bc9d9ad43fb669db53ea870011ad3f4b,8b44957f6ebaca7c04c4a0af6bf4fbb65085b8ecf0acaf3433dc727a25b74982,prompts/cat_identity.v1.json
681,681,../data_h3/cat_ids/56_中华田园猫深棕狸花.png,Ref_curl_up_and_lie_down.mp4,prepared/Ref_curl_up_and_lie_down.motion.mp4,prompts/curl_up_and_lie_down.v1.en.txt,56,56-chinese-domestic-dark-brown-tabby,中华田园猫深棕狸花,11,11-curl-up-and-lie-down,curl_up_and_lie_down,低头向画面左侧蜷卧并闭眼休息,0,681_56-chinese-domestic-dark-brown-tabby_11-curl-up-and-lie-down_seed-0,4,4.0,24,480,832,15:26,9:16,curl_up_and_lie_down.v1+cat_identity.v1,pending_model_validation,7139312582811c44e2d7b28493126216a1340c087563f47a5b414b6974f8fb22,8414a980252d2baee6444085d2755563b7e0ccb3a138027e7cc6c1233be766eb,prompts/cat_identity.v1.json
682,682,../data_h3/cat_ids/56_中华田园猫深棕狸花.png,Ref_curl_up_and_lie_down_mirror.mp4,prepared/Ref_curl_up_and_lie_down_mirror.motion.mp4,prompts/curl_up_and_lie_down_mirror.v1.en.txt,56,56-chinese-domestic-dark-brown-tabby,中华田园猫深棕狸花,12,12-curl-up-and-lie-down-mirror,curl_up_and_lie_down_mirror,低头向画面右侧蜷卧并闭眼休息,0,682_56-chinese-domestic-dark-brown-tabby_12-curl-up-and-lie-down-mirror_seed-0,4,4.0,24,480,832,15:26,9:16,curl_up_and_lie_down_mirror.v1+cat_identity.v1,pending_model_validation,8a0901c830ce88485a3ddb7c30075e89bbc821a1427c320148521aae584994c9,5dcfd307dd80e4bd86fa73aff45f41f66eced8aba348a07f81f559f008a63527,prompts/cat_identity.v1.json
683,683,../data_h3/cat_ids/56_中华田园猫深棕狸花.png,Ref_walk_forward_to_screen.mp4,prepared/Ref_walk_forward_to_screen.motion.mp4,prompts/walk_forward_to_screen.v1.en.txt,56,56-chinese-domestic-dark-brown-tabby,中华田园猫深棕狸花,13,13-walk-forward-to-screen,walk_forward_to_screen,起身向镜头走近并在近处站定,0,683_56-chinese-domestic-dark-brown-tabby_13-walk-forward-to-screen_seed-0,4,4.041699,24,480,832,15:26,9:16,walk_forward_to_screen.v1+cat_identity.v1,pending_model_validation,c60573150b24d65a35c5512d068946131b059f669882c5c6cf4531b04300b285,b63a08fc2ef943e20b969f5567a1c9334a3d7ca21d68db70b052c4345a83014a,prompts/cat_identity.v1.json
684,684,../data_h3/cat_ids/57_中华田园猫金棕狸花.png,Ref_drag_ear.mp4,prepared/Ref_drag_ear.motion.mp4,prompts/drag_ear.v1.en.txt,57,57-chinese-domestic-golden-brown-tabby,中华田园猫金棕狸花,02,02-pull-left-ear,drag_ear,左前爪轻擦左耳与脸部后恢复坐姿,0,684_57-chinese-domestic-golden-brown-tabby_02-pull-left-ear_seed-0,4,4.0,24,480,832,15:26,9:16,drag_ear.v1+cat_identity.v1,pending_model_validation,37c8be64bdb043043e417e05e96cd70304e44c910dd5437e3cf70dde6dbe7c38,241a5d66949edcf078e592e2d02939921c2ff68968a95640d4e5a7e2c4fe75c1,prompts/cat_identity.v1.json
685,685,../data_h3/cat_ids/57_中华田园猫金棕狸花.png,Ref_drag_ear_mirror.mp4,prepared/Ref_drag_ear_mirror.motion.mp4,prompts/drag_ear_mirror.v1.en.txt,57,57-chinese-domestic-golden-brown-tabby,中华田园猫金棕狸花,03,03-drag-ear-mirror,drag_ear_mirror,右前爪轻擦右耳与脸部后恢复坐姿,0,685_57-chinese-domestic-golden-brown-tabby_03-drag-ear-mirror_seed-0,4,4.0,24,480,832,15:26,9:16,drag_ear_mirror.v1+cat_identity.v1,pending_model_validation,a0bc677527ec3abc6d5f4221e96cf4673777bd35fe4045d57281e54786898ec5,f5a0412ed913f5aad8bffb33c68c3b0ad7f4923f44f06370f768483b146897f4,prompts/cat_identity.v1.json
686,686,../data_h3/cat_ids/57_中华田园猫金棕狸花.png,Ref_cat_teaser1.mp4,prepared/Ref_cat_teaser1.motion.mp4,prompts/cat_teaser1.v1.en.txt,57,57-chinese-domestic-golden-brown-tabby,中华田园猫金棕狸花,04,04-cat-teaser1,cat_teaser1,左前爪坐姿拨打逗猫棒后注视玩具,0,686_57-chinese-domestic-golden-brown-tabby_04-cat-teaser1_seed-0,4,4.0,24,480,832,15:26,9:16,cat_teaser1.v1+cat_identity.v1,pending_model_validation,2ae199f94c6051aed295226fc127ba235da45b0acb904531a7ca4a728e9d3dc5,90ead0cb85338d88512f89fc4fdaa1599eaae717252a8a228289e47e9f7150f0,prompts/cat_identity.v1.json
687,687,../data_h3/cat_ids/57_中华田园猫金棕狸花.png,Ref_cat_teaser1_mirror.mp4,prepared/Ref_cat_teaser1_mirror.motion.mp4,prompts/cat_teaser1_mirror.v1.en.txt,57,57-chinese-domestic-golden-brown-tabby,中华田园猫金棕狸花,05,05-cat-teaser1-mirror,cat_teaser1_mirror,右前爪坐姿拨打逗猫棒后注视玩具,0,687_57-chinese-domestic-golden-brown-tabby_05-cat-teaser1-mirror_seed-0,4,4.0,24,480,832,15:26,9:16,cat_teaser1_mirror.v1+cat_identity.v1,pending_model_validation,16b193323d043f366c5a460a2a79a0cbe81caebfdfc1b5494dd553f5ef287536,af450da4b11a442fbb8dc3b090842b494306a33800841e4f3ac9399fb1a3e695,prompts/cat_identity.v1.json
688,688,../data_h3/cat_ids/57_中华田园猫金棕狸花.png,Ref_cat_teaser2.mp4,prepared/Ref_cat_teaser2.motion.mp4,prompts/cat_teaser2.v1.en.txt,57,57-chinese-domestic-golden-brown-tabby,中华田园猫金棕狸花,06,06-cat-teaser2,cat_teaser2,起身向画面右侧追拍逗猫棒并站定,0,688_57-chinese-domestic-golden-brown-tabby_06-cat-teaser2_seed-0,4,4.0,24,480,832,15:26,9:16,cat_teaser2.v1+cat_identity.v1,pending_model_validation,bd5fbea8f7acaf1154c4b2bf0c64abbd1a67267a74bcfd751c1b6c89766621c6,a8c95e9c38443d4d231086357cb356e7c98cb2af1a6bfa216feae39e945cc0ec,prompts/cat_identity.v1.json
689,689,../data_h3/cat_ids/57_中华田园猫金棕狸花.png,Ref_cat_teaser2_mirror.mp4,prepared/Ref_cat_teaser2_mirror.motion.mp4,prompts/cat_teaser2_mirror.v1.en.txt,57,57-chinese-domestic-golden-brown-tabby,中华田园猫金棕狸花,07,07-cat-teaser2-mirror,cat_teaser2_mirror,起身向画面左侧追拍逗猫棒并站定,0,689_57-chinese-domestic-golden-brown-tabby_07-cat-teaser2-mirror_seed-0,4,4.0,24,480,832,15:26,9:16,cat_teaser2_mirror.v1+cat_identity.v1,pending_model_validation,dddc26fb45bee42744cfd4862c38c10f1431e56b78a9647b21abf771c23d89b7,7d4ae2310b662639649d68fa4f699951317c36f76eb715534248659d1924613d,prompts/cat_identity.v1.json
690,690,../data_h3/cat_ids/57_中华田园猫金棕狸花.png,Ref_cat_teaser3.mp4,prepared/Ref_cat_teaser3.motion.mp4,prompts/cat_teaser3.v1.en.txt,57,57-chinese-domestic-golden-brown-tabby,中华田园猫金棕狸花,08,08-cat-teaser3,cat_teaser3,双前爪抬起抓扑逗猫棒后落地坐定,0,690_57-chinese-domestic-golden-brown-tabby_08-cat-teaser3_seed-0,4,4.0,24,480,832,15:26,9:16,cat_teaser3.v1+cat_identity.v1,pending_model_validation,47bd59fd831f7842a8e1ed58ec2cf655d4335af5428b5f2ab3f3f9c91d7060cd,71df79527a94810bcacebc9cb956fa137c891a4ed437386697434b19c5fbb7ce,prompts/cat_identity.v1.json
691,691,../data_h3/cat_ids/57_中华田园猫金棕狸花.png,Ref_drag_yarn_ball_and_catch.mp4,prepared/Ref_drag_yarn_ball_and_catch.motion.mp4,prompts/drag_yarn_ball_and_catch.v1.en.txt,57,57-chinese-domestic-golden-brown-tabby,中华田园猫金棕狸花,09,09-drag-yarn-ball-and-catch,drag_yarn_ball_and_catch,追扑从画面左向右滚动的毛线球并按住,0,691_57-chinese-domestic-golden-brown-tabby_09-drag-yarn-ball-and-catch_seed-0,4,4.0,24,480,832,15:26,9:16,drag_yarn_ball_and_catch.v1+cat_identity.v1,pending_model_validation,46fcc5a18c99b4114f927c9200c863c8528b9a46d4ae6d1cc5e520164b3fb426,5b888bc1cdc661bc3b5760445027966ef8d36a31c447614acbd23d3ca6af442e,prompts/cat_identity.v1.json
692,692,../data_h3/cat_ids/57_中华田园猫金棕狸花.png,Ref_drag_yarn_ball_and_catch_mirror.mp4,prepared/Ref_drag_yarn_ball_and_catch_mirror.motion.mp4,prompts/drag_yarn_ball_and_catch_mirror.v1.en.txt,57,57-chinese-domestic-golden-brown-tabby,中华田园猫金棕狸花,10,10-drag-yarn-ball-and-catch-mirror,drag_yarn_ball_and_catch_mirror,追扑从画面右向左滚动的毛线球并按住,0,692_57-chinese-domestic-golden-brown-tabby_10-drag-yarn-ball-and-catch-mirror_seed-0,4,4.0,24,480,832,15:26,9:16,drag_yarn_ball_and_catch_mirror.v1+cat_identity.v1,pending_model_validation,8b618661d4bf2e01b576a442afe11ca417195b7cd69887695c4c7dd083bd5c78,8b44957f6ebaca7c04c4a0af6bf4fbb65085b8ecf0acaf3433dc727a25b74982,prompts/cat_identity.v1.json
693,693,../data_h3/cat_ids/57_中华田园猫金棕狸花.png,Ref_curl_up_and_lie_down.mp4,prepared/Ref_curl_up_and_lie_down.motion.mp4,prompts/curl_up_and_lie_down.v1.en.txt,57,57-chinese-domestic-golden-brown-tabby,中华田园猫金棕狸花,11,11-curl-up-and-lie-down,curl_up_and_lie_down,低头向画面左侧蜷卧并闭眼休息,0,693_57-chinese-domestic-golden-brown-tabby_11-curl-up-and-lie-down_seed-0,4,4.0,24,480,832,15:26,9:16,curl_up_and_lie_down.v1+cat_identity.v1,pending_model_validation,bef8c1fba8ebc4c7c37a354ab18cff97db5adc79bc847bf0096d04eb516ee7a8,8414a980252d2baee6444085d2755563b7e0ccb3a138027e7cc6c1233be766eb,prompts/cat_identity.v1.json
694,694,../data_h3/cat_ids/57_中华田园猫金棕狸花.png,Ref_curl_up_and_lie_down_mirror.mp4,prepared/Ref_curl_up_and_lie_down_mirror.motion.mp4,prompts/curl_up_and_lie_down_mirror.v1.en.txt,57,57-chinese-domestic-golden-brown-tabby,中华田园猫金棕狸花,12,12-curl-up-and-lie-down-mirror,curl_up_and_lie_down_mirror,低头向画面右侧蜷卧并闭眼休息,0,694_57-chinese-domestic-golden-brown-tabby_12-curl-up-and-lie-down-mirror_seed-0,4,4.0,24,480,832,15:26,9:16,curl_up_and_lie_down_mirror.v1+cat_identity.v1,pending_model_validation,c9d2c034b12d0956b81251b23c0fcab1da0ca3a050a9b6b4bfaa88071e008cf1,5dcfd307dd80e4bd86fa73aff45f41f66eced8aba348a07f81f559f008a63527,prompts/cat_identity.v1.json
695,695,../data_h3/cat_ids/57_中华田园猫金棕狸花.png,Ref_walk_forward_to_screen.mp4,prepared/Ref_walk_forward_to_screen.motion.mp4,prompts/walk_forward_to_screen.v1.en.txt,57,57-chinese-domestic-golden-brown-tabby,中华田园猫金棕狸花,13,13-walk-forward-to-screen,walk_forward_to_screen,起身向镜头走近并在近处站定,0,695_57-chinese-domestic-golden-brown-tabby_13-walk-forward-to-screen_seed-0,4,4.041699,24,480,832,15:26,9:16,walk_forward_to_screen.v1+cat_identity.v1,pending_model_validation,5eb96f442a34bb24cdf45d5a1911c1ffb7e410ea0ee22a9c206ff6f71d3cb983,b63a08fc2ef943e20b969f5567a1c9334a3d7ca21d68db70b052c4345a83014a,prompts/cat_identity.v1.json
696,696,../data_h3/cat_ids/58_中华田园猫狸白.png,Ref_drag_ear.mp4,prepared/Ref_drag_ear.motion.mp4,prompts/drag_ear.v1.en.txt,58,58-chinese-domestic-tabby-white,中华田园猫狸白,02,02-pull-left-ear,drag_ear,左前爪轻擦左耳与脸部后恢复坐姿,0,696_58-chinese-domestic-tabby-white_02-pull-left-ear_seed-0,4,4.0,24,480,832,15:26,9:16,drag_ear.v1+cat_identity.v1,pending_model_validation,4e4af3476bd21f79a241bbf5a3a0eba7491d0bd425c78ec69d672b741751c946,241a5d66949edcf078e592e2d02939921c2ff68968a95640d4e5a7e2c4fe75c1,prompts/cat_identity.v1.json
697,697,../data_h3/cat_ids/58_中华田园猫狸白.png,Ref_drag_ear_mirror.mp4,prepared/Ref_drag_ear_mirror.motion.mp4,prompts/drag_ear_mirror.v1.en.txt,58,58-chinese-domestic-tabby-white,中华田园猫狸白,03,03-drag-ear-mirror,drag_ear_mirror,右前爪轻擦右耳与脸部后恢复坐姿,0,697_58-chinese-domestic-tabby-white_03-drag-ear-mirror_seed-0,4,4.0,24,480,832,15:26,9:16,drag_ear_mirror.v1+cat_identity.v1,pending_model_validation,0acee71155bc4b841cb0bde907479770ee0a4adca30446cd4446dbe00c0070b3,f5a0412ed913f5aad8bffb33c68c3b0ad7f4923f44f06370f768483b146897f4,prompts/cat_identity.v1.json
698,698,../data_h3/cat_ids/58_中华田园猫狸白.png,Ref_cat_teaser1.mp4,prepared/Ref_cat_teaser1.motion.mp4,prompts/cat_teaser1.v1.en.txt,58,58-chinese-domestic-tabby-white,中华田园猫狸白,04,04-cat-teaser1,cat_teaser1,左前爪坐姿拨打逗猫棒后注视玩具,0,698_58-chinese-domestic-tabby-white_04-cat-teaser1_seed-0,4,4.0,24,480,832,15:26,9:16,cat_teaser1.v1+cat_identity.v1,pending_model_validation,07f8d4a5164fb988dcf289f5a2ca4bf869102268ff840c53e782feb38886e5c0,90ead0cb85338d88512f89fc4fdaa1599eaae717252a8a228289e47e9f7150f0,prompts/cat_identity.v1.json
699,699,../data_h3/cat_ids/58_中华田园猫狸白.png,Ref_cat_teaser1_mirror.mp4,prepared/Ref_cat_teaser1_mirror.motion.mp4,prompts/cat_teaser1_mirror.v1.en.txt,58,58-chinese-domestic-tabby-white,中华田园猫狸白,05,05-cat-teaser1-mirror,cat_teaser1_mirror,右前爪坐姿拨打逗猫棒后注视玩具,0,699_58-chinese-domestic-tabby-white_05-cat-teaser1-mirror_seed-0,4,4.0,24,480,832,15:26,9:16,cat_teaser1_mirror.v1+cat_identity.v1,pending_model_validation,e466e16da3608fb4e551a3c1ccba4fa3994038ecd3a4e00de70ee5844e3e4f74,af450da4b11a442fbb8dc3b090842b494306a33800841e4f3ac9399fb1a3e695,prompts/cat_identity.v1.json
700,700,../data_h3/cat_ids/58_中华田园猫狸白.png,Ref_cat_teaser2.mp4,prepared/Ref_cat_teaser2.motion.mp4,prompts/cat_teaser2.v1.en.txt,58,58-chinese-domestic-tabby-white,中华田园猫狸白,06,06-cat-teaser2,cat_teaser2,起身向画面右侧追拍逗猫棒并站定,0,700_58-chinese-domestic-tabby-white_06-cat-teaser2_seed-0,4,4.0,24,480,832,15:26,9:16,cat_teaser2.v1+cat_identity.v1,pending_model_validation,f5325ea966b3b8f3add70dbf624e1a3f48330ada2196c390312f3bfbdcdd41e2,a8c95e9c38443d4d231086357cb356e7c98cb2af1a6bfa216feae39e945cc0ec,prompts/cat_identity.v1.json
701,701,../data_h3/cat_ids/58_中华田园猫狸白.png,Ref_cat_teaser2_mirror.mp4,prepared/Ref_cat_teaser2_mirror.motion.mp4,prompts/cat_teaser2_mirror.v1.en.txt,58,58-chinese-domestic-tabby-white,中华田园猫狸白,07,07-cat-teaser2-mirror,cat_teaser2_mirror,起身向画面左侧追拍逗猫棒并站定,0,701_58-chinese-domestic-tabby-white_07-cat-teaser2-mirror_seed-0,4,4.0,24,480,832,15:26,9:16,cat_teaser2_mirror.v1+cat_identity.v1,pending_model_validation,68572f77af5ad56b228f126dcf3e24ef780b436cbb8bb72e0a03a995e6ae7da0,7d4ae2310b662639649d68fa4f699951317c36f76eb715534248659d1924613d,prompts/cat_identity.v1.json
702,702,../data_h3/cat_ids/58_中华田园猫狸白.png,Ref_cat_teaser3.mp4,prepared/Ref_cat_teaser3.motion.mp4,prompts/cat_teaser3.v1.en.txt,58,58-chinese-domestic-tabby-white,中华田园猫狸白,08,08-cat-teaser3,cat_teaser3,双前爪抬起抓扑逗猫棒后落地坐定,0,702_58-chinese-domestic-tabby-white_08-cat-teaser3_seed-0,4,4.0,24,480,832,15:26,9:16,cat_teaser3.v1+cat_identity.v1,pending_model_validation,5fae87c230add0b6653ba7e4d54cc220e43102b82418b80246931ff27a4a949c,71df79527a94810bcacebc9cb956fa137c891a4ed437386697434b19c5fbb7ce,prompts/cat_identity.v1.json
703,703,../data_h3/cat_ids/58_中华田园猫狸白.png,Ref_drag_yarn_ball_and_catch.mp4,prepared/Ref_drag_yarn_ball_and_catch.motion.mp4,prompts/drag_yarn_ball_and_catch.v1.en.txt,58,58-chinese-domestic-tabby-white,中华田园猫狸白,09,09-drag-yarn-ball-and-catch,drag_yarn_ball_and_catch,追扑从画面左向右滚动的毛线球并按住,0,703_58-chinese-domestic-tabby-white_09-drag-yarn-ball-and-catch_seed-0,4,4.0,24,480,832,15:26,9:16,drag_yarn_ball_and_catch.v1+cat_identity.v1,pending_model_validation,23ce813126720887b3255ef4070e6f6ae006ce2f1aacce8b501c4eece47be22b,5b888bc1cdc661bc3b5760445027966ef8d36a31c447614acbd23d3ca6af442e,prompts/cat_identity.v1.json
704,704,../data_h3/cat_ids/58_中华田园猫狸白.png,Ref_drag_yarn_ball_and_catch_mirror.mp4,prepared/Ref_drag_yarn_ball_and_catch_mirror.motion.mp4,prompts/drag_yarn_ball_and_catch_mirror.v1.en.txt,58,58-chinese-domestic-tabby-white,中华田园猫狸白,10,10-drag-yarn-ball-and-catch-mirror,drag_yarn_ball_and_catch_mirror,追扑从画面右向左滚动的毛线球并按住,0,704_58-chinese-domestic-tabby-white_10-drag-yarn-ball-and-catch-mirror_seed-0,4,4.0,24,480,832,15:26,9:16,drag_yarn_ball_and_catch_mirror.v1+cat_identity.v1,pending_model_validation,1b9f0d400a0a57692e4b176f764a97c424484a38e10f863e576c2b4a17444103,8b44957f6ebaca7c04c4a0af6bf4fbb65085b8ecf0acaf3433dc727a25b74982,prompts/cat_identity.v1.json
705,705,../data_h3/cat_ids/58_中华田园猫狸白.png,Ref_curl_up_and_lie_down.mp4,prepared/Ref_curl_up_and_lie_down.motion.mp4,prompts/curl_up_and_lie_down.v1.en.txt,58,58-chinese-domestic-tabby-white,中华田园猫狸白,11,11-curl-up-and-lie-down,curl_up_and_lie_down,低头向画面左侧蜷卧并闭眼休息,0,705_58-chinese-domestic-tabby-white_11-curl-up-and-lie-down_seed-0,4,4.0,24,480,832,15:26,9:16,curl_up_and_lie_down.v1+cat_identity.v1,pending_model_validation,15949f8daf28ff52da8d964a4967a60b8603cc12e44eaf96cf37aa182420b065,8414a980252d2baee6444085d2755563b7e0ccb3a138027e7cc6c1233be766eb,prompts/cat_identity.v1.json
706,706,../data_h3/cat_ids/58_中华田园猫狸白.png,Ref_curl_up_and_lie_down_mirror.mp4,prepared/Ref_curl_up_and_lie_down_mirror.motion.mp4,prompts/curl_up_and_lie_down_mirror.v1.en.txt,58,58-chinese-domestic-tabby-white,中华田园猫狸白,12,12-curl-up-and-lie-down-mirror,curl_up_and_lie_down_mirror,低头向画面右侧蜷卧并闭眼休息,0,706_58-chinese-domestic-tabby-white_12-curl-up-and-lie-down-mirror_seed-0,4,4.0,24,480,832,15:26,9:16,curl_up_and_lie_down_mirror.v1+cat_identity.v1,pending_model_validation,033d667c4bd33e7e437bb767490019da341e02904bdffa37ebe03ab3cac62848,5dcfd307dd80e4bd86fa73aff45f41f66eced8aba348a07f81f559f008a63527,prompts/cat_identity.v1.json
707,707,../data_h3/cat_ids/58_中华田园猫狸白.png,Ref_walk_forward_to_screen.mp4,prepared/Ref_walk_forward_to_screen.motion.mp4,prompts/walk_forward_to_screen.v1.en.txt,58,58-chinese-domestic-tabby-white,中华田园猫狸白,13,13-walk-forward-to-screen,walk_forward_to_screen,起身向镜头走近并在近处站定,0,707_58-chinese-domestic-tabby-white_13-walk-forward-to-screen_seed-0,4,4.041699,24,480,832,15:26,9:16,walk_forward_to_screen.v1+cat_identity.v1,pending_model_validation,330aa860abb89996bfa19b5c264ed702aea46c6cb9439518cdf5571d25fdde63,b63a08fc2ef943e20b969f5567a1c9334a3d7ca21d68db70b052c4345a83014a,prompts/cat_identity.v1.json
708,708,../data_h3/cat_ids/59_中华田园猫高白奶牛.png,Ref_drag_ear.mp4,prepared/Ref_drag_ear.motion.mp4,prompts/drag_ear.v1.en.txt,59,59-chinese-domestic-high-white-black,中华田园猫高白奶牛,02,02-pull-left-ear,drag_ear,左前爪轻擦左耳与脸部后恢复坐姿,0,708_59-chinese-domestic-high-white-black_02-pull-left-ear_seed-0,4,4.0,24,480,832,15:26,9:16,drag_ear.v1+cat_identity.v1,pending_model_validation,2ef5d3a02795ec4991cce84652bec8003efcd52662742b352dd124f3c24b7dee,241a5d66949edcf078e592e2d02939921c2ff68968a95640d4e5a7e2c4fe75c1,prompts/cat_identity.v1.json
709,709,../data_h3/cat_ids/59_中华田园猫高白奶牛.png,Ref_drag_ear_mirror.mp4,prepared/Ref_drag_ear_mirror.motion.mp4,prompts/drag_ear_mirror.v1.en.txt,59,59-chinese-domestic-high-white-black,中华田园猫高白奶牛,03,03-drag-ear-mirror,drag_ear_mirror,右前爪轻擦右耳与脸部后恢复坐姿,0,709_59-chinese-domestic-high-white-black_03-drag-ear-mirror_seed-0,4,4.0,24,480,832,15:26,9:16,drag_ear_mirror.v1+cat_identity.v1,pending_model_validation,a3145475a48f150435d0357f8b2a91a30dea23c0a494823ce058dffc7c0c3ea8,f5a0412ed913f5aad8bffb33c68c3b0ad7f4923f44f06370f768483b146897f4,prompts/cat_identity.v1.json
710,710,../data_h3/cat_ids/59_中华田园猫高白奶牛.png,Ref_cat_teaser1.mp4,prepared/Ref_cat_teaser1.motion.mp4,prompts/cat_teaser1.v1.en.txt,59,59-chinese-domestic-high-white-black,中华田园猫高白奶牛,04,04-cat-teaser1,cat_teaser1,左前爪坐姿拨打逗猫棒后注视玩具,0,710_59-chinese-domestic-high-white-black_04-cat-teaser1_seed-0,4,4.0,24,480,832,15:26,9:16,cat_teaser1.v1+cat_identity.v1,pending_model_validation,5851dd7cfc72f07a5bc884e41f09d8dbbb8c4de4dd58b8d330d7a07f2d8516bb,90ead0cb85338d88512f89fc4fdaa1599eaae717252a8a228289e47e9f7150f0,prompts/cat_identity.v1.json
711,711,../data_h3/cat_ids/59_中华田园猫高白奶牛.png,Ref_cat_teaser1_mirror.mp4,prepared/Ref_cat_teaser1_mirror.motion.mp4,prompts/cat_teaser1_mirror.v1.en.txt,59,59-chinese-domestic-high-white-black,中华田园猫高白奶牛,05,05-cat-teaser1-mirror,cat_teaser1_mirror,右前爪坐姿拨打逗猫棒后注视玩具,0,711_59-chinese-domestic-high-white-black_05-cat-teaser1-mirror_seed-0,4,4.0,24,480,832,15:26,9:16,cat_teaser1_mirror.v1+cat_identity.v1,pending_model_validation,5665fc1409051d50fbf12dbcd1894892d1f1eb229ca4c68635f4daa609922cce,af450da4b11a442fbb8dc3b090842b494306a33800841e4f3ac9399fb1a3e695,prompts/cat_identity.v1.json
712,712,../data_h3/cat_ids/59_中华田园猫高白奶牛.png,Ref_cat_teaser2.mp4,prepared/Ref_cat_teaser2.motion.mp4,prompts/cat_teaser2.v1.en.txt,59,59-chinese-domestic-high-white-black,中华田园猫高白奶牛,06,06-cat-teaser2,cat_teaser2,起身向画面右侧追拍逗猫棒并站定,0,712_59-chinese-domestic-high-white-black_06-cat-teaser2_seed-0,4,4.0,24,480,832,15:26,9:16,cat_teaser2.v1+cat_identity.v1,pending_model_validation,c7213cccd7fbe8de2ed5eb28fd01b1d7f7e85c74fc952f5e9eb48a968d1889a4,a8c95e9c38443d4d231086357cb356e7c98cb2af1a6bfa216feae39e945cc0ec,prompts/cat_identity.v1.json
713,713,../data_h3/cat_ids/59_中华田园猫高白奶牛.png,Ref_cat_teaser2_mirror.mp4,prepared/Ref_cat_teaser2_mirror.motion.mp4,prompts/cat_teaser2_mirror.v1.en.txt,59,59-chinese-domestic-high-white-black,中华田园猫高白奶牛,07,07-cat-teaser2-mirror,cat_teaser2_mirror,起身向画面左侧追拍逗猫棒并站定,0,713_59-chinese-domestic-high-white-black_07-cat-teaser2-mirror_seed-0,4,4.0,24,480,832,15:26,9:16,cat_teaser2_mirror.v1+cat_identity.v1,pending_model_validation,50c97fb8fd7fc5a9fdb84708c971d64ab177188267ab6d912a702e523570fe26,7d4ae2310b662639649d68fa4f699951317c36f76eb715534248659d1924613d,prompts/cat_identity.v1.json
714,714,../data_h3/cat_ids/59_中华田园猫高白奶牛.png,Ref_cat_teaser3.mp4,prepared/Ref_cat_teaser3.motion.mp4,prompts/cat_teaser3.v1.en.txt,59,59-chinese-domestic-high-white-black,中华田园猫高白奶牛,08,08-cat-teaser3,cat_teaser3,双前爪抬起抓扑逗猫棒后落地坐定,0,714_59-chinese-domestic-high-white-black_08-cat-teaser3_seed-0,4,4.0,24,480,832,15:26,9:16,cat_teaser3.v1+cat_identity.v1,pending_model_validation,89062ba70945d5b6cccb88ca174acb0ea3514cbfd1f65a81909b80a390995d12,71df79527a94810bcacebc9cb956fa137c891a4ed437386697434b19c5fbb7ce,prompts/cat_identity.v1.json
715,715,../data_h3/cat_ids/59_中华田园猫高白奶牛.png,Ref_drag_yarn_ball_and_catch.mp4,prepared/Ref_drag_yarn_ball_and_catch.motion.mp4,prompts/drag_yarn_ball_and_catch.v1.en.txt,59,59-chinese-domestic-high-white-black,中华田园猫高白奶牛,09,09-drag-yarn-ball-and-catch,drag_yarn_ball_and_catch,追扑从画面左向右滚动的毛线球并按住,0,715_59-chinese-domestic-high-white-black_09-drag-yarn-ball-and-catch_seed-0,4,4.0,24,480,832,15:26,9:16,drag_yarn_ball_and_catch.v1+cat_identity.v1,pending_model_validation,6b8a30dbe78d864930d962578a793772b506282b8099e98aeaa6be635d38679d,5b888bc1cdc661bc3b5760445027966ef8d36a31c447614acbd23d3ca6af442e,prompts/cat_identity.v1.json
716,716,../data_h3/cat_ids/59_中华田园猫高白奶牛.png,Ref_drag_yarn_ball_and_catch_mirror.mp4,prepared/Ref_drag_yarn_ball_and_catch_mirror.motion.mp4,prompts/drag_yarn_ball_and_catch_mirror.v1.en.txt,59,59-chinese-domestic-high-white-black,中华田园猫高白奶牛,10,10-drag-yarn-ball-and-catch-mirror,drag_yarn_ball_and_catch_mirror,追扑从画面右向左滚动的毛线球并按住,0,716_59-chinese-domestic-high-white-black_10-drag-yarn-ball-and-catch-mirror_seed-0,4,4.0,24,480,832,15:26,9:16,drag_yarn_ball_and_catch_mirror.v1+cat_identity.v1,pending_model_validation,7ee2df5b9c11791f03fbf2baafa662634fd2fbea24c7219ab647978e645efae1,8b44957f6ebaca7c04c4a0af6bf4fbb65085b8ecf0acaf3433dc727a25b74982,prompts/cat_identity.v1.json
717,717,../data_h3/cat_ids/59_中华田园猫高白奶牛.png,Ref_curl_up_and_lie_down.mp4,prepared/Ref_curl_up_and_lie_down.motion.mp4,prompts/curl_up_and_lie_down.v1.en.txt,59,59-chinese-domestic-high-white-black,中华田园猫高白奶牛,11,11-curl-up-and-lie-down,curl_up_and_lie_down,低头向画面左侧蜷卧并闭眼休息,0,717_59-chinese-domestic-high-white-black_11-curl-up-and-lie-down_seed-0,4,4.0,24,480,832,15:26,9:16,curl_up_and_lie_down.v1+cat_identity.v1,pending_model_validation,9ef308991c0d7c441a0735c4294bdfe61c53bab745b02025935d2abe32879a54,8414a980252d2baee6444085d2755563b7e0ccb3a138027e7cc6c1233be766eb,prompts/cat_identity.v1.json
718,718,../data_h3/cat_ids/59_中华田园猫高白奶牛.png,Ref_curl_up_and_lie_down_mirror.mp4,prepared/Ref_curl_up_and_lie_down_mirror.motion.mp4,prompts/curl_up_and_lie_down_mirror.v1.en.txt,59,59-chinese-domestic-high-white-black,中华田园猫高白奶牛,12,12-curl-up-and-lie-down-mirror,curl_up_and_lie_down_mirror,低头向画面右侧蜷卧并闭眼休息,0,718_59-chinese-domestic-high-white-black_12-curl-up-and-lie-down-mirror_seed-0,4,4.0,24,480,832,15:26,9:16,curl_up_and_lie_down_mirror.v1+cat_identity.v1,pending_model_validation,acdb2e4ce0bb558bb066f3f0106c3a99c6204bdb1ac2d675abfeaded88f69836,5dcfd307dd80e4bd86fa73aff45f41f66eced8aba348a07f81f559f008a63527,prompts/cat_identity.v1.json
719,719,../data_h3/cat_ids/59_中华田园猫高白奶牛.png,Ref_walk_forward_to_screen.mp4,prepared/Ref_walk_forward_to_screen.motion.mp4,prompts/walk_forward_to_screen.v1.en.txt,59,59-chinese-domestic-high-white-black,中华田园猫高白奶牛,13,13-walk-forward-to-screen,walk_forward_to_screen,起身向镜头走近并在近处站定,0,719_59-chinese-domestic-high-white-black_13-walk-forward-to-screen_seed-0,4,4.041699,24,480,832,15:26,9:16,walk_forward_to_screen.v1+cat_identity.v1,pending_model_validation,80237d63fd0695cab283802d354c76b95ee1d6adf542c67527b320a2fcf78177,b63a08fc2ef943e20b969f5567a1c9334a3d7ca21d68db70b052c4345a83014a,prompts/cat_identity.v1.json
720,720,../data_h3/cat_ids/60_中华田园猫均衡奶牛.png,Ref_drag_ear.mp4,prepared/Ref_drag_ear.motion.mp4,prompts/drag_ear.v1.en.txt,60,60-chinese-domestic-balanced-black-white,中华田园猫均衡奶牛,02,02-pull-left-ear,drag_ear,左前爪轻擦左耳与脸部后恢复坐姿,0,720_60-chinese-domestic-balanced-black-white_02-pull-left-ear_seed-0,4,4.0,24,480,832,15:26,9:16,drag_ear.v1+cat_identity.v1,pending_model_validation,fb46c5a5967b8a684d9df8a5f3fc849573e0e3b8c7139ed562a90c9ca57b54c4,241a5d66949edcf078e592e2d02939921c2ff68968a95640d4e5a7e2c4fe75c1,prompts/cat_identity.v1.json
721,721,../data_h3/cat_ids/60_中华田园猫均衡奶牛.png,Ref_drag_ear_mirror.mp4,prepared/Ref_drag_ear_mirror.motion.mp4,prompts/drag_ear_mirror.v1.en.txt,60,60-chinese-domestic-balanced-black-white,中华田园猫均衡奶牛,03,03-drag-ear-mirror,drag_ear_mirror,右前爪轻擦右耳与脸部后恢复坐姿,0,721_60-chinese-domestic-balanced-black-white_03-drag-ear-mirror_seed-0,4,4.0,24,480,832,15:26,9:16,drag_ear_mirror.v1+cat_identity.v1,pending_model_validation,d11227f2939e7a2f2216eb5b92a0b5bf6b1159a4e728aae7946db18d9f3e9fe1,f5a0412ed913f5aad8bffb33c68c3b0ad7f4923f44f06370f768483b146897f4,prompts/cat_identity.v1.json
722,722,../data_h3/cat_ids/60_中华田园猫均衡奶牛.png,Ref_cat_teaser1.mp4,prepared/Ref_cat_teaser1.motion.mp4,prompts/cat_teaser1.v1.en.txt,60,60-chinese-domestic-balanced-black-white,中华田园猫均衡奶牛,04,04-cat-teaser1,cat_teaser1,左前爪坐姿拨打逗猫棒后注视玩具,0,722_60-chinese-domestic-balanced-black-white_04-cat-teaser1_seed-0,4,4.0,24,480,832,15:26,9:16,cat_teaser1.v1+cat_identity.v1,pending_model_validation,43a489c547cfdb49ad14b86129b5ad2779bb59a6382b22848f57ff784fa0c561,90ead0cb85338d88512f89fc4fdaa1599eaae717252a8a228289e47e9f7150f0,prompts/cat_identity.v1.json
723,723,../data_h3/cat_ids/60_中华田园猫均衡奶牛.png,Ref_cat_teaser1_mirror.mp4,prepared/Ref_cat_teaser1_mirror.motion.mp4,prompts/cat_teaser1_mirror.v1.en.txt,60,60-chinese-domestic-balanced-black-white,中华田园猫均衡奶牛,05,05-cat-teaser1-mirror,cat_teaser1_mirror,右前爪坐姿拨打逗猫棒后注视玩具,0,723_60-chinese-domestic-balanced-black-white_05-cat-teaser1-mirror_seed-0,4,4.0,24,480,832,15:26,9:16,cat_teaser1_mirror.v1+cat_identity.v1,pending_model_validation,08e0ceba1784c49ebf27798fda4ba111f19a5b3d65cc2dabef6728e2facacc06,af450da4b11a442fbb8dc3b090842b494306a33800841e4f3ac9399fb1a3e695,prompts/cat_identity.v1.json
724,724,../data_h3/cat_ids/60_中华田园猫均衡奶牛.png,Ref_cat_teaser2.mp4,prepared/Ref_cat_teaser2.motion.mp4,prompts/cat_teaser2.v1.en.txt,60,60-chinese-domestic-balanced-black-white,中华田园猫均衡奶牛,06,06-cat-teaser2,cat_teaser2,起身向画面右侧追拍逗猫棒并站定,0,724_60-chinese-domestic-balanced-black-white_06-cat-teaser2_seed-0,4,4.0,24,480,832,15:26,9:16,cat_teaser2.v1+cat_identity.v1,pending_model_validation,8606490c16153f5e82c262a1b5413895226689b5c88f26160b32609116b1e79e,a8c95e9c38443d4d231086357cb356e7c98cb2af1a6bfa216feae39e945cc0ec,prompts/cat_identity.v1.json
725,725,../data_h3/cat_ids/60_中华田园猫均衡奶牛.png,Ref_cat_teaser2_mirror.mp4,prepared/Ref_cat_teaser2_mirror.motion.mp4,prompts/cat_teaser2_mirror.v1.en.txt,60,60-chinese-domestic-balanced-black-white,中华田园猫均衡奶牛,07,07-cat-teaser2-mirror,cat_teaser2_mirror,起身向画面左侧追拍逗猫棒并站定,0,725_60-chinese-domestic-balanced-black-white_07-cat-teaser2-mirror_seed-0,4,4.0,24,480,832,15:26,9:16,cat_teaser2_mirror.v1+cat_identity.v1,pending_model_validation,610fab66c9c88f5b613b19c919f6ada40934e3a6f68793bb24c6893b901328ba,7d4ae2310b662639649d68fa4f699951317c36f76eb715534248659d1924613d,prompts/cat_identity.v1.json
726,726,../data_h3/cat_ids/60_中华田园猫均衡奶牛.png,Ref_cat_teaser3.mp4,prepared/Ref_cat_teaser3.motion.mp4,prompts/cat_teaser3.v1.en.txt,60,60-chinese-domestic-balanced-black-white,中华田园猫均衡奶牛,08,08-cat-teaser3,cat_teaser3,双前爪抬起抓扑逗猫棒后落地坐定,0,726_60-chinese-domestic-balanced-black-white_08-cat-teaser3_seed-0,4,4.0,24,480,832,15:26,9:16,cat_teaser3.v1+cat_identity.v1,pending_model_validation,9e7c54da55a88ad774d1387e76d8b032fefc2915bd1d0427bd8dab24f840e858,71df79527a94810bcacebc9cb956fa137c891a4ed437386697434b19c5fbb7ce,prompts/cat_identity.v1.json
727,727,../data_h3/cat_ids/60_中华田园猫均衡奶牛.png,Ref_drag_yarn_ball_and_catch.mp4,prepared/Ref_drag_yarn_ball_and_catch.motion.mp4,prompts/drag_yarn_ball_and_catch.v1.en.txt,60,60-chinese-domestic-balanced-black-white,中华田园猫均衡奶牛,09,09-drag-yarn-ball-and-catch,drag_yarn_ball_and_catch,追扑从画面左向右滚动的毛线球并按住,0,727_60-chinese-domestic-balanced-black-white_09-drag-yarn-ball-and-catch_seed-0,4,4.0,24,480,832,15:26,9:16,drag_yarn_ball_and_catch.v1+cat_identity.v1,pending_model_validation,c7857231de768c2a6b99cd7ac175da2b45b092b0ff409f785b62be476d55735e,5b888bc1cdc661bc3b5760445027966ef8d36a31c447614acbd23d3ca6af442e,prompts/cat_identity.v1.json
728,728,../data_h3/cat_ids/60_中华田园猫均衡奶牛.png,Ref_drag_yarn_ball_and_catch_mirror.mp4,prepared/Ref_drag_yarn_ball_and_catch_mirror.motion.mp4,prompts/drag_yarn_ball_and_catch_mirror.v1.en.txt,60,60-chinese-domestic-balanced-black-white,中华田园猫均衡奶牛,10,10-drag-yarn-ball-and-catch-mirror,drag_yarn_ball_and_catch_mirror,追扑从画面右向左滚动的毛线球并按住,0,728_60-chinese-domestic-balanced-black-white_10-drag-yarn-ball-and-catch-mirror_seed-0,4,4.0,24,480,832,15:26,9:16,drag_yarn_ball_and_catch_mirror.v1+cat_identity.v1,pending_model_validation,88ae0d1bc8f8870a1cd8b8de685c2e295d5016e851cb62aa114172d684942866,8b44957f6ebaca7c04c4a0af6bf4fbb65085b8ecf0acaf3433dc727a25b74982,prompts/cat_identity.v1.json
729,729,../data_h3/cat_ids/60_中华田园猫均衡奶牛.png,Ref_curl_up_and_lie_down.mp4,prepared/Ref_curl_up_and_lie_down.motion.mp4,prompts/curl_up_and_lie_down.v1.en.txt,60,60-chinese-domestic-balanced-black-white,中华田园猫均衡奶牛,11,11-curl-up-and-lie-down,curl_up_and_lie_down,低头向画面左侧蜷卧并闭眼休息,0,729_60-chinese-domestic-balanced-black-white_11-curl-up-and-lie-down_seed-0,4,4.0,24,480,832,15:26,9:16,curl_up_and_lie_down.v1+cat_identity.v1,pending_model_validation,30c9396345fe2c72788c8b3788c1bfb9c3dd991a4c1a41cb2d19037e1ed1c7ab,8414a980252d2baee6444085d2755563b7e0ccb3a138027e7cc6c1233be766eb,prompts/cat_identity.v1.json
730,730,../data_h3/cat_ids/60_中华田园猫均衡奶牛.png,Ref_curl_up_and_lie_down_mirror.mp4,prepared/Ref_curl_up_and_lie_down_mirror.motion.mp4,prompts/curl_up_and_lie_down_mirror.v1.en.txt,60,60-chinese-domestic-balanced-black-white,中华田园猫均衡奶牛,12,12-curl-up-and-lie-down-mirror,curl_up_and_lie_down_mirror,低头向画面右侧蜷卧并闭眼休息,0,730_60-chinese-domestic-balanced-black-white_12-curl-up-and-lie-down-mirror_seed-0,4,4.0,24,480,832,15:26,9:16,curl_up_and_lie_down_mirror.v1+cat_identity.v1,pending_model_validation,de80494626d4f8bd460481a9b4199114838f8a00e8c5b3c829df5096bf7a4ccd,5dcfd307dd80e4bd86fa73aff45f41f66eced8aba348a07f81f559f008a63527,prompts/cat_identity.v1.json
731,731,../data_h3/cat_ids/60_中华田园猫均衡奶牛.png,Ref_walk_forward_to_screen.mp4,prepared/Ref_walk_forward_to_screen.motion.mp4,prompts/walk_forward_to_screen.v1.en.txt,60,60-chinese-domestic-balanced-black-white,中华田园猫均衡奶牛,13,13-walk-forward-to-screen,walk_forward_to_screen,起身向镜头走近并在近处站定,0,731_60-chinese-domestic-balanced-black-white_13-walk-forward-to-screen_seed-0,4,4.041699,24,480,832,15:26,9:16,walk_forward_to_screen.v1+cat_identity.v1,pending_model_validation,1a53fc91cc5815d372983a68e428ef25e516cab77d891b2c8d835e6dc9b2f2ee,b63a08fc2ef943e20b969f5567a1c9334a3d7ca21d68db70b052c4345a83014a,prompts/cat_identity.v1.json
732,732,../data_h3/cat_ids/61_中华田园猫八字胡奶牛.png,Ref_drag_ear.mp4,prepared/Ref_drag_ear.motion.mp4,prompts/drag_ear.v1.en.txt,61,61-chinese-domestic-moustache-black-white,中华田园猫八字胡奶牛,02,02-pull-left-ear,drag_ear,左前爪轻擦左耳与脸部后恢复坐姿,0,732_61-chinese-domestic-moustache-black-white_02-pull-left-ear_seed-0,4,4.0,24,480,832,15:26,9:16,drag_ear.v1+cat_identity.v1,pending_model_validation,57ceadb6018561711065854e85b6e4058ad523074191b142c35889242215aaaf,241a5d66949edcf078e592e2d02939921c2ff68968a95640d4e5a7e2c4fe75c1,prompts/cat_identity.v1.json
733,733,../data_h3/cat_ids/61_中华田园猫八字胡奶牛.png,Ref_drag_ear_mirror.mp4,prepared/Ref_drag_ear_mirror.motion.mp4,prompts/drag_ear_mirror.v1.en.txt,61,61-chinese-domestic-moustache-black-white,中华田园猫八字胡奶牛,03,03-drag-ear-mirror,drag_ear_mirror,右前爪轻擦右耳与脸部后恢复坐姿,0,733_61-chinese-domestic-moustache-black-white_03-drag-ear-mirror_seed-0,4,4.0,24,480,832,15:26,9:16,drag_ear_mirror.v1+cat_identity.v1,pending_model_validation,cb526e8cc230058b7830c751388376a138ee84a5ddebc154392896b007288b2c,f5a0412ed913f5aad8bffb33c68c3b0ad7f4923f44f06370f768483b146897f4,prompts/cat_identity.v1.json
734,734,../data_h3/cat_ids/61_中华田园猫八字胡奶牛.png,Ref_cat_teaser1.mp4,prepared/Ref_cat_teaser1.motion.mp4,prompts/cat_teaser1.v1.en.txt,61,61-chinese-domestic-moustache-black-white,中华田园猫八字胡奶牛,04,04-cat-teaser1,cat_teaser1,左前爪坐姿拨打逗猫棒后注视玩具,0,734_61-chinese-domestic-moustache-black-white_04-cat-teaser1_seed-0,4,4.0,24,480,832,15:26,9:16,cat_teaser1.v1+cat_identity.v1,pending_model_validation,1c283eae420c4b7ddffd78d0f8c734f425dbc87878772ce083dedd40ea979bb6,90ead0cb85338d88512f89fc4fdaa1599eaae717252a8a228289e47e9f7150f0,prompts/cat_identity.v1.json
735,735,../data_h3/cat_ids/61_中华田园猫八字胡奶牛.png,Ref_cat_teaser1_mirror.mp4,prepared/Ref_cat_teaser1_mirror.motion.mp4,prompts/cat_teaser1_mirror.v1.en.txt,61,61-chinese-domestic-moustache-black-white,中华田园猫八字胡奶牛,05,05-cat-teaser1-mirror,cat_teaser1_mirror,右前爪坐姿拨打逗猫棒后注视玩具,0,735_61-chinese-domestic-moustache-black-white_05-cat-teaser1-mirror_seed-0,4,4.0,24,480,832,15:26,9:16,cat_teaser1_mirror.v1+cat_identity.v1,pending_model_validation,991287dcbabf9995c6774e06f6d335b80e7b105dbf7cefa80d55e2eba7fb00a4,af450da4b11a442fbb8dc3b090842b494306a33800841e4f3ac9399fb1a3e695,prompts/cat_identity.v1.json
736,736,../data_h3/cat_ids/61_中华田园猫八字胡奶牛.png,Ref_cat_teaser2.mp4,prepared/Ref_cat_teaser2.motion.mp4,prompts/cat_teaser2.v1.en.txt,61,61-chinese-domestic-moustache-black-white,中华田园猫八字胡奶牛,06,06-cat-teaser2,cat_teaser2,起身向画面右侧追拍逗猫棒并站定,0,736_61-chinese-domestic-moustache-black-white_06-cat-teaser2_seed-0,4,4.0,24,480,832,15:26,9:16,cat_teaser2.v1+cat_identity.v1,pending_model_validation,83514f2eb4f4a97195baae6e81a3398f2139d5dd1aa7f1548181387990f9abca,a8c95e9c38443d4d231086357cb356e7c98cb2af1a6bfa216feae39e945cc0ec,prompts/cat_identity.v1.json
737,737,../data_h3/cat_ids/61_中华田园猫八字胡奶牛.png,Ref_cat_teaser2_mirror.mp4,prepared/Ref_cat_teaser2_mirror.motion.mp4,prompts/cat_teaser2_mirror.v1.en.txt,61,61-chinese-domestic-moustache-black-white,中华田园猫八字胡奶牛,07,07-cat-teaser2-mirror,cat_teaser2_mirror,起身向画面左侧追拍逗猫棒并站定,0,737_61-chinese-domestic-moustache-black-white_07-cat-teaser2-mirror_seed-0,4,4.0,24,480,832,15:26,9:16,cat_teaser2_mirror.v1+cat_identity.v1,pending_model_validation,8b264eb75ac9ea210d1eff0e71932f0267d04806550657d9cdd2d4e1bb35a6c3,7d4ae2310b662639649d68fa4f699951317c36f76eb715534248659d1924613d,prompts/cat_identity.v1.json
738,738,../data_h3/cat_ids/61_中华田园猫八字胡奶牛.png,Ref_cat_teaser3.mp4,prepared/Ref_cat_teaser3.motion.mp4,prompts/cat_teaser3.v1.en.txt,61,61-chinese-domestic-moustache-black-white,中华田园猫八字胡奶牛,08,08-cat-teaser3,cat_teaser3,双前爪抬起抓扑逗猫棒后落地坐定,0,738_61-chinese-domestic-moustache-black-white_08-cat-teaser3_seed-0,4,4.0,24,480,832,15:26,9:16,cat_teaser3.v1+cat_identity.v1,pending_model_validation,674ada26ef0cd7cae39cf86591ed8c288084db6f8f51e94613dd4826a1968586,71df79527a94810bcacebc9cb956fa137c891a4ed437386697434b19c5fbb7ce,prompts/cat_identity.v1.json
739,739,../data_h3/cat_ids/61_中华田园猫八字胡奶牛.png,Ref_drag_yarn_ball_and_catch.mp4,prepared/Ref_drag_yarn_ball_and_catch.motion.mp4,prompts/drag_yarn_ball_and_catch.v1.en.txt,61,61-chinese-domestic-moustache-black-white,中华田园猫八字胡奶牛,09,09-drag-yarn-ball-and-catch,drag_yarn_ball_and_catch,追扑从画面左向右滚动的毛线球并按住,0,739_61-chinese-domestic-moustache-black-white_09-drag-yarn-ball-and-catch_seed-0,4,4.0,24,480,832,15:26,9:16,drag_yarn_ball_and_catch.v1+cat_identity.v1,pending_model_validation,ef0bd2370c15777e02df57f5610136e7430d7295805b0bb48e88f2cdc1654eed,5b888bc1cdc661bc3b5760445027966ef8d36a31c447614acbd23d3ca6af442e,prompts/cat_identity.v1.json
740,740,../data_h3/cat_ids/61_中华田园猫八字胡奶牛.png,Ref_drag_yarn_ball_and_catch_mirror.mp4,prepared/Ref_drag_yarn_ball_and_catch_mirror.motion.mp4,prompts/drag_yarn_ball_and_catch_mirror.v1.en.txt,61,61-chinese-domestic-moustache-black-white,中华田园猫八字胡奶牛,10,10-drag-yarn-ball-and-catch-mirror,drag_yarn_ball_and_catch_mirror,追扑从画面右向左滚动的毛线球并按住,0,740_61-chinese-domestic-moustache-black-white_10-drag-yarn-ball-and-catch-mirror_seed-0,4,4.0,24,480,832,15:26,9:16,drag_yarn_ball_and_catch_mirror.v1+cat_identity.v1,pending_model_validation,0ea71b7e914ea528de20ecbbd751386ac0091acdf303a73fc1fc058e98ae60a7,8b44957f6ebaca7c04c4a0af6bf4fbb65085b8ecf0acaf3433dc727a25b74982,prompts/cat_identity.v1.json
741,741,../data_h3/cat_ids/61_中华田园猫八字胡奶牛.png,Ref_curl_up_and_lie_down.mp4,prepared/Ref_curl_up_and_lie_down.motion.mp4,prompts/curl_up_and_lie_down.v1.en.txt,61,61-chinese-domestic-moustache-black-white,中华田园猫八字胡奶牛,11,11-curl-up-and-lie-down,curl_up_and_lie_down,低头向画面左侧蜷卧并闭眼休息,0,741_61-chinese-domestic-moustache-black-white_11-curl-up-and-lie-down_seed-0,4,4.0,24,480,832,15:26,9:16,curl_up_and_lie_down.v1+cat_identity.v1,pending_model_validation,c9e762539de5c6e19e9cfabefa7e316effe949b1dbcf59ae2b0ed571729a66a2,8414a980252d2baee6444085d2755563b7e0ccb3a138027e7cc6c1233be766eb,prompts/cat_identity.v1.json
742,742,../data_h3/cat_ids/61_中华田园猫八字胡奶牛.png,Ref_curl_up_and_lie_down_mirror.mp4,prepared/Ref_curl_up_and_lie_down_mirror.motion.mp4,prompts/curl_up_and_lie_down_mirror.v1.en.txt,61,61-chinese-domestic-moustache-black-white,中华田园猫八字胡奶牛,12,12-curl-up-and-lie-down-mirror,curl_up_and_lie_down_mirror,低头向画面右侧蜷卧并闭眼休息,0,742_61-chinese-domestic-moustache-black-white_12-curl-up-and-lie-down-mirror_seed-0,4,4.0,24,480,832,15:26,9:16,curl_up_and_lie_down_mirror.v1+cat_identity.v1,pending_model_validation,64c7e4b11af2b3b65101b62e51c8521a8c743b71667823dd694ff6861e5130f9,5dcfd307dd80e4bd86fa73aff45f41f66eced8aba348a07f81f559f008a63527,prompts/cat_identity.v1.json
743,743,../data_h3/cat_ids/61_中华田园猫八字胡奶牛.png,Ref_walk_forward_to_screen.mp4,prepared/Ref_walk_forward_to_screen.motion.mp4,prompts/walk_forward_to_screen.v1.en.txt,61,61-chinese-domestic-moustache-black-white,中华田园猫八字胡奶牛,13,13-walk-forward-to-screen,walk_forward_to_screen,起身向镜头走近并在近处站定,0,743_61-chinese-domestic-moustache-black-white_13-walk-forward-to-screen_seed-0,4,4.041699,24,480,832,15:26,9:16,walk_forward_to_screen.v1+cat_identity.v1,pending_model_validation,e98f4c878fcc2d92ac823bd6f082853641ba1c84c9d618ce5a135c40fb1b53fa,b63a08fc2ef943e20b969f5567a1c9334a3d7ca21d68db70b052c4345a83014a,prompts/cat_identity.v1.json
744,744,../data_h3/cat_ids/62_中华田园猫高白三花.png,Ref_drag_ear.mp4,prepared/Ref_drag_ear.motion.mp4,prompts/drag_ear.v1.en.txt,62,62-chinese-domestic-high-white-calico,中华田园猫高白三花,02,02-pull-left-ear,drag_ear,左前爪轻擦左耳与脸部后恢复坐姿,0,744_62-chinese-domestic-high-white-calico_02-pull-left-ear_seed-0,4,4.0,24,480,832,15:26,9:16,drag_ear.v1+cat_identity.v1,pending_model_validation,2d74255d8604d64c35166698a1eb1798d23b5396cded4e0d9347127712fd0e0c,241a5d66949edcf078e592e2d02939921c2ff68968a95640d4e5a7e2c4fe75c1,prompts/cat_identity.v1.json
745,745,../data_h3/cat_ids/62_中华田园猫高白三花.png,Ref_drag_ear_mirror.mp4,prepared/Ref_drag_ear_mirror.motion.mp4,prompts/drag_ear_mirror.v1.en.txt,62,62-chinese-domestic-high-white-calico,中华田园猫高白三花,03,03-drag-ear-mirror,drag_ear_mirror,右前爪轻擦右耳与脸部后恢复坐姿,0,745_62-chinese-domestic-high-white-calico_03-drag-ear-mirror_seed-0,4,4.0,24,480,832,15:26,9:16,drag_ear_mirror.v1+cat_identity.v1,pending_model_validation,d29e7e974e4a981b66d09c73d98fdbe326fabae6e33d5a8e69d9a5120e109c51,f5a0412ed913f5aad8bffb33c68c3b0ad7f4923f44f06370f768483b146897f4,prompts/cat_identity.v1.json
746,746,../data_h3/cat_ids/62_中华田园猫高白三花.png,Ref_cat_teaser1.mp4,prepared/Ref_cat_teaser1.motion.mp4,prompts/cat_teaser1.v1.en.txt,62,62-chinese-domestic-high-white-calico,中华田园猫高白三花,04,04-cat-teaser1,cat_teaser1,左前爪坐姿拨打逗猫棒后注视玩具,0,746_62-chinese-domestic-high-white-calico_04-cat-teaser1_seed-0,4,4.0,24,480,832,15:26,9:16,cat_teaser1.v1+cat_identity.v1,pending_model_validation,ca2c3b2183ba29431dc8bdbe9399d95a649dded651fbac194629274d1a23044c,90ead0cb85338d88512f89fc4fdaa1599eaae717252a8a228289e47e9f7150f0,prompts/cat_identity.v1.json
747,747,../data_h3/cat_ids/62_中华田园猫高白三花.png,Ref_cat_teaser1_mirror.mp4,prepared/Ref_cat_teaser1_mirror.motion.mp4,prompts/cat_teaser1_mirror.v1.en.txt,62,62-chinese-domestic-high-white-calico,中华田园猫高白三花,05,05-cat-teaser1-mirror,cat_teaser1_mirror,右前爪坐姿拨打逗猫棒后注视玩具,0,747_62-chinese-domestic-high-white-calico_05-cat-teaser1-mirror_seed-0,4,4.0,24,480,832,15:26,9:16,cat_teaser1_mirror.v1+cat_identity.v1,pending_model_validation,28656d0a80db1d6844eaffcad2495880447b06bc8595f61063f7fb9acdfe7add,af450da4b11a442fbb8dc3b090842b494306a33800841e4f3ac9399fb1a3e695,prompts/cat_identity.v1.json
748,748,../data_h3/cat_ids/62_中华田园猫高白三花.png,Ref_cat_teaser2.mp4,prepared/Ref_cat_teaser2.motion.mp4,prompts/cat_teaser2.v1.en.txt,62,62-chinese-domestic-high-white-calico,中华田园猫高白三花,06,06-cat-teaser2,cat_teaser2,起身向画面右侧追拍逗猫棒并站定,0,748_62-chinese-domestic-high-white-calico_06-cat-teaser2_seed-0,4,4.0,24,480,832,15:26,9:16,cat_teaser2.v1+cat_identity.v1,pending_model_validation,80eafb83f637fff2835537719938580e47a938e74670999099857bc8a9519086,a8c95e9c38443d4d231086357cb356e7c98cb2af1a6bfa216feae39e945cc0ec,prompts/cat_identity.v1.json
749,749,../data_h3/cat_ids/62_中华田园猫高白三花.png,Ref_cat_teaser2_mirror.mp4,prepared/Ref_cat_teaser2_mirror.motion.mp4,prompts/cat_teaser2_mirror.v1.en.txt,62,62-chinese-domestic-high-white-calico,中华田园猫高白三花,07,07-cat-teaser2-mirror,cat_teaser2_mirror,起身向画面左侧追拍逗猫棒并站定,0,749_62-chinese-domestic-high-white-calico_07-cat-teaser2-mirror_seed-0,4,4.0,24,480,832,15:26,9:16,cat_teaser2_mirror.v1+cat_identity.v1,pending_model_validation,ae21ac41df8d52930edec57c5267853a2b7e0aef5c09ae6d75abbe8a08d2d5a9,7d4ae2310b662639649d68fa4f699951317c36f76eb715534248659d1924613d,prompts/cat_identity.v1.json
750,750,../data_h3/cat_ids/62_中华田园猫高白三花.png,Ref_cat_teaser3.mp4,prepared/Ref_cat_teaser3.motion.mp4,prompts/cat_teaser3.v1.en.txt,62,62-chinese-domestic-high-white-calico,中华田园猫高白三花,08,08-cat-teaser3,cat_teaser3,双前爪抬起抓扑逗猫棒后落地坐定,0,750_62-chinese-domestic-high-white-calico_08-cat-teaser3_seed-0,4,4.0,24,480,832,15:26,9:16,cat_teaser3.v1+cat_identity.v1,pending_model_validation,ce54335544e27504937d5b50877548bb0c80a44c843db649cd8cfe1cd329b1cc,71df79527a94810bcacebc9cb956fa137c891a4ed437386697434b19c5fbb7ce,prompts/cat_identity.v1.json
751,751,../data_h3/cat_ids/62_中华田园猫高白三花.png,Ref_drag_yarn_ball_and_catch.mp4,prepared/Ref_drag_yarn_ball_and_catch.motion.mp4,prompts/drag_yarn_ball_and_catch.v1.en.txt,62,62-chinese-domestic-high-white-calico,中华田园猫高白三花,09,09-drag-yarn-ball-and-catch,drag_yarn_ball_and_catch,追扑从画面左向右滚动的毛线球并按住,0,751_62-chinese-domestic-high-white-calico_09-drag-yarn-ball-and-catch_seed-0,4,4.0,24,480,832,15:26,9:16,drag_yarn_ball_and_catch.v1+cat_identity.v1,pending_model_validation,431103ae2d36d07bbb23bcbde0cbca7279c058a1f45aa53aaa89cbdce5514a42,5b888bc1cdc661bc3b5760445027966ef8d36a31c447614acbd23d3ca6af442e,prompts/cat_identity.v1.json
752,752,../data_h3/cat_ids/62_中华田园猫高白三花.png,Ref_drag_yarn_ball_and_catch_mirror.mp4,prepared/Ref_drag_yarn_ball_and_catch_mirror.motion.mp4,prompts/drag_yarn_ball_and_catch_mirror.v1.en.txt,62,62-chinese-domestic-high-white-calico,中华田园猫高白三花,10,10-drag-yarn-ball-and-catch-mirror,drag_yarn_ball_and_catch_mirror,追扑从画面右向左滚动的毛线球并按住,0,752_62-chinese-domestic-high-white-calico_10-drag-yarn-ball-and-catch-mirror_seed-0,4,4.0,24,480,832,15:26,9:16,drag_yarn_ball_and_catch_mirror.v1+cat_identity.v1,pending_model_validation,13145e44a942fe7ece13748933f328108bb85f2a9e31460a3db007fb23325ae1,8b44957f6ebaca7c04c4a0af6bf4fbb65085b8ecf0acaf3433dc727a25b74982,prompts/cat_identity.v1.json
753,753,../data_h3/cat_ids/62_中华田园猫高白三花.png,Ref_curl_up_and_lie_down.mp4,prepared/Ref_curl_up_and_lie_down.motion.mp4,prompts/curl_up_and_lie_down.v1.en.txt,62,62-chinese-domestic-high-white-calico,中华田园猫高白三花,11,11-curl-up-and-lie-down,curl_up_and_lie_down,低头向画面左侧蜷卧并闭眼休息,0,753_62-chinese-domestic-high-white-calico_11-curl-up-and-lie-down_seed-0,4,4.0,24,480,832,15:26,9:16,curl_up_and_lie_down.v1+cat_identity.v1,pending_model_validation,12e686f4be4ededc4b24b4210fc9dfe893b430a8c9e014b6f229b31795472bce,8414a980252d2baee6444085d2755563b7e0ccb3a138027e7cc6c1233be766eb,prompts/cat_identity.v1.json
754,754,../data_h3/cat_ids/62_中华田园猫高白三花.png,Ref_curl_up_and_lie_down_mirror.mp4,prepared/Ref_curl_up_and_lie_down_mirror.motion.mp4,prompts/curl_up_and_lie_down_mirror.v1.en.txt,62,62-chinese-domestic-high-white-calico,中华田园猫高白三花,12,12-curl-up-and-lie-down-mirror,curl_up_and_lie_down_mirror,低头向画面右侧蜷卧并闭眼休息,0,754_62-chinese-domestic-high-white-calico_12-curl-up-and-lie-down-mirror_seed-0,4,4.0,24,480,832,15:26,9:16,curl_up_and_lie_down_mirror.v1+cat_identity.v1,pending_model_validation,f5119cac34bb087ad8aeb762f99e56e69c8972a031ee1e0a83597b57da87ca2f,5dcfd307dd80e4bd86fa73aff45f41f66eced8aba348a07f81f559f008a63527,prompts/cat_identity.v1.json
755,755,../data_h3/cat_ids/62_中华田园猫高白三花.png,Ref_walk_forward_to_screen.mp4,prepared/Ref_walk_forward_to_screen.motion.mp4,prompts/walk_forward_to_screen.v1.en.txt,62,62-chinese-domestic-high-white-calico,中华田园猫高白三花,13,13-walk-forward-to-screen,walk_forward_to_screen,起身向镜头走近并在近处站定,0,755_62-chinese-domestic-high-white-calico_13-walk-forward-to-screen_seed-0,4,4.041699,24,480,832,15:26,9:16,walk_forward_to_screen.v1+cat_identity.v1,pending_model_validation,151675ab7610a9c83cb35250a0ba9b94a4f93ef0e3eec2708a4ea8928828a7de,b63a08fc2ef943e20b969f5567a1c9334a3d7ca21d68db70b052c4345a83014a,prompts/cat_identity.v1.json
756,756,../data_h3/cat_ids/63_中华田园猫均衡三花.png,Ref_drag_ear.mp4,prepared/Ref_drag_ear.motion.mp4,prompts/drag_ear.v1.en.txt,63,63-chinese-domestic-balanced-calico,中华田园猫均衡三花,02,02-pull-left-ear,drag_ear,左前爪轻擦左耳与脸部后恢复坐姿,0,756_63-chinese-domestic-balanced-calico_02-pull-left-ear_seed-0,4,4.0,24,480,832,15:26,9:16,drag_ear.v1+cat_identity.v1,pending_model_validation,5a51b19c3e3d5dbb82c4f6129858e1332480f23e86e8c27789a97e1ce79855d8,241a5d66949edcf078e592e2d02939921c2ff68968a95640d4e5a7e2c4fe75c1,prompts/cat_identity.v1.json
757,757,../data_h3/cat_ids/63_中华田园猫均衡三花.png,Ref_drag_ear_mirror.mp4,prepared/Ref_drag_ear_mirror.motion.mp4,prompts/drag_ear_mirror.v1.en.txt,63,63-chinese-domestic-balanced-calico,中华田园猫均衡三花,03,03-drag-ear-mirror,drag_ear_mirror,右前爪轻擦右耳与脸部后恢复坐姿,0,757_63-chinese-domestic-balanced-calico_03-drag-ear-mirror_seed-0,4,4.0,24,480,832,15:26,9:16,drag_ear_mirror.v1+cat_identity.v1,pending_model_validation,a3bea49026e05887a8306aeb836a3bea2fda490437bc762054b7c5a7706f06c5,f5a0412ed913f5aad8bffb33c68c3b0ad7f4923f44f06370f768483b146897f4,prompts/cat_identity.v1.json
758,758,../data_h3/cat_ids/63_中华田园猫均衡三花.png,Ref_cat_teaser1.mp4,prepared/Ref_cat_teaser1.motion.mp4,prompts/cat_teaser1.v1.en.txt,63,63-chinese-domestic-balanced-calico,中华田园猫均衡三花,04,04-cat-teaser1,cat_teaser1,左前爪坐姿拨打逗猫棒后注视玩具,0,758_63-chinese-domestic-balanced-calico_04-cat-teaser1_seed-0,4,4.0,24,480,832,15:26,9:16,cat_teaser1.v1+cat_identity.v1,pending_model_validation,4da4d31d7c50061134475385c8ffaba2d652c17bfd08830bbfe017805878d837,90ead0cb85338d88512f89fc4fdaa1599eaae717252a8a228289e47e9f7150f0,prompts/cat_identity.v1.json
759,759,../data_h3/cat_ids/63_中华田园猫均衡三花.png,Ref_cat_teaser1_mirror.mp4,prepared/Ref_cat_teaser1_mirror.motion.mp4,prompts/cat_teaser1_mirror.v1.en.txt,63,63-chinese-domestic-balanced-calico,中华田园猫均衡三花,05,05-cat-teaser1-mirror,cat_teaser1_mirror,右前爪坐姿拨打逗猫棒后注视玩具,0,759_63-chinese-domestic-balanced-calico_05-cat-teaser1-mirror_seed-0,4,4.0,24,480,832,15:26,9:16,cat_teaser1_mirror.v1+cat_identity.v1,pending_model_validation,d4d81faf53115f11a759c7e38e65de073c606e0614784bb4e9ecdb2d5a35bdc1,af450da4b11a442fbb8dc3b090842b494306a33800841e4f3ac9399fb1a3e695,prompts/cat_identity.v1.json
760,760,../data_h3/cat_ids/63_中华田园猫均衡三花.png,Ref_cat_teaser2.mp4,prepared/Ref_cat_teaser2.motion.mp4,prompts/cat_teaser2.v1.en.txt,63,63-chinese-domestic-balanced-calico,中华田园猫均衡三花,06,06-cat-teaser2,cat_teaser2,起身向画面右侧追拍逗猫棒并站定,0,760_63-chinese-domestic-balanced-calico_06-cat-teaser2_seed-0,4,4.0,24,480,832,15:26,9:16,cat_teaser2.v1+cat_identity.v1,pending_model_validation,df2ba5bb6c8acb0f62c8d0e317489d2181eb4c771097feca0f3494b14b8a0039,a8c95e9c38443d4d231086357cb356e7c98cb2af1a6bfa216feae39e945cc0ec,prompts/cat_identity.v1.json
761,761,../data_h3/cat_ids/63_中华田园猫均衡三花.png,Ref_cat_teaser2_mirror.mp4,prepared/Ref_cat_teaser2_mirror.motion.mp4,prompts/cat_teaser2_mirror.v1.en.txt,63,63-chinese-domestic-balanced-calico,中华田园猫均衡三花,07,07-cat-teaser2-mirror,cat_teaser2_mirror,起身向画面左侧追拍逗猫棒并站定,0,761_63-chinese-domestic-balanced-calico_07-cat-teaser2-mirror_seed-0,4,4.0,24,480,832,15:26,9:16,cat_teaser2_mirror.v1+cat_identity.v1,pending_model_validation,4851e8af8051771da17a4f4489a34eca58015dc46f74694f34846a3e0d4c8ff3,7d4ae2310b662639649d68fa4f699951317c36f76eb715534248659d1924613d,prompts/cat_identity.v1.json
762,762,../data_h3/cat_ids/63_中华田园猫均衡三花.png,Ref_cat_teaser3.mp4,prepared/Ref_cat_teaser3.motion.mp4,prompts/cat_teaser3.v1.en.txt,63,63-chinese-domestic-balanced-calico,中华田园猫均衡三花,08,08-cat-teaser3,cat_teaser3,双前爪抬起抓扑逗猫棒后落地坐定,0,762_63-chinese-domestic-balanced-calico_08-cat-teaser3_seed-0,4,4.0,24,480,832,15:26,9:16,cat_teaser3.v1+cat_identity.v1,pending_model_validation,b1f1910431a0405459c402fde18b403a460b7da9aaa47788d37a1c0c81664474,71df79527a94810bcacebc9cb956fa137c891a4ed437386697434b19c5fbb7ce,prompts/cat_identity.v1.json
763,763,../data_h3/cat_ids/63_中华田园猫均衡三花.png,Ref_drag_yarn_ball_and_catch.mp4,prepared/Ref_drag_yarn_ball_and_catch.motion.mp4,prompts/drag_yarn_ball_and_catch.v1.en.txt,63,63-chinese-domestic-balanced-calico,中华田园猫均衡三花,09,09-drag-yarn-ball-and-catch,drag_yarn_ball_and_catch,追扑从画面左向右滚动的毛线球并按住,0,763_63-chinese-domestic-balanced-calico_09-drag-yarn-ball-and-catch_seed-0,4,4.0,24,480,832,15:26,9:16,drag_yarn_ball_and_catch.v1+cat_identity.v1,pending_model_validation,d3ab6455a264c6fdee246cb1ebfa4a4530552681a7448db5cac5938a66897ac5,5b888bc1cdc661bc3b5760445027966ef8d36a31c447614acbd23d3ca6af442e,prompts/cat_identity.v1.json
764,764,../data_h3/cat_ids/63_中华田园猫均衡三花.png,Ref_drag_yarn_ball_and_catch_mirror.mp4,prepared/Ref_drag_yarn_ball_and_catch_mirror.motion.mp4,prompts/drag_yarn_ball_and_catch_mirror.v1.en.txt,63,63-chinese-domestic-balanced-calico,中华田园猫均衡三花,10,10-drag-yarn-ball-and-catch-mirror,drag_yarn_ball_and_catch_mirror,追扑从画面右向左滚动的毛线球并按住,0,764_63-chinese-domestic-balanced-calico_10-drag-yarn-ball-and-catch-mirror_seed-0,4,4.0,24,480,832,15:26,9:16,drag_yarn_ball_and_catch_mirror.v1+cat_identity.v1,pending_model_validation,5db150733f54b690bc58c7e71df7f821e5b3934028b18d300f78cc203d9b7762,8b44957f6ebaca7c04c4a0af6bf4fbb65085b8ecf0acaf3433dc727a25b74982,prompts/cat_identity.v1.json
765,765,../data_h3/cat_ids/63_中华田园猫均衡三花.png,Ref_curl_up_and_lie_down.mp4,prepared/Ref_curl_up_and_lie_down.motion.mp4,prompts/curl_up_and_lie_down.v1.en.txt,63,63-chinese-domestic-balanced-calico,中华田园猫均衡三花,11,11-curl-up-and-lie-down,curl_up_and_lie_down,低头向画面左侧蜷卧并闭眼休息,0,765_63-chinese-domestic-balanced-calico_11-curl-up-and-lie-down_seed-0,4,4.0,24,480,832,15:26,9:16,curl_up_and_lie_down.v1+cat_identity.v1,pending_model_validation,b5e2a7bc7703e658ceb9610772da2ccdb8a0b84035dbd8ffb921eea0f287380f,8414a980252d2baee6444085d2755563b7e0ccb3a138027e7cc6c1233be766eb,prompts/cat_identity.v1.json
766,766,../data_h3/cat_ids/63_中华田园猫均衡三花.png,Ref_curl_up_and_lie_down_mirror.mp4,prepared/Ref_curl_up_and_lie_down_mirror.motion.mp4,prompts/curl_up_and_lie_down_mirror.v1.en.txt,63,63-chinese-domestic-balanced-calico,中华田园猫均衡三花,12,12-curl-up-and-lie-down-mirror,curl_up_and_lie_down_mirror,低头向画面右侧蜷卧并闭眼休息,0,766_63-chinese-domestic-balanced-calico_12-curl-up-and-lie-down-mirror_seed-0,4,4.0,24,480,832,15:26,9:16,curl_up_and_lie_down_mirror.v1+cat_identity.v1,pending_model_validation,7ca205044ac7726ca30124986bf9a21105461bc31fc69d0096e3bc97e0a57be9,5dcfd307dd80e4bd86fa73aff45f41f66eced8aba348a07f81f559f008a63527,prompts/cat_identity.v1.json
767,767,../data_h3/cat_ids/63_中华田园猫均衡三花.png,Ref_walk_forward_to_screen.mp4,prepared/Ref_walk_forward_to_screen.motion.mp4,prompts/walk_forward_to_screen.v1.en.txt,63,63-chinese-domestic-balanced-calico,中华田园猫均衡三花,13,13-walk-forward-to-screen,walk_forward_to_screen,起身向镜头走近并在近处站定,0,767_63-chinese-domestic-balanced-calico_13-walk-forward-to-screen_seed-0,4,4.041699,24,480,832,15:26,9:16,walk_forward_to_screen.v1+cat_identity.v1,pending_model_validation,319d3fb58cd44a04bfc9d1286835bf61638fe66ff4311d8be37393b660232a6e,b63a08fc2ef943e20b969f5567a1c9334a3d7ca21d68db70b052c4345a83014a,prompts/cat_identity.v1.json
768,768,../data_h3/cat_ids/64_中华田园猫低白三花.png,Ref_drag_ear.mp4,prepared/Ref_drag_ear.motion.mp4,prompts/drag_ear.v1.en.txt,64,64-chinese-domestic-low-white-calico,中华田园猫低白三花,02,02-pull-left-ear,drag_ear,左前爪轻擦左耳与脸部后恢复坐姿,0,768_64-chinese-domestic-low-white-calico_02-pull-left-ear_seed-0,4,4.0,24,480,832,15:26,9:16,drag_ear.v1+cat_identity.v1,pending_model_validation,44310a27f4984b3b911a4555a0004fa651c751fb2d2b9efe63c056fabcd1ef22,241a5d66949edcf078e592e2d02939921c2ff68968a95640d4e5a7e2c4fe75c1,prompts/cat_identity.v1.json
769,769,../data_h3/cat_ids/64_中华田园猫低白三花.png,Ref_drag_ear_mirror.mp4,prepared/Ref_drag_ear_mirror.motion.mp4,prompts/drag_ear_mirror.v1.en.txt,64,64-chinese-domestic-low-white-calico,中华田园猫低白三花,03,03-drag-ear-mirror,drag_ear_mirror,右前爪轻擦右耳与脸部后恢复坐姿,0,769_64-chinese-domestic-low-white-calico_03-drag-ear-mirror_seed-0,4,4.0,24,480,832,15:26,9:16,drag_ear_mirror.v1+cat_identity.v1,pending_model_validation,759914c04032a3ffc1c64ea6cc44cd3c0197d03f33924909cbd69df009b131b9,f5a0412ed913f5aad8bffb33c68c3b0ad7f4923f44f06370f768483b146897f4,prompts/cat_identity.v1.json
770,770,../data_h3/cat_ids/64_中华田园猫低白三花.png,Ref_cat_teaser1.mp4,prepared/Ref_cat_teaser1.motion.mp4,prompts/cat_teaser1.v1.en.txt,64,64-chinese-domestic-low-white-calico,中华田园猫低白三花,04,04-cat-teaser1,cat_teaser1,左前爪坐姿拨打逗猫棒后注视玩具,0,770_64-chinese-domestic-low-white-calico_04-cat-teaser1_seed-0,4,4.0,24,480,832,15:26,9:16,cat_teaser1.v1+cat_identity.v1,pending_model_validation,958c4ce3d65e70f8922ea5699a55c8c921d403d66c75e8a08cdbde80cc2da6b3,90ead0cb85338d88512f89fc4fdaa1599eaae717252a8a228289e47e9f7150f0,prompts/cat_identity.v1.json
771,771,../data_h3/cat_ids/64_中华田园猫低白三花.png,Ref_cat_teaser1_mirror.mp4,prepared/Ref_cat_teaser1_mirror.motion.mp4,prompts/cat_teaser1_mirror.v1.en.txt,64,64-chinese-domestic-low-white-calico,中华田园猫低白三花,05,05-cat-teaser1-mirror,cat_teaser1_mirror,右前爪坐姿拨打逗猫棒后注视玩具,0,771_64-chinese-domestic-low-white-calico_05-cat-teaser1-mirror_seed-0,4,4.0,24,480,832,15:26,9:16,cat_teaser1_mirror.v1+cat_identity.v1,pending_model_validation,c0ce049151836920ee96665e37f14ddd7fa300b5b27396c4f7381b0b3b685ac8,af450da4b11a442fbb8dc3b090842b494306a33800841e4f3ac9399fb1a3e695,prompts/cat_identity.v1.json
772,772,../data_h3/cat_ids/64_中华田园猫低白三花.png,Ref_cat_teaser2.mp4,prepared/Ref_cat_teaser2.motion.mp4,prompts/cat_teaser2.v1.en.txt,64,64-chinese-domestic-low-white-calico,中华田园猫低白三花,06,06-cat-teaser2,cat_teaser2,起身向画面右侧追拍逗猫棒并站定,0,772_64-chinese-domestic-low-white-calico_06-cat-teaser2_seed-0,4,4.0,24,480,832,15:26,9:16,cat_teaser2.v1+cat_identity.v1,pending_model_validation,8cf57ef10882426528d9431285489e802581a2281fde14bc70ac47fd8f2746ee,a8c95e9c38443d4d231086357cb356e7c98cb2af1a6bfa216feae39e945cc0ec,prompts/cat_identity.v1.json
773,773,../data_h3/cat_ids/64_中华田园猫低白三花.png,Ref_cat_teaser2_mirror.mp4,prepared/Ref_cat_teaser2_mirror.motion.mp4,prompts/cat_teaser2_mirror.v1.en.txt,64,64-chinese-domestic-low-white-calico,中华田园猫低白三花,07,07-cat-teaser2-mirror,cat_teaser2_mirror,起身向画面左侧追拍逗猫棒并站定,0,773_64-chinese-domestic-low-white-calico_07-cat-teaser2-mirror_seed-0,4,4.0,24,480,832,15:26,9:16,cat_teaser2_mirror.v1+cat_identity.v1,pending_model_validation,d9bb2db63fb8a8e9067354c420ee17d026c74354e389aceae123b734a91104a7,7d4ae2310b662639649d68fa4f699951317c36f76eb715534248659d1924613d,prompts/cat_identity.v1.json
774,774,../data_h3/cat_ids/64_中华田园猫低白三花.png,Ref_cat_teaser3.mp4,prepared/Ref_cat_teaser3.motion.mp4,prompts/cat_teaser3.v1.en.txt,64,64-chinese-domestic-low-white-calico,中华田园猫低白三花,08,08-cat-teaser3,cat_teaser3,双前爪抬起抓扑逗猫棒后落地坐定,0,774_64-chinese-domestic-low-white-calico_08-cat-teaser3_seed-0,4,4.0,24,480,832,15:26,9:16,cat_teaser3.v1+cat_identity.v1,pending_model_validation,a0ed8dc0fe4fe984c1f670bf4654bc6fde5f660ebc77cd7da3a3c9713a97c441,71df79527a94810bcacebc9cb956fa137c891a4ed437386697434b19c5fbb7ce,prompts/cat_identity.v1.json
775,775,../data_h3/cat_ids/64_中华田园猫低白三花.png,Ref_drag_yarn_ball_and_catch.mp4,prepared/Ref_drag_yarn_ball_and_catch.motion.mp4,prompts/drag_yarn_ball_and_catch.v1.en.txt,64,64-chinese-domestic-low-white-calico,中华田园猫低白三花,09,09-drag-yarn-ball-and-catch,drag_yarn_ball_and_catch,追扑从画面左向右滚动的毛线球并按住,0,775_64-chinese-domestic-low-white-calico_09-drag-yarn-ball-and-catch_seed-0,4,4.0,24,480,832,15:26,9:16,drag_yarn_ball_and_catch.v1+cat_identity.v1,pending_model_validation,c7c27e96786e0391dd6c30f8e2059bba302794f326d874cec20f9d312f84e273,5b888bc1cdc661bc3b5760445027966ef8d36a31c447614acbd23d3ca6af442e,prompts/cat_identity.v1.json
776,776,../data_h3/cat_ids/64_中华田园猫低白三花.png,Ref_drag_yarn_ball_and_catch_mirror.mp4,prepared/Ref_drag_yarn_ball_and_catch_mirror.motion.mp4,prompts/drag_yarn_ball_and_catch_mirror.v1.en.txt,64,64-chinese-domestic-low-white-calico,中华田园猫低白三花,10,10-drag-yarn-ball-and-catch-mirror,drag_yarn_ball_and_catch_mirror,追扑从画面右向左滚动的毛线球并按住,0,776_64-chinese-domestic-low-white-calico_10-drag-yarn-ball-and-catch-mirror_seed-0,4,4.0,24,480,832,15:26,9:16,drag_yarn_ball_and_catch_mirror.v1+cat_identity.v1,pending_model_validation,03e89c3970885fd99226b87db6e4e37ee2f2e30ec1f9d66de9be25ecc31567a8,8b44957f6ebaca7c04c4a0af6bf4fbb65085b8ecf0acaf3433dc727a25b74982,prompts/cat_identity.v1.json
777,777,../data_h3/cat_ids/64_中华田园猫低白三花.png,Ref_curl_up_and_lie_down.mp4,prepared/Ref_curl_up_and_lie_down.motion.mp4,prompts/curl_up_and_lie_down.v1.en.txt,64,64-chinese-domestic-low-white-calico,中华田园猫低白三花,11,11-curl-up-and-lie-down,curl_up_and_lie_down,低头向画面左侧蜷卧并闭眼休息,0,777_64-chinese-domestic-low-white-calico_11-curl-up-and-lie-down_seed-0,4,4.0,24,480,832,15:26,9:16,curl_up_and_lie_down.v1+cat_identity.v1,pending_model_validation,cad540a719fc7247678125bf70fc463d57a71230ff461b32b01149e5367486b0,8414a980252d2baee6444085d2755563b7e0ccb3a138027e7cc6c1233be766eb,prompts/cat_identity.v1.json
778,778,../data_h3/cat_ids/64_中华田园猫低白三花.png,Ref_curl_up_and_lie_down_mirror.mp4,prepared/Ref_curl_up_and_lie_down_mirror.motion.mp4,prompts/curl_up_and_lie_down_mirror.v1.en.txt,64,64-chinese-domestic-low-white-calico,中华田园猫低白三花,12,12-curl-up-and-lie-down-mirror,curl_up_and_lie_down_mirror,低头向画面右侧蜷卧并闭眼休息,0,778_64-chinese-domestic-low-white-calico_12-curl-up-and-lie-down-mirror_seed-0,4,4.0,24,480,832,15:26,9:16,curl_up_and_lie_down_mirror.v1+cat_identity.v1,pending_model_validation,95e7e366796d692fb417dc7b5315a98d1f59a932b357a7cc22e4687438f0c8bc,5dcfd307dd80e4bd86fa73aff45f41f66eced8aba348a07f81f559f008a63527,prompts/cat_identity.v1.json
779,779,../data_h3/cat_ids/64_中华田园猫低白三花.png,Ref_walk_forward_to_screen.mp4,prepared/Ref_walk_forward_to_screen.motion.mp4,prompts/walk_forward_to_screen.v1.en.txt,64,64-chinese-domestic-low-white-calico,中华田园猫低白三花,13,13-walk-forward-to-screen,walk_forward_to_screen,起身向镜头走近并在近处站定,0,779_64-chinese-domestic-low-white-calico_13-walk-forward-to-screen_seed-0,4,4.041699,24,480,832,15:26,9:16,walk_forward_to_screen.v1+cat_identity.v1,pending_model_validation,8958f50048e00e6c6358bb84e3eb669fc6d83c8406d8601516da874533dfb845,b63a08fc2ef943e20b969f5567a1c9334a3d7ca21d68db70b052c4345a83014a,prompts/cat_identity.v1.json
780,780,../data_h3/cat_ids/65_暹罗猫蓝重点色.png,Ref_drag_ear.mp4,prepared/Ref_drag_ear.motion.mp4,prompts/drag_ear.v1.en.txt,65,65-siamese-blue-point,暹罗猫蓝重点色,02,02-pull-left-ear,drag_ear,左前爪轻擦左耳与脸部后恢复坐姿,0,780_65-siamese-blue-point_02-pull-left-ear_seed-0,4,4.0,24,480,832,15:26,9:16,drag_ear.v1+cat_identity.v1,pending_model_validation,3fc6648ba14c7173fb8462d4347ba4bbf6d488cf999844b9b1776eabc6d92eab,241a5d66949edcf078e592e2d02939921c2ff68968a95640d4e5a7e2c4fe75c1,prompts/cat_identity.v1.json
781,781,../data_h3/cat_ids/65_暹罗猫蓝重点色.png,Ref_drag_ear_mirror.mp4,prepared/Ref_drag_ear_mirror.motion.mp4,prompts/drag_ear_mirror.v1.en.txt,65,65-siamese-blue-point,暹罗猫蓝重点色,03,03-drag-ear-mirror,drag_ear_mirror,右前爪轻擦右耳与脸部后恢复坐姿,0,781_65-siamese-blue-point_03-drag-ear-mirror_seed-0,4,4.0,24,480,832,15:26,9:16,drag_ear_mirror.v1+cat_identity.v1,pending_model_validation,37b371b12a4718ea969f57c59f471278c8434e57e4aa63c06b41c472d8a0bb7d,f5a0412ed913f5aad8bffb33c68c3b0ad7f4923f44f06370f768483b146897f4,prompts/cat_identity.v1.json
782,782,../data_h3/cat_ids/65_暹罗猫蓝重点色.png,Ref_cat_teaser1.mp4,prepared/Ref_cat_teaser1.motion.mp4,prompts/cat_teaser1.v1.en.txt,65,65-siamese-blue-point,暹罗猫蓝重点色,04,04-cat-teaser1,cat_teaser1,左前爪坐姿拨打逗猫棒后注视玩具,0,782_65-siamese-blue-point_04-cat-teaser1_seed-0,4,4.0,24,480,832,15:26,9:16,cat_teaser1.v1+cat_identity.v1,pending_model_validation,4d6059a392027a91db4cbf8817af52b797a72c9e58fe1133df74b4ed42f76750,90ead0cb85338d88512f89fc4fdaa1599eaae717252a8a228289e47e9f7150f0,prompts/cat_identity.v1.json
783,783,../data_h3/cat_ids/65_暹罗猫蓝重点色.png,Ref_cat_teaser1_mirror.mp4,prepared/Ref_cat_teaser1_mirror.motion.mp4,prompts/cat_teaser1_mirror.v1.en.txt,65,65-siamese-blue-point,暹罗猫蓝重点色,05,05-cat-teaser1-mirror,cat_teaser1_mirror,右前爪坐姿拨打逗猫棒后注视玩具,0,783_65-siamese-blue-point_05-cat-teaser1-mirror_seed-0,4,4.0,24,480,832,15:26,9:16,cat_teaser1_mirror.v1+cat_identity.v1,pending_model_validation,74303126cd622f57f0d8c74371914895a853a35692d52dcfc4401e2710b33ae9,af450da4b11a442fbb8dc3b090842b494306a33800841e4f3ac9399fb1a3e695,prompts/cat_identity.v1.json
784,784,../data_h3/cat_ids/65_暹罗猫蓝重点色.png,Ref_cat_teaser2.mp4,prepared/Ref_cat_teaser2.motion.mp4,prompts/cat_teaser2.v1.en.txt,65,65-siamese-blue-point,暹罗猫蓝重点色,06,06-cat-teaser2,cat_teaser2,起身向画面右侧追拍逗猫棒并站定,0,784_65-siamese-blue-point_06-cat-teaser2_seed-0,4,4.0,24,480,832,15:26,9:16,cat_teaser2.v1+cat_identity.v1,pending_model_validation,f71b7740af3f0706b7e7f61841d57a398d2704c1ec3f22f3b43a4ea58c96a912,a8c95e9c38443d4d231086357cb356e7c98cb2af1a6bfa216feae39e945cc0ec,prompts/cat_identity.v1.json
785,785,../data_h3/cat_ids/65_暹罗猫蓝重点色.png,Ref_cat_teaser2_mirror.mp4,prepared/Ref_cat_teaser2_mirror.motion.mp4,prompts/cat_teaser2_mirror.v1.en.txt,65,65-siamese-blue-point,暹罗猫蓝重点色,07,07-cat-teaser2-mirror,cat_teaser2_mirror,起身向画面左侧追拍逗猫棒并站定,0,785_65-siamese-blue-point_07-cat-teaser2-mirror_seed-0,4,4.0,24,480,832,15:26,9:16,cat_teaser2_mirror.v1+cat_identity.v1,pending_model_validation,c8ea2ff99a03aeaa8dcffe2cfc7d1b6162720a9752980e6fd9abc23d627e4a6f,7d4ae2310b662639649d68fa4f699951317c36f76eb715534248659d1924613d,prompts/cat_identity.v1.json
786,786,../data_h3/cat_ids/65_暹罗猫蓝重点色.png,Ref_cat_teaser3.mp4,prepared/Ref_cat_teaser3.motion.mp4,prompts/cat_teaser3.v1.en.txt,65,65-siamese-blue-point,暹罗猫蓝重点色,08,08-cat-teaser3,cat_teaser3,双前爪抬起抓扑逗猫棒后落地坐定,0,786_65-siamese-blue-point_08-cat-teaser3_seed-0,4,4.0,24,480,832,15:26,9:16,cat_teaser3.v1+cat_identity.v1,pending_model_validation,1cd3089aeda948d59f77bbcab77aaa4a429d5f5b3da67bccf3c9f89cc1d8eb6d,71df79527a94810bcacebc9cb956fa137c891a4ed437386697434b19c5fbb7ce,prompts/cat_identity.v1.json
787,787,../data_h3/cat_ids/65_暹罗猫蓝重点色.png,Ref_drag_yarn_ball_and_catch.mp4,prepared/Ref_drag_yarn_ball_and_catch.motion.mp4,prompts/drag_yarn_ball_and_catch.v1.en.txt,65,65-siamese-blue-point,暹罗猫蓝重点色,09,09-drag-yarn-ball-and-catch,drag_yarn_ball_and_catch,追扑从画面左向右滚动的毛线球并按住,0,787_65-siamese-blue-point_09-drag-yarn-ball-and-catch_seed-0,4,4.0,24,480,832,15:26,9:16,drag_yarn_ball_and_catch.v1+cat_identity.v1,pending_model_validation,4621cde9c63eb46bf8dc5124fdbd50c0dbaf86fbbdd5fbe3cccba0de4e075b6d,5b888bc1cdc661bc3b5760445027966ef8d36a31c447614acbd23d3ca6af442e,prompts/cat_identity.v1.json
788,788,../data_h3/cat_ids/65_暹罗猫蓝重点色.png,Ref_drag_yarn_ball_and_catch_mirror.mp4,prepared/Ref_drag_yarn_ball_and_catch_mirror.motion.mp4,prompts/drag_yarn_ball_and_catch_mirror.v1.en.txt,65,65-siamese-blue-point,暹罗猫蓝重点色,10,10-drag-yarn-ball-and-catch-mirror,drag_yarn_ball_and_catch_mirror,追扑从画面右向左滚动的毛线球并按住,0,788_65-siamese-blue-point_10-drag-yarn-ball-and-catch-mirror_seed-0,4,4.0,24,480,832,15:26,9:16,drag_yarn_ball_and_catch_mirror.v1+cat_identity.v1,pending_model_validation,b0aaa42c974b891615b07066283574da8f60555404b26f8bbb9532afedbdeef3,8b44957f6ebaca7c04c4a0af6bf4fbb65085b8ecf0acaf3433dc727a25b74982,prompts/cat_identity.v1.json
789,789,../data_h3/cat_ids/65_暹罗猫蓝重点色.png,Ref_curl_up_and_lie_down.mp4,prepared/Ref_curl_up_and_lie_down.motion.mp4,prompts/curl_up_and_lie_down.v1.en.txt,65,65-siamese-blue-point,暹罗猫蓝重点色,11,11-curl-up-and-lie-down,curl_up_and_lie_down,低头向画面左侧蜷卧并闭眼休息,0,789_65-siamese-blue-point_11-curl-up-and-lie-down_seed-0,4,4.0,24,480,832,15:26,9:16,curl_up_and_lie_down.v1+cat_identity.v1,pending_model_validation,e078ba137cda75b4bf98439b553c426a71e2ae75029c550e6e165b8e2395cc13,8414a980252d2baee6444085d2755563b7e0ccb3a138027e7cc6c1233be766eb,prompts/cat_identity.v1.json
790,790,../data_h3/cat_ids/65_暹罗猫蓝重点色.png,Ref_curl_up_and_lie_down_mirror.mp4,prepared/Ref_curl_up_and_lie_down_mirror.motion.mp4,prompts/curl_up_and_lie_down_mirror.v1.en.txt,65,65-siamese-blue-point,暹罗猫蓝重点色,12,12-curl-up-and-lie-down-mirror,curl_up_and_lie_down_mirror,低头向画面右侧蜷卧并闭眼休息,0,790_65-siamese-blue-point_12-curl-up-and-lie-down-mirror_seed-0,4,4.0,24,480,832,15:26,9:16,curl_up_and_lie_down_mirror.v1+cat_identity.v1,pending_model_validation,d1e9b6e878fa68dd58c96e7a15b61cb858758e06eaafda5200671b860592da1b,5dcfd307dd80e4bd86fa73aff45f41f66eced8aba348a07f81f559f008a63527,prompts/cat_identity.v1.json
791,791,../data_h3/cat_ids/65_暹罗猫蓝重点色.png,Ref_walk_forward_to_screen.mp4,prepared/Ref_walk_forward_to_screen.motion.mp4,prompts/walk_forward_to_screen.v1.en.txt,65,65-siamese-blue-point,暹罗猫蓝重点色,13,13-walk-forward-to-screen,walk_forward_to_screen,起身向镜头走近并在近处站定,0,791_65-siamese-blue-point_13-walk-forward-to-screen_seed-0,4,4.041699,24,480,832,15:26,9:16,walk_forward_to_screen.v1+cat_identity.v1,pending_model_validation,5c0b29effad8fc0078bef785c810fa7a4beb12f1b95a3403a73307f4b2b816d0,b63a08fc2ef943e20b969f5567a1c9334a3d7ca21d68db70b052c4345a83014a,prompts/cat_identity.v1.json
792,792,../data_h3/cat_ids/66_暹罗猫巧克力重点色.png,Ref_drag_ear.mp4,prepared/Ref_drag_ear.motion.mp4,prompts/drag_ear.v1.en.txt,66,66-siamese-chocolate-point,暹罗猫巧克力重点色,02,02-pull-left-ear,drag_ear,左前爪轻擦左耳与脸部后恢复坐姿,0,792_66-siamese-chocolate-point_02-pull-left-ear_seed-0,4,4.0,24,480,832,15:26,9:16,drag_ear.v1+cat_identity.v1,pending_model_validation,14e7230e3e4f453b88c099df8694ac7204edee8a3f859c55e14b722741198408,241a5d66949edcf078e592e2d02939921c2ff68968a95640d4e5a7e2c4fe75c1,prompts/cat_identity.v1.json
793,793,../data_h3/cat_ids/66_暹罗猫巧克力重点色.png,Ref_drag_ear_mirror.mp4,prepared/Ref_drag_ear_mirror.motion.mp4,prompts/drag_ear_mirror.v1.en.txt,66,66-siamese-chocolate-point,暹罗猫巧克力重点色,03,03-drag-ear-mirror,drag_ear_mirror,右前爪轻擦右耳与脸部后恢复坐姿,0,793_66-siamese-chocolate-point_03-drag-ear-mirror_seed-0,4,4.0,24,480,832,15:26,9:16,drag_ear_mirror.v1+cat_identity.v1,pending_model_validation,a0d7f8b80a3916b9d52f022719ab108fe1d393d163877fb64c5168358aaf6f0a,f5a0412ed913f5aad8bffb33c68c3b0ad7f4923f44f06370f768483b146897f4,prompts/cat_identity.v1.json
794,794,../data_h3/cat_ids/66_暹罗猫巧克力重点色.png,Ref_cat_teaser1.mp4,prepared/Ref_cat_teaser1.motion.mp4,prompts/cat_teaser1.v1.en.txt,66,66-siamese-chocolate-point,暹罗猫巧克力重点色,04,04-cat-teaser1,cat_teaser1,左前爪坐姿拨打逗猫棒后注视玩具,0,794_66-siamese-chocolate-point_04-cat-teaser1_seed-0,4,4.0,24,480,832,15:26,9:16,cat_teaser1.v1+cat_identity.v1,pending_model_validation,14b9766df9b325a3cbd5632a3a15d1b12864960507d35dfa5cf07419f33c74bc,90ead0cb85338d88512f89fc4fdaa1599eaae717252a8a228289e47e9f7150f0,prompts/cat_identity.v1.json
795,795,../data_h3/cat_ids/66_暹罗猫巧克力重点色.png,Ref_cat_teaser1_mirror.mp4,prepared/Ref_cat_teaser1_mirror.motion.mp4,prompts/cat_teaser1_mirror.v1.en.txt,66,66-siamese-chocolate-point,暹罗猫巧克力重点色,05,05-cat-teaser1-mirror,cat_teaser1_mirror,右前爪坐姿拨打逗猫棒后注视玩具,0,795_66-siamese-chocolate-point_05-cat-teaser1-mirror_seed-0,4,4.0,24,480,832,15:26,9:16,cat_teaser1_mirror.v1+cat_identity.v1,pending_model_validation,cff6779be0dea501c1c4f3a85999894771fe5f417d7e76f88c81c0b43d884d22,af450da4b11a442fbb8dc3b090842b494306a33800841e4f3ac9399fb1a3e695,prompts/cat_identity.v1.json
796,796,../data_h3/cat_ids/66_暹罗猫巧克力重点色.png,Ref_cat_teaser2.mp4,prepared/Ref_cat_teaser2.motion.mp4,prompts/cat_teaser2.v1.en.txt,66,66-siamese-chocolate-point,暹罗猫巧克力重点色,06,06-cat-teaser2,cat_teaser2,起身向画面右侧追拍逗猫棒并站定,0,796_66-siamese-chocolate-point_06-cat-teaser2_seed-0,4,4.0,24,480,832,15:26,9:16,cat_teaser2.v1+cat_identity.v1,pending_model_validation,2faddab42c7cdeded394cea6159f92a2c1e5fa565e0afd2931fb0b94d95646c7,a8c95e9c38443d4d231086357cb356e7c98cb2af1a6bfa216feae39e945cc0ec,prompts/cat_identity.v1.json
797,797,../data_h3/cat_ids/66_暹罗猫巧克力重点色.png,Ref_cat_teaser2_mirror.mp4,prepared/Ref_cat_teaser2_mirror.motion.mp4,prompts/cat_teaser2_mirror.v1.en.txt,66,66-siamese-chocolate-point,暹罗猫巧克力重点色,07,07-cat-teaser2-mirror,cat_teaser2_mirror,起身向画面左侧追拍逗猫棒并站定,0,797_66-siamese-chocolate-point_07-cat-teaser2-mirror_seed-0,4,4.0,24,480,832,15:26,9:16,cat_teaser2_mirror.v1+cat_identity.v1,pending_model_validation,de53d413fbf07e47fe3bc77c4270fa2b3941b08fd8e03b24a052910253738255,7d4ae2310b662639649d68fa4f699951317c36f76eb715534248659d1924613d,prompts/cat_identity.v1.json
798,798,../data_h3/cat_ids/66_暹罗猫巧克力重点色.png,Ref_cat_teaser3.mp4,prepared/Ref_cat_teaser3.motion.mp4,prompts/cat_teaser3.v1.en.txt,66,66-siamese-chocolate-point,暹罗猫巧克力重点色,08,08-cat-teaser3,cat_teaser3,双前爪抬起抓扑逗猫棒后落地坐定,0,798_66-siamese-chocolate-point_08-cat-teaser3_seed-0,4,4.0,24,480,832,15:26,9:16,cat_teaser3.v1+cat_identity.v1,pending_model_validation,8352092bfc5921f90b47552493b2d8b2967abe463f3bdc8477a56f6f6e7c6081,71df79527a94810bcacebc9cb956fa137c891a4ed437386697434b19c5fbb7ce,prompts/cat_identity.v1.json
799,799,../data_h3/cat_ids/66_暹罗猫巧克力重点色.png,Ref_drag_yarn_ball_and_catch.mp4,prepared/Ref_drag_yarn_ball_and_catch.motion.mp4,prompts/drag_yarn_ball_and_catch.v1.en.txt,66,66-siamese-chocolate-point,暹罗猫巧克力重点色,09,09-drag-yarn-ball-and-catch,drag_yarn_ball_and_catch,追扑从画面左向右滚动的毛线球并按住,0,799_66-siamese-chocolate-point_09-drag-yarn-ball-and-catch_seed-0,4,4.0,24,480,832,15:26,9:16,drag_yarn_ball_and_catch.v1+cat_identity.v1,pending_model_validation,a5cc83a22b0db49fede8bdfdf383d1a59eafdead6740888d4d98f9260cf328c9,5b888bc1cdc661bc3b5760445027966ef8d36a31c447614acbd23d3ca6af442e,prompts/cat_identity.v1.json
800,800,../data_h3/cat_ids/66_暹罗猫巧克力重点色.png,Ref_drag_yarn_ball_and_catch_mirror.mp4,prepared/Ref_drag_yarn_ball_and_catch_mirror.motion.mp4,prompts/drag_yarn_ball_and_catch_mirror.v1.en.txt,66,66-siamese-chocolate-point,暹罗猫巧克力重点色,10,10-drag-yarn-ball-and-catch-mirror,drag_yarn_ball_and_catch_mirror,追扑从画面右向左滚动的毛线球并按住,0,800_66-siamese-chocolate-point_10-drag-yarn-ball-and-catch-mirror_seed-0,4,4.0,24,480,832,15:26,9:16,drag_yarn_ball_and_catch_mirror.v1+cat_identity.v1,pending_model_validation,ce4d31535948fbe3fb471526be50b5ba5002d02774f6827288b374a9599f9ff3,8b44957f6ebaca7c04c4a0af6bf4fbb65085b8ecf0acaf3433dc727a25b74982,prompts/cat_identity.v1.json
801,801,../data_h3/cat_ids/66_暹罗猫巧克力重点色.png,Ref_curl_up_and_lie_down.mp4,prepared/Ref_curl_up_and_lie_down.motion.mp4,prompts/curl_up_and_lie_down.v1.en.txt,66,66-siamese-chocolate-point,暹罗猫巧克力重点色,11,11-curl-up-and-lie-down,curl_up_and_lie_down,低头向画面左侧蜷卧并闭眼休息,0,801_66-siamese-chocolate-point_11-curl-up-and-lie-down_seed-0,4,4.0,24,480,832,15:26,9:16,curl_up_and_lie_down.v1+cat_identity.v1,pending_model_validation,3be36c5d4013d75aeb9f9bc4c61412941ad15d6ba4f0e0b956be3811413b0e23,8414a980252d2baee6444085d2755563b7e0ccb3a138027e7cc6c1233be766eb,prompts/cat_identity.v1.json
802,802,../data_h3/cat_ids/66_暹罗猫巧克力重点色.png,Ref_curl_up_and_lie_down_mirror.mp4,prepared/Ref_curl_up_and_lie_down_mirror.motion.mp4,prompts/curl_up_and_lie_down_mirror.v1.en.txt,66,66-siamese-chocolate-point,暹罗猫巧克力重点色,12,12-curl-up-and-lie-down-mirror,curl_up_and_lie_down_mirror,低头向画面右侧蜷卧并闭眼休息,0,802_66-siamese-chocolate-point_12-curl-up-and-lie-down-mirror_seed-0,4,4.0,24,480,832,15:26,9:16,curl_up_and_lie_down_mirror.v1+cat_identity.v1,pending_model_validation,187ee5ad1cb047019f3bd82817dae15994b4c83b5ef67f73a28e94f9cd1bfa69,5dcfd307dd80e4bd86fa73aff45f41f66eced8aba348a07f81f559f008a63527,prompts/cat_identity.v1.json
803,803,../data_h3/cat_ids/66_暹罗猫巧克力重点色.png,Ref_walk_forward_to_screen.mp4,prepared/Ref_walk_forward_to_screen.motion.mp4,prompts/walk_forward_to_screen.v1.en.txt,66,66-siamese-chocolate-point,暹罗猫巧克力重点色,13,13-walk-forward-to-screen,walk_forward_to_screen,起身向镜头走近并在近处站定,0,803_66-siamese-chocolate-point_13-walk-forward-to-screen_seed-0,4,4.041699,24,480,832,15:26,9:16,walk_forward_to_screen.v1+cat_identity.v1,pending_model_validation,bf6465ecdf955965dc24af73c1072c805f5b971b4aacee242bae707903e4ce9b,b63a08fc2ef943e20b969f5567a1c9334a3d7ca21d68db70b052c4345a83014a,prompts/cat_identity.v1.json
804,804,../data_h3/cat_ids/67_阿比西尼亚猫索雷尔色.png,Ref_drag_ear.mp4,prepared/Ref_drag_ear.motion.mp4,prompts/drag_ear.v1.en.txt,67,67-abyssinian-sorrel,阿比西尼亚猫索雷尔色,02,02-pull-left-ear,drag_ear,左前爪轻擦左耳与脸部后恢复坐姿,0,804_67-abyssinian-sorrel_02-pull-left-ear_seed-0,4,4.0,24,480,832,15:26,9:16,drag_ear.v1+cat_identity.v1,pending_model_validation,9cdef221958e76b68e53f30380ae82a0a37c1ff4beed6e4166bff73330373bf7,241a5d66949edcf078e592e2d02939921c2ff68968a95640d4e5a7e2c4fe75c1,prompts/cat_identity.v1.json
805,805,../data_h3/cat_ids/67_阿比西尼亚猫索雷尔色.png,Ref_drag_ear_mirror.mp4,prepared/Ref_drag_ear_mirror.motion.mp4,prompts/drag_ear_mirror.v1.en.txt,67,67-abyssinian-sorrel,阿比西尼亚猫索雷尔色,03,03-drag-ear-mirror,drag_ear_mirror,右前爪轻擦右耳与脸部后恢复坐姿,0,805_67-abyssinian-sorrel_03-drag-ear-mirror_seed-0,4,4.0,24,480,832,15:26,9:16,drag_ear_mirror.v1+cat_identity.v1,pending_model_validation,3856d394ac122657bf77f408829af4f0e8939a7d4c7186352e715576e73dfcfa,f5a0412ed913f5aad8bffb33c68c3b0ad7f4923f44f06370f768483b146897f4,prompts/cat_identity.v1.json
806,806,../data_h3/cat_ids/67_阿比西尼亚猫索雷尔色.png,Ref_cat_teaser1.mp4,prepared/Ref_cat_teaser1.motion.mp4,prompts/cat_teaser1.v1.en.txt,67,67-abyssinian-sorrel,阿比西尼亚猫索雷尔色,04,04-cat-teaser1,cat_teaser1,左前爪坐姿拨打逗猫棒后注视玩具,0,806_67-abyssinian-sorrel_04-cat-teaser1_seed-0,4,4.0,24,480,832,15:26,9:16,cat_teaser1.v1+cat_identity.v1,pending_model_validation,7f5ee073f00ed9c125ee3ed83c2f8b12a34065ce707d78caeae0641ab8210115,90ead0cb85338d88512f89fc4fdaa1599eaae717252a8a228289e47e9f7150f0,prompts/cat_identity.v1.json
807,807,../data_h3/cat_ids/67_阿比西尼亚猫索雷尔色.png,Ref_cat_teaser1_mirror.mp4,prepared/Ref_cat_teaser1_mirror.motion.mp4,prompts/cat_teaser1_mirror.v1.en.txt,67,67-abyssinian-sorrel,阿比西尼亚猫索雷尔色,05,05-cat-teaser1-mirror,cat_teaser1_mirror,右前爪坐姿拨打逗猫棒后注视玩具,0,807_67-abyssinian-sorrel_05-cat-teaser1-mirror_seed-0,4,4.0,24,480,832,15:26,9:16,cat_teaser1_mirror.v1+cat_identity.v1,pending_model_validation,eb8c18073bf574e8d8246d4dfbc44b01cbf2fc77d2147a8757de50d599a01726,af450da4b11a442fbb8dc3b090842b494306a33800841e4f3ac9399fb1a3e695,prompts/cat_identity.v1.json
808,808,../data_h3/cat_ids/67_阿比西尼亚猫索雷尔色.png,Ref_cat_teaser2.mp4,prepared/Ref_cat_teaser2.motion.mp4,prompts/cat_teaser2.v1.en.txt,67,67-abyssinian-sorrel,阿比西尼亚猫索雷尔色,06,06-cat-teaser2,cat_teaser2,起身向画面右侧追拍逗猫棒并站定,0,808_67-abyssinian-sorrel_06-cat-teaser2_seed-0,4,4.0,24,480,832,15:26,9:16,cat_teaser2.v1+cat_identity.v1,pending_model_validation,1ed4d5334555cb00b0d0fed512723a5f3052a9762727aeb68714081aa65b2fc3,a8c95e9c38443d4d231086357cb356e7c98cb2af1a6bfa216feae39e945cc0ec,prompts/cat_identity.v1.json
809,809,../data_h3/cat_ids/67_阿比西尼亚猫索雷尔色.png,Ref_cat_teaser2_mirror.mp4,prepared/Ref_cat_teaser2_mirror.motion.mp4,prompts/cat_teaser2_mirror.v1.en.txt,67,67-abyssinian-sorrel,阿比西尼亚猫索雷尔色,07,07-cat-teaser2-mirror,cat_teaser2_mirror,起身向画面左侧追拍逗猫棒并站定,0,809_67-abyssinian-sorrel_07-cat-teaser2-mirror_seed-0,4,4.0,24,480,832,15:26,9:16,cat_teaser2_mirror.v1+cat_identity.v1,pending_model_validation,6c0d56c4d72de51d88a82074558ef3159dd4be524e42a62877a0f14df04eb70f,7d4ae2310b662639649d68fa4f699951317c36f76eb715534248659d1924613d,prompts/cat_identity.v1.json
810,810,../data_h3/cat_ids/67_阿比西尼亚猫索雷尔色.png,Ref_cat_teaser3.mp4,prepared/Ref_cat_teaser3.motion.mp4,prompts/cat_teaser3.v1.en.txt,67,67-abyssinian-sorrel,阿比西尼亚猫索雷尔色,08,08-cat-teaser3,cat_teaser3,双前爪抬起抓扑逗猫棒后落地坐定,0,810_67-abyssinian-sorrel_08-cat-teaser3_seed-0,4,4.0,24,480,832,15:26,9:16,cat_teaser3.v1+cat_identity.v1,pending_model_validation,4430956c2b9dfc68927c8e74ca4afcac330475887f18b025e39e5fda3ad9bb23,71df79527a94810bcacebc9cb956fa137c891a4ed437386697434b19c5fbb7ce,prompts/cat_identity.v1.json
811,811,../data_h3/cat_ids/67_阿比西尼亚猫索雷尔色.png,Ref_drag_yarn_ball_and_catch.mp4,prepared/Ref_drag_yarn_ball_and_catch.motion.mp4,prompts/drag_yarn_ball_and_catch.v1.en.txt,67,67-abyssinian-sorrel,阿比西尼亚猫索雷尔色,09,09-drag-yarn-ball-and-catch,drag_yarn_ball_and_catch,追扑从画面左向右滚动的毛线球并按住,0,811_67-abyssinian-sorrel_09-drag-yarn-ball-and-catch_seed-0,4,4.0,24,480,832,15:26,9:16,drag_yarn_ball_and_catch.v1+cat_identity.v1,pending_model_validation,ce71a007ac6639810623ec29e52a483a53b7ae6bab39986de637c45d872c8402,5b888bc1cdc661bc3b5760445027966ef8d36a31c447614acbd23d3ca6af442e,prompts/cat_identity.v1.json
812,812,../data_h3/cat_ids/67_阿比西尼亚猫索雷尔色.png,Ref_drag_yarn_ball_and_catch_mirror.mp4,prepared/Ref_drag_yarn_ball_and_catch_mirror.motion.mp4,prompts/drag_yarn_ball_and_catch_mirror.v1.en.txt,67,67-abyssinian-sorrel,阿比西尼亚猫索雷尔色,10,10-drag-yarn-ball-and-catch-mirror,drag_yarn_ball_and_catch_mirror,追扑从画面右向左滚动的毛线球并按住,0,812_67-abyssinian-sorrel_10-drag-yarn-ball-and-catch-mirror_seed-0,4,4.0,24,480,832,15:26,9:16,drag_yarn_ball_and_catch_mirror.v1+cat_identity.v1,pending_model_validation,07acaf1da545fad713a286848b549ed94144b118c65b660ca4a7f2f92c075f18,8b44957f6ebaca7c04c4a0af6bf4fbb65085b8ecf0acaf3433dc727a25b74982,prompts/cat_identity.v1.json
813,813,../data_h3/cat_ids/67_阿比西尼亚猫索雷尔色.png,Ref_curl_up_and_lie_down.mp4,prepared/Ref_curl_up_and_lie_down.motion.mp4,prompts/curl_up_and_lie_down.v1.en.txt,67,67-abyssinian-sorrel,阿比西尼亚猫索雷尔色,11,11-curl-up-and-lie-down,curl_up_and_lie_down,低头向画面左侧蜷卧并闭眼休息,0,813_67-abyssinian-sorrel_11-curl-up-and-lie-down_seed-0,4,4.0,24,480,832,15:26,9:16,curl_up_and_lie_down.v1+cat_identity.v1,pending_model_validation,4b737488e784350f8eeef93146c977fe74f869fac2ebb80b36ea1c8578bcaf8c,8414a980252d2baee6444085d2755563b7e0ccb3a138027e7cc6c1233be766eb,prompts/cat_identity.v1.json
814,814,../data_h3/cat_ids/67_阿比西尼亚猫索雷尔色.png,Ref_curl_up_and_lie_down_mirror.mp4,prepared/Ref_curl_up_and_lie_down_mirror.motion.mp4,prompts/curl_up_and_lie_down_mirror.v1.en.txt,67,67-abyssinian-sorrel,阿比西尼亚猫索雷尔色,12,12-curl-up-and-lie-down-mirror,curl_up_and_lie_down_mirror,低头向画面右侧蜷卧并闭眼休息,0,814_67-abyssinian-sorrel_12-curl-up-and-lie-down-mirror_seed-0,4,4.0,24,480,832,15:26,9:16,curl_up_and_lie_down_mirror.v1+cat_identity.v1,pending_model_validation,899dfc9a1886e9e0be84cffe46ca4d99135c5e5426da2d78cdc1bab67dc2595f,5dcfd307dd80e4bd86fa73aff45f41f66eced8aba348a07f81f559f008a63527,prompts/cat_identity.v1.json
815,815,../data_h3/cat_ids/67_阿比西尼亚猫索雷尔色.png,Ref_walk_forward_to_screen.mp4,prepared/Ref_walk_forward_to_screen.motion.mp4,prompts/walk_forward_to_screen.v1.en.txt,67,67-abyssinian-sorrel,阿比西尼亚猫索雷尔色,13,13-walk-forward-to-screen,walk_forward_to_screen,起身向镜头走近并在近处站定,0,815_67-abyssinian-sorrel_13-walk-forward-to-screen_seed-0,4,4.041699,24,480,832,15:26,9:16,walk_forward_to_screen.v1+cat_identity.v1,pending_model_validation,ba9eb013fdef032d847fd89bfde0eb114d2b1c6c2458c530c8d42fc80b19e55e,b63a08fc2ef943e20b969f5567a1c9334a3d7ca21d68db70b052c4345a83014a,prompts/cat_identity.v1.json
816,816,../data_h3/cat_ids/68_俄罗斯蓝猫.png,Ref_drag_ear.mp4,prepared/Ref_drag_ear.motion.mp4,prompts/drag_ear.v1.en.txt,68,68-russian-blue,俄罗斯蓝猫,02,02-pull-left-ear,drag_ear,左前爪轻擦左耳与脸部后恢复坐姿,0,816_68-russian-blue_02-pull-left-ear_seed-0,4,4.0,24,480,832,15:26,9:16,drag_ear.v1+cat_identity.v1,pending_model_validation,9bb20da2ee4d5211c8fdb59729f0bd84f74065177d83ead204073abfb05544b2,241a5d66949edcf078e592e2d02939921c2ff68968a95640d4e5a7e2c4fe75c1,prompts/cat_identity.v1.json
817,817,../data_h3/cat_ids/68_俄罗斯蓝猫.png,Ref_drag_ear_mirror.mp4,prepared/Ref_drag_ear_mirror.motion.mp4,prompts/drag_ear_mirror.v1.en.txt,68,68-russian-blue,俄罗斯蓝猫,03,03-drag-ear-mirror,drag_ear_mirror,右前爪轻擦右耳与脸部后恢复坐姿,0,817_68-russian-blue_03-drag-ear-mirror_seed-0,4,4.0,24,480,832,15:26,9:16,drag_ear_mirror.v1+cat_identity.v1,pending_model_validation,157a56e18b335b00383e24c1420b2fd95f6683f11836969129b283197526acfc,f5a0412ed913f5aad8bffb33c68c3b0ad7f4923f44f06370f768483b146897f4,prompts/cat_identity.v1.json
818,818,../data_h3/cat_ids/68_俄罗斯蓝猫.png,Ref_cat_teaser1.mp4,prepared/Ref_cat_teaser1.motion.mp4,prompts/cat_teaser1.v1.en.txt,68,68-russian-blue,俄罗斯蓝猫,04,04-cat-teaser1,cat_teaser1,左前爪坐姿拨打逗猫棒后注视玩具,0,818_68-russian-blue_04-cat-teaser1_seed-0,4,4.0,24,480,832,15:26,9:16,cat_teaser1.v1+cat_identity.v1,pending_model_validation,306a9167a950ec7e07cec4c1ef52ccd43bd7a2d3507689934c1516d516cdba6e,90ead0cb85338d88512f89fc4fdaa1599eaae717252a8a228289e47e9f7150f0,prompts/cat_identity.v1.json
819,819,../data_h3/cat_ids/68_俄罗斯蓝猫.png,Ref_cat_teaser1_mirror.mp4,prepared/Ref_cat_teaser1_mirror.motion.mp4,prompts/cat_teaser1_mirror.v1.en.txt,68,68-russian-blue,俄罗斯蓝猫,05,05-cat-teaser1-mirror,cat_teaser1_mirror,右前爪坐姿拨打逗猫棒后注视玩具,0,819_68-russian-blue_05-cat-teaser1-mirror_seed-0,4,4.0,24,480,832,15:26,9:16,cat_teaser1_mirror.v1+cat_identity.v1,pending_model_validation,137101ea59d139808cb2f65763097f59139fb1a711be915abc1f1541bf8d2024,af450da4b11a442fbb8dc3b090842b494306a33800841e4f3ac9399fb1a3e695,prompts/cat_identity.v1.json
820,820,../data_h3/cat_ids/68_俄罗斯蓝猫.png,Ref_cat_teaser2.mp4,prepared/Ref_cat_teaser2.motion.mp4,prompts/cat_teaser2.v1.en.txt,68,68-russian-blue,俄罗斯蓝猫,06,06-cat-teaser2,cat_teaser2,起身向画面右侧追拍逗猫棒并站定,0,820_68-russian-blue_06-cat-teaser2_seed-0,4,4.0,24,480,832,15:26,9:16,cat_teaser2.v1+cat_identity.v1,pending_model_validation,d23051d70b0153b5d06cd7751ab4d9614bb24c40f0612413ed646dc7a9713250,a8c95e9c38443d4d231086357cb356e7c98cb2af1a6bfa216feae39e945cc0ec,prompts/cat_identity.v1.json
821,821,../data_h3/cat_ids/68_俄罗斯蓝猫.png,Ref_cat_teaser2_mirror.mp4,prepared/Ref_cat_teaser2_mirror.motion.mp4,prompts/cat_teaser2_mirror.v1.en.txt,68,68-russian-blue,俄罗斯蓝猫,07,07-cat-teaser2-mirror,cat_teaser2_mirror,起身向画面左侧追拍逗猫棒并站定,0,821_68-russian-blue_07-cat-teaser2-mirror_seed-0,4,4.0,24,480,832,15:26,9:16,cat_teaser2_mirror.v1+cat_identity.v1,pending_model_validation,167230f6b8696fb7f7d90f26241a04aa1927b5adc5e11f8aa50f6d07f5ece7cf,7d4ae2310b662639649d68fa4f699951317c36f76eb715534248659d1924613d,prompts/cat_identity.v1.json
822,822,../data_h3/cat_ids/68_俄罗斯蓝猫.png,Ref_cat_teaser3.mp4,prepared/Ref_cat_teaser3.motion.mp4,prompts/cat_teaser3.v1.en.txt,68,68-russian-blue,俄罗斯蓝猫,08,08-cat-teaser3,cat_teaser3,双前爪抬起抓扑逗猫棒后落地坐定,0,822_68-russian-blue_08-cat-teaser3_seed-0,4,4.0,24,480,832,15:26,9:16,cat_teaser3.v1+cat_identity.v1,pending_model_validation,bfd9d13e0710876b7f20c852e491ab19941bf905854c637600a9d7c2e8b83708,71df79527a94810bcacebc9cb956fa137c891a4ed437386697434b19c5fbb7ce,prompts/cat_identity.v1.json
823,823,../data_h3/cat_ids/68_俄罗斯蓝猫.png,Ref_drag_yarn_ball_and_catch.mp4,prepared/Ref_drag_yarn_ball_and_catch.motion.mp4,prompts/drag_yarn_ball_and_catch.v1.en.txt,68,68-russian-blue,俄罗斯蓝猫,09,09-drag-yarn-ball-and-catch,drag_yarn_ball_and_catch,追扑从画面左向右滚动的毛线球并按住,0,823_68-russian-blue_09-drag-yarn-ball-and-catch_seed-0,4,4.0,24,480,832,15:26,9:16,drag_yarn_ball_and_catch.v1+cat_identity.v1,pending_model_validation,08e232bb6a11ca46444563c03eee57b6973b221a6da83f2eebed205b6406e5ea,5b888bc1cdc661bc3b5760445027966ef8d36a31c447614acbd23d3ca6af442e,prompts/cat_identity.v1.json
824,824,../data_h3/cat_ids/68_俄罗斯蓝猫.png,Ref_drag_yarn_ball_and_catch_mirror.mp4,prepared/Ref_drag_yarn_ball_and_catch_mirror.motion.mp4,prompts/drag_yarn_ball_and_catch_mirror.v1.en.txt,68,68-russian-blue,俄罗斯蓝猫,10,10-drag-yarn-ball-and-catch-mirror,drag_yarn_ball_and_catch_mirror,追扑从画面右向左滚动的毛线球并按住,0,824_68-russian-blue_10-drag-yarn-ball-and-catch-mirror_seed-0,4,4.0,24,480,832,15:26,9:16,drag_yarn_ball_and_catch_mirror.v1+cat_identity.v1,pending_model_validation,8b914ad28a4d8f30184e9d79cc1f6a3a7211dbfc67ac67ca24fce84f57abcdfe,8b44957f6ebaca7c04c4a0af6bf4fbb65085b8ecf0acaf3433dc727a25b74982,prompts/cat_identity.v1.json
825,825,../data_h3/cat_ids/68_俄罗斯蓝猫.png,Ref_curl_up_and_lie_down.mp4,prepared/Ref_curl_up_and_lie_down.motion.mp4,prompts/curl_up_and_lie_down.v1.en.txt,68,68-russian-blue,俄罗斯蓝猫,11,11-curl-up-and-lie-down,curl_up_and_lie_down,低头向画面左侧蜷卧并闭眼休息,0,825_68-russian-blue_11-curl-up-and-lie-down_seed-0,4,4.0,24,480,832,15:26,9:16,curl_up_and_lie_down.v1+cat_identity.v1,pending_model_validation,7ed563c003e30a5cb3ccdf1de2be4520cc687d0b2d76c1fe09b19594f6d95692,8414a980252d2baee6444085d2755563b7e0ccb3a138027e7cc6c1233be766eb,prompts/cat_identity.v1.json
826,826,../data_h3/cat_ids/68_俄罗斯蓝猫.png,Ref_curl_up_and_lie_down_mirror.mp4,prepared/Ref_curl_up_and_lie_down_mirror.motion.mp4,prompts/curl_up_and_lie_down_mirror.v1.en.txt,68,68-russian-blue,俄罗斯蓝猫,12,12-curl-up-and-lie-down-mirror,curl_up_and_lie_down_mirror,低头向画面右侧蜷卧并闭眼休息,0,826_68-russian-blue_12-curl-up-and-lie-down-mirror_seed-0,4,4.0,24,480,832,15:26,9:16,curl_up_and_lie_down_mirror.v1+cat_identity.v1,pending_model_validation,af6299bba1be87053ad762747ffadecf999df10d5a83990e239d3472292daa1a,5dcfd307dd80e4bd86fa73aff45f41f66eced8aba348a07f81f559f008a63527,prompts/cat_identity.v1.json
827,827,../data_h3/cat_ids/68_俄罗斯蓝猫.png,Ref_walk_forward_to_screen.mp4,prepared/Ref_walk_forward_to_screen.motion.mp4,prompts/walk_forward_to_screen.v1.en.txt,68,68-russian-blue,俄罗斯蓝猫,13,13-walk-forward-to-screen,walk_forward_to_screen,起身向镜头走近并在近处站定,0,827_68-russian-blue_13-walk-forward-to-screen_seed-0,4,4.041699,24,480,832,15:26,9:16,walk_forward_to_screen.v1+cat_identity.v1,pending_model_validation,3d946f23d901460e099d6d82948b37843d77d72105a958a254f902801f379ab0,b63a08fc2ef943e20b969f5567a1c9334a3d7ca21d68db70b052c4345a83014a,prompts/cat_identity.v1.json
828,828,../data_h3/cat_ids/69_英国短毛猫深蓝色.png,Ref_drag_ear.mp4,prepared/Ref_drag_ear.motion.mp4,prompts/drag_ear.v1.en.txt,69,69-british-shorthair-deep-blue,英国短毛猫深蓝色,02,02-pull-left-ear,drag_ear,左前爪轻擦左耳与脸部后恢复坐姿,0,828_69-british-shorthair-deep-blue_02-pull-left-ear_seed-0,4,4.0,24,480,832,15:26,9:16,drag_ear.v1+cat_identity.v1,pending_model_validation,cc1dc23940cff8a139895ea8bcb34e4bf040ba2376a8102fbf0fc67ff80bda6b,241a5d66949edcf078e592e2d02939921c2ff68968a95640d4e5a7e2c4fe75c1,prompts/cat_identity.v1.json
829,829,../data_h3/cat_ids/69_英国短毛猫深蓝色.png,Ref_drag_ear_mirror.mp4,prepared/Ref_drag_ear_mirror.motion.mp4,prompts/drag_ear_mirror.v1.en.txt,69,69-british-shorthair-deep-blue,英国短毛猫深蓝色,03,03-drag-ear-mirror,drag_ear_mirror,右前爪轻擦右耳与脸部后恢复坐姿,0,829_69-british-shorthair-deep-blue_03-drag-ear-mirror_seed-0,4,4.0,24,480,832,15:26,9:16,drag_ear_mirror.v1+cat_identity.v1,pending_model_validation,38b786b3b601706ce34914ab2fd4db3071d233d30e2c5944c92a3b74d781deb8,f5a0412ed913f5aad8bffb33c68c3b0ad7f4923f44f06370f768483b146897f4,prompts/cat_identity.v1.json
830,830,../data_h3/cat_ids/69_英国短毛猫深蓝色.png,Ref_cat_teaser1.mp4,prepared/Ref_cat_teaser1.motion.mp4,prompts/cat_teaser1.v1.en.txt,69,69-british-shorthair-deep-blue,英国短毛猫深蓝色,04,04-cat-teaser1,cat_teaser1,左前爪坐姿拨打逗猫棒后注视玩具,0,830_69-british-shorthair-deep-blue_04-cat-teaser1_seed-0,4,4.0,24,480,832,15:26,9:16,cat_teaser1.v1+cat_identity.v1,pending_model_validation,1b698cdfa0ba8eb882d7e99f8bae0ef51aeab029c38709e6dddecf7b8a662ef6,90ead0cb85338d88512f89fc4fdaa1599eaae717252a8a228289e47e9f7150f0,prompts/cat_identity.v1.json
831,831,../data_h3/cat_ids/69_英国短毛猫深蓝色.png,Ref_cat_teaser1_mirror.mp4,prepared/Ref_cat_teaser1_mirror.motion.mp4,prompts/cat_teaser1_mirror.v1.en.txt,69,69-british-shorthair-deep-blue,英国短毛猫深蓝色,05,05-cat-teaser1-mirror,cat_teaser1_mirror,右前爪坐姿拨打逗猫棒后注视玩具,0,831_69-british-shorthair-deep-blue_05-cat-teaser1-mirror_seed-0,4,4.0,24,480,832,15:26,9:16,cat_teaser1_mirror.v1+cat_identity.v1,pending_model_validation,6d0a9528478f0814717f40c5a98743987b814498b34b7151d7f717cd4331b808,af450da4b11a442fbb8dc3b090842b494306a33800841e4f3ac9399fb1a3e695,prompts/cat_identity.v1.json
832,832,../data_h3/cat_ids/69_英国短毛猫深蓝色.png,Ref_cat_teaser2.mp4,prepared/Ref_cat_teaser2.motion.mp4,prompts/cat_teaser2.v1.en.txt,69,69-british-shorthair-deep-blue,英国短毛猫深蓝色,06,06-cat-teaser2,cat_teaser2,起身向画面右侧追拍逗猫棒并站定,0,832_69-british-shorthair-deep-blue_06-cat-teaser2_seed-0,4,4.0,24,480,832,15:26,9:16,cat_teaser2.v1+cat_identity.v1,pending_model_validation,afbe4b8b9e80d55b1b16d8e216206dabad40da91aed1f164723acc8dca5186c8,a8c95e9c38443d4d231086357cb356e7c98cb2af1a6bfa216feae39e945cc0ec,prompts/cat_identity.v1.json
833,833,../data_h3/cat_ids/69_英国短毛猫深蓝色.png,Ref_cat_teaser2_mirror.mp4,prepared/Ref_cat_teaser2_mirror.motion.mp4,prompts/cat_teaser2_mirror.v1.en.txt,69,69-british-shorthair-deep-blue,英国短毛猫深蓝色,07,07-cat-teaser2-mirror,cat_teaser2_mirror,起身向画面左侧追拍逗猫棒并站定,0,833_69-british-shorthair-deep-blue_07-cat-teaser2-mirror_seed-0,4,4.0,24,480,832,15:26,9:16,cat_teaser2_mirror.v1+cat_identity.v1,pending_model_validation,90247069fbd0546a80c11c773902011f1a4c851f3e94ca7ca8b4d1f3efbb8bfe,7d4ae2310b662639649d68fa4f699951317c36f76eb715534248659d1924613d,prompts/cat_identity.v1.json
834,834,../data_h3/cat_ids/69_英国短毛猫深蓝色.png,Ref_cat_teaser3.mp4,prepared/Ref_cat_teaser3.motion.mp4,prompts/cat_teaser3.v1.en.txt,69,69-british-shorthair-deep-blue,英国短毛猫深蓝色,08,08-cat-teaser3,cat_teaser3,双前爪抬起抓扑逗猫棒后落地坐定,0,834_69-british-shorthair-deep-blue_08-cat-teaser3_seed-0,4,4.0,24,480,832,15:26,9:16,cat_teaser3.v1+cat_identity.v1,pending_model_validation,952f617d4a2597e136f0fe3cc51030227e7e6b2a4d082ef50c2bb93686909456,71df79527a94810bcacebc9cb956fa137c891a4ed437386697434b19c5fbb7ce,prompts/cat_identity.v1.json
835,835,../data_h3/cat_ids/69_英国短毛猫深蓝色.png,Ref_drag_yarn_ball_and_catch.mp4,prepared/Ref_drag_yarn_ball_and_catch.motion.mp4,prompts/drag_yarn_ball_and_catch.v1.en.txt,69,69-british-shorthair-deep-blue,英国短毛猫深蓝色,09,09-drag-yarn-ball-and-catch,drag_yarn_ball_and_catch,追扑从画面左向右滚动的毛线球并按住,0,835_69-british-shorthair-deep-blue_09-drag-yarn-ball-and-catch_seed-0,4,4.0,24,480,832,15:26,9:16,drag_yarn_ball_and_catch.v1+cat_identity.v1,pending_model_validation,997a5d6b154b92b84a8c52e4e3f346bd30b02a7396d73d1547b81bf0a7f82b24,5b888bc1cdc661bc3b5760445027966ef8d36a31c447614acbd23d3ca6af442e,prompts/cat_identity.v1.json
836,836,../data_h3/cat_ids/69_英国短毛猫深蓝色.png,Ref_drag_yarn_ball_and_catch_mirror.mp4,prepared/Ref_drag_yarn_ball_and_catch_mirror.motion.mp4,prompts/drag_yarn_ball_and_catch_mirror.v1.en.txt,69,69-british-shorthair-deep-blue,英国短毛猫深蓝色,10,10-drag-yarn-ball-and-catch-mirror,drag_yarn_ball_and_catch_mirror,追扑从画面右向左滚动的毛线球并按住,0,836_69-british-shorthair-deep-blue_10-drag-yarn-ball-and-catch-mirror_seed-0,4,4.0,24,480,832,15:26,9:16,drag_yarn_ball_and_catch_mirror.v1+cat_identity.v1,pending_model_validation,4ea197f5213ea8e92b10ec42ad1d19f317b7aae6c6eba8a31ebcde425e042473,8b44957f6ebaca7c04c4a0af6bf4fbb65085b8ecf0acaf3433dc727a25b74982,prompts/cat_identity.v1.json
837,837,../data_h3/cat_ids/69_英国短毛猫深蓝色.png,Ref_curl_up_and_lie_down.mp4,prepared/Ref_curl_up_and_lie_down.motion.mp4,prompts/curl_up_and_lie_down.v1.en.txt,69,69-british-shorthair-deep-blue,英国短毛猫深蓝色,11,11-curl-up-and-lie-down,curl_up_and_lie_down,低头向画面左侧蜷卧并闭眼休息,0,837_69-british-shorthair-deep-blue_11-curl-up-and-lie-down_seed-0,4,4.0,24,480,832,15:26,9:16,curl_up_and_lie_down.v1+cat_identity.v1,pending_model_validation,f081a8de79187f5f11f5a68594a4d5db5eea72f48a11b763bb86330eb32ada2b,8414a980252d2baee6444085d2755563b7e0ccb3a138027e7cc6c1233be766eb,prompts/cat_identity.v1.json
838,838,../data_h3/cat_ids/69_英国短毛猫深蓝色.png,Ref_curl_up_and_lie_down_mirror.mp4,prepared/Ref_curl_up_and_lie_down_mirror.motion.mp4,prompts/curl_up_and_lie_down_mirror.v1.en.txt,69,69-british-shorthair-deep-blue,英国短毛猫深蓝色,12,12-curl-up-and-lie-down-mirror,curl_up_and_lie_down_mirror,低头向画面右侧蜷卧并闭眼休息,0,838_69-british-shorthair-deep-blue_12-curl-up-and-lie-down-mirror_seed-0,4,4.0,24,480,832,15:26,9:16,curl_up_and_lie_down_mirror.v1+cat_identity.v1,pending_model_validation,2061637f038a1506fa4562e49dc25075d93b33f9d9621491da0c695849c62526,5dcfd307dd80e4bd86fa73aff45f41f66eced8aba348a07f81f559f008a63527,prompts/cat_identity.v1.json
839,839,../data_h3/cat_ids/69_英国短毛猫深蓝色.png,Ref_walk_forward_to_screen.mp4,prepared/Ref_walk_forward_to_screen.motion.mp4,prompts/walk_forward_to_screen.v1.en.txt,69,69-british-shorthair-deep-blue,英国短毛猫深蓝色,13,13-walk-forward-to-screen,walk_forward_to_screen,起身向镜头走近并在近处站定,0,839_69-british-shorthair-deep-blue_13-walk-forward-to-screen_seed-0,4,4.041699,24,480,832,15:26,9:16,walk_forward_to_screen.v1+cat_identity.v1,pending_model_validation,1ba17fcc42dfd039bb04d3d71acedd20d71c4158e12ddf17dc2b2448b59ddc2e,b63a08fc2ef943e20b969f5567a1c9334a3d7ca21d68db70b052c4345a83014a,prompts/cat_identity.v1.json
840,840,../data_h3/cat_ids/70_短毛蓝眼白猫.png,Ref_drag_ear.mp4,prepared/Ref_drag_ear.motion.mp4,prompts/drag_ear.v1.en.txt,70,70-blue-eyed-white-shorthair,短毛蓝眼白猫,02,02-pull-left-ear,drag_ear,左前爪轻擦左耳与脸部后恢复坐姿,0,840_70-blue-eyed-white-shorthair_02-pull-left-ear_seed-0,4,4.0,24,480,832,15:26,9:16,drag_ear.v1+cat_identity.v1,pending_model_validation,ef62b1f1257b503188753fbcc35dcd8b9d80f4650503b4b3b8b247b9357abe88,241a5d66949edcf078e592e2d02939921c2ff68968a95640d4e5a7e2c4fe75c1,prompts/cat_identity.v1.json
841,841,../data_h3/cat_ids/70_短毛蓝眼白猫.png,Ref_drag_ear_mirror.mp4,prepared/Ref_drag_ear_mirror.motion.mp4,prompts/drag_ear_mirror.v1.en.txt,70,70-blue-eyed-white-shorthair,短毛蓝眼白猫,03,03-drag-ear-mirror,drag_ear_mirror,右前爪轻擦右耳与脸部后恢复坐姿,0,841_70-blue-eyed-white-shorthair_03-drag-ear-mirror_seed-0,4,4.0,24,480,832,15:26,9:16,drag_ear_mirror.v1+cat_identity.v1,pending_model_validation,d5891946eeb5f7eecc91b00f86db13375c8ea1039e97d184d03f447096ae8073,f5a0412ed913f5aad8bffb33c68c3b0ad7f4923f44f06370f768483b146897f4,prompts/cat_identity.v1.json
842,842,../data_h3/cat_ids/70_短毛蓝眼白猫.png,Ref_cat_teaser1.mp4,prepared/Ref_cat_teaser1.motion.mp4,prompts/cat_teaser1.v1.en.txt,70,70-blue-eyed-white-shorthair,短毛蓝眼白猫,04,04-cat-teaser1,cat_teaser1,左前爪坐姿拨打逗猫棒后注视玩具,0,842_70-blue-eyed-white-shorthair_04-cat-teaser1_seed-0,4,4.0,24,480,832,15:26,9:16,cat_teaser1.v1+cat_identity.v1,pending_model_validation,c0929a779f0c10288aee5455fd30d808e950cc6b0f94075bea940db92e2cf322,90ead0cb85338d88512f89fc4fdaa1599eaae717252a8a228289e47e9f7150f0,prompts/cat_identity.v1.json
843,843,../data_h3/cat_ids/70_短毛蓝眼白猫.png,Ref_cat_teaser1_mirror.mp4,prepared/Ref_cat_teaser1_mirror.motion.mp4,prompts/cat_teaser1_mirror.v1.en.txt,70,70-blue-eyed-white-shorthair,短毛蓝眼白猫,05,05-cat-teaser1-mirror,cat_teaser1_mirror,右前爪坐姿拨打逗猫棒后注视玩具,0,843_70-blue-eyed-white-shorthair_05-cat-teaser1-mirror_seed-0,4,4.0,24,480,832,15:26,9:16,cat_teaser1_mirror.v1+cat_identity.v1,pending_model_validation,43b0711bdd664e27742594565757d173f1d96ac799b0bf95d93f5c1a574e7287,af450da4b11a442fbb8dc3b090842b494306a33800841e4f3ac9399fb1a3e695,prompts/cat_identity.v1.json
844,844,../data_h3/cat_ids/70_短毛蓝眼白猫.png,Ref_cat_teaser2.mp4,prepared/Ref_cat_teaser2.motion.mp4,prompts/cat_teaser2.v1.en.txt,70,70-blue-eyed-white-shorthair,短毛蓝眼白猫,06,06-cat-teaser2,cat_teaser2,起身向画面右侧追拍逗猫棒并站定,0,844_70-blue-eyed-white-shorthair_06-cat-teaser2_seed-0,4,4.0,24,480,832,15:26,9:16,cat_teaser2.v1+cat_identity.v1,pending_model_validation,ff02b449c5b04a50c39503d9a203252af3e6ea53623f39e420642e060a8d144a,a8c95e9c38443d4d231086357cb356e7c98cb2af1a6bfa216feae39e945cc0ec,prompts/cat_identity.v1.json
845,845,../data_h3/cat_ids/70_短毛蓝眼白猫.png,Ref_cat_teaser2_mirror.mp4,prepared/Ref_cat_teaser2_mirror.motion.mp4,prompts/cat_teaser2_mirror.v1.en.txt,70,70-blue-eyed-white-shorthair,短毛蓝眼白猫,07,07-cat-teaser2-mirror,cat_teaser2_mirror,起身向画面左侧追拍逗猫棒并站定,0,845_70-blue-eyed-white-shorthair_07-cat-teaser2-mirror_seed-0,4,4.0,24,480,832,15:26,9:16,cat_teaser2_mirror.v1+cat_identity.v1,pending_model_validation,197a546875fa72dfa572b0003e4654a053254585cece1a2df1355555119b2e15,7d4ae2310b662639649d68fa4f699951317c36f76eb715534248659d1924613d,prompts/cat_identity.v1.json
846,846,../data_h3/cat_ids/70_短毛蓝眼白猫.png,Ref_cat_teaser3.mp4,prepared/Ref_cat_teaser3.motion.mp4,prompts/cat_teaser3.v1.en.txt,70,70-blue-eyed-white-shorthair,短毛蓝眼白猫,08,08-cat-teaser3,cat_teaser3,双前爪抬起抓扑逗猫棒后落地坐定,0,846_70-blue-eyed-white-shorthair_08-cat-teaser3_seed-0,4,4.0,24,480,832,15:26,9:16,cat_teaser3.v1+cat_identity.v1,pending_model_validation,b5c54f6f1f65971695729945fca43b834033e397c9a7f8b02a66b70821a00ac8,71df79527a94810bcacebc9cb956fa137c891a4ed437386697434b19c5fbb7ce,prompts/cat_identity.v1.json
847,847,../data_h3/cat_ids/70_短毛蓝眼白猫.png,Ref_drag_yarn_ball_and_catch.mp4,prepared/Ref_drag_yarn_ball_and_catch.motion.mp4,prompts/drag_yarn_ball_and_catch.v1.en.txt,70,70-blue-eyed-white-shorthair,短毛蓝眼白猫,09,09-drag-yarn-ball-and-catch,drag_yarn_ball_and_catch,追扑从画面左向右滚动的毛线球并按住,0,847_70-blue-eyed-white-shorthair_09-drag-yarn-ball-and-catch_seed-0,4,4.0,24,480,832,15:26,9:16,drag_yarn_ball_and_catch.v1+cat_identity.v1,pending_model_validation,91d147941e55d68e46e47d839bf22793feae3f78ba3d4acf3bc29cd1050ec170,5b888bc1cdc661bc3b5760445027966ef8d36a31c447614acbd23d3ca6af442e,prompts/cat_identity.v1.json
848,848,../data_h3/cat_ids/70_短毛蓝眼白猫.png,Ref_drag_yarn_ball_and_catch_mirror.mp4,prepared/Ref_drag_yarn_ball_and_catch_mirror.motion.mp4,prompts/drag_yarn_ball_and_catch_mirror.v1.en.txt,70,70-blue-eyed-white-shorthair,短毛蓝眼白猫,10,10-drag-yarn-ball-and-catch-mirror,drag_yarn_ball_and_catch_mirror,追扑从画面右向左滚动的毛线球并按住,0,848_70-blue-eyed-white-shorthair_10-drag-yarn-ball-and-catch-mirror_seed-0,4,4.0,24,480,832,15:26,9:16,drag_yarn_ball_and_catch_mirror.v1+cat_identity.v1,pending_model_validation,8c20849fe1548328b2edfd0530285cf305542a2ddcc65bd74a1093efd6380a21,8b44957f6ebaca7c04c4a0af6bf4fbb65085b8ecf0acaf3433dc727a25b74982,prompts/cat_identity.v1.json
849,849,../data_h3/cat_ids/70_短毛蓝眼白猫.png,Ref_curl_up_and_lie_down.mp4,prepared/Ref_curl_up_and_lie_down.motion.mp4,prompts/curl_up_and_lie_down.v1.en.txt,70,70-blue-eyed-white-shorthair,短毛蓝眼白猫,11,11-curl-up-and-lie-down,curl_up_and_lie_down,低头向画面左侧蜷卧并闭眼休息,0,849_70-blue-eyed-white-shorthair_11-curl-up-and-lie-down_seed-0,4,4.0,24,480,832,15:26,9:16,curl_up_and_lie_down.v1+cat_identity.v1,pending_model_validation,405eb3c275ee27bd3c27cd023aa59114d1f3da53c2a0b80f1585181f6db5d73f,8414a980252d2baee6444085d2755563b7e0ccb3a138027e7cc6c1233be766eb,prompts/cat_identity.v1.json
850,850,../data_h3/cat_ids/70_短毛蓝眼白猫.png,Ref_curl_up_and_lie_down_mirror.mp4,prepared/Ref_curl_up_and_lie_down_mirror.motion.mp4,prompts/curl_up_and_lie_down_mirror.v1.en.txt,70,70-blue-eyed-white-shorthair,短毛蓝眼白猫,12,12-curl-up-and-lie-down-mirror,curl_up_and_lie_down_mirror,低头向画面右侧蜷卧并闭眼休息,0,850_70-blue-eyed-white-shorthair_12-curl-up-and-lie-down-mirror_seed-0,4,4.0,24,480,832,15:26,9:16,curl_up_and_lie_down_mirror.v1+cat_identity.v1,pending_model_validation,37ed79b504b20ab25ad6145d5fe853e5b9e33cca897c2b3348c907579b7aaefe,5dcfd307dd80e4bd86fa73aff45f41f66eced8aba348a07f81f559f008a63527,prompts/cat_identity.v1.json
851,851,../data_h3/cat_ids/70_短毛蓝眼白猫.png,Ref_walk_forward_to_screen.mp4,prepared/Ref_walk_forward_to_screen.motion.mp4,prompts/walk_forward_to_screen.v1.en.txt,70,70-blue-eyed-white-shorthair,短毛蓝眼白猫,13,13-walk-forward-to-screen,walk_forward_to_screen,起身向镜头走近并在近处站定,0,851_70-blue-eyed-white-shorthair_13-walk-forward-to-screen_seed-0,4,4.041699,24,480,832,15:26,9:16,walk_forward_to_screen.v1+cat_identity.v1,pending_model_validation,71e6d1d41ba93e267ae6ef0222fa44fcbe506f600b8581bf8009894bfe025d25,b63a08fc2ef943e20b969f5567a1c9334a3d7ca21d68db70b052c4345a83014a,prompts/cat_identity.v1.json
852,852,../data_h3/cat_ids/71_短毛琥珀眼白猫.png,Ref_drag_ear.mp4,prepared/Ref_drag_ear.motion.mp4,prompts/drag_ear.v1.en.txt,71,71-amber-eyed-white-shorthair,短毛琥珀眼白猫,02,02-pull-left-ear,drag_ear,左前爪轻擦左耳与脸部后恢复坐姿,0,852_71-amber-eyed-white-shorthair_02-pull-left-ear_seed-0,4,4.0,24,480,832,15:26,9:16,drag_ear.v1+cat_identity.v1,pending_model_validation,0b89d3b320e8f4b95de5334a08467f99d5e4974e5c80fbb5b8f6e32af019aedd,241a5d66949edcf078e592e2d02939921c2ff68968a95640d4e5a7e2c4fe75c1,prompts/cat_identity.v1.json
853,853,../data_h3/cat_ids/71_短毛琥珀眼白猫.png,Ref_drag_ear_mirror.mp4,prepared/Ref_drag_ear_mirror.motion.mp4,prompts/drag_ear_mirror.v1.en.txt,71,71-amber-eyed-white-shorthair,短毛琥珀眼白猫,03,03-drag-ear-mirror,drag_ear_mirror,右前爪轻擦右耳与脸部后恢复坐姿,0,853_71-amber-eyed-white-shorthair_03-drag-ear-mirror_seed-0,4,4.0,24,480,832,15:26,9:16,drag_ear_mirror.v1+cat_identity.v1,pending_model_validation,34f96e5329af808c99df9fbbaeff1952a27470dc973d8958f6de6772e1cbe4ac,f5a0412ed913f5aad8bffb33c68c3b0ad7f4923f44f06370f768483b146897f4,prompts/cat_identity.v1.json
854,854,../data_h3/cat_ids/71_短毛琥珀眼白猫.png,Ref_cat_teaser1.mp4,prepared/Ref_cat_teaser1.motion.mp4,prompts/cat_teaser1.v1.en.txt,71,71-amber-eyed-white-shorthair,短毛琥珀眼白猫,04,04-cat-teaser1,cat_teaser1,左前爪坐姿拨打逗猫棒后注视玩具,0,854_71-amber-eyed-white-shorthair_04-cat-teaser1_seed-0,4,4.0,24,480,832,15:26,9:16,cat_teaser1.v1+cat_identity.v1,pending_model_validation,a19a6ec21ca719903b68b964d762649ab6cfbabdbed886a6421012d1f12dbcf5,90ead0cb85338d88512f89fc4fdaa1599eaae717252a8a228289e47e9f7150f0,prompts/cat_identity.v1.json
855,855,../data_h3/cat_ids/71_短毛琥珀眼白猫.png,Ref_cat_teaser1_mirror.mp4,prepared/Ref_cat_teaser1_mirror.motion.mp4,prompts/cat_teaser1_mirror.v1.en.txt,71,71-amber-eyed-white-shorthair,短毛琥珀眼白猫,05,05-cat-teaser1-mirror,cat_teaser1_mirror,右前爪坐姿拨打逗猫棒后注视玩具,0,855_71-amber-eyed-white-shorthair_05-cat-teaser1-mirror_seed-0,4,4.0,24,480,832,15:26,9:16,cat_teaser1_mirror.v1+cat_identity.v1,pending_model_validation,364c57b3b4da4b4cbd37118c8e1b2078bd315b9871d03c51a80c5a1ded253da5,af450da4b11a442fbb8dc3b090842b494306a33800841e4f3ac9399fb1a3e695,prompts/cat_identity.v1.json
856,856,../data_h3/cat_ids/71_短毛琥珀眼白猫.png,Ref_cat_teaser2.mp4,prepared/Ref_cat_teaser2.motion.mp4,prompts/cat_teaser2.v1.en.txt,71,71-amber-eyed-white-shorthair,短毛琥珀眼白猫,06,06-cat-teaser2,cat_teaser2,起身向画面右侧追拍逗猫棒并站定,0,856_71-amber-eyed-white-shorthair_06-cat-teaser2_seed-0,4,4.0,24,480,832,15:26,9:16,cat_teaser2.v1+cat_identity.v1,pending_model_validation,6e4c3079ecf8f8362714764232d00d9a30b84a0a41ce25c285d4a71493eee5a0,a8c95e9c38443d4d231086357cb356e7c98cb2af1a6bfa216feae39e945cc0ec,prompts/cat_identity.v1.json
857,857,../data_h3/cat_ids/71_短毛琥珀眼白猫.png,Ref_cat_teaser2_mirror.mp4,prepared/Ref_cat_teaser2_mirror.motion.mp4,prompts/cat_teaser2_mirror.v1.en.txt,71,71-amber-eyed-white-shorthair,短毛琥珀眼白猫,07,07-cat-teaser2-mirror,cat_teaser2_mirror,起身向画面左侧追拍逗猫棒并站定,0,857_71-amber-eyed-white-shorthair_07-cat-teaser2-mirror_seed-0,4,4.0,24,480,832,15:26,9:16,cat_teaser2_mirror.v1+cat_identity.v1,pending_model_validation,cc87419d0d431c9ea0afb1a638a72f576daec64e611fcc3044b8bb92ff98c0bd,7d4ae2310b662639649d68fa4f699951317c36f76eb715534248659d1924613d,prompts/cat_identity.v1.json
858,858,../data_h3/cat_ids/71_短毛琥珀眼白猫.png,Ref_cat_teaser3.mp4,prepared/Ref_cat_teaser3.motion.mp4,prompts/cat_teaser3.v1.en.txt,71,71-amber-eyed-white-shorthair,短毛琥珀眼白猫,08,08-cat-teaser3,cat_teaser3,双前爪抬起抓扑逗猫棒后落地坐定,0,858_71-amber-eyed-white-shorthair_08-cat-teaser3_seed-0,4,4.0,24,480,832,15:26,9:16,cat_teaser3.v1+cat_identity.v1,pending_model_validation,c72d78bab738cd4e6e535d607f1f79d5fcc764dc650665b1016d397109bddbd6,71df79527a94810bcacebc9cb956fa137c891a4ed437386697434b19c5fbb7ce,prompts/cat_identity.v1.json
859,859,../data_h3/cat_ids/71_短毛琥珀眼白猫.png,Ref_drag_yarn_ball_and_catch.mp4,prepared/Ref_drag_yarn_ball_and_catch.motion.mp4,prompts/drag_yarn_ball_and_catch.v1.en.txt,71,71-amber-eyed-white-shorthair,短毛琥珀眼白猫,09,09-drag-yarn-ball-and-catch,drag_yarn_ball_and_catch,追扑从画面左向右滚动的毛线球并按住,0,859_71-amber-eyed-white-shorthair_09-drag-yarn-ball-and-catch_seed-0,4,4.0,24,480,832,15:26,9:16,drag_yarn_ball_and_catch.v1+cat_identity.v1,pending_model_validation,e88d9b4dbbc19e7952fc4e8afd5b9f1914a613df8538a9db958f22439501da13,5b888bc1cdc661bc3b5760445027966ef8d36a31c447614acbd23d3ca6af442e,prompts/cat_identity.v1.json
860,860,../data_h3/cat_ids/71_短毛琥珀眼白猫.png,Ref_drag_yarn_ball_and_catch_mirror.mp4,prepared/Ref_drag_yarn_ball_and_catch_mirror.motion.mp4,prompts/drag_yarn_ball_and_catch_mirror.v1.en.txt,71,71-amber-eyed-white-shorthair,短毛琥珀眼白猫,10,10-drag-yarn-ball-and-catch-mirror,drag_yarn_ball_and_catch_mirror,追扑从画面右向左滚动的毛线球并按住,0,860_71-amber-eyed-white-shorthair_10-drag-yarn-ball-and-catch-mirror_seed-0,4,4.0,24,480,832,15:26,9:16,drag_yarn_ball_and_catch_mirror.v1+cat_identity.v1,pending_model_validation,70361c44fcf0be41d47385159e467bd1c3dfc7e990802c0c42317c5e568f5418,8b44957f6ebaca7c04c4a0af6bf4fbb65085b8ecf0acaf3433dc727a25b74982,prompts/cat_identity.v1.json
861,861,../data_h3/cat_ids/71_短毛琥珀眼白猫.png,Ref_curl_up_and_lie_down.mp4,prepared/Ref_curl_up_and_lie_down.motion.mp4,prompts/curl_up_and_lie_down.v1.en.txt,71,71-amber-eyed-white-shorthair,短毛琥珀眼白猫,11,11-curl-up-and-lie-down,curl_up_and_lie_down,低头向画面左侧蜷卧并闭眼休息,0,861_71-amber-eyed-white-shorthair_11-curl-up-and-lie-down_seed-0,4,4.0,24,480,832,15:26,9:16,curl_up_and_lie_down.v1+cat_identity.v1,pending_model_validation,bc547440c75b57aa08d6125e5ef56f3ffa9a97cbe73a0112b55e5a83e97ce358,8414a980252d2baee6444085d2755563b7e0ccb3a138027e7cc6c1233be766eb,prompts/cat_identity.v1.json
862,862,../data_h3/cat_ids/71_短毛琥珀眼白猫.png,Ref_curl_up_and_lie_down_mirror.mp4,prepared/Ref_curl_up_and_lie_down_mirror.motion.mp4,prompts/curl_up_and_lie_down_mirror.v1.en.txt,71,71-amber-eyed-white-shorthair,短毛琥珀眼白猫,12,12-curl-up-and-lie-down-mirror,curl_up_and_lie_down_mirror,低头向画面右侧蜷卧并闭眼休息,0,862_71-amber-eyed-white-shorthair_12-curl-up-and-lie-down-mirror_seed-0,4,4.0,24,480,832,15:26,9:16,curl_up_and_lie_down_mirror.v1+cat_identity.v1,pending_model_validation,1414aacff3dd4986f673ee6bb48793eee154786c2e079622c2049ea3f70f439b,5dcfd307dd80e4bd86fa73aff45f41f66eced8aba348a07f81f559f008a63527,prompts/cat_identity.v1.json
863,863,../data_h3/cat_ids/71_短毛琥珀眼白猫.png,Ref_walk_forward_to_screen.mp4,prepared/Ref_walk_forward_to_screen.motion.mp4,prompts/walk_forward_to_screen.v1.en.txt,71,71-amber-eyed-white-shorthair,短毛琥珀眼白猫,13,13-walk-forward-to-screen,walk_forward_to_screen,起身向镜头走近并在近处站定,0,863_71-amber-eyed-white-shorthair_13-walk-forward-to-screen_seed-0,4,4.041699,24,480,832,15:26,9:16,walk_forward_to_screen.v1+cat_identity.v1,pending_model_validation,d7bfabd12b1836b1014745eed714574a6a2a59dbe3dddb02201430ec3cde1feb,b63a08fc2ef943e20b969f5567a1c9334a3d7ca21d68db70b052c4345a83014a,prompts/cat_identity.v1.json
864,864,../data_h3/cat_ids/72_短毛分脸玳瑁猫.png,Ref_drag_ear.mp4,prepared/Ref_drag_ear.motion.mp4,prompts/drag_ear.v1.en.txt,72,72-split-face-tortoiseshell-shorthair,短毛分脸玳瑁猫,02,02-pull-left-ear,drag_ear,左前爪轻擦左耳与脸部后恢复坐姿,0,864_72-split-face-tortoiseshell-shorthair_02-pull-left-ear_seed-0,4,4.0,24,480,832,15:26,9:16,drag_ear.v1+cat_identity.v1,pending_model_validation,6f72a79488c0b44ab557c3c3644b1a881a0b413fa99190008fb3897a980ad9b3,241a5d66949edcf078e592e2d02939921c2ff68968a95640d4e5a7e2c4fe75c1,prompts/cat_identity.v1.json
865,865,../data_h3/cat_ids/72_短毛分脸玳瑁猫.png,Ref_drag_ear_mirror.mp4,prepared/Ref_drag_ear_mirror.motion.mp4,prompts/drag_ear_mirror.v1.en.txt,72,72-split-face-tortoiseshell-shorthair,短毛分脸玳瑁猫,03,03-drag-ear-mirror,drag_ear_mirror,右前爪轻擦右耳与脸部后恢复坐姿,0,865_72-split-face-tortoiseshell-shorthair_03-drag-ear-mirror_seed-0,4,4.0,24,480,832,15:26,9:16,drag_ear_mirror.v1+cat_identity.v1,pending_model_validation,6effb9bc070385d91115ca06bf23016a189ce9749899229f9900dcaa2cdb63c1,f5a0412ed913f5aad8bffb33c68c3b0ad7f4923f44f06370f768483b146897f4,prompts/cat_identity.v1.json
866,866,../data_h3/cat_ids/72_短毛分脸玳瑁猫.png,Ref_cat_teaser1.mp4,prepared/Ref_cat_teaser1.motion.mp4,prompts/cat_teaser1.v1.en.txt,72,72-split-face-tortoiseshell-shorthair,短毛分脸玳瑁猫,04,04-cat-teaser1,cat_teaser1,左前爪坐姿拨打逗猫棒后注视玩具,0,866_72-split-face-tortoiseshell-shorthair_04-cat-teaser1_seed-0,4,4.0,24,480,832,15:26,9:16,cat_teaser1.v1+cat_identity.v1,pending_model_validation,d9fc512fa1716a09a12d5735a5cf5b14a3e61cf25cf6eee1173bcbbe29b421c9,90ead0cb85338d88512f89fc4fdaa1599eaae717252a8a228289e47e9f7150f0,prompts/cat_identity.v1.json
867,867,../data_h3/cat_ids/72_短毛分脸玳瑁猫.png,Ref_cat_teaser1_mirror.mp4,prepared/Ref_cat_teaser1_mirror.motion.mp4,prompts/cat_teaser1_mirror.v1.en.txt,72,72-split-face-tortoiseshell-shorthair,短毛分脸玳瑁猫,05,05-cat-teaser1-mirror,cat_teaser1_mirror,右前爪坐姿拨打逗猫棒后注视玩具,0,867_72-split-face-tortoiseshell-shorthair_05-cat-teaser1-mirror_seed-0,4,4.0,24,480,832,15:26,9:16,cat_teaser1_mirror.v1+cat_identity.v1,pending_model_validation,30783da76d4b13ee1cada9e1871fc022991ed23a0fe0703e1974f0049964138f,af450da4b11a442fbb8dc3b090842b494306a33800841e4f3ac9399fb1a3e695,prompts/cat_identity.v1.json
868,868,../data_h3/cat_ids/72_短毛分脸玳瑁猫.png,Ref_cat_teaser2.mp4,prepared/Ref_cat_teaser2.motion.mp4,prompts/cat_teaser2.v1.en.txt,72,72-split-face-tortoiseshell-shorthair,短毛分脸玳瑁猫,06,06-cat-teaser2,cat_teaser2,起身向画面右侧追拍逗猫棒并站定,0,868_72-split-face-tortoiseshell-shorthair_06-cat-teaser2_seed-0,4,4.0,24,480,832,15:26,9:16,cat_teaser2.v1+cat_identity.v1,pending_model_validation,a042355dfb77b877c095eb5395a6a3876c14dee04b601f07532ed5c751aa8b01,a8c95e9c38443d4d231086357cb356e7c98cb2af1a6bfa216feae39e945cc0ec,prompts/cat_identity.v1.json
869,869,../data_h3/cat_ids/72_短毛分脸玳瑁猫.png,Ref_cat_teaser2_mirror.mp4,prepared/Ref_cat_teaser2_mirror.motion.mp4,prompts/cat_teaser2_mirror.v1.en.txt,72,72-split-face-tortoiseshell-shorthair,短毛分脸玳瑁猫,07,07-cat-teaser2-mirror,cat_teaser2_mirror,起身向画面左侧追拍逗猫棒并站定,0,869_72-split-face-tortoiseshell-shorthair_07-cat-teaser2-mirror_seed-0,4,4.0,24,480,832,15:26,9:16,cat_teaser2_mirror.v1+cat_identity.v1,pending_model_validation,6c4e3001c369fe783167e934a95e24aaad737ae629a4c32abe4e29e1602b262c,7d4ae2310b662639649d68fa4f699951317c36f76eb715534248659d1924613d,prompts/cat_identity.v1.json
870,870,../data_h3/cat_ids/72_短毛分脸玳瑁猫.png,Ref_cat_teaser3.mp4,prepared/Ref_cat_teaser3.motion.mp4,prompts/cat_teaser3.v1.en.txt,72,72-split-face-tortoiseshell-shorthair,短毛分脸玳瑁猫,08,08-cat-teaser3,cat_teaser3,双前爪抬起抓扑逗猫棒后落地坐定,0,870_72-split-face-tortoiseshell-shorthair_08-cat-teaser3_seed-0,4,4.0,24,480,832,15:26,9:16,cat_teaser3.v1+cat_identity.v1,pending_model_validation,a1252df12597c19686f2bd6ecd2539956113c1107ec7c06b9d044a2e31e1b54a,71df79527a94810bcacebc9cb956fa137c891a4ed437386697434b19c5fbb7ce,prompts/cat_identity.v1.json
871,871,../data_h3/cat_ids/72_短毛分脸玳瑁猫.png,Ref_drag_yarn_ball_and_catch.mp4,prepared/Ref_drag_yarn_ball_and_catch.motion.mp4,prompts/drag_yarn_ball_and_catch.v1.en.txt,72,72-split-face-tortoiseshell-shorthair,短毛分脸玳瑁猫,09,09-drag-yarn-ball-and-catch,drag_yarn_ball_and_catch,追扑从画面左向右滚动的毛线球并按住,0,871_72-split-face-tortoiseshell-shorthair_09-drag-yarn-ball-and-catch_seed-0,4,4.0,24,480,832,15:26,9:16,drag_yarn_ball_and_catch.v1+cat_identity.v1,pending_model_validation,1a973132db49ba7648b9a79e955367107a79c65fea4e55f7a04da7722be27188,5b888bc1cdc661bc3b5760445027966ef8d36a31c447614acbd23d3ca6af442e,prompts/cat_identity.v1.json
872,872,../data_h3/cat_ids/72_短毛分脸玳瑁猫.png,Ref_drag_yarn_ball_and_catch_mirror.mp4,prepared/Ref_drag_yarn_ball_and_catch_mirror.motion.mp4,prompts/drag_yarn_ball_and_catch_mirror.v1.en.txt,72,72-split-face-tortoiseshell-shorthair,短毛分脸玳瑁猫,10,10-drag-yarn-ball-and-catch-mirror,drag_yarn_ball_and_catch_mirror,追扑从画面右向左滚动的毛线球并按住,0,872_72-split-face-tortoiseshell-shorthair_10-drag-yarn-ball-and-catch-mirror_seed-0,4,4.0,24,480,832,15:26,9:16,drag_yarn_ball_and_catch_mirror.v1+cat_identity.v1,pending_model_validation,c06fc0e9229b6d9dd27ba5db2f557c69415bde8fb7de709c7c2072fdecab60fe,8b44957f6ebaca7c04c4a0af6bf4fbb65085b8ecf0acaf3433dc727a25b74982,prompts/cat_identity.v1.json
873,873,../data_h3/cat_ids/72_短毛分脸玳瑁猫.png,Ref_curl_up_and_lie_down.mp4,prepared/Ref_curl_up_and_lie_down.motion.mp4,prompts/curl_up_and_lie_down.v1.en.txt,72,72-split-face-tortoiseshell-shorthair,短毛分脸玳瑁猫,11,11-curl-up-and-lie-down,curl_up_and_lie_down,低头向画面左侧蜷卧并闭眼休息,0,873_72-split-face-tortoiseshell-shorthair_11-curl-up-and-lie-down_seed-0,4,4.0,24,480,832,15:26,9:16,curl_up_and_lie_down.v1+cat_identity.v1,pending_model_validation,c9c3e5a8909263a4c603e5639b8965eaed4122c7b30a2a83b117b58f5e0ea5dc,8414a980252d2baee6444085d2755563b7e0ccb3a138027e7cc6c1233be766eb,prompts/cat_identity.v1.json
874,874,../data_h3/cat_ids/72_短毛分脸玳瑁猫.png,Ref_curl_up_and_lie_down_mirror.mp4,prepared/Ref_curl_up_and_lie_down_mirror.motion.mp4,prompts/curl_up_and_lie_down_mirror.v1.en.txt,72,72-split-face-tortoiseshell-shorthair,短毛分脸玳瑁猫,12,12-curl-up-and-lie-down-mirror,curl_up_and_lie_down_mirror,低头向画面右侧蜷卧并闭眼休息,0,874_72-split-face-tortoiseshell-shorthair_12-curl-up-and-lie-down-mirror_seed-0,4,4.0,24,480,832,15:26,9:16,curl_up_and_lie_down_mirror.v1+cat_identity.v1,pending_model_validation,2be5915134cb646bba717ed776f5fa11dfa671bae6b7e43141c17ab95c589e26,5dcfd307dd80e4bd86fa73aff45f41f66eced8aba348a07f81f559f008a63527,prompts/cat_identity.v1.json
875,875,../data_h3/cat_ids/72_短毛分脸玳瑁猫.png,Ref_walk_forward_to_screen.mp4,prepared/Ref_walk_forward_to_screen.motion.mp4,prompts/walk_forward_to_screen.v1.en.txt,72,72-split-face-tortoiseshell-shorthair,短毛分脸玳瑁猫,13,13-walk-forward-to-screen,walk_forward_to_screen,起身向镜头走近并在近处站定,0,875_72-split-face-tortoiseshell-shorthair_13-walk-forward-to-screen_seed-0,4,4.041699,24,480,832,15:26,9:16,walk_forward_to_screen.v1+cat_identity.v1,pending_model_validation,e682a8462a535259e577af11b81d1b3bed3571011833cbb85c68bffdefbb7c6e,b63a08fc2ef943e20b969f5567a1c9334a3d7ca21d68db70b052c4345a83014a,prompts/cat_identity.v1.json
876,876,../data_h3/cat_ids/73_美国短毛猫银虎斑加白.png,Ref_drag_ear.mp4,prepared/Ref_drag_ear.motion.mp4,prompts/drag_ear.v1.en.txt,73,73-american-shorthair-silver-tabby-white,美国短毛猫银虎斑加白,02,02-pull-left-ear,drag_ear,左前爪轻擦左耳与脸部后恢复坐姿,0,876_73-american-shorthair-silver-tabby-white_02-pull-left-ear_seed-0,4,4.0,24,480,832,15:26,9:16,drag_ear.v1+cat_identity.v1,pending_model_validation,921fbc3cafbac1aa930b3d04a78ee7364be3fce562aba30698b570bb70ebc86a,241a5d66949edcf078e592e2d02939921c2ff68968a95640d4e5a7e2c4fe75c1,prompts/cat_identity.v1.json
877,877,../data_h3/cat_ids/73_美国短毛猫银虎斑加白.png,Ref_drag_ear_mirror.mp4,prepared/Ref_drag_ear_mirror.motion.mp4,prompts/drag_ear_mirror.v1.en.txt,73,73-american-shorthair-silver-tabby-white,美国短毛猫银虎斑加白,03,03-drag-ear-mirror,drag_ear_mirror,右前爪轻擦右耳与脸部后恢复坐姿,0,877_73-american-shorthair-silver-tabby-white_03-drag-ear-mirror_seed-0,4,4.0,24,480,832,15:26,9:16,drag_ear_mirror.v1+cat_identity.v1,pending_model_validation,dc667b51ed96e20319426104f73585eb69c7a54b1ec9cb6eed7dd5d0e65d6caa,f5a0412ed913f5aad8bffb33c68c3b0ad7f4923f44f06370f768483b146897f4,prompts/cat_identity.v1.json
878,878,../data_h3/cat_ids/73_美国短毛猫银虎斑加白.png,Ref_cat_teaser1.mp4,prepared/Ref_cat_teaser1.motion.mp4,prompts/cat_teaser1.v1.en.txt,73,73-american-shorthair-silver-tabby-white,美国短毛猫银虎斑加白,04,04-cat-teaser1,cat_teaser1,左前爪坐姿拨打逗猫棒后注视玩具,0,878_73-american-shorthair-silver-tabby-white_04-cat-teaser1_seed-0,4,4.0,24,480,832,15:26,9:16,cat_teaser1.v1+cat_identity.v1,pending_model_validation,19f68396d9cb87ad3a147d4ff5332c93aa8e28328901868cfb221e9631cf0fea,90ead0cb85338d88512f89fc4fdaa1599eaae717252a8a228289e47e9f7150f0,prompts/cat_identity.v1.json
879,879,../data_h3/cat_ids/73_美国短毛猫银虎斑加白.png,Ref_cat_teaser1_mirror.mp4,prepared/Ref_cat_teaser1_mirror.motion.mp4,prompts/cat_teaser1_mirror.v1.en.txt,73,73-american-shorthair-silver-tabby-white,美国短毛猫银虎斑加白,05,05-cat-teaser1-mirror,cat_teaser1_mirror,右前爪坐姿拨打逗猫棒后注视玩具,0,879_73-american-shorthair-silver-tabby-white_05-cat-teaser1-mirror_seed-0,4,4.0,24,480,832,15:26,9:16,cat_teaser1_mirror.v1+cat_identity.v1,pending_model_validation,07e93c82b9c3e7796b1f1be031abaf4bd605943bc160221dd6fa3faf552ab9be,af450da4b11a442fbb8dc3b090842b494306a33800841e4f3ac9399fb1a3e695,prompts/cat_identity.v1.json
880,880,../data_h3/cat_ids/73_美国短毛猫银虎斑加白.png,Ref_cat_teaser2.mp4,prepared/Ref_cat_teaser2.motion.mp4,prompts/cat_teaser2.v1.en.txt,73,73-american-shorthair-silver-tabby-white,美国短毛猫银虎斑加白,06,06-cat-teaser2,cat_teaser2,起身向画面右侧追拍逗猫棒并站定,0,880_73-american-shorthair-silver-tabby-white_06-cat-teaser2_seed-0,4,4.0,24,480,832,15:26,9:16,cat_teaser2.v1+cat_identity.v1,pending_model_validation,da5d23d961e0e3b4c266f9db451912bdddf37d08f536b3df0e54c2c5d59e90d9,a8c95e9c38443d4d231086357cb356e7c98cb2af1a6bfa216feae39e945cc0ec,prompts/cat_identity.v1.json
881,881,../data_h3/cat_ids/73_美国短毛猫银虎斑加白.png,Ref_cat_teaser2_mirror.mp4,prepared/Ref_cat_teaser2_mirror.motion.mp4,prompts/cat_teaser2_mirror.v1.en.txt,73,73-american-shorthair-silver-tabby-white,美国短毛猫银虎斑加白,07,07-cat-teaser2-mirror,cat_teaser2_mirror,起身向画面左侧追拍逗猫棒并站定,0,881_73-american-shorthair-silver-tabby-white_07-cat-teaser2-mirror_seed-0,4,4.0,24,480,832,15:26,9:16,cat_teaser2_mirror.v1+cat_identity.v1,pending_model_validation,bd730650052d455b0cfa7870066ec2245be62bced42452969e5603e07073d343,7d4ae2310b662639649d68fa4f699951317c36f76eb715534248659d1924613d,prompts/cat_identity.v1.json
882,882,../data_h3/cat_ids/73_美国短毛猫银虎斑加白.png,Ref_cat_teaser3.mp4,prepared/Ref_cat_teaser3.motion.mp4,prompts/cat_teaser3.v1.en.txt,73,73-american-shorthair-silver-tabby-white,美国短毛猫银虎斑加白,08,08-cat-teaser3,cat_teaser3,双前爪抬起抓扑逗猫棒后落地坐定,0,882_73-american-shorthair-silver-tabby-white_08-cat-teaser3_seed-0,4,4.0,24,480,832,15:26,9:16,cat_teaser3.v1+cat_identity.v1,pending_model_validation,624a7fe7d130ce52a7a6ec9cf8e0781671817ed469041f80e83b82eac9cb620a,71df79527a94810bcacebc9cb956fa137c891a4ed437386697434b19c5fbb7ce,prompts/cat_identity.v1.json
883,883,../data_h3/cat_ids/73_美国短毛猫银虎斑加白.png,Ref_drag_yarn_ball_and_catch.mp4,prepared/Ref_drag_yarn_ball_and_catch.motion.mp4,prompts/drag_yarn_ball_and_catch.v1.en.txt,73,73-american-shorthair-silver-tabby-white,美国短毛猫银虎斑加白,09,09-drag-yarn-ball-and-catch,drag_yarn_ball_and_catch,追扑从画面左向右滚动的毛线球并按住,0,883_73-american-shorthair-silver-tabby-white_09-drag-yarn-ball-and-catch_seed-0,4,4.0,24,480,832,15:26,9:16,drag_yarn_ball_and_catch.v1+cat_identity.v1,pending_model_validation,537aeda2f796f3ba6c3f5654d47a6e9d4037069b162e0e835d46ab5904a43dcd,5b888bc1cdc661bc3b5760445027966ef8d36a31c447614acbd23d3ca6af442e,prompts/cat_identity.v1.json
884,884,../data_h3/cat_ids/73_美国短毛猫银虎斑加白.png,Ref_drag_yarn_ball_and_catch_mirror.mp4,prepared/Ref_drag_yarn_ball_and_catch_mirror.motion.mp4,prompts/drag_yarn_ball_and_catch_mirror.v1.en.txt,73,73-american-shorthair-silver-tabby-white,美国短毛猫银虎斑加白,10,10-drag-yarn-ball-and-catch-mirror,drag_yarn_ball_and_catch_mirror,追扑从画面右向左滚动的毛线球并按住,0,884_73-american-shorthair-silver-tabby-white_10-drag-yarn-ball-and-catch-mirror_seed-0,4,4.0,24,480,832,15:26,9:16,drag_yarn_ball_and_catch_mirror.v1+cat_identity.v1,pending_model_validation,f0cda6ff85fcf0e04b1b5bb26d1ef75a6b65451f04054a2413b233e15671cd80,8b44957f6ebaca7c04c4a0af6bf4fbb65085b8ecf0acaf3433dc727a25b74982,prompts/cat_identity.v1.json
885,885,../data_h3/cat_ids/73_美国短毛猫银虎斑加白.png,Ref_curl_up_and_lie_down.mp4,prepared/Ref_curl_up_and_lie_down.motion.mp4,prompts/curl_up_and_lie_down.v1.en.txt,73,73-american-shorthair-silver-tabby-white,美国短毛猫银虎斑加白,11,11-curl-up-and-lie-down,curl_up_and_lie_down,低头向画面左侧蜷卧并闭眼休息,0,885_73-american-shorthair-silver-tabby-white_11-curl-up-and-lie-down_seed-0,4,4.0,24,480,832,15:26,9:16,curl_up_and_lie_down.v1+cat_identity.v1,pending_model_validation,59189fc0f5c84fb54903d1a5f4ebe6416141c6dc54317f14bae59a6fabfadeca,8414a980252d2baee6444085d2755563b7e0ccb3a138027e7cc6c1233be766eb,prompts/cat_identity.v1.json
886,886,../data_h3/cat_ids/73_美国短毛猫银虎斑加白.png,Ref_curl_up_and_lie_down_mirror.mp4,prepared/Ref_curl_up_and_lie_down_mirror.motion.mp4,prompts/curl_up_and_lie_down_mirror.v1.en.txt,73,73-american-shorthair-silver-tabby-white,美国短毛猫银虎斑加白,12,12-curl-up-and-lie-down-mirror,curl_up_and_lie_down_mirror,低头向画面右侧蜷卧并闭眼休息,0,886_73-american-shorthair-silver-tabby-white_12-curl-up-and-lie-down-mirror_seed-0,4,4.0,24,480,832,15:26,9:16,curl_up_and_lie_down_mirror.v1+cat_identity.v1,pending_model_validation,a8dd1d38a9229f432a5219a975172cf90a9f8091f33aeb44c6f175d99b609a48,5dcfd307dd80e4bd86fa73aff45f41f66eced8aba348a07f81f559f008a63527,prompts/cat_identity.v1.json
887,887,../data_h3/cat_ids/73_美国短毛猫银虎斑加白.png,Ref_walk_forward_to_screen.mp4,prepared/Ref_walk_forward_to_screen.motion.mp4,prompts/walk_forward_to_screen.v1.en.txt,73,73-american-shorthair-silver-tabby-white,美国短毛猫银虎斑加白,13,13-walk-forward-to-screen,walk_forward_to_screen,起身向镜头走近并在近处站定,0,887_73-american-shorthair-silver-tabby-white_13-walk-forward-to-screen_seed-0,4,4.041699,24,480,832,15:26,9:16,walk_forward_to_screen.v1+cat_identity.v1,pending_model_validation,ff7d68f4df76c28261b836f5365b697bb66abfb3ad02fc8f1c4d3a8a5280ec59,b63a08fc2ef943e20b969f5567a1c9334a3d7ca21d68db70b052c4345a83014a,prompts/cat_identity.v1.json
888,888,../data_h3/cat_ids/74_美国短毛猫棕经典虎斑.png,Ref_drag_ear.mp4,prepared/Ref_drag_ear.motion.mp4,prompts/drag_ear.v1.en.txt,74,74-american-shorthair-brown-classic-tabby,美国短毛猫棕经典虎斑,02,02-pull-left-ear,drag_ear,左前爪轻擦左耳与脸部后恢复坐姿,0,888_74-american-shorthair-brown-classic-tabby_02-pull-left-ear_seed-0,4,4.0,24,480,832,15:26,9:16,drag_ear.v1+cat_identity.v1,pending_model_validation,cd91c2ad8b903285f79035551201f90e8150507296b6f499a54bbb5e114bca1c,241a5d66949edcf078e592e2d02939921c2ff68968a95640d4e5a7e2c4fe75c1,prompts/cat_identity.v1.json
889,889,../data_h3/cat_ids/74_美国短毛猫棕经典虎斑.png,Ref_drag_ear_mirror.mp4,prepared/Ref_drag_ear_mirror.motion.mp4,prompts/drag_ear_mirror.v1.en.txt,74,74-american-shorthair-brown-classic-tabby,美国短毛猫棕经典虎斑,03,03-drag-ear-mirror,drag_ear_mirror,右前爪轻擦右耳与脸部后恢复坐姿,0,889_74-american-shorthair-brown-classic-tabby_03-drag-ear-mirror_seed-0,4,4.0,24,480,832,15:26,9:16,drag_ear_mirror.v1+cat_identity.v1,pending_model_validation,92217d05d1a9f04c62742f2eae34bbe2b2e556d1ed004435f9d8063439b8870f,f5a0412ed913f5aad8bffb33c68c3b0ad7f4923f44f06370f768483b146897f4,prompts/cat_identity.v1.json
890,890,../data_h3/cat_ids/74_美国短毛猫棕经典虎斑.png,Ref_cat_teaser1.mp4,prepared/Ref_cat_teaser1.motion.mp4,prompts/cat_teaser1.v1.en.txt,74,74-american-shorthair-brown-classic-tabby,美国短毛猫棕经典虎斑,04,04-cat-teaser1,cat_teaser1,左前爪坐姿拨打逗猫棒后注视玩具,0,890_74-american-shorthair-brown-classic-tabby_04-cat-teaser1_seed-0,4,4.0,24,480,832,15:26,9:16,cat_teaser1.v1+cat_identity.v1,pending_model_validation,79467c3064d3ec6258703a16cd7e615cb6ba31ae17a3b8a5595439ab77bb17bb,90ead0cb85338d88512f89fc4fdaa1599eaae717252a8a228289e47e9f7150f0,prompts/cat_identity.v1.json
891,891,../data_h3/cat_ids/74_美国短毛猫棕经典虎斑.png,Ref_cat_teaser1_mirror.mp4,prepared/Ref_cat_teaser1_mirror.motion.mp4,prompts/cat_teaser1_mirror.v1.en.txt,74,74-american-shorthair-brown-classic-tabby,美国短毛猫棕经典虎斑,05,05-cat-teaser1-mirror,cat_teaser1_mirror,右前爪坐姿拨打逗猫棒后注视玩具,0,891_74-american-shorthair-brown-classic-tabby_05-cat-teaser1-mirror_seed-0,4,4.0,24,480,832,15:26,9:16,cat_teaser1_mirror.v1+cat_identity.v1,pending_model_validation,ce2fe9f52d2f95fbfceee91157d4868c419a87699edba50ed1916276a683ee86,af450da4b11a442fbb8dc3b090842b494306a33800841e4f3ac9399fb1a3e695,prompts/cat_identity.v1.json
892,892,../data_h3/cat_ids/74_美国短毛猫棕经典虎斑.png,Ref_cat_teaser2.mp4,prepared/Ref_cat_teaser2.motion.mp4,prompts/cat_teaser2.v1.en.txt,74,74-american-shorthair-brown-classic-tabby,美国短毛猫棕经典虎斑,06,06-cat-teaser2,cat_teaser2,起身向画面右侧追拍逗猫棒并站定,0,892_74-american-shorthair-brown-classic-tabby_06-cat-teaser2_seed-0,4,4.0,24,480,832,15:26,9:16,cat_teaser2.v1+cat_identity.v1,pending_model_validation,bf876e87ce1e9f99d7b604c7a1e378debdf4dec5844f306c76122430f8e06d6f,a8c95e9c38443d4d231086357cb356e7c98cb2af1a6bfa216feae39e945cc0ec,prompts/cat_identity.v1.json
893,893,../data_h3/cat_ids/74_美国短毛猫棕经典虎斑.png,Ref_cat_teaser2_mirror.mp4,prepared/Ref_cat_teaser2_mirror.motion.mp4,prompts/cat_teaser2_mirror.v1.en.txt,74,74-american-shorthair-brown-classic-tabby,美国短毛猫棕经典虎斑,07,07-cat-teaser2-mirror,cat_teaser2_mirror,起身向画面左侧追拍逗猫棒并站定,0,893_74-american-shorthair-brown-classic-tabby_07-cat-teaser2-mirror_seed-0,4,4.0,24,480,832,15:26,9:16,cat_teaser2_mirror.v1+cat_identity.v1,pending_model_validation,d15cf0c534f34c2d43fb3ef04576a4d6d56a743f308e9014995bff1eb81f4bea,7d4ae2310b662639649d68fa4f699951317c36f76eb715534248659d1924613d,prompts/cat_identity.v1.json
894,894,../data_h3/cat_ids/74_美国短毛猫棕经典虎斑.png,Ref_cat_teaser3.mp4,prepared/Ref_cat_teaser3.motion.mp4,prompts/cat_teaser3.v1.en.txt,74,74-american-shorthair-brown-classic-tabby,美国短毛猫棕经典虎斑,08,08-cat-teaser3,cat_teaser3,双前爪抬起抓扑逗猫棒后落地坐定,0,894_74-american-shorthair-brown-classic-tabby_08-cat-teaser3_seed-0,4,4.0,24,480,832,15:26,9:16,cat_teaser3.v1+cat_identity.v1,pending_model_validation,6089007d2e6ab407b06c5dafdfe13e0a86f6b064f19494175ca4d5441313b700,71df79527a94810bcacebc9cb956fa137c891a4ed437386697434b19c5fbb7ce,prompts/cat_identity.v1.json
895,895,../data_h3/cat_ids/74_美国短毛猫棕经典虎斑.png,Ref_drag_yarn_ball_and_catch.mp4,prepared/Ref_drag_yarn_ball_and_catch.motion.mp4,prompts/drag_yarn_ball_and_catch.v1.en.txt,74,74-american-shorthair-brown-classic-tabby,美国短毛猫棕经典虎斑,09,09-drag-yarn-ball-and-catch,drag_yarn_ball_and_catch,追扑从画面左向右滚动的毛线球并按住,0,895_74-american-shorthair-brown-classic-tabby_09-drag-yarn-ball-and-catch_seed-0,4,4.0,24,480,832,15:26,9:16,drag_yarn_ball_and_catch.v1+cat_identity.v1,pending_model_validation,32afd71401543820ec5a545d1672f60fbd18ab5cde4ef2b266fce8754c66cac7,5b888bc1cdc661bc3b5760445027966ef8d36a31c447614acbd23d3ca6af442e,prompts/cat_identity.v1.json
896,896,../data_h3/cat_ids/74_美国短毛猫棕经典虎斑.png,Ref_drag_yarn_ball_and_catch_mirror.mp4,prepared/Ref_drag_yarn_ball_and_catch_mirror.motion.mp4,prompts/drag_yarn_ball_and_catch_mirror.v1.en.txt,74,74-american-shorthair-brown-classic-tabby,美国短毛猫棕经典虎斑,10,10-drag-yarn-ball-and-catch-mirror,drag_yarn_ball_and_catch_mirror,追扑从画面右向左滚动的毛线球并按住,0,896_74-american-shorthair-brown-classic-tabby_10-drag-yarn-ball-and-catch-mirror_seed-0,4,4.0,24,480,832,15:26,9:16,drag_yarn_ball_and_catch_mirror.v1+cat_identity.v1,pending_model_validation,1094aee427d350b9c2e7ba6c187eee0e653c2f2e7ec9b101164ab573e19245a5,8b44957f6ebaca7c04c4a0af6bf4fbb65085b8ecf0acaf3433dc727a25b74982,prompts/cat_identity.v1.json
897,897,../data_h3/cat_ids/74_美国短毛猫棕经典虎斑.png,Ref_curl_up_and_lie_down.mp4,prepared/Ref_curl_up_and_lie_down.motion.mp4,prompts/curl_up_and_lie_down.v1.en.txt,74,74-american-shorthair-brown-classic-tabby,美国短毛猫棕经典虎斑,11,11-curl-up-and-lie-down,curl_up_and_lie_down,低头向画面左侧蜷卧并闭眼休息,0,897_74-american-shorthair-brown-classic-tabby_11-curl-up-and-lie-down_seed-0,4,4.0,24,480,832,15:26,9:16,curl_up_and_lie_down.v1+cat_identity.v1,pending_model_validation,869197468c36c5ea16d514e1c28c47270f54329333a6d1fb42f552c5be6e04e2,8414a980252d2baee6444085d2755563b7e0ccb3a138027e7cc6c1233be766eb,prompts/cat_identity.v1.json
898,898,../data_h3/cat_ids/74_美国短毛猫棕经典虎斑.png,Ref_curl_up_and_lie_down_mirror.mp4,prepared/Ref_curl_up_and_lie_down_mirror.motion.mp4,prompts/curl_up_and_lie_down_mirror.v1.en.txt,74,74-american-shorthair-brown-classic-tabby,美国短毛猫棕经典虎斑,12,12-curl-up-and-lie-down-mirror,curl_up_and_lie_down_mirror,低头向画面右侧蜷卧并闭眼休息,0,898_74-american-shorthair-brown-classic-tabby_12-curl-up-and-lie-down-mirror_seed-0,4,4.0,24,480,832,15:26,9:16,curl_up_and_lie_down_mirror.v1+cat_identity.v1,pending_model_validation,a36994c794ad9689c63ec68a674282cc0a65ed9fdacfe10f82fb415b14a306b9,5dcfd307dd80e4bd86fa73aff45f41f66eced8aba348a07f81f559f008a63527,prompts/cat_identity.v1.json
899,899,../data_h3/cat_ids/74_美国短毛猫棕经典虎斑.png,Ref_walk_forward_to_screen.mp4,prepared/Ref_walk_forward_to_screen.motion.mp4,prompts/walk_forward_to_screen.v1.en.txt,74,74-american-shorthair-brown-classic-tabby,美国短毛猫棕经典虎斑,13,13-walk-forward-to-screen,walk_forward_to_screen,起身向镜头走近并在近处站定,0,899_74-american-shorthair-brown-classic-tabby_13-walk-forward-to-screen_seed-0,4,4.041699,24,480,832,15:26,9:16,walk_forward_to_screen.v1+cat_identity.v1,pending_model_validation,511ea582facd5f2e1cb9ee2d58813b3632b363ad97d9a55ff45b4b187c6da84f,b63a08fc2ef943e20b969f5567a1c9334a3d7ca21d68db70b052c4345a83014a,prompts/cat_identity.v1.json
900,900,../data_h3/cat_ids/75_英国短毛猫深金渐层.png,Ref_drag_ear.mp4,prepared/Ref_drag_ear.motion.mp4,prompts/drag_ear.v1.en.txt,75,75-british-shorthair-deep-golden-shaded,英国短毛猫深金渐层,02,02-pull-left-ear,drag_ear,左前爪轻擦左耳与脸部后恢复坐姿,0,900_75-british-shorthair-deep-golden-shaded_02-pull-left-ear_seed-0,4,4.0,24,480,832,15:26,9:16,drag_ear.v1+cat_identity.v1,pending_model_validation,6680cde31f467591ed99e1b7a342f0a0089897a5f5ff45093405fdbffe11e172,241a5d66949edcf078e592e2d02939921c2ff68968a95640d4e5a7e2c4fe75c1,prompts/cat_identity.v1.json
901,901,../data_h3/cat_ids/75_英国短毛猫深金渐层.png,Ref_drag_ear_mirror.mp4,prepared/Ref_drag_ear_mirror.motion.mp4,prompts/drag_ear_mirror.v1.en.txt,75,75-british-shorthair-deep-golden-shaded,英国短毛猫深金渐层,03,03-drag-ear-mirror,drag_ear_mirror,右前爪轻擦右耳与脸部后恢复坐姿,0,901_75-british-shorthair-deep-golden-shaded_03-drag-ear-mirror_seed-0,4,4.0,24,480,832,15:26,9:16,drag_ear_mirror.v1+cat_identity.v1,pending_model_validation,1308b1f005d6a525e7dce62ad151706ab51d1f698457ebf92b55e6cd195ee49b,f5a0412ed913f5aad8bffb33c68c3b0ad7f4923f44f06370f768483b146897f4,prompts/cat_identity.v1.json
902,902,../data_h3/cat_ids/75_英国短毛猫深金渐层.png,Ref_cat_teaser1.mp4,prepared/Ref_cat_teaser1.motion.mp4,prompts/cat_teaser1.v1.en.txt,75,75-british-shorthair-deep-golden-shaded,英国短毛猫深金渐层,04,04-cat-teaser1,cat_teaser1,左前爪坐姿拨打逗猫棒后注视玩具,0,902_75-british-shorthair-deep-golden-shaded_04-cat-teaser1_seed-0,4,4.0,24,480,832,15:26,9:16,cat_teaser1.v1+cat_identity.v1,pending_model_validation,842510658bd9bd54f6dc829278ef3668f8d16e10623e159a9a6b7cc5f5f45d54,90ead0cb85338d88512f89fc4fdaa1599eaae717252a8a228289e47e9f7150f0,prompts/cat_identity.v1.json
903,903,../data_h3/cat_ids/75_英国短毛猫深金渐层.png,Ref_cat_teaser1_mirror.mp4,prepared/Ref_cat_teaser1_mirror.motion.mp4,prompts/cat_teaser1_mirror.v1.en.txt,75,75-british-shorthair-deep-golden-shaded,英国短毛猫深金渐层,05,05-cat-teaser1-mirror,cat_teaser1_mirror,右前爪坐姿拨打逗猫棒后注视玩具,0,903_75-british-shorthair-deep-golden-shaded_05-cat-teaser1-mirror_seed-0,4,4.0,24,480,832,15:26,9:16,cat_teaser1_mirror.v1+cat_identity.v1,pending_model_validation,a4ca291319fb19609a9890ecece673e43fe12b38bacdd22a52e7cbd240ca27ad,af450da4b11a442fbb8dc3b090842b494306a33800841e4f3ac9399fb1a3e695,prompts/cat_identity.v1.json
904,904,../data_h3/cat_ids/75_英国短毛猫深金渐层.png,Ref_cat_teaser2.mp4,prepared/Ref_cat_teaser2.motion.mp4,prompts/cat_teaser2.v1.en.txt,75,75-british-shorthair-deep-golden-shaded,英国短毛猫深金渐层,06,06-cat-teaser2,cat_teaser2,起身向画面右侧追拍逗猫棒并站定,0,904_75-british-shorthair-deep-golden-shaded_06-cat-teaser2_seed-0,4,4.0,24,480,832,15:26,9:16,cat_teaser2.v1+cat_identity.v1,pending_model_validation,077d508392dd3e035525ebb19d91650ff8658fa023e8399cad968d2fe088ae3c,a8c95e9c38443d4d231086357cb356e7c98cb2af1a6bfa216feae39e945cc0ec,prompts/cat_identity.v1.json
905,905,../data_h3/cat_ids/75_英国短毛猫深金渐层.png,Ref_cat_teaser2_mirror.mp4,prepared/Ref_cat_teaser2_mirror.motion.mp4,prompts/cat_teaser2_mirror.v1.en.txt,75,75-british-shorthair-deep-golden-shaded,英国短毛猫深金渐层,07,07-cat-teaser2-mirror,cat_teaser2_mirror,起身向画面左侧追拍逗猫棒并站定,0,905_75-british-shorthair-deep-golden-shaded_07-cat-teaser2-mirror_seed-0,4,4.0,24,480,832,15:26,9:16,cat_teaser2_mirror.v1+cat_identity.v1,pending_model_validation,1021d99523d7df87d02e6940f4fd6956c97e3af3a47248b9f24418a17b06f66d,7d4ae2310b662639649d68fa4f699951317c36f76eb715534248659d1924613d,prompts/cat_identity.v1.json
906,906,../data_h3/cat_ids/75_英国短毛猫深金渐层.png,Ref_cat_teaser3.mp4,prepared/Ref_cat_teaser3.motion.mp4,prompts/cat_teaser3.v1.en.txt,75,75-british-shorthair-deep-golden-shaded,英国短毛猫深金渐层,08,08-cat-teaser3,cat_teaser3,双前爪抬起抓扑逗猫棒后落地坐定,0,906_75-british-shorthair-deep-golden-shaded_08-cat-teaser3_seed-0,4,4.0,24,480,832,15:26,9:16,cat_teaser3.v1+cat_identity.v1,pending_model_validation,a10f96b9e3331a8f09295a43a74c481ec4622d6b3f75eceda2145117ce428639,71df79527a94810bcacebc9cb956fa137c891a4ed437386697434b19c5fbb7ce,prompts/cat_identity.v1.json
907,907,../data_h3/cat_ids/75_英国短毛猫深金渐层.png,Ref_drag_yarn_ball_and_catch.mp4,prepared/Ref_drag_yarn_ball_and_catch.motion.mp4,prompts/drag_yarn_ball_and_catch.v1.en.txt,75,75-british-shorthair-deep-golden-shaded,英国短毛猫深金渐层,09,09-drag-yarn-ball-and-catch,drag_yarn_ball_and_catch,追扑从画面左向右滚动的毛线球并按住,0,907_75-british-shorthair-deep-golden-shaded_09-drag-yarn-ball-and-catch_seed-0,4,4.0,24,480,832,15:26,9:16,drag_yarn_ball_and_catch.v1+cat_identity.v1,pending_model_validation,fd2afadb1aa1f3a529f29c23b355f26671cafeeff3a2b89b3d7991dc3ade9c61,5b888bc1cdc661bc3b5760445027966ef8d36a31c447614acbd23d3ca6af442e,prompts/cat_identity.v1.json
908,908,../data_h3/cat_ids/75_英国短毛猫深金渐层.png,Ref_drag_yarn_ball_and_catch_mirror.mp4,prepared/Ref_drag_yarn_ball_and_catch_mirror.motion.mp4,prompts/drag_yarn_ball_and_catch_mirror.v1.en.txt,75,75-british-shorthair-deep-golden-shaded,英国短毛猫深金渐层,10,10-drag-yarn-ball-and-catch-mirror,drag_yarn_ball_and_catch_mirror,追扑从画面右向左滚动的毛线球并按住,0,908_75-british-shorthair-deep-golden-shaded_10-drag-yarn-ball-and-catch-mirror_seed-0,4,4.0,24,480,832,15:26,9:16,drag_yarn_ball_and_catch_mirror.v1+cat_identity.v1,pending_model_validation,8eed55c13a8c648b9dc195f9ec0f977088579c0f81791c3eae7e40a3ee2713e0,8b44957f6ebaca7c04c4a0af6bf4fbb65085b8ecf0acaf3433dc727a25b74982,prompts/cat_identity.v1.json
909,909,../data_h3/cat_ids/75_英国短毛猫深金渐层.png,Ref_curl_up_and_lie_down.mp4,prepared/Ref_curl_up_and_lie_down.motion.mp4,prompts/curl_up_and_lie_down.v1.en.txt,75,75-british-shorthair-deep-golden-shaded,英国短毛猫深金渐层,11,11-curl-up-and-lie-down,curl_up_and_lie_down,低头向画面左侧蜷卧并闭眼休息,0,909_75-british-shorthair-deep-golden-shaded_11-curl-up-and-lie-down_seed-0,4,4.0,24,480,832,15:26,9:16,curl_up_and_lie_down.v1+cat_identity.v1,pending_model_validation,ebafca1d2beff040d46c50a90d4288057c1cadb4b94ceb14d42b7e5fff401eb8,8414a980252d2baee6444085d2755563b7e0ccb3a138027e7cc6c1233be766eb,prompts/cat_identity.v1.json
910,910,../data_h3/cat_ids/75_英国短毛猫深金渐层.png,Ref_curl_up_and_lie_down_mirror.mp4,prepared/Ref_curl_up_and_lie_down_mirror.motion.mp4,prompts/curl_up_and_lie_down_mirror.v1.en.txt,75,75-british-shorthair-deep-golden-shaded,英国短毛猫深金渐层,12,12-curl-up-and-lie-down-mirror,curl_up_and_lie_down_mirror,低头向画面右侧蜷卧并闭眼休息,0,910_75-british-shorthair-deep-golden-shaded_12-curl-up-and-lie-down-mirror_seed-0,4,4.0,24,480,832,15:26,9:16,curl_up_and_lie_down_mirror.v1+cat_identity.v1,pending_model_validation,279c2c5f16f140fe6ed9eb52305e2d00b05dbb826c80b8457db7637bec2e998f,5dcfd307dd80e4bd86fa73aff45f41f66eced8aba348a07f81f559f008a63527,prompts/cat_identity.v1.json
911,911,../data_h3/cat_ids/75_英国短毛猫深金渐层.png,Ref_walk_forward_to_screen.mp4,prepared/Ref_walk_forward_to_screen.motion.mp4,prompts/walk_forward_to_screen.v1.en.txt,75,75-british-shorthair-deep-golden-shaded,英国短毛猫深金渐层,13,13-walk-forward-to-screen,walk_forward_to_screen,起身向镜头走近并在近处站定,0,911_75-british-shorthair-deep-golden-shaded_13-walk-forward-to-screen_seed-0,4,4.041699,24,480,832,15:26,9:16,walk_forward_to_screen.v1+cat_identity.v1,pending_model_validation,1a24ad7a10b98b37620680cb0065a0b67161cf837fc6ebe1280e68a169507794,b63a08fc2ef943e20b969f5567a1c9334a3d7ca21d68db70b052c4345a83014a,prompts/cat_identity.v1.json
912,912,../data_h3/cat_ids/76_英国短毛猫浅金渐层.png,Ref_drag_ear.mp4,prepared/Ref_drag_ear.motion.mp4,prompts/drag_ear.v1.en.txt,76,76-british-shorthair-light-golden-shaded,英国短毛猫浅金渐层,02,02-pull-left-ear,drag_ear,左前爪轻擦左耳与脸部后恢复坐姿,0,912_76-british-shorthair-light-golden-shaded_02-pull-left-ear_seed-0,4,4.0,24,480,832,15:26,9:16,drag_ear.v1+cat_identity.v1,pending_model_validation,1a2e6d164adc691175961adb49a377cf3e8ece4fdb8c378dbaeb70b340b4bd90,241a5d66949edcf078e592e2d02939921c2ff68968a95640d4e5a7e2c4fe75c1,prompts/cat_identity.v1.json
913,913,../data_h3/cat_ids/76_英国短毛猫浅金渐层.png,Ref_drag_ear_mirror.mp4,prepared/Ref_drag_ear_mirror.motion.mp4,prompts/drag_ear_mirror.v1.en.txt,76,76-british-shorthair-light-golden-shaded,英国短毛猫浅金渐层,03,03-drag-ear-mirror,drag_ear_mirror,右前爪轻擦右耳与脸部后恢复坐姿,0,913_76-british-shorthair-light-golden-shaded_03-drag-ear-mirror_seed-0,4,4.0,24,480,832,15:26,9:16,drag_ear_mirror.v1+cat_identity.v1,pending_model_validation,54dcdf79e71fb1dcb4dfb7ed7aba4b5fb0fb8ca65772891040526f1077272c04,f5a0412ed913f5aad8bffb33c68c3b0ad7f4923f44f06370f768483b146897f4,prompts/cat_identity.v1.json
914,914,../data_h3/cat_ids/76_英国短毛猫浅金渐层.png,Ref_cat_teaser1.mp4,prepared/Ref_cat_teaser1.motion.mp4,prompts/cat_teaser1.v1.en.txt,76,76-british-shorthair-light-golden-shaded,英国短毛猫浅金渐层,04,04-cat-teaser1,cat_teaser1,左前爪坐姿拨打逗猫棒后注视玩具,0,914_76-british-shorthair-light-golden-shaded_04-cat-teaser1_seed-0,4,4.0,24,480,832,15:26,9:16,cat_teaser1.v1+cat_identity.v1,pending_model_validation,06a2aba4634a44a6b6ca51e361631ed3ac8328cd834924af81e6f6efc445e96c,90ead0cb85338d88512f89fc4fdaa1599eaae717252a8a228289e47e9f7150f0,prompts/cat_identity.v1.json
915,915,../data_h3/cat_ids/76_英国短毛猫浅金渐层.png,Ref_cat_teaser1_mirror.mp4,prepared/Ref_cat_teaser1_mirror.motion.mp4,prompts/cat_teaser1_mirror.v1.en.txt,76,76-british-shorthair-light-golden-shaded,英国短毛猫浅金渐层,05,05-cat-teaser1-mirror,cat_teaser1_mirror,右前爪坐姿拨打逗猫棒后注视玩具,0,915_76-british-shorthair-light-golden-shaded_05-cat-teaser1-mirror_seed-0,4,4.0,24,480,832,15:26,9:16,cat_teaser1_mirror.v1+cat_identity.v1,pending_model_validation,646bebd68b2f490a8fdf0866d1f77e19e3047d4be5ac068a295217429ff479d2,af450da4b11a442fbb8dc3b090842b494306a33800841e4f3ac9399fb1a3e695,prompts/cat_identity.v1.json
916,916,../data_h3/cat_ids/76_英国短毛猫浅金渐层.png,Ref_cat_teaser2.mp4,prepared/Ref_cat_teaser2.motion.mp4,prompts/cat_teaser2.v1.en.txt,76,76-british-shorthair-light-golden-shaded,英国短毛猫浅金渐层,06,06-cat-teaser2,cat_teaser2,起身向画面右侧追拍逗猫棒并站定,0,916_76-british-shorthair-light-golden-shaded_06-cat-teaser2_seed-0,4,4.0,24,480,832,15:26,9:16,cat_teaser2.v1+cat_identity.v1,pending_model_validation,008893424ddb6dd47e514e30bb9f104e183a177be143bd5eaee7a6b820592ad1,a8c95e9c38443d4d231086357cb356e7c98cb2af1a6bfa216feae39e945cc0ec,prompts/cat_identity.v1.json
917,917,../data_h3/cat_ids/76_英国短毛猫浅金渐层.png,Ref_cat_teaser2_mirror.mp4,prepared/Ref_cat_teaser2_mirror.motion.mp4,prompts/cat_teaser2_mirror.v1.en.txt,76,76-british-shorthair-light-golden-shaded,英国短毛猫浅金渐层,07,07-cat-teaser2-mirror,cat_teaser2_mirror,起身向画面左侧追拍逗猫棒并站定,0,917_76-british-shorthair-light-golden-shaded_07-cat-teaser2-mirror_seed-0,4,4.0,24,480,832,15:26,9:16,cat_teaser2_mirror.v1+cat_identity.v1,pending_model_validation,88f78912ebff6719e1ff0fcf1044e7e9374eae523847b9073b278a9f8cac0912,7d4ae2310b662639649d68fa4f699951317c36f76eb715534248659d1924613d,prompts/cat_identity.v1.json
918,918,../data_h3/cat_ids/76_英国短毛猫浅金渐层.png,Ref_cat_teaser3.mp4,prepared/Ref_cat_teaser3.motion.mp4,prompts/cat_teaser3.v1.en.txt,76,76-british-shorthair-light-golden-shaded,英国短毛猫浅金渐层,08,08-cat-teaser3,cat_teaser3,双前爪抬起抓扑逗猫棒后落地坐定,0,918_76-british-shorthair-light-golden-shaded_08-cat-teaser3_seed-0,4,4.0,24,480,832,15:26,9:16,cat_teaser3.v1+cat_identity.v1,pending_model_validation,71ce9e0f9247c5a9d693fb12b8d53d61e96671975f179efe813ed20b7722fe6d,71df79527a94810bcacebc9cb956fa137c891a4ed437386697434b19c5fbb7ce,prompts/cat_identity.v1.json
919,919,../data_h3/cat_ids/76_英国短毛猫浅金渐层.png,Ref_drag_yarn_ball_and_catch.mp4,prepared/Ref_drag_yarn_ball_and_catch.motion.mp4,prompts/drag_yarn_ball_and_catch.v1.en.txt,76,76-british-shorthair-light-golden-shaded,英国短毛猫浅金渐层,09,09-drag-yarn-ball-and-catch,drag_yarn_ball_and_catch,追扑从画面左向右滚动的毛线球并按住,0,919_76-british-shorthair-light-golden-shaded_09-drag-yarn-ball-and-catch_seed-0,4,4.0,24,480,832,15:26,9:16,drag_yarn_ball_and_catch.v1+cat_identity.v1,pending_model_validation,828e7508f92e73b003c0cd14b5fa989e3de7eae90a399b44f9149175a6a9a3a2,5b888bc1cdc661bc3b5760445027966ef8d36a31c447614acbd23d3ca6af442e,prompts/cat_identity.v1.json
920,920,../data_h3/cat_ids/76_英国短毛猫浅金渐层.png,Ref_drag_yarn_ball_and_catch_mirror.mp4,prepared/Ref_drag_yarn_ball_and_catch_mirror.motion.mp4,prompts/drag_yarn_ball_and_catch_mirror.v1.en.txt,76,76-british-shorthair-light-golden-shaded,英国短毛猫浅金渐层,10,10-drag-yarn-ball-and-catch-mirror,drag_yarn_ball_and_catch_mirror,追扑从画面右向左滚动的毛线球并按住,0,920_76-british-shorthair-light-golden-shaded_10-drag-yarn-ball-and-catch-mirror_seed-0,4,4.0,24,480,832,15:26,9:16,drag_yarn_ball_and_catch_mirror.v1+cat_identity.v1,pending_model_validation,4c0685d08aa97e851c5d0fe29272d872d0efdf9648f432ce77a9bdb7960c122f,8b44957f6ebaca7c04c4a0af6bf4fbb65085b8ecf0acaf3433dc727a25b74982,prompts/cat_identity.v1.json
921,921,../data_h3/cat_ids/76_英国短毛猫浅金渐层.png,Ref_curl_up_and_lie_down.mp4,prepared/Ref_curl_up_and_lie_down.motion.mp4,prompts/curl_up_and_lie_down.v1.en.txt,76,76-british-shorthair-light-golden-shaded,英国短毛猫浅金渐层,11,11-curl-up-and-lie-down,curl_up_and_lie_down,低头向画面左侧蜷卧并闭眼休息,0,921_76-british-shorthair-light-golden-shaded_11-curl-up-and-lie-down_seed-0,4,4.0,24,480,832,15:26,9:16,curl_up_and_lie_down.v1+cat_identity.v1,pending_model_validation,fe5c4cb11733bbcb580f162da4e4b0e17db3307b8d8681ff4f346c463ad1e3f4,8414a980252d2baee6444085d2755563b7e0ccb3a138027e7cc6c1233be766eb,prompts/cat_identity.v1.json
922,922,../data_h3/cat_ids/76_英国短毛猫浅金渐层.png,Ref_curl_up_and_lie_down_mirror.mp4,prepared/Ref_curl_up_and_lie_down_mirror.motion.mp4,prompts/curl_up_and_lie_down_mirror.v1.en.txt,76,76-british-shorthair-light-golden-shaded,英国短毛猫浅金渐层,12,12-curl-up-and-lie-down-mirror,curl_up_and_lie_down_mirror,低头向画面右侧蜷卧并闭眼休息,0,922_76-british-shorthair-light-golden-shaded_12-curl-up-and-lie-down-mirror_seed-0,4,4.0,24,480,832,15:26,9:16,curl_up_and_lie_down_mirror.v1+cat_identity.v1,pending_model_validation,cc7df4d45e561f9e3d409cdf29612035620088d8ad4233d8f0f225af08c9b4a9,5dcfd307dd80e4bd86fa73aff45f41f66eced8aba348a07f81f559f008a63527,prompts/cat_identity.v1.json
923,923,../data_h3/cat_ids/76_英国短毛猫浅金渐层.png,Ref_walk_forward_to_screen.mp4,prepared/Ref_walk_forward_to_screen.motion.mp4,prompts/walk_forward_to_screen.v1.en.txt,76,76-british-shorthair-light-golden-shaded,英国短毛猫浅金渐层,13,13-walk-forward-to-screen,walk_forward_to_screen,起身向镜头走近并在近处站定,0,923_76-british-shorthair-light-golden-shaded_13-walk-forward-to-screen_seed-0,4,4.041699,24,480,832,15:26,9:16,walk_forward_to_screen.v1+cat_identity.v1,pending_model_validation,cab8b7ab2d92c9d8ef08b055146ae4f2a8874878ef2219cc4a317f18e97afcd2,b63a08fc2ef943e20b969f5567a1c9334a3d7ca21d68db70b052c4345a83014a,prompts/cat_identity.v1.json
924,924,../data_h3/cat_ids/77_英国短毛猫银渐层.png,Ref_drag_ear.mp4,prepared/Ref_drag_ear.motion.mp4,prompts/drag_ear.v1.en.txt,77,77-british-shorthair-silver-shaded,英国短毛猫银渐层,02,02-pull-left-ear,drag_ear,左前爪轻擦左耳与脸部后恢复坐姿,0,924_77-british-shorthair-silver-shaded_02-pull-left-ear_seed-0,4,4.0,24,480,832,15:26,9:16,drag_ear.v1+cat_identity.v1,pending_model_validation,ad784fbd53b2c2645adc54d22c11e3ceda39e79ff32af2fd58c507897d10c612,241a5d66949edcf078e592e2d02939921c2ff68968a95640d4e5a7e2c4fe75c1,prompts/cat_identity.v1.json
925,925,../data_h3/cat_ids/77_英国短毛猫银渐层.png,Ref_drag_ear_mirror.mp4,prepared/Ref_drag_ear_mirror.motion.mp4,prompts/drag_ear_mirror.v1.en.txt,77,77-british-shorthair-silver-shaded,英国短毛猫银渐层,03,03-drag-ear-mirror,drag_ear_mirror,右前爪轻擦右耳与脸部后恢复坐姿,0,925_77-british-shorthair-silver-shaded_03-drag-ear-mirror_seed-0,4,4.0,24,480,832,15:26,9:16,drag_ear_mirror.v1+cat_identity.v1,pending_model_validation,926b0565785ec9c4088923171acfcc2b04f59495c2edc1746f8dc61029a9d03b,f5a0412ed913f5aad8bffb33c68c3b0ad7f4923f44f06370f768483b146897f4,prompts/cat_identity.v1.json
926,926,../data_h3/cat_ids/77_英国短毛猫银渐层.png,Ref_cat_teaser1.mp4,prepared/Ref_cat_teaser1.motion.mp4,prompts/cat_teaser1.v1.en.txt,77,77-british-shorthair-silver-shaded,英国短毛猫银渐层,04,04-cat-teaser1,cat_teaser1,左前爪坐姿拨打逗猫棒后注视玩具,0,926_77-british-shorthair-silver-shaded_04-cat-teaser1_seed-0,4,4.0,24,480,832,15:26,9:16,cat_teaser1.v1+cat_identity.v1,pending_model_validation,557bca6f33f8983bc75412018bd08a025f71a583431b8a00312629f21a1b2006,90ead0cb85338d88512f89fc4fdaa1599eaae717252a8a228289e47e9f7150f0,prompts/cat_identity.v1.json
927,927,../data_h3/cat_ids/77_英国短毛猫银渐层.png,Ref_cat_teaser1_mirror.mp4,prepared/Ref_cat_teaser1_mirror.motion.mp4,prompts/cat_teaser1_mirror.v1.en.txt,77,77-british-shorthair-silver-shaded,英国短毛猫银渐层,05,05-cat-teaser1-mirror,cat_teaser1_mirror,右前爪坐姿拨打逗猫棒后注视玩具,0,927_77-british-shorthair-silver-shaded_05-cat-teaser1-mirror_seed-0,4,4.0,24,480,832,15:26,9:16,cat_teaser1_mirror.v1+cat_identity.v1,pending_model_validation,45074a927f12ea2270f949037d9ef644384c2fd6236e884f5dbfc9353c9553dc,af450da4b11a442fbb8dc3b090842b494306a33800841e4f3ac9399fb1a3e695,prompts/cat_identity.v1.json
928,928,../data_h3/cat_ids/77_英国短毛猫银渐层.png,Ref_cat_teaser2.mp4,prepared/Ref_cat_teaser2.motion.mp4,prompts/cat_teaser2.v1.en.txt,77,77-british-shorthair-silver-shaded,英国短毛猫银渐层,06,06-cat-teaser2,cat_teaser2,起身向画面右侧追拍逗猫棒并站定,0,928_77-british-shorthair-silver-shaded_06-cat-teaser2_seed-0,4,4.0,24,480,832,15:26,9:16,cat_teaser2.v1+cat_identity.v1,pending_model_validation,eaf150d6b9d2d651735c5620353fd02a37347feb69841a92a01e98d327958b58,a8c95e9c38443d4d231086357cb356e7c98cb2af1a6bfa216feae39e945cc0ec,prompts/cat_identity.v1.json
929,929,../data_h3/cat_ids/77_英国短毛猫银渐层.png,Ref_cat_teaser2_mirror.mp4,prepared/Ref_cat_teaser2_mirror.motion.mp4,prompts/cat_teaser2_mirror.v1.en.txt,77,77-british-shorthair-silver-shaded,英国短毛猫银渐层,07,07-cat-teaser2-mirror,cat_teaser2_mirror,起身向画面左侧追拍逗猫棒并站定,0,929_77-british-shorthair-silver-shaded_07-cat-teaser2-mirror_seed-0,4,4.0,24,480,832,15:26,9:16,cat_teaser2_mirror.v1+cat_identity.v1,pending_model_validation,10f181a760a5c150f4030ff6fe409d8906de20551236f3931c0177a9b8565179,7d4ae2310b662639649d68fa4f699951317c36f76eb715534248659d1924613d,prompts/cat_identity.v1.json
930,930,../data_h3/cat_ids/77_英国短毛猫银渐层.png,Ref_cat_teaser3.mp4,prepared/Ref_cat_teaser3.motion.mp4,prompts/cat_teaser3.v1.en.txt,77,77-british-shorthair-silver-shaded,英国短毛猫银渐层,08,08-cat-teaser3,cat_teaser3,双前爪抬起抓扑逗猫棒后落地坐定,0,930_77-british-shorthair-silver-shaded_08-cat-teaser3_seed-0,4,4.0,24,480,832,15:26,9:16,cat_teaser3.v1+cat_identity.v1,pending_model_validation,833589198245c59f3b90aef7032259aa0bcb9f52fcda7359d76131cf0153700f,71df79527a94810bcacebc9cb956fa137c891a4ed437386697434b19c5fbb7ce,prompts/cat_identity.v1.json
931,931,../data_h3/cat_ids/77_英国短毛猫银渐层.png,Ref_drag_yarn_ball_and_catch.mp4,prepared/Ref_drag_yarn_ball_and_catch.motion.mp4,prompts/drag_yarn_ball_and_catch.v1.en.txt,77,77-british-shorthair-silver-shaded,英国短毛猫银渐层,09,09-drag-yarn-ball-and-catch,drag_yarn_ball_and_catch,追扑从画面左向右滚动的毛线球并按住,0,931_77-british-shorthair-silver-shaded_09-drag-yarn-ball-and-catch_seed-0,4,4.0,24,480,832,15:26,9:16,drag_yarn_ball_and_catch.v1+cat_identity.v1,pending_model_validation,26c1e5fddcb50a4898cda9ad87b2fc22aac7c5b01b024f336761f00e0f66bb7b,5b888bc1cdc661bc3b5760445027966ef8d36a31c447614acbd23d3ca6af442e,prompts/cat_identity.v1.json
932,932,../data_h3/cat_ids/77_英国短毛猫银渐层.png,Ref_drag_yarn_ball_and_catch_mirror.mp4,prepared/Ref_drag_yarn_ball_and_catch_mirror.motion.mp4,prompts/drag_yarn_ball_and_catch_mirror.v1.en.txt,77,77-british-shorthair-silver-shaded,英国短毛猫银渐层,10,10-drag-yarn-ball-and-catch-mirror,drag_yarn_ball_and_catch_mirror,追扑从画面右向左滚动的毛线球并按住,0,932_77-british-shorthair-silver-shaded_10-drag-yarn-ball-and-catch-mirror_seed-0,4,4.0,24,480,832,15:26,9:16,drag_yarn_ball_and_catch_mirror.v1+cat_identity.v1,pending_model_validation,47b8f5282c930537e9e10c575e6d4b459254f3155f12e72195e560f08e6baf87,8b44957f6ebaca7c04c4a0af6bf4fbb65085b8ecf0acaf3433dc727a25b74982,prompts/cat_identity.v1.json
933,933,../data_h3/cat_ids/77_英国短毛猫银渐层.png,Ref_curl_up_and_lie_down.mp4,prepared/Ref_curl_up_and_lie_down.motion.mp4,prompts/curl_up_and_lie_down.v1.en.txt,77,77-british-shorthair-silver-shaded,英国短毛猫银渐层,11,11-curl-up-and-lie-down,curl_up_and_lie_down,低头向画面左侧蜷卧并闭眼休息,0,933_77-british-shorthair-silver-shaded_11-curl-up-and-lie-down_seed-0,4,4.0,24,480,832,15:26,9:16,curl_up_and_lie_down.v1+cat_identity.v1,pending_model_validation,572aa3dc4051c967f9e02bdf9b8be8dc32042852aea80eadf8d0902ab43996ae,8414a980252d2baee6444085d2755563b7e0ccb3a138027e7cc6c1233be766eb,prompts/cat_identity.v1.json
934,934,../data_h3/cat_ids/77_英国短毛猫银渐层.png,Ref_curl_up_and_lie_down_mirror.mp4,prepared/Ref_curl_up_and_lie_down_mirror.motion.mp4,prompts/curl_up_and_lie_down_mirror.v1.en.txt,77,77-british-shorthair-silver-shaded,英国短毛猫银渐层,12,12-curl-up-and-lie-down-mirror,curl_up_and_lie_down_mirror,低头向画面右侧蜷卧并闭眼休息,0,934_77-british-shorthair-silver-shaded_12-curl-up-and-lie-down-mirror_seed-0,4,4.0,24,480,832,15:26,9:16,curl_up_and_lie_down_mirror.v1+cat_identity.v1,pending_model_validation,7ef996d65298fc53bebda598e8fd3d865f89d47365644c22345b608cf1ce505e,5dcfd307dd80e4bd86fa73aff45f41f66eced8aba348a07f81f559f008a63527,prompts/cat_identity.v1.json
935,935,../data_h3/cat_ids/77_英国短毛猫银渐层.png,Ref_walk_forward_to_screen.mp4,prepared/Ref_walk_forward_to_screen.motion.mp4,prompts/walk_forward_to_screen.v1.en.txt,77,77-british-shorthair-silver-shaded,英国短毛猫银渐层,13,13-walk-forward-to-screen,walk_forward_to_screen,起身向镜头走近并在近处站定,0,935_77-british-shorthair-silver-shaded_13-walk-forward-to-screen_seed-0,4,4.041699,24,480,832,15:26,9:16,walk_forward_to_screen.v1+cat_identity.v1,pending_model_validation,863785c7cb9e6cd80e23a5eca43042018dce4410ae0b561c8342bc36ab53b694,b63a08fc2ef943e20b969f5567a1c9334a3d7ca21d68db70b052c4345a83014a,prompts/cat_identity.v1.json
936,936,../data_h3/cat_ids/78_德文卷毛猫奶油虎斑.png,Ref_drag_ear.mp4,prepared/Ref_drag_ear.motion.mp4,prompts/drag_ear.v1.en.txt,78,78-devon-rex-cream-tabby,德文卷毛猫奶油虎斑,02,02-pull-left-ear,drag_ear,左前爪轻擦左耳与脸部后恢复坐姿,0,936_78-devon-rex-cream-tabby_02-pull-left-ear_seed-0,4,4.0,24,480,832,15:26,9:16,drag_ear.v1+cat_identity.v1,pending_model_validation,fe070847f8c666a9800181000c7cfcae943b90557ab5c874e0e81efb5ebb9859,241a5d66949edcf078e592e2d02939921c2ff68968a95640d4e5a7e2c4fe75c1,prompts/cat_identity.v1.json
937,937,../data_h3/cat_ids/78_德文卷毛猫奶油虎斑.png,Ref_drag_ear_mirror.mp4,prepared/Ref_drag_ear_mirror.motion.mp4,prompts/drag_ear_mirror.v1.en.txt,78,78-devon-rex-cream-tabby,德文卷毛猫奶油虎斑,03,03-drag-ear-mirror,drag_ear_mirror,右前爪轻擦右耳与脸部后恢复坐姿,0,937_78-devon-rex-cream-tabby_03-drag-ear-mirror_seed-0,4,4.0,24,480,832,15:26,9:16,drag_ear_mirror.v1+cat_identity.v1,pending_model_validation,0a68efbddee8770d6524b11e70b2b432cd9513087b290f0759a4b60b91dca0d7,f5a0412ed913f5aad8bffb33c68c3b0ad7f4923f44f06370f768483b146897f4,prompts/cat_identity.v1.json
938,938,../data_h3/cat_ids/78_德文卷毛猫奶油虎斑.png,Ref_cat_teaser1.mp4,prepared/Ref_cat_teaser1.motion.mp4,prompts/cat_teaser1.v1.en.txt,78,78-devon-rex-cream-tabby,德文卷毛猫奶油虎斑,04,04-cat-teaser1,cat_teaser1,左前爪坐姿拨打逗猫棒后注视玩具,0,938_78-devon-rex-cream-tabby_04-cat-teaser1_seed-0,4,4.0,24,480,832,15:26,9:16,cat_teaser1.v1+cat_identity.v1,pending_model_validation,f0c3bad3214bdadd49a302e7bf4076cb602124c93838255af9a0fa47218e674c,90ead0cb85338d88512f89fc4fdaa1599eaae717252a8a228289e47e9f7150f0,prompts/cat_identity.v1.json
939,939,../data_h3/cat_ids/78_德文卷毛猫奶油虎斑.png,Ref_cat_teaser1_mirror.mp4,prepared/Ref_cat_teaser1_mirror.motion.mp4,prompts/cat_teaser1_mirror.v1.en.txt,78,78-devon-rex-cream-tabby,德文卷毛猫奶油虎斑,05,05-cat-teaser1-mirror,cat_teaser1_mirror,右前爪坐姿拨打逗猫棒后注视玩具,0,939_78-devon-rex-cream-tabby_05-cat-teaser1-mirror_seed-0,4,4.0,24,480,832,15:26,9:16,cat_teaser1_mirror.v1+cat_identity.v1,pending_model_validation,93910de009aaed08a1afcb7240300b8faa29eafd6aec4be5847d1baffca31613,af450da4b11a442fbb8dc3b090842b494306a33800841e4f3ac9399fb1a3e695,prompts/cat_identity.v1.json
940,940,../data_h3/cat_ids/78_德文卷毛猫奶油虎斑.png,Ref_cat_teaser2.mp4,prepared/Ref_cat_teaser2.motion.mp4,prompts/cat_teaser2.v1.en.txt,78,78-devon-rex-cream-tabby,德文卷毛猫奶油虎斑,06,06-cat-teaser2,cat_teaser2,起身向画面右侧追拍逗猫棒并站定,0,940_78-devon-rex-cream-tabby_06-cat-teaser2_seed-0,4,4.0,24,480,832,15:26,9:16,cat_teaser2.v1+cat_identity.v1,pending_model_validation,0dd0004adad257ef43752e72fdc5481ef20292b6b0fa4c0890d2844e74af27c6,a8c95e9c38443d4d231086357cb356e7c98cb2af1a6bfa216feae39e945cc0ec,prompts/cat_identity.v1.json
941,941,../data_h3/cat_ids/78_德文卷毛猫奶油虎斑.png,Ref_cat_teaser2_mirror.mp4,prepared/Ref_cat_teaser2_mirror.motion.mp4,prompts/cat_teaser2_mirror.v1.en.txt,78,78-devon-rex-cream-tabby,德文卷毛猫奶油虎斑,07,07-cat-teaser2-mirror,cat_teaser2_mirror,起身向画面左侧追拍逗猫棒并站定,0,941_78-devon-rex-cream-tabby_07-cat-teaser2-mirror_seed-0,4,4.0,24,480,832,15:26,9:16,cat_teaser2_mirror.v1+cat_identity.v1,pending_model_validation,d3a41967fdecf2675153bd1f60fc27d94e10b957060164868ff30178269ca42d,7d4ae2310b662639649d68fa4f699951317c36f76eb715534248659d1924613d,prompts/cat_identity.v1.json
942,942,../data_h3/cat_ids/78_德文卷毛猫奶油虎斑.png,Ref_cat_teaser3.mp4,prepared/Ref_cat_teaser3.motion.mp4,prompts/cat_teaser3.v1.en.txt,78,78-devon-rex-cream-tabby,德文卷毛猫奶油虎斑,08,08-cat-teaser3,cat_teaser3,双前爪抬起抓扑逗猫棒后落地坐定,0,942_78-devon-rex-cream-tabby_08-cat-teaser3_seed-0,4,4.0,24,480,832,15:26,9:16,cat_teaser3.v1+cat_identity.v1,pending_model_validation,9e799113b2499d0b6af3990bec03d7727dfb8d19bcf10ab42d56aa999fe9f495,71df79527a94810bcacebc9cb956fa137c891a4ed437386697434b19c5fbb7ce,prompts/cat_identity.v1.json
943,943,../data_h3/cat_ids/78_德文卷毛猫奶油虎斑.png,Ref_drag_yarn_ball_and_catch.mp4,prepared/Ref_drag_yarn_ball_and_catch.motion.mp4,prompts/drag_yarn_ball_and_catch.v1.en.txt,78,78-devon-rex-cream-tabby,德文卷毛猫奶油虎斑,09,09-drag-yarn-ball-and-catch,drag_yarn_ball_and_catch,追扑从画面左向右滚动的毛线球并按住,0,943_78-devon-rex-cream-tabby_09-drag-yarn-ball-and-catch_seed-0,4,4.0,24,480,832,15:26,9:16,drag_yarn_ball_and_catch.v1+cat_identity.v1,pending_model_validation,34465a4e9ec8a14597fcdcd3d5f02c6ba6ac3bcb3377e81fb6e4c7d68f67d543,5b888bc1cdc661bc3b5760445027966ef8d36a31c447614acbd23d3ca6af442e,prompts/cat_identity.v1.json
944,944,../data_h3/cat_ids/78_德文卷毛猫奶油虎斑.png,Ref_drag_yarn_ball_and_catch_mirror.mp4,prepared/Ref_drag_yarn_ball_and_catch_mirror.motion.mp4,prompts/drag_yarn_ball_and_catch_mirror.v1.en.txt,78,78-devon-rex-cream-tabby,德文卷毛猫奶油虎斑,10,10-drag-yarn-ball-and-catch-mirror,drag_yarn_ball_and_catch_mirror,追扑从画面右向左滚动的毛线球并按住,0,944_78-devon-rex-cream-tabby_10-drag-yarn-ball-and-catch-mirror_seed-0,4,4.0,24,480,832,15:26,9:16,drag_yarn_ball_and_catch_mirror.v1+cat_identity.v1,pending_model_validation,a8c8812814fe0ad04d4e4199d3fd23fec6be896b814c6303e55115d4aeb53b3c,8b44957f6ebaca7c04c4a0af6bf4fbb65085b8ecf0acaf3433dc727a25b74982,prompts/cat_identity.v1.json
945,945,../data_h3/cat_ids/78_德文卷毛猫奶油虎斑.png,Ref_curl_up_and_lie_down.mp4,prepared/Ref_curl_up_and_lie_down.motion.mp4,prompts/curl_up_and_lie_down.v1.en.txt,78,78-devon-rex-cream-tabby,德文卷毛猫奶油虎斑,11,11-curl-up-and-lie-down,curl_up_and_lie_down,低头向画面左侧蜷卧并闭眼休息,0,945_78-devon-rex-cream-tabby_11-curl-up-and-lie-down_seed-0,4,4.0,24,480,832,15:26,9:16,curl_up_and_lie_down.v1+cat_identity.v1,pending_model_validation,15fd4062192cf1c8808283cdc018ce7c1e563eaa44d25c5e1b89b27954f5c9e8,8414a980252d2baee6444085d2755563b7e0ccb3a138027e7cc6c1233be766eb,prompts/cat_identity.v1.json
946,946,../data_h3/cat_ids/78_德文卷毛猫奶油虎斑.png,Ref_curl_up_and_lie_down_mirror.mp4,prepared/Ref_curl_up_and_lie_down_mirror.motion.mp4,prompts/curl_up_and_lie_down_mirror.v1.en.txt,78,78-devon-rex-cream-tabby,德文卷毛猫奶油虎斑,12,12-curl-up-and-lie-down-mirror,curl_up_and_lie_down_mirror,低头向画面右侧蜷卧并闭眼休息,0,946_78-devon-rex-cream-tabby_12-curl-up-and-lie-down-mirror_seed-0,4,4.0,24,480,832,15:26,9:16,curl_up_and_lie_down_mirror.v1+cat_identity.v1,pending_model_validation,d6874c90c01e0f2de135831e4d54e28e25ca072ff1b324eee4a9b6dc7212a0ad,5dcfd307dd80e4bd86fa73aff45f41f66eced8aba348a07f81f559f008a63527,prompts/cat_identity.v1.json
947,947,../data_h3/cat_ids/78_德文卷毛猫奶油虎斑.png,Ref_walk_forward_to_screen.mp4,prepared/Ref_walk_forward_to_screen.motion.mp4,prompts/walk_forward_to_screen.v1.en.txt,78,78-devon-rex-cream-tabby,德文卷毛猫奶油虎斑,13,13-walk-forward-to-screen,walk_forward_to_screen,起身向镜头走近并在近处站定,0,947_78-devon-rex-cream-tabby_13-walk-forward-to-screen_seed-0,4,4.041699,24,480,832,15:26,9:16,walk_forward_to_screen.v1+cat_identity.v1,pending_model_validation,6ae2231c7ed8bf203bf376ced6f881b240ddc5451c4f0c1e6ad04ac6a4cdd163,b63a08fc2ef943e20b969f5567a1c9334a3d7ca21d68db70b052c4345a83014a,prompts/cat_identity.v1.json
948,948,../data_h3/cat_ids/79_缅因猫银虎斑.png,Ref_drag_ear.mp4,prepared/Ref_drag_ear.motion.mp4,prompts/drag_ear.v1.en.txt,79,79-maine-coon-silver-tabby,缅因猫银虎斑,02,02-pull-left-ear,drag_ear,左前爪轻擦左耳与脸部后恢复坐姿,0,948_79-maine-coon-silver-tabby_02-pull-left-ear_seed-0,4,4.0,24,480,832,15:26,9:16,drag_ear.v1+cat_identity.v1,pending_model_validation,1fc24da698d0c1a94e6b9f4b82c7a459a3b9043f1e4048ae0f904c706c3fe4ac,241a5d66949edcf078e592e2d02939921c2ff68968a95640d4e5a7e2c4fe75c1,prompts/cat_identity.v1.json
949,949,../data_h3/cat_ids/79_缅因猫银虎斑.png,Ref_drag_ear_mirror.mp4,prepared/Ref_drag_ear_mirror.motion.mp4,prompts/drag_ear_mirror.v1.en.txt,79,79-maine-coon-silver-tabby,缅因猫银虎斑,03,03-drag-ear-mirror,drag_ear_mirror,右前爪轻擦右耳与脸部后恢复坐姿,0,949_79-maine-coon-silver-tabby_03-drag-ear-mirror_seed-0,4,4.0,24,480,832,15:26,9:16,drag_ear_mirror.v1+cat_identity.v1,pending_model_validation,8a28d2a75f5d11a5201d4004e2bb050d1c03fa165322e44ac8bea3407593b984,f5a0412ed913f5aad8bffb33c68c3b0ad7f4923f44f06370f768483b146897f4,prompts/cat_identity.v1.json
950,950,../data_h3/cat_ids/79_缅因猫银虎斑.png,Ref_cat_teaser1.mp4,prepared/Ref_cat_teaser1.motion.mp4,prompts/cat_teaser1.v1.en.txt,79,79-maine-coon-silver-tabby,缅因猫银虎斑,04,04-cat-teaser1,cat_teaser1,左前爪坐姿拨打逗猫棒后注视玩具,0,950_79-maine-coon-silver-tabby_04-cat-teaser1_seed-0,4,4.0,24,480,832,15:26,9:16,cat_teaser1.v1+cat_identity.v1,pending_model_validation,a38ed1e7e390962f050a50f7160bdc8a748890d0d7b9c259b16af3ea99664b56,90ead0cb85338d88512f89fc4fdaa1599eaae717252a8a228289e47e9f7150f0,prompts/cat_identity.v1.json
951,951,../data_h3/cat_ids/79_缅因猫银虎斑.png,Ref_cat_teaser1_mirror.mp4,prepared/Ref_cat_teaser1_mirror.motion.mp4,prompts/cat_teaser1_mirror.v1.en.txt,79,79-maine-coon-silver-tabby,缅因猫银虎斑,05,05-cat-teaser1-mirror,cat_teaser1_mirror,右前爪坐姿拨打逗猫棒后注视玩具,0,951_79-maine-coon-silver-tabby_05-cat-teaser1-mirror_seed-0,4,4.0,24,480,832,15:26,9:16,cat_teaser1_mirror.v1+cat_identity.v1,pending_model_validation,e56a70a86f2ee7241af18c7cfb74c72f31dd283f0d896b74974ff5bf0cb337c7,af450da4b11a442fbb8dc3b090842b494306a33800841e4f3ac9399fb1a3e695,prompts/cat_identity.v1.json
952,952,../data_h3/cat_ids/79_缅因猫银虎斑.png,Ref_cat_teaser2.mp4,prepared/Ref_cat_teaser2.motion.mp4,prompts/cat_teaser2.v1.en.txt,79,79-maine-coon-silver-tabby,缅因猫银虎斑,06,06-cat-teaser2,cat_teaser2,起身向画面右侧追拍逗猫棒并站定,0,952_79-maine-coon-silver-tabby_06-cat-teaser2_seed-0,4,4.0,24,480,832,15:26,9:16,cat_teaser2.v1+cat_identity.v1,pending_model_validation,f1f219933eb70e91ea73ea949f0b3e1e670b4bb4a3a78b2e494291b8db4f098d,a8c95e9c38443d4d231086357cb356e7c98cb2af1a6bfa216feae39e945cc0ec,prompts/cat_identity.v1.json
953,953,../data_h3/cat_ids/79_缅因猫银虎斑.png,Ref_cat_teaser2_mirror.mp4,prepared/Ref_cat_teaser2_mirror.motion.mp4,prompts/cat_teaser2_mirror.v1.en.txt,79,79-maine-coon-silver-tabby,缅因猫银虎斑,07,07-cat-teaser2-mirror,cat_teaser2_mirror,起身向画面左侧追拍逗猫棒并站定,0,953_79-maine-coon-silver-tabby_07-cat-teaser2-mirror_seed-0,4,4.0,24,480,832,15:26,9:16,cat_teaser2_mirror.v1+cat_identity.v1,pending_model_validation,257b9c39af552de812d32914360e4f9231f46d30d8a3a9eda739f3dcdd5cb70a,7d4ae2310b662639649d68fa4f699951317c36f76eb715534248659d1924613d,prompts/cat_identity.v1.json
954,954,../data_h3/cat_ids/79_缅因猫银虎斑.png,Ref_cat_teaser3.mp4,prepared/Ref_cat_teaser3.motion.mp4,prompts/cat_teaser3.v1.en.txt,79,79-maine-coon-silver-tabby,缅因猫银虎斑,08,08-cat-teaser3,cat_teaser3,双前爪抬起抓扑逗猫棒后落地坐定,0,954_79-maine-coon-silver-tabby_08-cat-teaser3_seed-0,4,4.0,24,480,832,15:26,9:16,cat_teaser3.v1+cat_identity.v1,pending_model_validation,80db68348571a042944cede4480496ae77d9f477ba95a8a8e215a5222020c468,71df79527a94810bcacebc9cb956fa137c891a4ed437386697434b19c5fbb7ce,prompts/cat_identity.v1.json
955,955,../data_h3/cat_ids/79_缅因猫银虎斑.png,Ref_drag_yarn_ball_and_catch.mp4,prepared/Ref_drag_yarn_ball_and_catch.motion.mp4,prompts/drag_yarn_ball_and_catch.v1.en.txt,79,79-maine-coon-silver-tabby,缅因猫银虎斑,09,09-drag-yarn-ball-and-catch,drag_yarn_ball_and_catch,追扑从画面左向右滚动的毛线球并按住,0,955_79-maine-coon-silver-tabby_09-drag-yarn-ball-and-catch_seed-0,4,4.0,24,480,832,15:26,9:16,drag_yarn_ball_and_catch.v1+cat_identity.v1,pending_model_validation,dceba926083c3bfa1bb232306a9ac184836ae3879b8c99b86b9bd122a351e59c,5b888bc1cdc661bc3b5760445027966ef8d36a31c447614acbd23d3ca6af442e,prompts/cat_identity.v1.json
956,956,../data_h3/cat_ids/79_缅因猫银虎斑.png,Ref_drag_yarn_ball_and_catch_mirror.mp4,prepared/Ref_drag_yarn_ball_and_catch_mirror.motion.mp4,prompts/drag_yarn_ball_and_catch_mirror.v1.en.txt,79,79-maine-coon-silver-tabby,缅因猫银虎斑,10,10-drag-yarn-ball-and-catch-mirror,drag_yarn_ball_and_catch_mirror,追扑从画面右向左滚动的毛线球并按住,0,956_79-maine-coon-silver-tabby_10-drag-yarn-ball-and-catch-mirror_seed-0,4,4.0,24,480,832,15:26,9:16,drag_yarn_ball_and_catch_mirror.v1+cat_identity.v1,pending_model_validation,a90568b67f611ea5c46b600f44fcc20c583c4a53dea3dc7318c868f6fae58518,8b44957f6ebaca7c04c4a0af6bf4fbb65085b8ecf0acaf3433dc727a25b74982,prompts/cat_identity.v1.json
957,957,../data_h3/cat_ids/79_缅因猫银虎斑.png,Ref_curl_up_and_lie_down.mp4,prepared/Ref_curl_up_and_lie_down.motion.mp4,prompts/curl_up_and_lie_down.v1.en.txt,79,79-maine-coon-silver-tabby,缅因猫银虎斑,11,11-curl-up-and-lie-down,curl_up_and_lie_down,低头向画面左侧蜷卧并闭眼休息,0,957_79-maine-coon-silver-tabby_11-curl-up-and-lie-down_seed-0,4,4.0,24,480,832,15:26,9:16,curl_up_and_lie_down.v1+cat_identity.v1,pending_model_validation,c3fc9f58cc848f654d26804135009615c0a3f5e74313f48d4b7782b856ae4934,8414a980252d2baee6444085d2755563b7e0ccb3a138027e7cc6c1233be766eb,prompts/cat_identity.v1.json
958,958,../data_h3/cat_ids/79_缅因猫银虎斑.png,Ref_curl_up_and_lie_down_mirror.mp4,prepared/Ref_curl_up_and_lie_down_mirror.motion.mp4,prompts/curl_up_and_lie_down_mirror.v1.en.txt,79,79-maine-coon-silver-tabby,缅因猫银虎斑,12,12-curl-up-and-lie-down-mirror,curl_up_and_lie_down_mirror,低头向画面右侧蜷卧并闭眼休息,0,958_79-maine-coon-silver-tabby_12-curl-up-and-lie-down-mirror_seed-0,4,4.0,24,480,832,15:26,9:16,curl_up_and_lie_down_mirror.v1+cat_identity.v1,pending_model_validation,a287beba0cfca6084a112d2b991d4f1c3590b73551efcc24970fae744361a57e,5dcfd307dd80e4bd86fa73aff45f41f66eced8aba348a07f81f559f008a63527,prompts/cat_identity.v1.json
959,959,../data_h3/cat_ids/79_缅因猫银虎斑.png,Ref_walk_forward_to_screen.mp4,prepared/Ref_walk_forward_to_screen.motion.mp4,prompts/walk_forward_to_screen.v1.en.txt,79,79-maine-coon-silver-tabby,缅因猫银虎斑,13,13-walk-forward-to-screen,walk_forward_to_screen,起身向镜头走近并在近处站定,0,959_79-maine-coon-silver-tabby_13-walk-forward-to-screen_seed-0,4,4.041699,24,480,832,15:26,9:16,walk_forward_to_screen.v1+cat_identity.v1,pending_model_validation,3c6d9876d55753027c80c8700d2f4e930d5ca2a9a4b40ad75c7da2c5d1274839,b63a08fc2ef943e20b969f5567a1c9334a3d7ca21d68db70b052c4345a83014a,prompts/cat_identity.v1.json
