id,source_id,input_image,source_reference_video,reference_video,prompt_file,cat_idx,cat_id,cat_name_zh,motion_idx,motion_id,motion_slug,motion_name_zh,seed,output_name,duration_seconds,reference_duration_seconds,fps,width,height,source_aspect_ratio,aspect_ratio,prompt_version,prompt_status,prompt_sha256,source_reference_sha256
000,0,../data_h3/cat_ids/00_短毛橘猫鱼骨纹.png,Ref_drag_ear.mp4,prepared/Ref_drag_ear.motion.mp4,prompts/drag_ear.v1.en.txt,00,00-orange-shorthair-mackerel-tabby,短毛橘猫鱼骨纹,02,02-pull-left-ear,drag_ear,左前爪轻擦左耳与脸部后恢复坐姿,0,000_00-orange-shorthair-mackerel-tabby_02-pull-left-ear_seed-0,4,4.0,24,480,832,15:26,9:16,drag_ear.v1,pending_model_validation,dbdc93fe3f0e922d0d53d3b6c78e213e176b5230876cf046e5da697fd2320d7b,241a5d66949edcf078e592e2d02939921c2ff68968a95640d4e5a7e2c4fe75c1
001,0,../data_h3/cat_ids/00_短毛橘猫鱼骨纹.png,Ref_drag_ear.mp4,prepared/Ref_drag_ear.motion.mp4,prompts/drag_ear.v1.en.txt,00,00-orange-shorthair-mackerel-tabby,短毛橘猫鱼骨纹,02,02-pull-left-ear,drag_ear,左前爪轻擦左耳与脸部后恢复坐姿,10000,001_00-orange-shorthair-mackerel-tabby_02-pull-left-ear_seed-10000,4,4.0,24,480,832,15:26,9:16,drag_ear.v1,pending_model_validation,dbdc93fe3f0e922d0d53d3b6c78e213e176b5230876cf046e5da697fd2320d7b,241a5d66949edcf078e592e2d02939921c2ff68968a95640d4e5a7e2c4fe75c1
002,0,../data_h3/cat_ids/00_短毛橘猫鱼骨纹.png,Ref_drag_ear.mp4,prepared/Ref_drag_ear.motion.mp4,prompts/drag_ear.v1.en.txt,00,00-orange-shorthair-mackerel-tabby,短毛橘猫鱼骨纹,02,02-pull-left-ear,drag_ear,左前爪轻擦左耳与脸部后恢复坐姿,20000,002_00-orange-shorthair-mackerel-tabby_02-pull-left-ear_seed-20000,4,4.0,24,480,832,15:26,9:16,drag_ear.v1,pending_model_validation,dbdc93fe3f0e922d0d53d3b6c78e213e176b5230876cf046e5da697fd2320d7b,241a5d66949edcf078e592e2d02939921c2ff68968a95640d4e5a7e2c4fe75c1
003,1,../data_h3/cat_ids/01_短毛橘猫经典虎斑.png,Ref_drag_ear.mp4,prepared/Ref_drag_ear.motion.mp4,prompts/drag_ear.v1.en.txt,01,01-orange-shorthair-classic-tabby,短毛橘猫经典虎斑,02,02-pull-left-ear,drag_ear,左前爪轻擦左耳与脸部后恢复坐姿,0,003_01-orange-shorthair-classic-tabby_02-pull-left-ear_seed-0,4,4.0,24,480,832,15:26,9:16,drag_ear.v1,pending_model_validation,dbdc93fe3f0e922d0d53d3b6c78e213e176b5230876cf046e5da697fd2320d7b,241a5d66949edcf078e592e2d02939921c2ff68968a95640d4e5a7e2c4fe75c1
004,1,../data_h3/cat_ids/01_短毛橘猫经典虎斑.png,Ref_drag_ear.mp4,prepared/Ref_drag_ear.motion.mp4,prompts/drag_ear.v1.en.txt,01,01-orange-shorthair-classic-tabby,短毛橘猫经典虎斑,02,02-pull-left-ear,drag_ear,左前爪轻擦左耳与脸部后恢复坐姿,10000,004_01-orange-shorthair-classic-tabby_02-pull-left-ear_seed-10000,4,4.0,24,480,832,15:26,9:16,drag_ear.v1,pending_model_validation,dbdc93fe3f0e922d0d53d3b6c78e213e176b5230876cf046e5da697fd2320d7b,241a5d66949edcf078e592e2d02939921c2ff68968a95640d4e5a7e2c4fe75c1
005,1,../data_h3/cat_ids/01_短毛橘猫经典虎斑.png,Ref_drag_ear.mp4,prepared/Ref_drag_ear.motion.mp4,prompts/drag_ear.v1.en.txt,01,01-orange-shorthair-classic-tabby,短毛橘猫经典虎斑,02,02-pull-left-ear,drag_ear,左前爪轻擦左耳与脸部后恢复坐姿,20000,005_01-orange-shorthair-classic-tabby_02-pull-left-ear_seed-20000,4,4.0,24,480,832,15:26,9:16,drag_ear.v1,pending_model_validation,dbdc93fe3f0e922d0d53d3b6c78e213e176b5230876cf046e5da697fd2320d7b,241a5d66949edcf078e592e2d02939921c2ff68968a95640d4e5a7e2c4fe75c1
006,2,../data_h3/cat_ids/02_长毛橘猫.png,Ref_drag_ear.mp4,prepared/Ref_drag_ear.motion.mp4,prompts/drag_ear.v1.en.txt,02,02-orange-longhair,长毛橘猫,02,02-pull-left-ear,drag_ear,左前爪轻擦左耳与脸部后恢复坐姿,0,006_02-orange-longhair_02-pull-left-ear_seed-0,4,4.0,24,480,832,15:26,9:16,drag_ear.v1,pending_model_validation,dbdc93fe3f0e922d0d53d3b6c78e213e176b5230876cf046e5da697fd2320d7b,241a5d66949edcf078e592e2d02939921c2ff68968a95640d4e5a7e2c4fe75c1
007,2,../data_h3/cat_ids/02_长毛橘猫.png,Ref_drag_ear.mp4,prepared/Ref_drag_ear.motion.mp4,prompts/drag_ear.v1.en.txt,02,02-orange-longhair,长毛橘猫,02,02-pull-left-ear,drag_ear,左前爪轻擦左耳与脸部后恢复坐姿,10000,007_02-orange-longhair_02-pull-left-ear_seed-10000,4,4.0,24,480,832,15:26,9:16,drag_ear.v1,pending_model_validation,dbdc93fe3f0e922d0d53d3b6c78e213e176b5230876cf046e5da697fd2320d7b,241a5d66949edcf078e592e2d02939921c2ff68968a95640d4e5a7e2c4fe75c1
008,2,../data_h3/cat_ids/02_长毛橘猫.png,Ref_drag_ear.mp4,prepared/Ref_drag_ear.motion.mp4,prompts/drag_ear.v1.en.txt,02,02-orange-longhair,长毛橘猫,02,02-pull-left-ear,drag_ear,左前爪轻擦左耳与脸部后恢复坐姿,20000,008_02-orange-longhair_02-pull-left-ear_seed-20000,4,4.0,24,480,832,15:26,9:16,drag_ear.v1,pending_model_validation,dbdc93fe3f0e922d0d53d3b6c78e213e176b5230876cf046e5da697fd2320d7b,241a5d66949edcf078e592e2d02939921c2ff68968a95640d4e5a7e2c4fe75c1
009,3,../data_h3/cat_ids/03_短毛奶油虎斑猫.png,Ref_drag_ear.mp4,prepared/Ref_drag_ear.motion.mp4,prompts/drag_ear.v1.en.txt,03,03-cream-shorthair-tabby,短毛奶油虎斑猫,02,02-pull-left-ear,drag_ear,左前爪轻擦左耳与脸部后恢复坐姿,0,009_03-cream-shorthair-tabby_02-pull-left-ear_seed-0,4,4.0,24,480,832,15:26,9:16,drag_ear.v1,pending_model_validation,dbdc93fe3f0e922d0d53d3b6c78e213e176b5230876cf046e5da697fd2320d7b,241a5d66949edcf078e592e2d02939921c2ff68968a95640d4e5a7e2c4fe75c1
010,3,../data_h3/cat_ids/03_短毛奶油虎斑猫.png,Ref_drag_ear.mp4,prepared/Ref_drag_ear.motion.mp4,prompts/drag_ear.v1.en.txt,03,03-cream-shorthair-tabby,短毛奶油虎斑猫,02,02-pull-left-ear,drag_ear,左前爪轻擦左耳与脸部后恢复坐姿,10000,010_03-cream-shorthair-tabby_02-pull-left-ear_seed-10000,4,4.0,24,480,832,15:26,9:16,drag_ear.v1,pending_model_validation,dbdc93fe3f0e922d0d53d3b6c78e213e176b5230876cf046e5da697fd2320d7b,241a5d66949edcf078e592e2d02939921c2ff68968a95640d4e5a7e2c4fe75c1
011,3,../data_h3/cat_ids/03_短毛奶油虎斑猫.png,Ref_drag_ear.mp4,prepared/Ref_drag_ear.motion.mp4,prompts/drag_ear.v1.en.txt,03,03-cream-shorthair-tabby,短毛奶油虎斑猫,02,02-pull-left-ear,drag_ear,左前爪轻擦左耳与脸部后恢复坐姿,20000,011_03-cream-shorthair-tabby_02-pull-left-ear_seed-20000,4,4.0,24,480,832,15:26,9:16,drag_ear.v1,pending_model_validation,dbdc93fe3f0e922d0d53d3b6c78e213e176b5230876cf046e5da697fd2320d7b,241a5d66949edcf078e592e2d02939921c2ff68968a95640d4e5a7e2c4fe75c1
012,4,../data_h3/cat_ids/04_长毛奶油加白猫.png,Ref_drag_ear.mp4,prepared/Ref_drag_ear.motion.mp4,prompts/drag_ear.v1.en.txt,04,04-cream-white-longhair,长毛奶油加白猫,02,02-pull-left-ear,drag_ear,左前爪轻擦左耳与脸部后恢复坐姿,0,012_04-cream-white-longhair_02-pull-left-ear_seed-0,4,4.0,24,480,832,15:26,9:16,drag_ear.v1,pending_model_validation,dbdc93fe3f0e922d0d53d3b6c78e213e176b5230876cf046e5da697fd2320d7b,241a5d66949edcf078e592e2d02939921c2ff68968a95640d4e5a7e2c4fe75c1
013,4,../data_h3/cat_ids/04_长毛奶油加白猫.png,Ref_drag_ear.mp4,prepared/Ref_drag_ear.motion.mp4,prompts/drag_ear.v1.en.txt,04,04-cream-white-longhair,长毛奶油加白猫,02,02-pull-left-ear,drag_ear,左前爪轻擦左耳与脸部后恢复坐姿,10000,013_04-cream-white-longhair_02-pull-left-ear_seed-10000,4,4.0,24,480,832,15:26,9:16,drag_ear.v1,pending_model_validation,dbdc93fe3f0e922d0d53d3b6c78e213e176b5230876cf046e5da697fd2320d7b,241a5d66949edcf078e592e2d02939921c2ff68968a95640d4e5a7e2c4fe75c1
014,4,../data_h3/cat_ids/04_长毛奶油加白猫.png,Ref_drag_ear.mp4,prepared/Ref_drag_ear.motion.mp4,prompts/drag_ear.v1.en.txt,04,04-cream-white-longhair,长毛奶油加白猫,02,02-pull-left-ear,drag_ear,左前爪轻擦左耳与脸部后恢复坐姿,20000,014_04-cream-white-longhair_02-pull-left-ear_seed-20000,4,4.0,24,480,832,15:26,9:16,drag_ear.v1,pending_model_validation,dbdc93fe3f0e922d0d53d3b6c78e213e176b5230876cf046e5da697fd2320d7b,241a5d66949edcf078e592e2d02939921c2ff68968a95640d4e5a7e2c4fe75c1
015,5,../data_h3/cat_ids/05_短毛橘白梵花猫.png,Ref_drag_ear.mp4,prepared/Ref_drag_ear.motion.mp4,prompts/drag_ear.v1.en.txt,05,05-orange-white-van-shorthair,短毛橘白梵花猫,02,02-pull-left-ear,drag_ear,左前爪轻擦左耳与脸部后恢复坐姿,0,015_05-orange-white-van-shorthair_02-pull-left-ear_seed-0,4,4.0,24,480,832,15:26,9:16,drag_ear.v1,pending_model_validation,dbdc93fe3f0e922d0d53d3b6c78e213e176b5230876cf046e5da697fd2320d7b,241a5d66949edcf078e592e2d02939921c2ff68968a95640d4e5a7e2c4fe75c1
016,5,../data_h3/cat_ids/05_短毛橘白梵花猫.png,Ref_drag_ear.mp4,prepared/Ref_drag_ear.motion.mp4,prompts/drag_ear.v1.en.txt,05,05-orange-white-van-shorthair,短毛橘白梵花猫,02,02-pull-left-ear,drag_ear,左前爪轻擦左耳与脸部后恢复坐姿,10000,016_05-orange-white-van-shorthair_02-pull-left-ear_seed-10000,4,4.0,24,480,832,15:26,9:16,drag_ear.v1,pending_model_validation,dbdc93fe3f0e922d0d53d3b6c78e213e176b5230876cf046e5da697fd2320d7b,241a5d66949edcf078e592e2d02939921c2ff68968a95640d4e5a7e2c4fe75c1
017,5,../data_h3/cat_ids/05_短毛橘白梵花猫.png,Ref_drag_ear.mp4,prepared/Ref_drag_ear.motion.mp4,prompts/drag_ear.v1.en.txt,05,05-orange-white-van-shorthair,短毛橘白梵花猫,02,02-pull-left-ear,drag_ear,左前爪轻擦左耳与脸部后恢复坐姿,20000,017_05-orange-white-van-shorthair_02-pull-left-ear_seed-20000,4,4.0,24,480,832,15:26,9:16,drag_ear.v1,pending_model_validation,dbdc93fe3f0e922d0d53d3b6c78e213e176b5230876cf046e5da697fd2320d7b,241a5d66949edcf078e592e2d02939921c2ff68968a95640d4e5a7e2c4fe75c1
018,6,../data_h3/cat_ids/06_短毛黑猫.png,Ref_drag_ear.mp4,prepared/Ref_drag_ear.motion.mp4,prompts/drag_ear.v1.en.txt,06,06-black-shorthair,短毛黑猫,02,02-pull-left-ear,drag_ear,左前爪轻擦左耳与脸部后恢复坐姿,0,018_06-black-shorthair_02-pull-left-ear_seed-0,4,4.0,24,480,832,15:26,9:16,drag_ear.v1,pending_model_validation,dbdc93fe3f0e922d0d53d3b6c78e213e176b5230876cf046e5da697fd2320d7b,241a5d66949edcf078e592e2d02939921c2ff68968a95640d4e5a7e2c4fe75c1
019,6,../data_h3/cat_ids/06_短毛黑猫.png,Ref_drag_ear.mp4,prepared/Ref_drag_ear.motion.mp4,prompts/drag_ear.v1.en.txt,06,06-black-shorthair,短毛黑猫,02,02-pull-left-ear,drag_ear,左前爪轻擦左耳与脸部后恢复坐姿,10000,019_06-black-shorthair_02-pull-left-ear_seed-10000,4,4.0,24,480,832,15:26,9:16,drag_ear.v1,pending_model_validation,dbdc93fe3f0e922d0d53d3b6c78e213e176b5230876cf046e5da697fd2320d7b,241a5d66949edcf078e592e2d02939921c2ff68968a95640d4e5a7e2c4fe75c1
020,6,../data_h3/cat_ids/06_短毛黑猫.png,Ref_drag_ear.mp4,prepared/Ref_drag_ear.motion.mp4,prompts/drag_ear.v1.en.txt,06,06-black-shorthair,短毛黑猫,02,02-pull-left-ear,drag_ear,左前爪轻擦左耳与脸部后恢复坐姿,20000,020_06-black-shorthair_02-pull-left-ear_seed-20000,4,4.0,24,480,832,15:26,9:16,drag_ear.v1,pending_model_validation,dbdc93fe3f0e922d0d53d3b6c78e213e176b5230876cf046e5da697fd2320d7b,241a5d66949edcf078e592e2d02939921c2ff68968a95640d4e5a7e2c4fe75c1
021,7,../data_h3/cat_ids/07_长毛异瞳白猫.png,Ref_drag_ear.mp4,prepared/Ref_drag_ear.motion.mp4,prompts/drag_ear.v1.en.txt,07,07-odd-eyed-white-longhair,长毛异瞳白猫,02,02-pull-left-ear,drag_ear,左前爪轻擦左耳与脸部后恢复坐姿,0,021_07-odd-eyed-white-longhair_02-pull-left-ear_seed-0,4,4.0,24,480,832,15:26,9:16,drag_ear.v1,pending_model_validation,dbdc93fe3f0e922d0d53d3b6c78e213e176b5230876cf046e5da697fd2320d7b,241a5d66949edcf078e592e2d02939921c2ff68968a95640d4e5a7e2c4fe75c1
022,7,../data_h3/cat_ids/07_长毛异瞳白猫.png,Ref_drag_ear.mp4,prepared/Ref_drag_ear.motion.mp4,prompts/drag_ear.v1.en.txt,07,07-odd-eyed-white-longhair,长毛异瞳白猫,02,02-pull-left-ear,drag_ear,左前爪轻擦左耳与脸部后恢复坐姿,10000,022_07-odd-eyed-white-longhair_02-pull-left-ear_seed-10000,4,4.0,24,480,832,15:26,9:16,drag_ear.v1,pending_model_validation,dbdc93fe3f0e922d0d53d3b6c78e213e176b5230876cf046e5da697fd2320d7b,241a5d66949edcf078e592e2d02939921c2ff68968a95640d4e5a7e2c4fe75c1
023,7,../data_h3/cat_ids/07_长毛异瞳白猫.png,Ref_drag_ear.mp4,prepared/Ref_drag_ear.motion.mp4,prompts/drag_ear.v1.en.txt,07,07-odd-eyed-white-longhair,长毛异瞳白猫,02,02-pull-left-ear,drag_ear,左前爪轻擦左耳与脸部后恢复坐姿,20000,023_07-odd-eyed-white-longhair_02-pull-left-ear_seed-20000,4,4.0,24,480,832,15:26,9:16,drag_ear.v1,pending_model_validation,dbdc93fe3f0e922d0d53d3b6c78e213e176b5230876cf046e5da697fd2320d7b,241a5d66949edcf078e592e2d02939921c2ff68968a95640d4e5a7e2c4fe75c1
024,8,../data_h3/cat_ids/08_短毛棕色鱼骨纹猫.png,Ref_drag_ear.mp4,prepared/Ref_drag_ear.motion.mp4,prompts/drag_ear.v1.en.txt,08,08-brown-shorthair-mackerel-tabby,短毛棕色鱼骨纹猫,02,02-pull-left-ear,drag_ear,左前爪轻擦左耳与脸部后恢复坐姿,0,024_08-brown-shorthair-mackerel-tabby_02-pull-left-ear_seed-0,4,4.0,24,480,832,15:26,9:16,drag_ear.v1,pending_model_validation,dbdc93fe3f0e922d0d53d3b6c78e213e176b5230876cf046e5da697fd2320d7b,241a5d66949edcf078e592e2d02939921c2ff68968a95640d4e5a7e2c4fe75c1
025,8,../data_h3/cat_ids/08_短毛棕色鱼骨纹猫.png,Ref_drag_ear.mp4,prepared/Ref_drag_ear.motion.mp4,prompts/drag_ear.v1.en.txt,08,08-brown-shorthair-mackerel-tabby,短毛棕色鱼骨纹猫,02,02-pull-left-ear,drag_ear,左前爪轻擦左耳与脸部后恢复坐姿,10000,025_08-brown-shorthair-mackerel-tabby_02-pull-left-ear_seed-10000,4,4.0,24,480,832,15:26,9:16,drag_ear.v1,pending_model_validation,dbdc93fe3f0e922d0d53d3b6c78e213e176b5230876cf046e5da697fd2320d7b,241a5d66949edcf078e592e2d02939921c2ff68968a95640d4e5a7e2c4fe75c1
026,8,../data_h3/cat_ids/08_短毛棕色鱼骨纹猫.png,Ref_drag_ear.mp4,prepared/Ref_drag_ear.motion.mp4,prompts/drag_ear.v1.en.txt,08,08-brown-shorthair-mackerel-tabby,短毛棕色鱼骨纹猫,02,02-pull-left-ear,drag_ear,左前爪轻擦左耳与脸部后恢复坐姿,20000,026_08-brown-shorthair-mackerel-tabby_02-pull-left-ear_seed-20000,4,4.0,24,480,832,15:26,9:16,drag_ear.v1,pending_model_validation,dbdc93fe3f0e922d0d53d3b6c78e213e176b5230876cf046e5da697fd2320d7b,241a5d66949edcf078e592e2d02939921c2ff68968a95640d4e5a7e2c4fe75c1
027,9,../data_h3/cat_ids/09_短毛棕色经典虎斑猫.png,Ref_drag_ear.mp4,prepared/Ref_drag_ear.motion.mp4,prompts/drag_ear.v1.en.txt,09,09-brown-shorthair-classic-tabby,短毛棕色经典虎斑猫,02,02-pull-left-ear,drag_ear,左前爪轻擦左耳与脸部后恢复坐姿,0,027_09-brown-shorthair-classic-tabby_02-pull-left-ear_seed-0,4,4.0,24,480,832,15:26,9:16,drag_ear.v1,pending_model_validation,dbdc93fe3f0e922d0d53d3b6c78e213e176b5230876cf046e5da697fd2320d7b,241a5d66949edcf078e592e2d02939921c2ff68968a95640d4e5a7e2c4fe75c1
028,9,../data_h3/cat_ids/09_短毛棕色经典虎斑猫.png,Ref_drag_ear.mp4,prepared/Ref_drag_ear.motion.mp4,prompts/drag_ear.v1.en.txt,09,09-brown-shorthair-classic-tabby,短毛棕色经典虎斑猫,02,02-pull-left-ear,drag_ear,左前爪轻擦左耳与脸部后恢复坐姿,10000,028_09-brown-shorthair-classic-tabby_02-pull-left-ear_seed-10000,4,4.0,24,480,832,15:26,9:16,drag_ear.v1,pending_model_validation,dbdc93fe3f0e922d0d53d3b6c78e213e176b5230876cf046e5da697fd2320d7b,241a5d66949edcf078e592e2d02939921c2ff68968a95640d4e5a7e2c4fe75c1
029,9,../data_h3/cat_ids/09_短毛棕色经典虎斑猫.png,Ref_drag_ear.mp4,prepared/Ref_drag_ear.motion.mp4,prompts/drag_ear.v1.en.txt,09,09-brown-shorthair-classic-tabby,短毛棕色经典虎斑猫,02,02-pull-left-ear,drag_ear,左前爪轻擦左耳与脸部后恢复坐姿,20000,029_09-brown-shorthair-classic-tabby_02-pull-left-ear_seed-20000,4,4.0,24,480,832,15:26,9:16,drag_ear.v1,pending_model_validation,dbdc93fe3f0e922d0d53d3b6c78e213e176b5230876cf046e5da697fd2320d7b,241a5d66949edcf078e592e2d02939921c2ff68968a95640d4e5a7e2c4fe75c1
030,10,../data_h3/cat_ids/10_短毛银色斑点猫.png,Ref_drag_ear.mp4,prepared/Ref_drag_ear.motion.mp4,prompts/drag_ear.v1.en.txt,10,10-silver-spotted-shorthair,短毛银色斑点猫,02,02-pull-left-ear,drag_ear,左前爪轻擦左耳与脸部后恢复坐姿,0,030_10-silver-spotted-shorthair_02-pull-left-ear_seed-0,4,4.0,24,480,832,15:26,9:16,drag_ear.v1,pending_model_validation,dbdc93fe3f0e922d0d53d3b6c78e213e176b5230876cf046e5da697fd2320d7b,241a5d66949edcf078e592e2d02939921c2ff68968a95640d4e5a7e2c4fe75c1
031,10,../data_h3/cat_ids/10_短毛银色斑点猫.png,Ref_drag_ear.mp4,prepared/Ref_drag_ear.motion.mp4,prompts/drag_ear.v1.en.txt,10,10-silver-spotted-shorthair,短毛银色斑点猫,02,02-pull-left-ear,drag_ear,左前爪轻擦左耳与脸部后恢复坐姿,10000,031_10-silver-spotted-shorthair_02-pull-left-ear_seed-10000,4,4.0,24,480,832,15:26,9:16,drag_ear.v1,pending_model_validation,dbdc93fe3f0e922d0d53d3b6c78e213e176b5230876cf046e5da697fd2320d7b,241a5d66949edcf078e592e2d02939921c2ff68968a95640d4e5a7e2c4fe75c1
032,10,../data_h3/cat_ids/10_短毛银色斑点猫.png,Ref_drag_ear.mp4,prepared/Ref_drag_ear.motion.mp4,prompts/drag_ear.v1.en.txt,10,10-silver-spotted-shorthair,短毛银色斑点猫,02,02-pull-left-ear,drag_ear,左前爪轻擦左耳与脸部后恢复坐姿,20000,032_10-silver-spotted-shorthair_02-pull-left-ear_seed-20000,4,4.0,24,480,832,15:26,9:16,drag_ear.v1,pending_model_validation,dbdc93fe3f0e922d0d53d3b6c78e213e176b5230876cf046e5da697fd2320d7b,241a5d66949edcf078e592e2d02939921c2ff68968a95640d4e5a7e2c4fe75c1
033,11,../data_h3/cat_ids/11_黑白燕尾服猫.png,Ref_drag_ear.mp4,prepared/Ref_drag_ear.motion.mp4,prompts/drag_ear.v1.en.txt,11,11-black-white-tuxedo,黑白燕尾服猫,02,02-pull-left-ear,drag_ear,左前爪轻擦左耳与脸部后恢复坐姿,0,033_11-black-white-tuxedo_02-pull-left-ear_seed-0,4,4.0,24,480,832,15:26,9:16,drag_ear.v1,pending_model_validation,dbdc93fe3f0e922d0d53d3b6c78e213e176b5230876cf046e5da697fd2320d7b,241a5d66949edcf078e592e2d02939921c2ff68968a95640d4e5a7e2c4fe75c1
034,11,../data_h3/cat_ids/11_黑白燕尾服猫.png,Ref_drag_ear.mp4,prepared/Ref_drag_ear.motion.mp4,prompts/drag_ear.v1.en.txt,11,11-black-white-tuxedo,黑白燕尾服猫,02,02-pull-left-ear,drag_ear,左前爪轻擦左耳与脸部后恢复坐姿,10000,034_11-black-white-tuxedo_02-pull-left-ear_seed-10000,4,4.0,24,480,832,15:26,9:16,drag_ear.v1,pending_model_validation,dbdc93fe3f0e922d0d53d3b6c78e213e176b5230876cf046e5da697fd2320d7b,241a5d66949edcf078e592e2d02939921c2ff68968a95640d4e5a7e2c4fe75c1
035,11,../data_h3/cat_ids/11_黑白燕尾服猫.png,Ref_drag_ear.mp4,prepared/Ref_drag_ear.motion.mp4,prompts/drag_ear.v1.en.txt,11,11-black-white-tuxedo,黑白燕尾服猫,02,02-pull-left-ear,drag_ear,左前爪轻擦左耳与脸部后恢复坐姿,20000,035_11-black-white-tuxedo_02-pull-left-ear_seed-20000,4,4.0,24,480,832,15:26,9:16,drag_ear.v1,pending_model_validation,dbdc93fe3f0e922d0d53d3b6c78e213e176b5230876cf046e5da697fd2320d7b,241a5d66949edcf078e592e2d02939921c2ff68968a95640d4e5a7e2c4fe75c1
036,12,../data_h3/cat_ids/12_短毛三花猫.png,Ref_drag_ear.mp4,prepared/Ref_drag_ear.motion.mp4,prompts/drag_ear.v1.en.txt,12,12-calico-shorthair,短毛三花猫,02,02-pull-left-ear,drag_ear,左前爪轻擦左耳与脸部后恢复坐姿,0,036_12-calico-shorthair_02-pull-left-ear_seed-0,4,4.0,24,480,832,15:26,9:16,drag_ear.v1,pending_model_validation,dbdc93fe3f0e922d0d53d3b6c78e213e176b5230876cf046e5da697fd2320d7b,241a5d66949edcf078e592e2d02939921c2ff68968a95640d4e5a7e2c4fe75c1
037,12,../data_h3/cat_ids/12_短毛三花猫.png,Ref_drag_ear.mp4,prepared/Ref_drag_ear.motion.mp4,prompts/drag_ear.v1.en.txt,12,12-calico-shorthair,短毛三花猫,02,02-pull-left-ear,drag_ear,左前爪轻擦左耳与脸部后恢复坐姿,10000,037_12-calico-shorthair_02-pull-left-ear_seed-10000,4,4.0,24,480,832,15:26,9:16,drag_ear.v1,pending_model_validation,dbdc93fe3f0e922d0d53d3b6c78e213e176b5230876cf046e5da697fd2320d7b,241a5d66949edcf078e592e2d02939921c2ff68968a95640d4e5a7e2c4fe75c1
038,12,../data_h3/cat_ids/12_短毛三花猫.png,Ref_drag_ear.mp4,prepared/Ref_drag_ear.motion.mp4,prompts/drag_ear.v1.en.txt,12,12-calico-shorthair,短毛三花猫,02,02-pull-left-ear,drag_ear,左前爪轻擦左耳与脸部后恢复坐姿,20000,038_12-calico-shorthair_02-pull-left-ear_seed-20000,4,4.0,24,480,832,15:26,9:16,drag_ear.v1,pending_model_validation,dbdc93fe3f0e922d0d53d3b6c78e213e176b5230876cf046e5da697fd2320d7b,241a5d66949edcf078e592e2d02939921c2ff68968a95640d4e5a7e2c4fe75c1
039,13,../data_h3/cat_ids/13_短毛淡三花猫.png,Ref_drag_ear.mp4,prepared/Ref_drag_ear.motion.mp4,prompts/drag_ear.v1.en.txt,13,13-dilute-calico-shorthair,短毛淡三花猫,02,02-pull-left-ear,drag_ear,左前爪轻擦左耳与脸部后恢复坐姿,0,039_13-dilute-calico-shorthair_02-pull-left-ear_seed-0,4,4.0,24,480,832,15:26,9:16,drag_ear.v1,pending_model_validation,dbdc93fe3f0e922d0d53d3b6c78e213e176b5230876cf046e5da697fd2320d7b,241a5d66949edcf078e592e2d02939921c2ff68968a95640d4e5a7e2c4fe75c1
040,13,../data_h3/cat_ids/13_短毛淡三花猫.png,Ref_drag_ear.mp4,prepared/Ref_drag_ear.motion.mp4,prompts/drag_ear.v1.en.txt,13,13-dilute-calico-shorthair,短毛淡三花猫,02,02-pull-left-ear,drag_ear,左前爪轻擦左耳与脸部后恢复坐姿,10000,040_13-dilute-calico-shorthair_02-pull-left-ear_seed-10000,4,4.0,24,480,832,15:26,9:16,drag_ear.v1,pending_model_validation,dbdc93fe3f0e922d0d53d3b6c78e213e176b5230876cf046e5da697fd2320d7b,241a5d66949edcf078e592e2d02939921c2ff68968a95640d4e5a7e2c4fe75c1
041,13,../data_h3/cat_ids/13_短毛淡三花猫.png,Ref_drag_ear.mp4,prepared/Ref_drag_ear.motion.mp4,prompts/drag_ear.v1.en.txt,13,13-dilute-calico-shorthair,短毛淡三花猫,02,02-pull-left-ear,drag_ear,左前爪轻擦左耳与脸部后恢复坐姿,20000,041_13-dilute-calico-shorthair_02-pull-left-ear_seed-20000,4,4.0,24,480,832,15:26,9:16,drag_ear.v1,pending_model_validation,dbdc93fe3f0e922d0d53d3b6c78e213e176b5230876cf046e5da697fd2320d7b,241a5d66949edcf078e592e2d02939921c2ff68968a95640d4e5a7e2c4fe75c1
042,14,../data_h3/cat_ids/14_短毛黑玳瑁猫.png,Ref_drag_ear.mp4,prepared/Ref_drag_ear.motion.mp4,prompts/drag_ear.v1.en.txt,14,14-black-tortoiseshell-shorthair,短毛黑玳瑁猫,02,02-pull-left-ear,drag_ear,左前爪轻擦左耳与脸部后恢复坐姿,0,042_14-black-tortoiseshell-shorthair_02-pull-left-ear_seed-0,4,4.0,24,480,832,15:26,9:16,drag_ear.v1,pending_model_validation,dbdc93fe3f0e922d0d53d3b6c78e213e176b5230876cf046e5da697fd2320d7b,241a5d66949edcf078e592e2d02939921c2ff68968a95640d4e5a7e2c4fe75c1
043,14,../data_h3/cat_ids/14_短毛黑玳瑁猫.png,Ref_drag_ear.mp4,prepared/Ref_drag_ear.motion.mp4,prompts/drag_ear.v1.en.txt,14,14-black-tortoiseshell-shorthair,短毛黑玳瑁猫,02,02-pull-left-ear,drag_ear,左前爪轻擦左耳与脸部后恢复坐姿,10000,043_14-black-tortoiseshell-shorthair_02-pull-left-ear_seed-10000,4,4.0,24,480,832,15:26,9:16,drag_ear.v1,pending_model_validation,dbdc93fe3f0e922d0d53d3b6c78e213e176b5230876cf046e5da697fd2320d7b,241a5d66949edcf078e592e2d02939921c2ff68968a95640d4e5a7e2c4fe75c1
044,14,../data_h3/cat_ids/14_短毛黑玳瑁猫.png,Ref_drag_ear.mp4,prepared/Ref_drag_ear.motion.mp4,prompts/drag_ear.v1.en.txt,14,14-black-tortoiseshell-shorthair,短毛黑玳瑁猫,02,02-pull-left-ear,drag_ear,左前爪轻擦左耳与脸部后恢复坐姿,20000,044_14-black-tortoiseshell-shorthair_02-pull-left-ear_seed-20000,4,4.0,24,480,832,15:26,9:16,drag_ear.v1,pending_model_validation,dbdc93fe3f0e922d0d53d3b6c78e213e176b5230876cf046e5da697fd2320d7b,241a5d66949edcf078e592e2d02939921c2ff68968a95640d4e5a7e2c4fe75c1
045,15,../data_h3/cat_ids/15_短毛蓝奶油玳瑁猫.png,Ref_drag_ear.mp4,prepared/Ref_drag_ear.motion.mp4,prompts/drag_ear.v1.en.txt,15,15-blue-cream-tortoiseshell-shorthair,短毛蓝奶油玳瑁猫,02,02-pull-left-ear,drag_ear,左前爪轻擦左耳与脸部后恢复坐姿,0,045_15-blue-cream-tortoiseshell-shorthair_02-pull-left-ear_seed-0,4,4.0,24,480,832,15:26,9:16,drag_ear.v1,pending_model_validation,dbdc93fe3f0e922d0d53d3b6c78e213e176b5230876cf046e5da697fd2320d7b,241a5d66949edcf078e592e2d02939921c2ff68968a95640d4e5a7e2c4fe75c1
046,15,../data_h3/cat_ids/15_短毛蓝奶油玳瑁猫.png,Ref_drag_ear.mp4,prepared/Ref_drag_ear.motion.mp4,prompts/drag_ear.v1.en.txt,15,15-blue-cream-tortoiseshell-shorthair,短毛蓝奶油玳瑁猫,02,02-pull-left-ear,drag_ear,左前爪轻擦左耳与脸部后恢复坐姿,10000,046_15-blue-cream-tortoiseshell-shorthair_02-pull-left-ear_seed-10000,4,4.0,24,480,832,15:26,9:16,drag_ear.v1,pending_model_validation,dbdc93fe3f0e922d0d53d3b6c78e213e176b5230876cf046e5da697fd2320d7b,241a5d66949edcf078e592e2d02939921c2ff68968a95640d4e5a7e2c4fe75c1
047,15,../data_h3/cat_ids/15_短毛蓝奶油玳瑁猫.png,Ref_drag_ear.mp4,prepared/Ref_drag_ear.motion.mp4,prompts/drag_ear.v1.en.txt,15,15-blue-cream-tortoiseshell-shorthair,短毛蓝奶油玳瑁猫,02,02-pull-left-ear,drag_ear,左前爪轻擦左耳与脸部后恢复坐姿,20000,047_15-blue-cream-tortoiseshell-shorthair_02-pull-left-ear_seed-20000,4,4.0,24,480,832,15:26,9:16,drag_ear.v1,pending_model_validation,dbdc93fe3f0e922d0d53d3b6c78e213e176b5230876cf046e5da697fd2320d7b,241a5d66949edcf078e592e2d02939921c2ff68968a95640d4e5a7e2c4fe75c1
048,16,../data_h3/cat_ids/16_阿比西尼亚猫原色.png,Ref_drag_ear.mp4,prepared/Ref_drag_ear.motion.mp4,prompts/drag_ear.v1.en.txt,16,16-abyssinian-ruddy,阿比西尼亚猫原色,02,02-pull-left-ear,drag_ear,左前爪轻擦左耳与脸部后恢复坐姿,0,048_16-abyssinian-ruddy_02-pull-left-ear_seed-0,4,4.0,24,480,832,15:26,9:16,drag_ear.v1,pending_model_validation,dbdc93fe3f0e922d0d53d3b6c78e213e176b5230876cf046e5da697fd2320d7b,241a5d66949edcf078e592e2d02939921c2ff68968a95640d4e5a7e2c4fe75c1
049,16,../data_h3/cat_ids/16_阿比西尼亚猫原色.png,Ref_drag_ear.mp4,prepared/Ref_drag_ear.motion.mp4,prompts/drag_ear.v1.en.txt,16,16-abyssinian-ruddy,阿比西尼亚猫原色,02,02-pull-left-ear,drag_ear,左前爪轻擦左耳与脸部后恢复坐姿,10000,049_16-abyssinian-ruddy_02-pull-left-ear_seed-10000,4,4.0,24,480,832,15:26,9:16,drag_ear.v1,pending_model_validation,dbdc93fe3f0e922d0d53d3b6c78e213e176b5230876cf046e5da697fd2320d7b,241a5d66949edcf078e592e2d02939921c2ff68968a95640d4e5a7e2c4fe75c1
050,16,../data_h3/cat_ids/16_阿比西尼亚猫原色.png,Ref_drag_ear.mp4,prepared/Ref_drag_ear.motion.mp4,prompts/drag_ear.v1.en.txt,16,16-abyssinian-ruddy,阿比西尼亚猫原色,02,02-pull-left-ear,drag_ear,左前爪轻擦左耳与脸部后恢复坐姿,20000,050_16-abyssinian-ruddy_02-pull-left-ear_seed-20000,4,4.0,24,480,832,15:26,9:16,drag_ear.v1,pending_model_validation,dbdc93fe3f0e922d0d53d3b6c78e213e176b5230876cf046e5da697fd2320d7b,241a5d66949edcf078e592e2d02939921c2ff68968a95640d4e5a7e2c4fe75c1
051,17,../data_h3/cat_ids/17_索马里猫索雷尔色.png,Ref_drag_ear.mp4,prepared/Ref_drag_ear.motion.mp4,prompts/drag_ear.v1.en.txt,17,17-somali-sorrel,索马里猫索雷尔色,02,02-pull-left-ear,drag_ear,左前爪轻擦左耳与脸部后恢复坐姿,0,051_17-somali-sorrel_02-pull-left-ear_seed-0,4,4.0,24,480,832,15:26,9:16,drag_ear.v1,pending_model_validation,dbdc93fe3f0e922d0d53d3b6c78e213e176b5230876cf046e5da697fd2320d7b,241a5d66949edcf078e592e2d02939921c2ff68968a95640d4e5a7e2c4fe75c1
052,17,../data_h3/cat_ids/17_索马里猫索雷尔色.png,Ref_drag_ear.mp4,prepared/Ref_drag_ear.motion.mp4,prompts/drag_ear.v1.en.txt,17,17-somali-sorrel,索马里猫索雷尔色,02,02-pull-left-ear,drag_ear,左前爪轻擦左耳与脸部后恢复坐姿,10000,052_17-somali-sorrel_02-pull-left-ear_seed-10000,4,4.0,24,480,832,15:26,9:16,drag_ear.v1,pending_model_validation,dbdc93fe3f0e922d0d53d3b6c78e213e176b5230876cf046e5da697fd2320d7b,241a5d66949edcf078e592e2d02939921c2ff68968a95640d4e5a7e2c4fe75c1
053,17,../data_h3/cat_ids/17_索马里猫索雷尔色.png,Ref_drag_ear.mp4,prepared/Ref_drag_ear.motion.mp4,prompts/drag_ear.v1.en.txt,17,17-somali-sorrel,索马里猫索雷尔色,02,02-pull-left-ear,drag_ear,左前爪轻擦左耳与脸部后恢复坐姿,20000,053_17-somali-sorrel_02-pull-left-ear_seed-20000,4,4.0,24,480,832,15:26,9:16,drag_ear.v1,pending_model_validation,dbdc93fe3f0e922d0d53d3b6c78e213e176b5230876cf046e5da697fd2320d7b,241a5d66949edcf078e592e2d02939921c2ff68968a95640d4e5a7e2c4fe75c1
054,18,../data_h3/cat_ids/18_孟加拉猫玫瑰斑.png,Ref_drag_ear.mp4,prepared/Ref_drag_ear.motion.mp4,prompts/drag_ear.v1.en.txt,18,18-bengal-rosetted,孟加拉猫玫瑰斑,02,02-pull-left-ear,drag_ear,左前爪轻擦左耳与脸部后恢复坐姿,0,054_18-bengal-rosetted_02-pull-left-ear_seed-0,4,4.0,24,480,832,15:26,9:16,drag_ear.v1,pending_model_validation,dbdc93fe3f0e922d0d53d3b6c78e213e176b5230876cf046e5da697fd2320d7b,241a5d66949edcf078e592e2d02939921c2ff68968a95640d4e5a7e2c4fe75c1
055,18,../data_h3/cat_ids/18_孟加拉猫玫瑰斑.png,Ref_drag_ear.mp4,prepared/Ref_drag_ear.motion.mp4,prompts/drag_ear.v1.en.txt,18,18-bengal-rosetted,孟加拉猫玫瑰斑,02,02-pull-left-ear,drag_ear,左前爪轻擦左耳与脸部后恢复坐姿,10000,055_18-bengal-rosetted_02-pull-left-ear_seed-10000,4,4.0,24,480,832,15:26,9:16,drag_ear.v1,pending_model_validation,dbdc93fe3f0e922d0d53d3b6c78e213e176b5230876cf046e5da697fd2320d7b,241a5d66949edcf078e592e2d02939921c2ff68968a95640d4e5a7e2c4fe75c1
056,18,../data_h3/cat_ids/18_孟加拉猫玫瑰斑.png,Ref_drag_ear.mp4,prepared/Ref_drag_ear.motion.mp4,prompts/drag_ear.v1.en.txt,18,18-bengal-rosetted,孟加拉猫玫瑰斑,02,02-pull-left-ear,drag_ear,左前爪轻擦左耳与脸部后恢复坐姿,20000,056_18-bengal-rosetted_02-pull-left-ear_seed-20000,4,4.0,24,480,832,15:26,9:16,drag_ear.v1,pending_model_validation,dbdc93fe3f0e922d0d53d3b6c78e213e176b5230876cf046e5da697fd2320d7b,241a5d66949edcf078e592e2d02939921c2ff68968a95640d4e5a7e2c4fe75c1
057,19,../data_h3/cat_ids/19_孟加拉猫雪色大理石纹.png,Ref_drag_ear.mp4,prepared/Ref_drag_ear.motion.mp4,prompts/drag_ear.v1.en.txt,19,19-bengal-snow-marbled,孟加拉猫雪色大理石纹,02,02-pull-left-ear,drag_ear,左前爪轻擦左耳与脸部后恢复坐姿,0,057_19-bengal-snow-marbled_02-pull-left-ear_seed-0,4,4.0,24,480,832,15:26,9:16,drag_ear.v1,pending_model_validation,dbdc93fe3f0e922d0d53d3b6c78e213e176b5230876cf046e5da697fd2320d7b,241a5d66949edcf078e592e2d02939921c2ff68968a95640d4e5a7e2c4fe75c1
058,19,../data_h3/cat_ids/19_孟加拉猫雪色大理石纹.png,Ref_drag_ear.mp4,prepared/Ref_drag_ear.motion.mp4,prompts/drag_ear.v1.en.txt,19,19-bengal-snow-marbled,孟加拉猫雪色大理石纹,02,02-pull-left-ear,drag_ear,左前爪轻擦左耳与脸部后恢复坐姿,10000,058_19-bengal-snow-marbled_02-pull-left-ear_seed-10000,4,4.0,24,480,832,15:26,9:16,drag_ear.v1,pending_model_validation,dbdc93fe3f0e922d0d53d3b6c78e213e176b5230876cf046e5da697fd2320d7b,241a5d66949edcf078e592e2d02939921c2ff68968a95640d4e5a7e2c4fe75c1
059,19,../data_h3/cat_ids/19_孟加拉猫雪色大理石纹.png,Ref_drag_ear.mp4,prepared/Ref_drag_ear.motion.mp4,prompts/drag_ear.v1.en.txt,19,19-bengal-snow-marbled,孟加拉猫雪色大理石纹,02,02-pull-left-ear,drag_ear,左前爪轻擦左耳与脸部后恢复坐姿,20000,059_19-bengal-snow-marbled_02-pull-left-ear_seed-20000,4,4.0,24,480,832,15:26,9:16,drag_ear.v1,pending_model_validation,dbdc93fe3f0e922d0d53d3b6c78e213e176b5230876cf046e5da697fd2320d7b,241a5d66949edcf078e592e2d02939921c2ff68968a95640d4e5a7e2c4fe75c1
060,20,../data_h3/cat_ids/20_埃及猫.png,Ref_drag_ear.mp4,prepared/Ref_drag_ear.motion.mp4,prompts/drag_ear.v1.en.txt,20,20-egyptian-mau,埃及猫,02,02-pull-left-ear,drag_ear,左前爪轻擦左耳与脸部后恢复坐姿,0,060_20-egyptian-mau_02-pull-left-ear_seed-0,4,4.0,24,480,832,15:26,9:16,drag_ear.v1,pending_model_validation,dbdc93fe3f0e922d0d53d3b6c78e213e176b5230876cf046e5da697fd2320d7b,241a5d66949edcf078e592e2d02939921c2ff68968a95640d4e5a7e2c4fe75c1
061,20,../data_h3/cat_ids/20_埃及猫.png,Ref_drag_ear.mp4,prepared/Ref_drag_ear.motion.mp4,prompts/drag_ear.v1.en.txt,20,20-egyptian-mau,埃及猫,02,02-pull-left-ear,drag_ear,左前爪轻擦左耳与脸部后恢复坐姿,10000,061_20-egyptian-mau_02-pull-left-ear_seed-10000,4,4.0,24,480,832,15:26,9:16,drag_ear.v1,pending_model_validation,dbdc93fe3f0e922d0d53d3b6c78e213e176b5230876cf046e5da697fd2320d7b,241a5d66949edcf078e592e2d02939921c2ff68968a95640d4e5a7e2c4fe75c1
062,20,../data_h3/cat_ids/20_埃及猫.png,Ref_drag_ear.mp4,prepared/Ref_drag_ear.motion.mp4,prompts/drag_ear.v1.en.txt,20,20-egyptian-mau,埃及猫,02,02-pull-left-ear,drag_ear,左前爪轻擦左耳与脸部后恢复坐姿,20000,062_20-egyptian-mau_02-pull-left-ear_seed-20000,4,4.0,24,480,832,15:26,9:16,drag_ear.v1,pending_model_validation,dbdc93fe3f0e922d0d53d3b6c78e213e176b5230876cf046e5da697fd2320d7b,241a5d66949edcf078e592e2d02939921c2ff68968a95640d4e5a7e2c4fe75c1
063,21,../data_h3/cat_ids/21_奥西猫黄褐色.png,Ref_drag_ear.mp4,prepared/Ref_drag_ear.motion.mp4,prompts/drag_ear.v1.en.txt,21,21-ocicat-tawny,奥西猫黄褐色,02,02-pull-left-ear,drag_ear,左前爪轻擦左耳与脸部后恢复坐姿,0,063_21-ocicat-tawny_02-pull-left-ear_seed-0,4,4.0,24,480,832,15:26,9:16,drag_ear.v1,pending_model_validation,dbdc93fe3f0e922d0d53d3b6c78e213e176b5230876cf046e5da697fd2320d7b,241a5d66949edcf078e592e2d02939921c2ff68968a95640d4e5a7e2c4fe75c1
064,21,../data_h3/cat_ids/21_奥西猫黄褐色.png,Ref_drag_ear.mp4,prepared/Ref_drag_ear.motion.mp4,prompts/drag_ear.v1.en.txt,21,21-ocicat-tawny,奥西猫黄褐色,02,02-pull-left-ear,drag_ear,左前爪轻擦左耳与脸部后恢复坐姿,10000,064_21-ocicat-tawny_02-pull-left-ear_seed-10000,4,4.0,24,480,832,15:26,9:16,drag_ear.v1,pending_model_validation,dbdc93fe3f0e922d0d53d3b6c78e213e176b5230876cf046e5da697fd2320d7b,241a5d66949edcf078e592e2d02939921c2ff68968a95640d4e5a7e2c4fe75c1
065,21,../data_h3/cat_ids/21_奥西猫黄褐色.png,Ref_drag_ear.mp4,prepared/Ref_drag_ear.motion.mp4,prompts/drag_ear.v1.en.txt,21,21-ocicat-tawny,奥西猫黄褐色,02,02-pull-left-ear,drag_ear,左前爪轻擦左耳与脸部后恢复坐姿,20000,065_21-ocicat-tawny_02-pull-left-ear_seed-20000,4,4.0,24,480,832,15:26,9:16,drag_ear.v1,pending_model_validation,dbdc93fe3f0e922d0d53d3b6c78e213e176b5230876cf046e5da697fd2320d7b,241a5d66949edcf078e592e2d02939921c2ff68968a95640d4e5a7e2c4fe75c1
066,22,../data_h3/cat_ids/22_萨凡纳猫.png,Ref_drag_ear.mp4,prepared/Ref_drag_ear.motion.mp4,prompts/drag_ear.v1.en.txt,22,22-savannah,萨凡纳猫,02,02-pull-left-ear,drag_ear,左前爪轻擦左耳与脸部后恢复坐姿,0,066_22-savannah_02-pull-left-ear_seed-0,4,4.0,24,480,832,15:26,9:16,drag_ear.v1,pending_model_validation,dbdc93fe3f0e922d0d53d3b6c78e213e176b5230876cf046e5da697fd2320d7b,241a5d66949edcf078e592e2d02939921c2ff68968a95640d4e5a7e2c4fe75c1
067,22,../data_h3/cat_ids/22_萨凡纳猫.png,Ref_drag_ear.mp4,prepared/Ref_drag_ear.motion.mp4,prompts/drag_ear.v1.en.txt,22,22-savannah,萨凡纳猫,02,02-pull-left-ear,drag_ear,左前爪轻擦左耳与脸部后恢复坐姿,10000,067_22-savannah_02-pull-left-ear_seed-10000,4,4.0,24,480,832,15:26,9:16,drag_ear.v1,pending_model_validation,dbdc93fe3f0e922d0d53d3b6c78e213e176b5230876cf046e5da697fd2320d7b,241a5d66949edcf078e592e2d02939921c2ff68968a95640d4e5a7e2c4fe75c1
068,22,../data_h3/cat_ids/22_萨凡纳猫.png,Ref_drag_ear.mp4,prepared/Ref_drag_ear.motion.mp4,prompts/drag_ear.v1.en.txt,22,22-savannah,萨凡纳猫,02,02-pull-left-ear,drag_ear,左前爪轻擦左耳与脸部后恢复坐姿,20000,068_22-savannah_02-pull-left-ear_seed-20000,4,4.0,24,480,832,15:26,9:16,drag_ear.v1,pending_model_validation,dbdc93fe3f0e922d0d53d3b6c78e213e176b5230876cf046e5da697fd2320d7b,241a5d66949edcf078e592e2d02939921c2ff68968a95640d4e5a7e2c4fe75c1
069,23,../data_h3/cat_ids/23_缅因猫.png,Ref_drag_ear.mp4,prepared/Ref_drag_ear.motion.mp4,prompts/drag_ear.v1.en.txt,23,23-maine-coon,缅因猫,02,02-pull-left-ear,drag_ear,左前爪轻擦左耳与脸部后恢复坐姿,0,069_23-maine-coon_02-pull-left-ear_seed-0,4,4.0,24,480,832,15:26,9:16,drag_ear.v1,pending_model_validation,dbdc93fe3f0e922d0d53d3b6c78e213e176b5230876cf046e5da697fd2320d7b,241a5d66949edcf078e592e2d02939921c2ff68968a95640d4e5a7e2c4fe75c1
070,23,../data_h3/cat_ids/23_缅因猫.png,Ref_drag_ear.mp4,prepared/Ref_drag_ear.motion.mp4,prompts/drag_ear.v1.en.txt,23,23-maine-coon,缅因猫,02,02-pull-left-ear,drag_ear,左前爪轻擦左耳与脸部后恢复坐姿,10000,070_23-maine-coon_02-pull-left-ear_seed-10000,4,4.0,24,480,832,15:26,9:16,drag_ear.v1,pending_model_validation,dbdc93fe3f0e922d0d53d3b6c78e213e176b5230876cf046e5da697fd2320d7b,241a5d66949edcf078e592e2d02939921c2ff68968a95640d4e5a7e2c4fe75c1
071,23,../data_h3/cat_ids/23_缅因猫.png,Ref_drag_ear.mp4,prepared/Ref_drag_ear.motion.mp4,prompts/drag_ear.v1.en.txt,23,23-maine-coon,缅因猫,02,02-pull-left-ear,drag_ear,左前爪轻擦左耳与脸部后恢复坐姿,20000,071_23-maine-coon_02-pull-left-ear_seed-20000,4,4.0,24,480,832,15:26,9:16,drag_ear.v1,pending_model_validation,dbdc93fe3f0e922d0d53d3b6c78e213e176b5230876cf046e5da697fd2320d7b,241a5d66949edcf078e592e2d02939921c2ff68968a95640d4e5a7e2c4fe75c1
072,24,../data_h3/cat_ids/24_挪威森林猫琥珀色.png,Ref_drag_ear.mp4,prepared/Ref_drag_ear.motion.mp4,prompts/drag_ear.v1.en.txt,24,24-norwegian-forest-amber,挪威森林猫琥珀色,02,02-pull-left-ear,drag_ear,左前爪轻擦左耳与脸部后恢复坐姿,0,072_24-norwegian-forest-amber_02-pull-left-ear_seed-0,4,4.0,24,480,832,15:26,9:16,drag_ear.v1,pending_model_validation,dbdc93fe3f0e922d0d53d3b6c78e213e176b5230876cf046e5da697fd2320d7b,241a5d66949edcf078e592e2d02939921c2ff68968a95640d4e5a7e2c4fe75c1
073,24,../data_h3/cat_ids/24_挪威森林猫琥珀色.png,Ref_drag_ear.mp4,prepared/Ref_drag_ear.motion.mp4,prompts/drag_ear.v1.en.txt,24,24-norwegian-forest-amber,挪威森林猫琥珀色,02,02-pull-left-ear,drag_ear,左前爪轻擦左耳与脸部后恢复坐姿,10000,073_24-norwegian-forest-amber_02-pull-left-ear_seed-10000,4,4.0,24,480,832,15:26,9:16,drag_ear.v1,pending_model_validation,dbdc93fe3f0e922d0d53d3b6c78e213e176b5230876cf046e5da697fd2320d7b,241a5d66949edcf078e592e2d02939921c2ff68968a95640d4e5a7e2c4fe75c1
074,24,../data_h3/cat_ids/24_挪威森林猫琥珀色.png,Ref_drag_ear.mp4,prepared/Ref_drag_ear.motion.mp4,prompts/drag_ear.v1.en.txt,24,24-norwegian-forest-amber,挪威森林猫琥珀色,02,02-pull-left-ear,drag_ear,左前爪轻擦左耳与脸部后恢复坐姿,20000,074_24-norwegian-forest-amber_02-pull-left-ear_seed-20000,4,4.0,24,480,832,15:26,9:16,drag_ear.v1,pending_model_validation,dbdc93fe3f0e922d0d53d3b6c78e213e176b5230876cf046e5da697fd2320d7b,241a5d66949edcf078e592e2d02939921c2ff68968a95640d4e5a7e2c4fe75c1
075,25,../data_h3/cat_ids/25_西伯利亚猫银色.png,Ref_drag_ear.mp4,prepared/Ref_drag_ear.motion.mp4,prompts/drag_ear.v1.en.txt,25,25-siberian-silver,西伯利亚猫银色,02,02-pull-left-ear,drag_ear,左前爪轻擦左耳与脸部后恢复坐姿,0,075_25-siberian-silver_02-pull-left-ear_seed-0,4,4.0,24,480,832,15:26,9:16,drag_ear.v1,pending_model_validation,dbdc93fe3f0e922d0d53d3b6c78e213e176b5230876cf046e5da697fd2320d7b,241a5d66949edcf078e592e2d02939921c2ff68968a95640d4e5a7e2c4fe75c1
076,25,../data_h3/cat_ids/25_西伯利亚猫银色.png,Ref_drag_ear.mp4,prepared/Ref_drag_ear.motion.mp4,prompts/drag_ear.v1.en.txt,25,25-siberian-silver,西伯利亚猫银色,02,02-pull-left-ear,drag_ear,左前爪轻擦左耳与脸部后恢复坐姿,10000,076_25-siberian-silver_02-pull-left-ear_seed-10000,4,4.0,24,480,832,15:26,9:16,drag_ear.v1,pending_model_validation,dbdc93fe3f0e922d0d53d3b6c78e213e176b5230876cf046e5da697fd2320d7b,241a5d66949edcf078e592e2d02939921c2ff68968a95640d4e5a7e2c4fe75c1
077,25,../data_h3/cat_ids/25_西伯利亚猫银色.png,Ref_drag_ear.mp4,prepared/Ref_drag_ear.motion.mp4,prompts/drag_ear.v1.en.txt,25,25-siberian-silver,西伯利亚猫银色,02,02-pull-left-ear,drag_ear,左前爪轻擦左耳与脸部后恢复坐姿,20000,077_25-siberian-silver_02-pull-left-ear_seed-20000,4,4.0,24,480,832,15:26,9:16,drag_ear.v1,pending_model_validation,dbdc93fe3f0e922d0d53d3b6c78e213e176b5230876cf046e5da697fd2320d7b,241a5d66949edcf078e592e2d02939921c2ff68968a95640d4e5a7e2c4fe75c1
078,26,../data_h3/cat_ids/26_涅瓦假面猫海豹山猫纹.png,Ref_drag_ear.mp4,prepared/Ref_drag_ear.motion.mp4,prompts/drag_ear.v1.en.txt,26,26-neva-masquerade-seal-lynx-point,涅瓦假面猫海豹山猫纹,02,02-pull-left-ear,drag_ear,左前爪轻擦左耳与脸部后恢复坐姿,0,078_26-neva-masquerade-seal-lynx-point_02-pull-left-ear_seed-0,4,4.0,24,480,832,15:26,9:16,drag_ear.v1,pending_model_validation,dbdc93fe3f0e922d0d53d3b6c78e213e176b5230876cf046e5da697fd2320d7b,241a5d66949edcf078e592e2d02939921c2ff68968a95640d4e5a7e2c4fe75c1
079,26,../data_h3/cat_ids/26_涅瓦假面猫海豹山猫纹.png,Ref_drag_ear.mp4,prepared/Ref_drag_ear.motion.mp4,prompts/drag_ear.v1.en.txt,26,26-neva-masquerade-seal-lynx-point,涅瓦假面猫海豹山猫纹,02,02-pull-left-ear,drag_ear,左前爪轻擦左耳与脸部后恢复坐姿,10000,079_26-neva-masquerade-seal-lynx-point_02-pull-left-ear_seed-10000,4,4.0,24,480,832,15:26,9:16,drag_ear.v1,pending_model_validation,dbdc93fe3f0e922d0d53d3b6c78e213e176b5230876cf046e5da697fd2320d7b,241a5d66949edcf078e592e2d02939921c2ff68968a95640d4e5a7e2c4fe75c1
080,26,../data_h3/cat_ids/26_涅瓦假面猫海豹山猫纹.png,Ref_drag_ear.mp4,prepared/Ref_drag_ear.motion.mp4,prompts/drag_ear.v1.en.txt,26,26-neva-masquerade-seal-lynx-point,涅瓦假面猫海豹山猫纹,02,02-pull-left-ear,drag_ear,左前爪轻擦左耳与脸部后恢复坐姿,20000,080_26-neva-masquerade-seal-lynx-point_02-pull-left-ear_seed-20000,4,4.0,24,480,832,15:26,9:16,drag_ear.v1,pending_model_validation,dbdc93fe3f0e922d0d53d3b6c78e213e176b5230876cf046e5da697fd2320d7b,241a5d66949edcf078e592e2d02939921c2ff68968a95640d4e5a7e2c4fe75c1
081,27,../data_h3/cat_ids/27_布偶猫蓝双色.png,Ref_drag_ear.mp4,prepared/Ref_drag_ear.motion.mp4,prompts/drag_ear.v1.en.txt,27,27-ragdoll-blue-bicolor,布偶猫蓝双色,02,02-pull-left-ear,drag_ear,左前爪轻擦左耳与脸部后恢复坐姿,0,081_27-ragdoll-blue-bicolor_02-pull-left-ear_seed-0,4,4.0,24,480,832,15:26,9:16,drag_ear.v1,pending_model_validation,dbdc93fe3f0e922d0d53d3b6c78e213e176b5230876cf046e5da697fd2320d7b,241a5d66949edcf078e592e2d02939921c2ff68968a95640d4e5a7e2c4fe75c1
082,27,../data_h3/cat_ids/27_布偶猫蓝双色.png,Ref_drag_ear.mp4,prepared/Ref_drag_ear.motion.mp4,prompts/drag_ear.v1.en.txt,27,27-ragdoll-blue-bicolor,布偶猫蓝双色,02,02-pull-left-ear,drag_ear,左前爪轻擦左耳与脸部后恢复坐姿,10000,082_27-ragdoll-blue-bicolor_02-pull-left-ear_seed-10000,4,4.0,24,480,832,15:26,9:16,drag_ear.v1,pending_model_validation,dbdc93fe3f0e922d0d53d3b6c78e213e176b5230876cf046e5da697fd2320d7b,241a5d66949edcf078e592e2d02939921c2ff68968a95640d4e5a7e2c4fe75c1
083,27,../data_h3/cat_ids/27_布偶猫蓝双色.png,Ref_drag_ear.mp4,prepared/Ref_drag_ear.motion.mp4,prompts/drag_ear.v1.en.txt,27,27-ragdoll-blue-bicolor,布偶猫蓝双色,02,02-pull-left-ear,drag_ear,左前爪轻擦左耳与脸部后恢复坐姿,20000,083_27-ragdoll-blue-bicolor_02-pull-left-ear_seed-20000,4,4.0,24,480,832,15:26,9:16,drag_ear.v1,pending_model_validation,dbdc93fe3f0e922d0d53d3b6c78e213e176b5230876cf046e5da697fd2320d7b,241a5d66949edcf078e592e2d02939921c2ff68968a95640d4e5a7e2c4fe75c1
084,28,../data_h3/cat_ids/28_伯曼猫海豹重点色.png,Ref_drag_ear.mp4,prepared/Ref_drag_ear.motion.mp4,prompts/drag_ear.v1.en.txt,28,28-birman-seal-point,伯曼猫海豹重点色,02,02-pull-left-ear,drag_ear,左前爪轻擦左耳与脸部后恢复坐姿,0,084_28-birman-seal-point_02-pull-left-ear_seed-0,4,4.0,24,480,832,15:26,9:16,drag_ear.v1,pending_model_validation,dbdc93fe3f0e922d0d53d3b6c78e213e176b5230876cf046e5da697fd2320d7b,241a5d66949edcf078e592e2d02939921c2ff68968a95640d4e5a7e2c4fe75c1
085,28,../data_h3/cat_ids/28_伯曼猫海豹重点色.png,Ref_drag_ear.mp4,prepared/Ref_drag_ear.motion.mp4,prompts/drag_ear.v1.en.txt,28,28-birman-seal-point,伯曼猫海豹重点色,02,02-pull-left-ear,drag_ear,左前爪轻擦左耳与脸部后恢复坐姿,10000,085_28-birman-seal-point_02-pull-left-ear_seed-10000,4,4.0,24,480,832,15:26,9:16,drag_ear.v1,pending_model_validation,dbdc93fe3f0e922d0d53d3b6c78e213e176b5230876cf046e5da697fd2320d7b,241a5d66949edcf078e592e2d02939921c2ff68968a95640d4e5a7e2c4fe75c1
086,28,../data_h3/cat_ids/28_伯曼猫海豹重点色.png,Ref_drag_ear.mp4,prepared/Ref_drag_ear.motion.mp4,prompts/drag_ear.v1.en.txt,28,28-birman-seal-point,伯曼猫海豹重点色,02,02-pull-left-ear,drag_ear,左前爪轻擦左耳与脸部后恢复坐姿,20000,086_28-birman-seal-point_02-pull-left-ear_seed-20000,4,4.0,24,480,832,15:26,9:16,drag_ear.v1,pending_model_validation,dbdc93fe3f0e922d0d53d3b6c78e213e176b5230876cf046e5da697fd2320d7b,241a5d66949edcf078e592e2d02939921c2ff68968a95640d4e5a7e2c4fe75c1
087,29,../data_h3/cat_ids/29_波斯猫金吉拉色.png,Ref_drag_ear.mp4,prepared/Ref_drag_ear.motion.mp4,prompts/drag_ear.v1.en.txt,29,29-persian-chinchilla,波斯猫金吉拉色,02,02-pull-left-ear,drag_ear,左前爪轻擦左耳与脸部后恢复坐姿,0,087_29-persian-chinchilla_02-pull-left-ear_seed-0,4,4.0,24,480,832,15:26,9:16,drag_ear.v1,pending_model_validation,dbdc93fe3f0e922d0d53d3b6c78e213e176b5230876cf046e5da697fd2320d7b,241a5d66949edcf078e592e2d02939921c2ff68968a95640d4e5a7e2c4fe75c1
088,29,../data_h3/cat_ids/29_波斯猫金吉拉色.png,Ref_drag_ear.mp4,prepared/Ref_drag_ear.motion.mp4,prompts/drag_ear.v1.en.txt,29,29-persian-chinchilla,波斯猫金吉拉色,02,02-pull-left-ear,drag_ear,左前爪轻擦左耳与脸部后恢复坐姿,10000,088_29-persian-chinchilla_02-pull-left-ear_seed-10000,4,4.0,24,480,832,15:26,9:16,drag_ear.v1,pending_model_validation,dbdc93fe3f0e922d0d53d3b6c78e213e176b5230876cf046e5da697fd2320d7b,241a5d66949edcf078e592e2d02939921c2ff68968a95640d4e5a7e2c4fe75c1
089,29,../data_h3/cat_ids/29_波斯猫金吉拉色.png,Ref_drag_ear.mp4,prepared/Ref_drag_ear.motion.mp4,prompts/drag_ear.v1.en.txt,29,29-persian-chinchilla,波斯猫金吉拉色,02,02-pull-left-ear,drag_ear,左前爪轻擦左耳与脸部后恢复坐姿,20000,089_29-persian-chinchilla_02-pull-left-ear_seed-20000,4,4.0,24,480,832,15:26,9:16,drag_ear.v1,pending_model_validation,dbdc93fe3f0e922d0d53d3b6c78e213e176b5230876cf046e5da697fd2320d7b,241a5d66949edcf078e592e2d02939921c2ff68968a95640d4e5a7e2c4fe75c1
090,30,../data_h3/cat_ids/30_异国短毛猫奶油色.png,Ref_drag_ear.mp4,prepared/Ref_drag_ear.motion.mp4,prompts/drag_ear.v1.en.txt,30,30-exotic-shorthair-cream,异国短毛猫奶油色,02,02-pull-left-ear,drag_ear,左前爪轻擦左耳与脸部后恢复坐姿,0,090_30-exotic-shorthair-cream_02-pull-left-ear_seed-0,4,4.0,24,480,832,15:26,9:16,drag_ear.v1,pending_model_validation,dbdc93fe3f0e922d0d53d3b6c78e213e176b5230876cf046e5da697fd2320d7b,241a5d66949edcf078e592e2d02939921c2ff68968a95640d4e5a7e2c4fe75c1
091,30,../data_h3/cat_ids/30_异国短毛猫奶油色.png,Ref_drag_ear.mp4,prepared/Ref_drag_ear.motion.mp4,prompts/drag_ear.v1.en.txt,30,30-exotic-shorthair-cream,异国短毛猫奶油色,02,02-pull-left-ear,drag_ear,左前爪轻擦左耳与脸部后恢复坐姿,10000,091_30-exotic-shorthair-cream_02-pull-left-ear_seed-10000,4,4.0,24,480,832,15:26,9:16,drag_ear.v1,pending_model_validation,dbdc93fe3f0e922d0d53d3b6c78e213e176b5230876cf046e5da697fd2320d7b,241a5d66949edcf078e592e2d02939921c2ff68968a95640d4e5a7e2c4fe75c1
092,30,../data_h3/cat_ids/30_异国短毛猫奶油色.png,Ref_drag_ear.mp4,prepared/Ref_drag_ear.motion.mp4,prompts/drag_ear.v1.en.txt,30,30-exotic-shorthair-cream,异国短毛猫奶油色,02,02-pull-left-ear,drag_ear,左前爪轻擦左耳与脸部后恢复坐姿,20000,092_30-exotic-shorthair-cream_02-pull-left-ear_seed-20000,4,4.0,24,480,832,15:26,9:16,drag_ear.v1,pending_model_validation,dbdc93fe3f0e922d0d53d3b6c78e213e176b5230876cf046e5da697fd2320d7b,241a5d66949edcf078e592e2d02939921c2ff68968a95640d4e5a7e2c4fe75c1
093,31,../data_h3/cat_ids/31_土耳其安哥拉猫.png,Ref_drag_ear.mp4,prepared/Ref_drag_ear.motion.mp4,prompts/drag_ear.v1.en.txt,31,31-turkish-angora,土耳其安哥拉猫,02,02-pull-left-ear,drag_ear,左前爪轻擦左耳与脸部后恢复坐姿,0,093_31-turkish-angora_02-pull-left-ear_seed-0,4,4.0,24,480,832,15:26,9:16,drag_ear.v1,pending_model_validation,dbdc93fe3f0e922d0d53d3b6c78e213e176b5230876cf046e5da697fd2320d7b,241a5d66949edcf078e592e2d02939921c2ff68968a95640d4e5a7e2c4fe75c1
094,31,../data_h3/cat_ids/31_土耳其安哥拉猫.png,Ref_drag_ear.mp4,prepared/Ref_drag_ear.motion.mp4,prompts/drag_ear.v1.en.txt,31,31-turkish-angora,土耳其安哥拉猫,02,02-pull-left-ear,drag_ear,左前爪轻擦左耳与脸部后恢复坐姿,10000,094_31-turkish-angora_02-pull-left-ear_seed-10000,4,4.0,24,480,832,15:26,9:16,drag_ear.v1,pending_model_validation,dbdc93fe3f0e922d0d53d3b6c78e213e176b5230876cf046e5da697fd2320d7b,241a5d66949edcf078e592e2d02939921c2ff68968a95640d4e5a7e2c4fe75c1
095,31,../data_h3/cat_ids/31_土耳其安哥拉猫.png,Ref_drag_ear.mp4,prepared/Ref_drag_ear.motion.mp4,prompts/drag_ear.v1.en.txt,31,31-turkish-angora,土耳其安哥拉猫,02,02-pull-left-ear,drag_ear,左前爪轻擦左耳与脸部后恢复坐姿,20000,095_31-turkish-angora_02-pull-left-ear_seed-20000,4,4.0,24,480,832,15:26,9:16,drag_ear.v1,pending_model_validation,dbdc93fe3f0e922d0d53d3b6c78e213e176b5230876cf046e5da697fd2320d7b,241a5d66949edcf078e592e2d02939921c2ff68968a95640d4e5a7e2c4fe75c1
096,32,../data_h3/cat_ids/32_土耳其梵猫.png,Ref_drag_ear.mp4,prepared/Ref_drag_ear.motion.mp4,prompts/drag_ear.v1.en.txt,32,32-turkish-van,土耳其梵猫,02,02-pull-left-ear,drag_ear,左前爪轻擦左耳与脸部后恢复坐姿,0,096_32-turkish-van_02-pull-left-ear_seed-0,4,4.0,24,480,832,15:26,9:16,drag_ear.v1,pending_model_validation,dbdc93fe3f0e922d0d53d3b6c78e213e176b5230876cf046e5da697fd2320d7b,241a5d66949edcf078e592e2d02939921c2ff68968a95640d4e5a7e2c4fe75c1
097,32,../data_h3/cat_ids/32_土耳其梵猫.png,Ref_drag_ear.mp4,prepared/Ref_drag_ear.motion.mp4,prompts/drag_ear.v1.en.txt,32,32-turkish-van,土耳其梵猫,02,02-pull-left-ear,drag_ear,左前爪轻擦左耳与脸部后恢复坐姿,10000,097_32-turkish-van_02-pull-left-ear_seed-10000,4,4.0,24,480,832,15:26,9:16,drag_ear.v1,pending_model_validation,dbdc93fe3f0e922d0d53d3b6c78e213e176b5230876cf046e5da697fd2320d7b,241a5d66949edcf078e592e2d02939921c2ff68968a95640d4e5a7e2c4fe75c1
098,32,../data_h3/cat_ids/32_土耳其梵猫.png,Ref_drag_ear.mp4,prepared/Ref_drag_ear.motion.mp4,prompts/drag_ear.v1.en.txt,32,32-turkish-van,土耳其梵猫,02,02-pull-left-ear,drag_ear,左前爪轻擦左耳与脸部后恢复坐姿,20000,098_32-turkish-van_02-pull-left-ear_seed-20000,4,4.0,24,480,832,15:26,9:16,drag_ear.v1,pending_model_validation,dbdc93fe3f0e922d0d53d3b6c78e213e176b5230876cf046e5da697fd2320d7b,241a5d66949edcf078e592e2d02939921c2ff68968a95640d4e5a7e2c4fe75c1
099,33,../data_h3/cat_ids/33_喜马拉雅猫火焰重点色.png,Ref_drag_ear.mp4,prepared/Ref_drag_ear.motion.mp4,prompts/drag_ear.v1.en.txt,33,33-himalayan-flame-point,喜马拉雅猫火焰重点色,02,02-pull-left-ear,drag_ear,左前爪轻擦左耳与脸部后恢复坐姿,0,099_33-himalayan-flame-point_02-pull-left-ear_seed-0,4,4.0,24,480,832,15:26,9:16,drag_ear.v1,pending_model_validation,dbdc93fe3f0e922d0d53d3b6c78e213e176b5230876cf046e5da697fd2320d7b,241a5d66949edcf078e592e2d02939921c2ff68968a95640d4e5a7e2c4fe75c1
100,33,../data_h3/cat_ids/33_喜马拉雅猫火焰重点色.png,Ref_drag_ear.mp4,prepared/Ref_drag_ear.motion.mp4,prompts/drag_ear.v1.en.txt,33,33-himalayan-flame-point,喜马拉雅猫火焰重点色,02,02-pull-left-ear,drag_ear,左前爪轻擦左耳与脸部后恢复坐姿,10000,100_33-himalayan-flame-point_02-pull-left-ear_seed-10000,4,4.0,24,480,832,15:26,9:16,drag_ear.v1,pending_model_validation,dbdc93fe3f0e922d0d53d3b6c78e213e176b5230876cf046e5da697fd2320d7b,241a5d66949edcf078e592e2d02939921c2ff68968a95640d4e5a7e2c4fe75c1
101,33,../data_h3/cat_ids/33_喜马拉雅猫火焰重点色.png,Ref_drag_ear.mp4,prepared/Ref_drag_ear.motion.mp4,prompts/drag_ear.v1.en.txt,33,33-himalayan-flame-point,喜马拉雅猫火焰重点色,02,02-pull-left-ear,drag_ear,左前爪轻擦左耳与脸部后恢复坐姿,20000,101_33-himalayan-flame-point_02-pull-left-ear_seed-20000,4,4.0,24,480,832,15:26,9:16,drag_ear.v1,pending_model_validation,dbdc93fe3f0e922d0d53d3b6c78e213e176b5230876cf046e5da697fd2320d7b,241a5d66949edcf078e592e2d02939921c2ff68968a95640d4e5a7e2c4fe75c1
102,34,../data_h3/cat_ids/34_暹罗猫海豹重点色.png,Ref_drag_ear.mp4,prepared/Ref_drag_ear.motion.mp4,prompts/drag_ear.v1.en.txt,34,34-siamese-seal-point,暹罗猫海豹重点色,02,02-pull-left-ear,drag_ear,左前爪轻擦左耳与脸部后恢复坐姿,0,102_34-siamese-seal-point_02-pull-left-ear_seed-0,4,4.0,24,480,832,15:26,9:16,drag_ear.v1,pending_model_validation,dbdc93fe3f0e922d0d53d3b6c78e213e176b5230876cf046e5da697fd2320d7b,241a5d66949edcf078e592e2d02939921c2ff68968a95640d4e5a7e2c4fe75c1
103,34,../data_h3/cat_ids/34_暹罗猫海豹重点色.png,Ref_drag_ear.mp4,prepared/Ref_drag_ear.motion.mp4,prompts/drag_ear.v1.en.txt,34,34-siamese-seal-point,暹罗猫海豹重点色,02,02-pull-left-ear,drag_ear,左前爪轻擦左耳与脸部后恢复坐姿,10000,103_34-siamese-seal-point_02-pull-left-ear_seed-10000,4,4.0,24,480,832,15:26,9:16,drag_ear.v1,pending_model_validation,dbdc93fe3f0e922d0d53d3b6c78e213e176b5230876cf046e5da697fd2320d7b,241a5d66949edcf078e592e2d02939921c2ff68968a95640d4e5a7e2c4fe75c1
104,34,../data_h3/cat_ids/34_暹罗猫海豹重点色.png,Ref_drag_ear.mp4,prepared/Ref_drag_ear.motion.mp4,prompts/drag_ear.v1.en.txt,34,34-siamese-seal-point,暹罗猫海豹重点色,02,02-pull-left-ear,drag_ear,左前爪轻擦左耳与脸部后恢复坐姿,20000,104_34-siamese-seal-point_02-pull-left-ear_seed-20000,4,4.0,24,480,832,15:26,9:16,drag_ear.v1,pending_model_validation,dbdc93fe3f0e922d0d53d3b6c78e213e176b5230876cf046e5da697fd2320d7b,241a5d66949edcf078e592e2d02939921c2ff68968a95640d4e5a7e2c4fe75c1
105,35,../data_h3/cat_ids/35_巴厘猫海豹重点色.png,Ref_drag_ear.mp4,prepared/Ref_drag_ear.motion.mp4,prompts/drag_ear.v1.en.txt,35,35-balinese-seal-point,巴厘猫海豹重点色,02,02-pull-left-ear,drag_ear,左前爪轻擦左耳与脸部后恢复坐姿,0,105_35-balinese-seal-point_02-pull-left-ear_seed-0,4,4.0,24,480,832,15:26,9:16,drag_ear.v1,pending_model_validation,dbdc93fe3f0e922d0d53d3b6c78e213e176b5230876cf046e5da697fd2320d7b,241a5d66949edcf078e592e2d02939921c2ff68968a95640d4e5a7e2c4fe75c1
106,35,../data_h3/cat_ids/35_巴厘猫海豹重点色.png,Ref_drag_ear.mp4,prepared/Ref_drag_ear.motion.mp4,prompts/drag_ear.v1.en.txt,35,35-balinese-seal-point,巴厘猫海豹重点色,02,02-pull-left-ear,drag_ear,左前爪轻擦左耳与脸部后恢复坐姿,10000,106_35-balinese-seal-point_02-pull-left-ear_seed-10000,4,4.0,24,480,832,15:26,9:16,drag_ear.v1,pending_model_validation,dbdc93fe3f0e922d0d53d3b6c78e213e176b5230876cf046e5da697fd2320d7b,241a5d66949edcf078e592e2d02939921c2ff68968a95640d4e5a7e2c4fe75c1
107,35,../data_h3/cat_ids/35_巴厘猫海豹重点色.png,Ref_drag_ear.mp4,prepared/Ref_drag_ear.motion.mp4,prompts/drag_ear.v1.en.txt,35,35-balinese-seal-point,巴厘猫海豹重点色,02,02-pull-left-ear,drag_ear,左前爪轻擦左耳与脸部后恢复坐姿,20000,107_35-balinese-seal-point_02-pull-left-ear_seed-20000,4,4.0,24,480,832,15:26,9:16,drag_ear.v1,pending_model_validation,dbdc93fe3f0e922d0d53d3b6c78e213e176b5230876cf046e5da697fd2320d7b,241a5d66949edcf078e592e2d02939921c2ff68968a95640d4e5a7e2c4fe75c1
108,36,../data_h3/cat_ids/36_缅甸猫深褐色.png,Ref_drag_ear.mp4,prepared/Ref_drag_ear.motion.mp4,prompts/drag_ear.v1.en.txt,36,36-burmese-sable,缅甸猫深褐色,02,02-pull-left-ear,drag_ear,左前爪轻擦左耳与脸部后恢复坐姿,0,108_36-burmese-sable_02-pull-left-ear_seed-0,4,4.0,24,480,832,15:26,9:16,drag_ear.v1,pending_model_validation,dbdc93fe3f0e922d0d53d3b6c78e213e176b5230876cf046e5da697fd2320d7b,241a5d66949edcf078e592e2d02939921c2ff68968a95640d4e5a7e2c4fe75c1
109,36,../data_h3/cat_ids/36_缅甸猫深褐色.png,Ref_drag_ear.mp4,prepared/Ref_drag_ear.motion.mp4,prompts/drag_ear.v1.en.txt,36,36-burmese-sable,缅甸猫深褐色,02,02-pull-left-ear,drag_ear,左前爪轻擦左耳与脸部后恢复坐姿,10000,109_36-burmese-sable_02-pull-left-ear_seed-10000,4,4.0,24,480,832,15:26,9:16,drag_ear.v1,pending_model_validation,dbdc93fe3f0e922d0d53d3b6c78e213e176b5230876cf046e5da697fd2320d7b,241a5d66949edcf078e592e2d02939921c2ff68968a95640d4e5a7e2c4fe75c1
110,36,../data_h3/cat_ids/36_缅甸猫深褐色.png,Ref_drag_ear.mp4,prepared/Ref_drag_ear.motion.mp4,prompts/drag_ear.v1.en.txt,36,36-burmese-sable,缅甸猫深褐色,02,02-pull-left-ear,drag_ear,左前爪轻擦左耳与脸部后恢复坐姿,20000,110_36-burmese-sable_02-pull-left-ear_seed-20000,4,4.0,24,480,832,15:26,9:16,drag_ear.v1,pending_model_validation,dbdc93fe3f0e922d0d53d3b6c78e213e176b5230876cf046e5da697fd2320d7b,241a5d66949edcf078e592e2d02939921c2ff68968a95640d4e5a7e2c4fe75c1
111,37,../data_h3/cat_ids/37_东奇尼猫貂色.png,Ref_drag_ear.mp4,prepared/Ref_drag_ear.motion.mp4,prompts/drag_ear.v1.en.txt,37,37-tonkinese-mink,东奇尼猫貂色,02,02-pull-left-ear,drag_ear,左前爪轻擦左耳与脸部后恢复坐姿,0,111_37-tonkinese-mink_02-pull-left-ear_seed-0,4,4.0,24,480,832,15:26,9:16,drag_ear.v1,pending_model_validation,dbdc93fe3f0e922d0d53d3b6c78e213e176b5230876cf046e5da697fd2320d7b,241a5d66949edcf078e592e2d02939921c2ff68968a95640d4e5a7e2c4fe75c1
112,37,../data_h3/cat_ids/37_东奇尼猫貂色.png,Ref_drag_ear.mp4,prepared/Ref_drag_ear.motion.mp4,prompts/drag_ear.v1.en.txt,37,37-tonkinese-mink,东奇尼猫貂色,02,02-pull-left-ear,drag_ear,左前爪轻擦左耳与脸部后恢复坐姿,10000,112_37-tonkinese-mink_02-pull-left-ear_seed-10000,4,4.0,24,480,832,15:26,9:16,drag_ear.v1,pending_model_validation,dbdc93fe3f0e922d0d53d3b6c78e213e176b5230876cf046e5da697fd2320d7b,241a5d66949edcf078e592e2d02939921c2ff68968a95640d4e5a7e2c4fe75c1
113,37,../data_h3/cat_ids/37_东奇尼猫貂色.png,Ref_drag_ear.mp4,prepared/Ref_drag_ear.motion.mp4,prompts/drag_ear.v1.en.txt,37,37-tonkinese-mink,东奇尼猫貂色,02,02-pull-left-ear,drag_ear,左前爪轻擦左耳与脸部后恢复坐姿,20000,113_37-tonkinese-mink_02-pull-left-ear_seed-20000,4,4.0,24,480,832,15:26,9:16,drag_ear.v1,pending_model_validation,dbdc93fe3f0e922d0d53d3b6c78e213e176b5230876cf046e5da697fd2320d7b,241a5d66949edcf078e592e2d02939921c2ff68968a95640d4e5a7e2c4fe75c1
114,38,../data_h3/cat_ids/38_彼得秃猫.png,Ref_drag_ear.mp4,prepared/Ref_drag_ear.motion.mp4,prompts/drag_ear.v1.en.txt,38,38-peterbald,彼得秃猫,02,02-pull-left-ear,drag_ear,左前爪轻擦左耳与脸部后恢复坐姿,0,114_38-peterbald_02-pull-left-ear_seed-0,4,4.0,24,480,832,15:26,9:16,drag_ear.v1,pending_model_validation,dbdc93fe3f0e922d0d53d3b6c78e213e176b5230876cf046e5da697fd2320d7b,241a5d66949edcf078e592e2d02939921c2ff68968a95640d4e5a7e2c4fe75c1
115,38,../data_h3/cat_ids/38_彼得秃猫.png,Ref_drag_ear.mp4,prepared/Ref_drag_ear.motion.mp4,prompts/drag_ear.v1.en.txt,38,38-peterbald,彼得秃猫,02,02-pull-left-ear,drag_ear,左前爪轻擦左耳与脸部后恢复坐姿,10000,115_38-peterbald_02-pull-left-ear_seed-10000,4,4.0,24,480,832,15:26,9:16,drag_ear.v1,pending_model_validation,dbdc93fe3f0e922d0d53d3b6c78e213e176b5230876cf046e5da697fd2320d7b,241a5d66949edcf078e592e2d02939921c2ff68968a95640d4e5a7e2c4fe75c1
116,38,../data_h3/cat_ids/38_彼得秃猫.png,Ref_drag_ear.mp4,prepared/Ref_drag_ear.motion.mp4,prompts/drag_ear.v1.en.txt,38,38-peterbald,彼得秃猫,02,02-pull-left-ear,drag_ear,左前爪轻擦左耳与脸部后恢复坐姿,20000,116_38-peterbald_02-pull-left-ear_seed-20000,4,4.0,24,480,832,15:26,9:16,drag_ear.v1,pending_model_validation,dbdc93fe3f0e922d0d53d3b6c78e213e176b5230876cf046e5da697fd2320d7b,241a5d66949edcf078e592e2d02939921c2ff68968a95640d4e5a7e2c4fe75c1
117,39,../data_h3/cat_ids/39_雪鞋猫.png,Ref_drag_ear.mp4,prepared/Ref_drag_ear.motion.mp4,prompts/drag_ear.v1.en.txt,39,39-snowshoe,雪鞋猫,02,02-pull-left-ear,drag_ear,左前爪轻擦左耳与脸部后恢复坐姿,0,117_39-snowshoe_02-pull-left-ear_seed-0,4,4.0,24,480,832,15:26,9:16,drag_ear.v1,pending_model_validation,dbdc93fe3f0e922d0d53d3b6c78e213e176b5230876cf046e5da697fd2320d7b,241a5d66949edcf078e592e2d02939921c2ff68968a95640d4e5a7e2c4fe75c1
118,39,../data_h3/cat_ids/39_雪鞋猫.png,Ref_drag_ear.mp4,prepared/Ref_drag_ear.motion.mp4,prompts/drag_ear.v1.en.txt,39,39-snowshoe,雪鞋猫,02,02-pull-left-ear,drag_ear,左前爪轻擦左耳与脸部后恢复坐姿,10000,118_39-snowshoe_02-pull-left-ear_seed-10000,4,4.0,24,480,832,15:26,9:16,drag_ear.v1,pending_model_validation,dbdc93fe3f0e922d0d53d3b6c78e213e176b5230876cf046e5da697fd2320d7b,241a5d66949edcf078e592e2d02939921c2ff68968a95640d4e5a7e2c4fe75c1
119,39,../data_h3/cat_ids/39_雪鞋猫.png,Ref_drag_ear.mp4,prepared/Ref_drag_ear.motion.mp4,prompts/drag_ear.v1.en.txt,39,39-snowshoe,雪鞋猫,02,02-pull-left-ear,drag_ear,左前爪轻擦左耳与脸部后恢复坐姿,20000,119_39-snowshoe_02-pull-left-ear_seed-20000,4,4.0,24,480,832,15:26,9:16,drag_ear.v1,pending_model_validation,dbdc93fe3f0e922d0d53d3b6c78e213e176b5230876cf046e5da697fd2320d7b,241a5d66949edcf078e592e2d02939921c2ff68968a95640d4e5a7e2c4fe75c1
120,40,../data_h3/cat_ids/40_孟买猫.png,Ref_drag_ear.mp4,prepared/Ref_drag_ear.motion.mp4,prompts/drag_ear.v1.en.txt,40,40-bombay,孟买猫,02,02-pull-left-ear,drag_ear,左前爪轻擦左耳与脸部后恢复坐姿,0,120_40-bombay_02-pull-left-ear_seed-0,4,4.0,24,480,832,15:26,9:16,drag_ear.v1,pending_model_validation,dbdc93fe3f0e922d0d53d3b6c78e213e176b5230876cf046e5da697fd2320d7b,241a5d66949edcf078e592e2d02939921c2ff68968a95640d4e5a7e2c4fe75c1
121,40,../data_h3/cat_ids/40_孟买猫.png,Ref_drag_ear.mp4,prepared/Ref_drag_ear.motion.mp4,prompts/drag_ear.v1.en.txt,40,40-bombay,孟买猫,02,02-pull-left-ear,drag_ear,左前爪轻擦左耳与脸部后恢复坐姿,10000,121_40-bombay_02-pull-left-ear_seed-10000,4,4.0,24,480,832,15:26,9:16,drag_ear.v1,pending_model_validation,dbdc93fe3f0e922d0d53d3b6c78e213e176b5230876cf046e5da697fd2320d7b,241a5d66949edcf078e592e2d02939921c2ff68968a95640d4e5a7e2c4fe75c1
122,40,../data_h3/cat_ids/40_孟买猫.png,Ref_drag_ear.mp4,prepared/Ref_drag_ear.motion.mp4,prompts/drag_ear.v1.en.txt,40,40-bombay,孟买猫,02,02-pull-left-ear,drag_ear,左前爪轻擦左耳与脸部后恢复坐姿,20000,122_40-bombay_02-pull-left-ear_seed-20000,4,4.0,24,480,832,15:26,9:16,drag_ear.v1,pending_model_validation,dbdc93fe3f0e922d0d53d3b6c78e213e176b5230876cf046e5da697fd2320d7b,241a5d66949edcf078e592e2d02939921c2ff68968a95640d4e5a7e2c4fe75c1
123,41,../data_h3/cat_ids/41_英国短毛猫蓝色.png,Ref_drag_ear.mp4,prepared/Ref_drag_ear.motion.mp4,prompts/drag_ear.v1.en.txt,41,41-british-shorthair-blue,英国短毛猫蓝色,02,02-pull-left-ear,drag_ear,左前爪轻擦左耳与脸部后恢复坐姿,0,123_41-british-shorthair-blue_02-pull-left-ear_seed-0,4,4.0,24,480,832,15:26,9:16,drag_ear.v1,pending_model_validation,dbdc93fe3f0e922d0d53d3b6c78e213e176b5230876cf046e5da697fd2320d7b,241a5d66949edcf078e592e2d02939921c2ff68968a95640d4e5a7e2c4fe75c1
124,41,../data_h3/cat_ids/41_英国短毛猫蓝色.png,Ref_drag_ear.mp4,prepared/Ref_drag_ear.motion.mp4,prompts/drag_ear.v1.en.txt,41,41-british-shorthair-blue,英国短毛猫蓝色,02,02-pull-left-ear,drag_ear,左前爪轻擦左耳与脸部后恢复坐姿,10000,124_41-british-shorthair-blue_02-pull-left-ear_seed-10000,4,4.0,24,480,832,15:26,9:16,drag_ear.v1,pending_model_validation,dbdc93fe3f0e922d0d53d3b6c78e213e176b5230876cf046e5da697fd2320d7b,241a5d66949edcf078e592e2d02939921c2ff68968a95640d4e5a7e2c4fe75c1
125,41,../data_h3/cat_ids/41_英国短毛猫蓝色.png,Ref_drag_ear.mp4,prepared/Ref_drag_ear.motion.mp4,prompts/drag_ear.v1.en.txt,41,41-british-shorthair-blue,英国短毛猫蓝色,02,02-pull-left-ear,drag_ear,左前爪轻擦左耳与脸部后恢复坐姿,20000,125_41-british-shorthair-blue_02-pull-left-ear_seed-20000,4,4.0,24,480,832,15:26,9:16,drag_ear.v1,pending_model_validation,dbdc93fe3f0e922d0d53d3b6c78e213e176b5230876cf046e5da697fd2320d7b,241a5d66949edcf078e592e2d02939921c2ff68968a95640d4e5a7e2c4fe75c1
126,42,../data_h3/cat_ids/42_英国短毛猫金色.png,Ref_drag_ear.mp4,prepared/Ref_drag_ear.motion.mp4,prompts/drag_ear.v1.en.txt,42,42-british-shorthair-golden,英国短毛猫金色,02,02-pull-left-ear,drag_ear,左前爪轻擦左耳与脸部后恢复坐姿,0,126_42-british-shorthair-golden_02-pull-left-ear_seed-0,4,4.0,24,480,832,15:26,9:16,drag_ear.v1,pending_model_validation,dbdc93fe3f0e922d0d53d3b6c78e213e176b5230876cf046e5da697fd2320d7b,241a5d66949edcf078e592e2d02939921c2ff68968a95640d4e5a7e2c4fe75c1
127,42,../data_h3/cat_ids/42_英国短毛猫金色.png,Ref_drag_ear.mp4,prepared/Ref_drag_ear.motion.mp4,prompts/drag_ear.v1.en.txt,42,42-british-shorthair-golden,英国短毛猫金色,02,02-pull-left-ear,drag_ear,左前爪轻擦左耳与脸部后恢复坐姿,10000,127_42-british-shorthair-golden_02-pull-left-ear_seed-10000,4,4.0,24,480,832,15:26,9:16,drag_ear.v1,pending_model_validation,dbdc93fe3f0e922d0d53d3b6c78e213e176b5230876cf046e5da697fd2320d7b,241a5d66949edcf078e592e2d02939921c2ff68968a95640d4e5a7e2c4fe75c1
128,42,../data_h3/cat_ids/42_英国短毛猫金色.png,Ref_drag_ear.mp4,prepared/Ref_drag_ear.motion.mp4,prompts/drag_ear.v1.en.txt,42,42-british-shorthair-golden,英国短毛猫金色,02,02-pull-left-ear,drag_ear,左前爪轻擦左耳与脸部后恢复坐姿,20000,128_42-british-shorthair-golden_02-pull-left-ear_seed-20000,4,4.0,24,480,832,15:26,9:16,drag_ear.v1,pending_model_validation,dbdc93fe3f0e922d0d53d3b6c78e213e176b5230876cf046e5da697fd2320d7b,241a5d66949edcf078e592e2d02939921c2ff68968a95640d4e5a7e2c4fe75c1
129,43,../data_h3/cat_ids/43_英国长毛猫丁香色.png,Ref_drag_ear.mp4,prepared/Ref_drag_ear.motion.mp4,prompts/drag_ear.v1.en.txt,43,43-british-longhair-lilac,英国长毛猫丁香色,02,02-pull-left-ear,drag_ear,左前爪轻擦左耳与脸部后恢复坐姿,0,129_43-british-longhair-lilac_02-pull-left-ear_seed-0,4,4.0,24,480,832,15:26,9:16,drag_ear.v1,pending_model_validation,dbdc93fe3f0e922d0d53d3b6c78e213e176b5230876cf046e5da697fd2320d7b,241a5d66949edcf078e592e2d02939921c2ff68968a95640d4e5a7e2c4fe75c1
130,43,../data_h3/cat_ids/43_英国长毛猫丁香色.png,Ref_drag_ear.mp4,prepared/Ref_drag_ear.motion.mp4,prompts/drag_ear.v1.en.txt,43,43-british-longhair-lilac,英国长毛猫丁香色,02,02-pull-left-ear,drag_ear,左前爪轻擦左耳与脸部后恢复坐姿,10000,130_43-british-longhair-lilac_02-pull-left-ear_seed-10000,4,4.0,24,480,832,15:26,9:16,drag_ear.v1,pending_model_validation,dbdc93fe3f0e922d0d53d3b6c78e213e176b5230876cf046e5da697fd2320d7b,241a5d66949edcf078e592e2d02939921c2ff68968a95640d4e5a7e2c4fe75c1
131,43,../data_h3/cat_ids/43_英国长毛猫丁香色.png,Ref_drag_ear.mp4,prepared/Ref_drag_ear.motion.mp4,prompts/drag_ear.v1.en.txt,43,43-british-longhair-lilac,英国长毛猫丁香色,02,02-pull-left-ear,drag_ear,左前爪轻擦左耳与脸部后恢复坐姿,20000,131_43-british-longhair-lilac_02-pull-left-ear_seed-20000,4,4.0,24,480,832,15:26,9:16,drag_ear.v1,pending_model_validation,dbdc93fe3f0e922d0d53d3b6c78e213e176b5230876cf046e5da697fd2320d7b,241a5d66949edcf078e592e2d02939921c2ff68968a95640d4e5a7e2c4fe75c1
132,44,../data_h3/cat_ids/44_沙特尔猫.png,Ref_drag_ear.mp4,prepared/Ref_drag_ear.motion.mp4,prompts/drag_ear.v1.en.txt,44,44-chartreux,沙特尔猫,02,02-pull-left-ear,drag_ear,左前爪轻擦左耳与脸部后恢复坐姿,0,132_44-chartreux_02-pull-left-ear_seed-0,4,4.0,24,480,832,15:26,9:16,drag_ear.v1,pending_model_validation,dbdc93fe3f0e922d0d53d3b6c78e213e176b5230876cf046e5da697fd2320d7b,241a5d66949edcf078e592e2d02939921c2ff68968a95640d4e5a7e2c4fe75c1
133,44,../data_h3/cat_ids/44_沙特尔猫.png,Ref_drag_ear.mp4,prepared/Ref_drag_ear.motion.mp4,prompts/drag_ear.v1.en.txt,44,44-chartreux,沙特尔猫,02,02-pull-left-ear,drag_ear,左前爪轻擦左耳与脸部后恢复坐姿,10000,133_44-chartreux_02-pull-left-ear_seed-10000,4,4.0,24,480,832,15:26,9:16,drag_ear.v1,pending_model_validation,dbdc93fe3f0e922d0d53d3b6c78e213e176b5230876cf046e5da697fd2320d7b,241a5d66949edcf078e592e2d02939921c2ff68968a95640d4e5a7e2c4fe75c1
134,44,../data_h3/cat_ids/44_沙特尔猫.png,Ref_drag_ear.mp4,prepared/Ref_drag_ear.motion.mp4,prompts/drag_ear.v1.en.txt,44,44-chartreux,沙特尔猫,02,02-pull-left-ear,drag_ear,左前爪轻擦左耳与脸部后恢复坐姿,20000,134_44-chartreux_02-pull-left-ear_seed-20000,4,4.0,24,480,832,15:26,9:16,drag_ear.v1,pending_model_validation,dbdc93fe3f0e922d0d53d3b6c78e213e176b5230876cf046e5da697fd2320d7b,241a5d66949edcf078e592e2d02939921c2ff68968a95640d4e5a7e2c4fe75c1
135,45,../data_h3/cat_ids/45_俄罗斯蓝猫.png,Ref_drag_ear.mp4,prepared/Ref_drag_ear.motion.mp4,prompts/drag_ear.v1.en.txt,45,45-russian-blue,俄罗斯蓝猫,02,02-pull-left-ear,drag_ear,左前爪轻擦左耳与脸部后恢复坐姿,0,135_45-russian-blue_02-pull-left-ear_seed-0,4,4.0,24,480,832,15:26,9:16,drag_ear.v1,pending_model_validation,dbdc93fe3f0e922d0d53d3b6c78e213e176b5230876cf046e5da697fd2320d7b,241a5d66949edcf078e592e2d02939921c2ff68968a95640d4e5a7e2c4fe75c1
136,45,../data_h3/cat_ids/45_俄罗斯蓝猫.png,Ref_drag_ear.mp4,prepared/Ref_drag_ear.motion.mp4,prompts/drag_ear.v1.en.txt,45,45-russian-blue,俄罗斯蓝猫,02,02-pull-left-ear,drag_ear,左前爪轻擦左耳与脸部后恢复坐姿,10000,136_45-russian-blue_02-pull-left-ear_seed-10000,4,4.0,24,480,832,15:26,9:16,drag_ear.v1,pending_model_validation,dbdc93fe3f0e922d0d53d3b6c78e213e176b5230876cf046e5da697fd2320d7b,241a5d66949edcf078e592e2d02939921c2ff68968a95640d4e5a7e2c4fe75c1
137,45,../data_h3/cat_ids/45_俄罗斯蓝猫.png,Ref_drag_ear.mp4,prepared/Ref_drag_ear.motion.mp4,prompts/drag_ear.v1.en.txt,45,45-russian-blue,俄罗斯蓝猫,02,02-pull-left-ear,drag_ear,左前爪轻擦左耳与脸部后恢复坐姿,20000,137_45-russian-blue_02-pull-left-ear_seed-20000,4,4.0,24,480,832,15:26,9:16,drag_ear.v1,pending_model_validation,dbdc93fe3f0e922d0d53d3b6c78e213e176b5230876cf046e5da697fd2320d7b,241a5d66949edcf078e592e2d02939921c2ff68968a95640d4e5a7e2c4fe75c1
138,46,../data_h3/cat_ids/46_美国短毛猫银虎斑.png,Ref_drag_ear.mp4,prepared/Ref_drag_ear.motion.mp4,prompts/drag_ear.v1.en.txt,46,46-american-shorthair-silver-tabby,美国短毛猫银虎斑,02,02-pull-left-ear,drag_ear,左前爪轻擦左耳与脸部后恢复坐姿,0,138_46-american-shorthair-silver-tabby_02-pull-left-ear_seed-0,4,4.0,24,480,832,15:26,9:16,drag_ear.v1,pending_model_validation,dbdc93fe3f0e922d0d53d3b6c78e213e176b5230876cf046e5da697fd2320d7b,241a5d66949edcf078e592e2d02939921c2ff68968a95640d4e5a7e2c4fe75c1
139,46,../data_h3/cat_ids/46_美国短毛猫银虎斑.png,Ref_drag_ear.mp4,prepared/Ref_drag_ear.motion.mp4,prompts/drag_ear.v1.en.txt,46,46-american-shorthair-silver-tabby,美国短毛猫银虎斑,02,02-pull-left-ear,drag_ear,左前爪轻擦左耳与脸部后恢复坐姿,10000,139_46-american-shorthair-silver-tabby_02-pull-left-ear_seed-10000,4,4.0,24,480,832,15:26,9:16,drag_ear.v1,pending_model_validation,dbdc93fe3f0e922d0d53d3b6c78e213e176b5230876cf046e5da697fd2320d7b,241a5d66949edcf078e592e2d02939921c2ff68968a95640d4e5a7e2c4fe75c1
140,46,../data_h3/cat_ids/46_美国短毛猫银虎斑.png,Ref_drag_ear.mp4,prepared/Ref_drag_ear.motion.mp4,prompts/drag_ear.v1.en.txt,46,46-american-shorthair-silver-tabby,美国短毛猫银虎斑,02,02-pull-left-ear,drag_ear,左前爪轻擦左耳与脸部后恢复坐姿,20000,140_46-american-shorthair-silver-tabby_02-pull-left-ear_seed-20000,4,4.0,24,480,832,15:26,9:16,drag_ear.v1,pending_model_validation,dbdc93fe3f0e922d0d53d3b6c78e213e176b5230876cf046e5da697fd2320d7b,241a5d66949edcf078e592e2d02939921c2ff68968a95640d4e5a7e2c4fe75c1
141,47,../data_h3/cat_ids/47_美国硬毛猫.png,Ref_drag_ear.mp4,prepared/Ref_drag_ear.motion.mp4,prompts/drag_ear.v1.en.txt,47,47-american-wirehair,美国硬毛猫,02,02-pull-left-ear,drag_ear,左前爪轻擦左耳与脸部后恢复坐姿,0,141_47-american-wirehair_02-pull-left-ear_seed-0,4,4.0,24,480,832,15:26,9:16,drag_ear.v1,pending_model_validation,dbdc93fe3f0e922d0d53d3b6c78e213e176b5230876cf046e5da697fd2320d7b,241a5d66949edcf078e592e2d02939921c2ff68968a95640d4e5a7e2c4fe75c1
142,47,../data_h3/cat_ids/47_美国硬毛猫.png,Ref_drag_ear.mp4,prepared/Ref_drag_ear.motion.mp4,prompts/drag_ear.v1.en.txt,47,47-american-wirehair,美国硬毛猫,02,02-pull-left-ear,drag_ear,左前爪轻擦左耳与脸部后恢复坐姿,10000,142_47-american-wirehair_02-pull-left-ear_seed-10000,4,4.0,24,480,832,15:26,9:16,drag_ear.v1,pending_model_validation,dbdc93fe3f0e922d0d53d3b6c78e213e176b5230876cf046e5da697fd2320d7b,241a5d66949edcf078e592e2d02939921c2ff68968a95640d4e5a7e2c4fe75c1
143,47,../data_h3/cat_ids/47_美国硬毛猫.png,Ref_drag_ear.mp4,prepared/Ref_drag_ear.motion.mp4,prompts/drag_ear.v1.en.txt,47,47-american-wirehair,美国硬毛猫,02,02-pull-left-ear,drag_ear,左前爪轻擦左耳与脸部后恢复坐姿,20000,143_47-american-wirehair_02-pull-left-ear_seed-20000,4,4.0,24,480,832,15:26,9:16,drag_ear.v1,pending_model_validation,dbdc93fe3f0e922d0d53d3b6c78e213e176b5230876cf046e5da697fd2320d7b,241a5d66949edcf078e592e2d02939921c2ff68968a95640d4e5a7e2c4fe75c1
144,48,../data_h3/cat_ids/48_美国卷耳猫长毛.png,Ref_drag_ear.mp4,prepared/Ref_drag_ear.motion.mp4,prompts/drag_ear.v1.en.txt,48,48-american-curl-longhair,美国卷耳猫长毛,02,02-pull-left-ear,drag_ear,左前爪轻擦左耳与脸部后恢复坐姿,0,144_48-american-curl-longhair_02-pull-left-ear_seed-0,4,4.0,24,480,832,15:26,9:16,drag_ear.v1,pending_model_validation,dbdc93fe3f0e922d0d53d3b6c78e213e176b5230876cf046e5da697fd2320d7b,241a5d66949edcf078e592e2d02939921c2ff68968a95640d4e5a7e2c4fe75c1
145,48,../data_h3/cat_ids/48_美国卷耳猫长毛.png,Ref_drag_ear.mp4,prepared/Ref_drag_ear.motion.mp4,prompts/drag_ear.v1.en.txt,48,48-american-curl-longhair,美国卷耳猫长毛,02,02-pull-left-ear,drag_ear,左前爪轻擦左耳与脸部后恢复坐姿,10000,145_48-american-curl-longhair_02-pull-left-ear_seed-10000,4,4.0,24,480,832,15:26,9:16,drag_ear.v1,pending_model_validation,dbdc93fe3f0e922d0d53d3b6c78e213e176b5230876cf046e5da697fd2320d7b,241a5d66949edcf078e592e2d02939921c2ff68968a95640d4e5a7e2c4fe75c1
146,48,../data_h3/cat_ids/48_美国卷耳猫长毛.png,Ref_drag_ear.mp4,prepared/Ref_drag_ear.motion.mp4,prompts/drag_ear.v1.en.txt,48,48-american-curl-longhair,美国卷耳猫长毛,02,02-pull-left-ear,drag_ear,左前爪轻擦左耳与脸部后恢复坐姿,20000,146_48-american-curl-longhair_02-pull-left-ear_seed-20000,4,4.0,24,480,832,15:26,9:16,drag_ear.v1,pending_model_validation,dbdc93fe3f0e922d0d53d3b6c78e213e176b5230876cf046e5da697fd2320d7b,241a5d66949edcf078e592e2d02939921c2ff68968a95640d4e5a7e2c4fe75c1
147,49,../data_h3/cat_ids/49_苏格兰折耳猫.png,Ref_drag_ear.mp4,prepared/Ref_drag_ear.motion.mp4,prompts/drag_ear.v1.en.txt,49,49-scottish-fold,苏格兰折耳猫,02,02-pull-left-ear,drag_ear,左前爪轻擦左耳与脸部后恢复坐姿,0,147_49-scottish-fold_02-pull-left-ear_seed-0,4,4.0,24,480,832,15:26,9:16,drag_ear.v1,pending_model_validation,dbdc93fe3f0e922d0d53d3b6c78e213e176b5230876cf046e5da697fd2320d7b,241a5d66949edcf078e592e2d02939921c2ff68968a95640d4e5a7e2c4fe75c1
148,49,../data_h3/cat_ids/49_苏格兰折耳猫.png,Ref_drag_ear.mp4,prepared/Ref_drag_ear.motion.mp4,prompts/drag_ear.v1.en.txt,49,49-scottish-fold,苏格兰折耳猫,02,02-pull-left-ear,drag_ear,左前爪轻擦左耳与脸部后恢复坐姿,10000,148_49-scottish-fold_02-pull-left-ear_seed-10000,4,4.0,24,480,832,15:26,9:16,drag_ear.v1,pending_model_validation,dbdc93fe3f0e922d0d53d3b6c78e213e176b5230876cf046e5da697fd2320d7b,241a5d66949edcf078e592e2d02939921c2ff68968a95640d4e5a7e2c4fe75c1
149,49,../data_h3/cat_ids/49_苏格兰折耳猫.png,Ref_drag_ear.mp4,prepared/Ref_drag_ear.motion.mp4,prompts/drag_ear.v1.en.txt,49,49-scottish-fold,苏格兰折耳猫,02,02-pull-left-ear,drag_ear,左前爪轻擦左耳与脸部后恢复坐姿,20000,149_49-scottish-fold_02-pull-left-ear_seed-20000,4,4.0,24,480,832,15:26,9:16,drag_ear.v1,pending_model_validation,dbdc93fe3f0e922d0d53d3b6c78e213e176b5230876cf046e5da697fd2320d7b,241a5d66949edcf078e592e2d02939921c2ff68968a95640d4e5a7e2c4fe75c1
150,50,../data_h3/cat_ids/50_日本短尾猫.png,Ref_drag_ear.mp4,prepared/Ref_drag_ear.motion.mp4,prompts/drag_ear.v1.en.txt,50,50-japanese-bobtail,日本短尾猫,02,02-pull-left-ear,drag_ear,左前爪轻擦左耳与脸部后恢复坐姿,0,150_50-japanese-bobtail_02-pull-left-ear_seed-0,4,4.0,24,480,832,15:26,9:16,drag_ear.v1,pending_model_validation,dbdc93fe3f0e922d0d53d3b6c78e213e176b5230876cf046e5da697fd2320d7b,241a5d66949edcf078e592e2d02939921c2ff68968a95640d4e5a7e2c4fe75c1
151,50,../data_h3/cat_ids/50_日本短尾猫.png,Ref_drag_ear.mp4,prepared/Ref_drag_ear.motion.mp4,prompts/drag_ear.v1.en.txt,50,50-japanese-bobtail,日本短尾猫,02,02-pull-left-ear,drag_ear,左前爪轻擦左耳与脸部后恢复坐姿,10000,151_50-japanese-bobtail_02-pull-left-ear_seed-10000,4,4.0,24,480,832,15:26,9:16,drag_ear.v1,pending_model_validation,dbdc93fe3f0e922d0d53d3b6c78e213e176b5230876cf046e5da697fd2320d7b,241a5d66949edcf078e592e2d02939921c2ff68968a95640d4e5a7e2c4fe75c1
152,50,../data_h3/cat_ids/50_日本短尾猫.png,Ref_drag_ear.mp4,prepared/Ref_drag_ear.motion.mp4,prompts/drag_ear.v1.en.txt,50,50-japanese-bobtail,日本短尾猫,02,02-pull-left-ear,drag_ear,左前爪轻擦左耳与脸部后恢复坐姿,20000,152_50-japanese-bobtail_02-pull-left-ear_seed-20000,4,4.0,24,480,832,15:26,9:16,drag_ear.v1,pending_model_validation,dbdc93fe3f0e922d0d53d3b6c78e213e176b5230876cf046e5da697fd2320d7b,241a5d66949edcf078e592e2d02939921c2ff68968a95640d4e5a7e2c4fe75c1
153,51,../data_h3/cat_ids/51_库里尔短尾猫.png,Ref_drag_ear.mp4,prepared/Ref_drag_ear.motion.mp4,prompts/drag_ear.v1.en.txt,51,51-kurilian-bobtail,库里尔短尾猫,02,02-pull-left-ear,drag_ear,左前爪轻擦左耳与脸部后恢复坐姿,0,153_51-kurilian-bobtail_02-pull-left-ear_seed-0,4,4.0,24,480,832,15:26,9:16,drag_ear.v1,pending_model_validation,dbdc93fe3f0e922d0d53d3b6c78e213e176b5230876cf046e5da697fd2320d7b,241a5d66949edcf078e592e2d02939921c2ff68968a95640d4e5a7e2c4fe75c1
154,51,../data_h3/cat_ids/51_库里尔短尾猫.png,Ref_drag_ear.mp4,prepared/Ref_drag_ear.motion.mp4,prompts/drag_ear.v1.en.txt,51,51-kurilian-bobtail,库里尔短尾猫,02,02-pull-left-ear,drag_ear,左前爪轻擦左耳与脸部后恢复坐姿,10000,154_51-kurilian-bobtail_02-pull-left-ear_seed-10000,4,4.0,24,480,832,15:26,9:16,drag_ear.v1,pending_model_validation,dbdc93fe3f0e922d0d53d3b6c78e213e176b5230876cf046e5da697fd2320d7b,241a5d66949edcf078e592e2d02939921c2ff68968a95640d4e5a7e2c4fe75c1
155,51,../data_h3/cat_ids/51_库里尔短尾猫.png,Ref_drag_ear.mp4,prepared/Ref_drag_ear.motion.mp4,prompts/drag_ear.v1.en.txt,51,51-kurilian-bobtail,库里尔短尾猫,02,02-pull-left-ear,drag_ear,左前爪轻擦左耳与脸部后恢复坐姿,20000,155_51-kurilian-bobtail_02-pull-left-ear_seed-20000,4,4.0,24,480,832,15:26,9:16,drag_ear.v1,pending_model_validation,dbdc93fe3f0e922d0d53d3b6c78e213e176b5230876cf046e5da697fd2320d7b,241a5d66949edcf078e592e2d02939921c2ff68968a95640d4e5a7e2c4fe75c1
156,52,../data_h3/cat_ids/52_马恩岛猫短尾.png,Ref_drag_ear.mp4,prepared/Ref_drag_ear.motion.mp4,prompts/drag_ear.v1.en.txt,52,52-manx-short-tail,马恩岛猫短尾,02,02-pull-left-ear,drag_ear,左前爪轻擦左耳与脸部后恢复坐姿,0,156_52-manx-short-tail_02-pull-left-ear_seed-0,4,4.0,24,480,832,15:26,9:16,drag_ear.v1,pending_model_validation,dbdc93fe3f0e922d0d53d3b6c78e213e176b5230876cf046e5da697fd2320d7b,241a5d66949edcf078e592e2d02939921c2ff68968a95640d4e5a7e2c4fe75c1
157,52,../data_h3/cat_ids/52_马恩岛猫短尾.png,Ref_drag_ear.mp4,prepared/Ref_drag_ear.motion.mp4,prompts/drag_ear.v1.en.txt,52,52-manx-short-tail,马恩岛猫短尾,02,02-pull-left-ear,drag_ear,左前爪轻擦左耳与脸部后恢复坐姿,10000,157_52-manx-short-tail_02-pull-left-ear_seed-10000,4,4.0,24,480,832,15:26,9:16,drag_ear.v1,pending_model_validation,dbdc93fe3f0e922d0d53d3b6c78e213e176b5230876cf046e5da697fd2320d7b,241a5d66949edcf078e592e2d02939921c2ff68968a95640d4e5a7e2c4fe75c1
158,52,../data_h3/cat_ids/52_马恩岛猫短尾.png,Ref_drag_ear.mp4,prepared/Ref_drag_ear.motion.mp4,prompts/drag_ear.v1.en.txt,52,52-manx-short-tail,马恩岛猫短尾,02,02-pull-left-ear,drag_ear,左前爪轻擦左耳与脸部后恢复坐姿,20000,158_52-manx-short-tail_02-pull-left-ear_seed-20000,4,4.0,24,480,832,15:26,9:16,drag_ear.v1,pending_model_validation,dbdc93fe3f0e922d0d53d3b6c78e213e176b5230876cf046e5da697fd2320d7b,241a5d66949edcf078e592e2d02939921c2ff68968a95640d4e5a7e2c4fe75c1
159,53,../data_h3/cat_ids/53_德文卷毛猫.png,Ref_drag_ear.mp4,prepared/Ref_drag_ear.motion.mp4,prompts/drag_ear.v1.en.txt,53,53-devon-rex,德文卷毛猫,02,02-pull-left-ear,drag_ear,左前爪轻擦左耳与脸部后恢复坐姿,0,159_53-devon-rex_02-pull-left-ear_seed-0,4,4.0,24,480,832,15:26,9:16,drag_ear.v1,pending_model_validation,dbdc93fe3f0e922d0d53d3b6c78e213e176b5230876cf046e5da697fd2320d7b,241a5d66949edcf078e592e2d02939921c2ff68968a95640d4e5a7e2c4fe75c1
160,53,../data_h3/cat_ids/53_德文卷毛猫.png,Ref_drag_ear.mp4,prepared/Ref_drag_ear.motion.mp4,prompts/drag_ear.v1.en.txt,53,53-devon-rex,德文卷毛猫,02,02-pull-left-ear,drag_ear,左前爪轻擦左耳与脸部后恢复坐姿,10000,160_53-devon-rex_02-pull-left-ear_seed-10000,4,4.0,24,480,832,15:26,9:16,drag_ear.v1,pending_model_validation,dbdc93fe3f0e922d0d53d3b6c78e213e176b5230876cf046e5da697fd2320d7b,241a5d66949edcf078e592e2d02939921c2ff68968a95640d4e5a7e2c4fe75c1
161,53,../data_h3/cat_ids/53_德文卷毛猫.png,Ref_drag_ear.mp4,prepared/Ref_drag_ear.motion.mp4,prompts/drag_ear.v1.en.txt,53,53-devon-rex,德文卷毛猫,02,02-pull-left-ear,drag_ear,左前爪轻擦左耳与脸部后恢复坐姿,20000,161_53-devon-rex_02-pull-left-ear_seed-20000,4,4.0,24,480,832,15:26,9:16,drag_ear.v1,pending_model_validation,dbdc93fe3f0e922d0d53d3b6c78e213e176b5230876cf046e5da697fd2320d7b,241a5d66949edcf078e592e2d02939921c2ff68968a95640d4e5a7e2c4fe75c1
162,54,../data_h3/cat_ids/54_塞尔凯克卷毛猫长毛.png,Ref_drag_ear.mp4,prepared/Ref_drag_ear.motion.mp4,prompts/drag_ear.v1.en.txt,54,54-selkirk-rex-longhair,塞尔凯克卷毛猫长毛,02,02-pull-left-ear,drag_ear,左前爪轻擦左耳与脸部后恢复坐姿,0,162_54-selkirk-rex-longhair_02-pull-left-ear_seed-0,4,4.0,24,480,832,15:26,9:16,drag_ear.v1,pending_model_validation,dbdc93fe3f0e922d0d53d3b6c78e213e176b5230876cf046e5da697fd2320d7b,241a5d66949edcf078e592e2d02939921c2ff68968a95640d4e5a7e2c4fe75c1
163,54,../data_h3/cat_ids/54_塞尔凯克卷毛猫长毛.png,Ref_drag_ear.mp4,prepared/Ref_drag_ear.motion.mp4,prompts/drag_ear.v1.en.txt,54,54-selkirk-rex-longhair,塞尔凯克卷毛猫长毛,02,02-pull-left-ear,drag_ear,左前爪轻擦左耳与脸部后恢复坐姿,10000,163_54-selkirk-rex-longhair_02-pull-left-ear_seed-10000,4,4.0,24,480,832,15:26,9:16,drag_ear.v1,pending_model_validation,dbdc93fe3f0e922d0d53d3b6c78e213e176b5230876cf046e5da697fd2320d7b,241a5d66949edcf078e592e2d02939921c2ff68968a95640d4e5a7e2c4fe75c1
164,54,../data_h3/cat_ids/54_塞尔凯克卷毛猫长毛.png,Ref_drag_ear.mp4,prepared/Ref_drag_ear.motion.mp4,prompts/drag_ear.v1.en.txt,54,54-selkirk-rex-longhair,塞尔凯克卷毛猫长毛,02,02-pull-left-ear,drag_ear,左前爪轻擦左耳与脸部后恢复坐姿,20000,164_54-selkirk-rex-longhair_02-pull-left-ear_seed-20000,4,4.0,24,480,832,15:26,9:16,drag_ear.v1,pending_model_validation,dbdc93fe3f0e922d0d53d3b6c78e213e176b5230876cf046e5da697fd2320d7b,241a5d66949edcf078e592e2d02939921c2ff68968a95640d4e5a7e2c4fe75c1
165,55,../data_h3/cat_ids/55_拉邦卷毛猫长毛.png,Ref_drag_ear.mp4,prepared/Ref_drag_ear.motion.mp4,prompts/drag_ear.v1.en.txt,55,55-laperm-longhair,拉邦卷毛猫长毛,02,02-pull-left-ear,drag_ear,左前爪轻擦左耳与脸部后恢复坐姿,0,165_55-laperm-longhair_02-pull-left-ear_seed-0,4,4.0,24,480,832,15:26,9:16,drag_ear.v1,pending_model_validation,dbdc93fe3f0e922d0d53d3b6c78e213e176b5230876cf046e5da697fd2320d7b,241a5d66949edcf078e592e2d02939921c2ff68968a95640d4e5a7e2c4fe75c1
166,55,../data_h3/cat_ids/55_拉邦卷毛猫长毛.png,Ref_drag_ear.mp4,prepared/Ref_drag_ear.motion.mp4,prompts/drag_ear.v1.en.txt,55,55-laperm-longhair,拉邦卷毛猫长毛,02,02-pull-left-ear,drag_ear,左前爪轻擦左耳与脸部后恢复坐姿,10000,166_55-laperm-longhair_02-pull-left-ear_seed-10000,4,4.0,24,480,832,15:26,9:16,drag_ear.v1,pending_model_validation,dbdc93fe3f0e922d0d53d3b6c78e213e176b5230876cf046e5da697fd2320d7b,241a5d66949edcf078e592e2d02939921c2ff68968a95640d4e5a7e2c4fe75c1
167,55,../data_h3/cat_ids/55_拉邦卷毛猫长毛.png,Ref_drag_ear.mp4,prepared/Ref_drag_ear.motion.mp4,prompts/drag_ear.v1.en.txt,55,55-laperm-longhair,拉邦卷毛猫长毛,02,02-pull-left-ear,drag_ear,左前爪轻擦左耳与脸部后恢复坐姿,20000,167_55-laperm-longhair_02-pull-left-ear_seed-20000,4,4.0,24,480,832,15:26,9:16,drag_ear.v1,pending_model_validation,dbdc93fe3f0e922d0d53d3b6c78e213e176b5230876cf046e5da697fd2320d7b,241a5d66949edcf078e592e2d02939921c2ff68968a95640d4e5a7e2c4fe75c1
168,56,../data_h3/cat_ids/56_中华田园猫深棕狸花.png,Ref_drag_ear.mp4,prepared/Ref_drag_ear.motion.mp4,prompts/drag_ear.v1.en.txt,56,56-chinese-domestic-dark-brown-tabby,中华田园猫深棕狸花,02,02-pull-left-ear,drag_ear,左前爪轻擦左耳与脸部后恢复坐姿,0,168_56-chinese-domestic-dark-brown-tabby_02-pull-left-ear_seed-0,4,4.0,24,480,832,15:26,9:16,drag_ear.v1,pending_model_validation,dbdc93fe3f0e922d0d53d3b6c78e213e176b5230876cf046e5da697fd2320d7b,241a5d66949edcf078e592e2d02939921c2ff68968a95640d4e5a7e2c4fe75c1
169,56,../data_h3/cat_ids/56_中华田园猫深棕狸花.png,Ref_drag_ear.mp4,prepared/Ref_drag_ear.motion.mp4,prompts/drag_ear.v1.en.txt,56,56-chinese-domestic-dark-brown-tabby,中华田园猫深棕狸花,02,02-pull-left-ear,drag_ear,左前爪轻擦左耳与脸部后恢复坐姿,10000,169_56-chinese-domestic-dark-brown-tabby_02-pull-left-ear_seed-10000,4,4.0,24,480,832,15:26,9:16,drag_ear.v1,pending_model_validation,dbdc93fe3f0e922d0d53d3b6c78e213e176b5230876cf046e5da697fd2320d7b,241a5d66949edcf078e592e2d02939921c2ff68968a95640d4e5a7e2c4fe75c1
170,56,../data_h3/cat_ids/56_中华田园猫深棕狸花.png,Ref_drag_ear.mp4,prepared/Ref_drag_ear.motion.mp4,prompts/drag_ear.v1.en.txt,56,56-chinese-domestic-dark-brown-tabby,中华田园猫深棕狸花,02,02-pull-left-ear,drag_ear,左前爪轻擦左耳与脸部后恢复坐姿,20000,170_56-chinese-domestic-dark-brown-tabby_02-pull-left-ear_seed-20000,4,4.0,24,480,832,15:26,9:16,drag_ear.v1,pending_model_validation,dbdc93fe3f0e922d0d53d3b6c78e213e176b5230876cf046e5da697fd2320d7b,241a5d66949edcf078e592e2d02939921c2ff68968a95640d4e5a7e2c4fe75c1
171,57,../data_h3/cat_ids/57_中华田园猫金棕狸花.png,Ref_drag_ear.mp4,prepared/Ref_drag_ear.motion.mp4,prompts/drag_ear.v1.en.txt,57,57-chinese-domestic-golden-brown-tabby,中华田园猫金棕狸花,02,02-pull-left-ear,drag_ear,左前爪轻擦左耳与脸部后恢复坐姿,0,171_57-chinese-domestic-golden-brown-tabby_02-pull-left-ear_seed-0,4,4.0,24,480,832,15:26,9:16,drag_ear.v1,pending_model_validation,dbdc93fe3f0e922d0d53d3b6c78e213e176b5230876cf046e5da697fd2320d7b,241a5d66949edcf078e592e2d02939921c2ff68968a95640d4e5a7e2c4fe75c1
172,57,../data_h3/cat_ids/57_中华田园猫金棕狸花.png,Ref_drag_ear.mp4,prepared/Ref_drag_ear.motion.mp4,prompts/drag_ear.v1.en.txt,57,57-chinese-domestic-golden-brown-tabby,中华田园猫金棕狸花,02,02-pull-left-ear,drag_ear,左前爪轻擦左耳与脸部后恢复坐姿,10000,172_57-chinese-domestic-golden-brown-tabby_02-pull-left-ear_seed-10000,4,4.0,24,480,832,15:26,9:16,drag_ear.v1,pending_model_validation,dbdc93fe3f0e922d0d53d3b6c78e213e176b5230876cf046e5da697fd2320d7b,241a5d66949edcf078e592e2d02939921c2ff68968a95640d4e5a7e2c4fe75c1
173,57,../data_h3/cat_ids/57_中华田园猫金棕狸花.png,Ref_drag_ear.mp4,prepared/Ref_drag_ear.motion.mp4,prompts/drag_ear.v1.en.txt,57,57-chinese-domestic-golden-brown-tabby,中华田园猫金棕狸花,02,02-pull-left-ear,drag_ear,左前爪轻擦左耳与脸部后恢复坐姿,20000,173_57-chinese-domestic-golden-brown-tabby_02-pull-left-ear_seed-20000,4,4.0,24,480,832,15:26,9:16,drag_ear.v1,pending_model_validation,dbdc93fe3f0e922d0d53d3b6c78e213e176b5230876cf046e5da697fd2320d7b,241a5d66949edcf078e592e2d02939921c2ff68968a95640d4e5a7e2c4fe75c1
174,58,../data_h3/cat_ids/58_中华田园猫狸白.png,Ref_drag_ear.mp4,prepared/Ref_drag_ear.motion.mp4,prompts/drag_ear.v1.en.txt,58,58-chinese-domestic-tabby-white,中华田园猫狸白,02,02-pull-left-ear,drag_ear,左前爪轻擦左耳与脸部后恢复坐姿,0,174_58-chinese-domestic-tabby-white_02-pull-left-ear_seed-0,4,4.0,24,480,832,15:26,9:16,drag_ear.v1,pending_model_validation,dbdc93fe3f0e922d0d53d3b6c78e213e176b5230876cf046e5da697fd2320d7b,241a5d66949edcf078e592e2d02939921c2ff68968a95640d4e5a7e2c4fe75c1
175,58,../data_h3/cat_ids/58_中华田园猫狸白.png,Ref_drag_ear.mp4,prepared/Ref_drag_ear.motion.mp4,prompts/drag_ear.v1.en.txt,58,58-chinese-domestic-tabby-white,中华田园猫狸白,02,02-pull-left-ear,drag_ear,左前爪轻擦左耳与脸部后恢复坐姿,10000,175_58-chinese-domestic-tabby-white_02-pull-left-ear_seed-10000,4,4.0,24,480,832,15:26,9:16,drag_ear.v1,pending_model_validation,dbdc93fe3f0e922d0d53d3b6c78e213e176b5230876cf046e5da697fd2320d7b,241a5d66949edcf078e592e2d02939921c2ff68968a95640d4e5a7e2c4fe75c1
176,58,../data_h3/cat_ids/58_中华田园猫狸白.png,Ref_drag_ear.mp4,prepared/Ref_drag_ear.motion.mp4,prompts/drag_ear.v1.en.txt,58,58-chinese-domestic-tabby-white,中华田园猫狸白,02,02-pull-left-ear,drag_ear,左前爪轻擦左耳与脸部后恢复坐姿,20000,176_58-chinese-domestic-tabby-white_02-pull-left-ear_seed-20000,4,4.0,24,480,832,15:26,9:16,drag_ear.v1,pending_model_validation,dbdc93fe3f0e922d0d53d3b6c78e213e176b5230876cf046e5da697fd2320d7b,241a5d66949edcf078e592e2d02939921c2ff68968a95640d4e5a7e2c4fe75c1
177,59,../data_h3/cat_ids/59_中华田园猫高白奶牛.png,Ref_drag_ear.mp4,prepared/Ref_drag_ear.motion.mp4,prompts/drag_ear.v1.en.txt,59,59-chinese-domestic-high-white-black,中华田园猫高白奶牛,02,02-pull-left-ear,drag_ear,左前爪轻擦左耳与脸部后恢复坐姿,0,177_59-chinese-domestic-high-white-black_02-pull-left-ear_seed-0,4,4.0,24,480,832,15:26,9:16,drag_ear.v1,pending_model_validation,dbdc93fe3f0e922d0d53d3b6c78e213e176b5230876cf046e5da697fd2320d7b,241a5d66949edcf078e592e2d02939921c2ff68968a95640d4e5a7e2c4fe75c1
178,59,../data_h3/cat_ids/59_中华田园猫高白奶牛.png,Ref_drag_ear.mp4,prepared/Ref_drag_ear.motion.mp4,prompts/drag_ear.v1.en.txt,59,59-chinese-domestic-high-white-black,中华田园猫高白奶牛,02,02-pull-left-ear,drag_ear,左前爪轻擦左耳与脸部后恢复坐姿,10000,178_59-chinese-domestic-high-white-black_02-pull-left-ear_seed-10000,4,4.0,24,480,832,15:26,9:16,drag_ear.v1,pending_model_validation,dbdc93fe3f0e922d0d53d3b6c78e213e176b5230876cf046e5da697fd2320d7b,241a5d66949edcf078e592e2d02939921c2ff68968a95640d4e5a7e2c4fe75c1
179,59,../data_h3/cat_ids/59_中华田园猫高白奶牛.png,Ref_drag_ear.mp4,prepared/Ref_drag_ear.motion.mp4,prompts/drag_ear.v1.en.txt,59,59-chinese-domestic-high-white-black,中华田园猫高白奶牛,02,02-pull-left-ear,drag_ear,左前爪轻擦左耳与脸部后恢复坐姿,20000,179_59-chinese-domestic-high-white-black_02-pull-left-ear_seed-20000,4,4.0,24,480,832,15:26,9:16,drag_ear.v1,pending_model_validation,dbdc93fe3f0e922d0d53d3b6c78e213e176b5230876cf046e5da697fd2320d7b,241a5d66949edcf078e592e2d02939921c2ff68968a95640d4e5a7e2c4fe75c1
180,60,../data_h3/cat_ids/60_中华田园猫均衡奶牛.png,Ref_drag_ear.mp4,prepared/Ref_drag_ear.motion.mp4,prompts/drag_ear.v1.en.txt,60,60-chinese-domestic-balanced-black-white,中华田园猫均衡奶牛,02,02-pull-left-ear,drag_ear,左前爪轻擦左耳与脸部后恢复坐姿,0,180_60-chinese-domestic-balanced-black-white_02-pull-left-ear_seed-0,4,4.0,24,480,832,15:26,9:16,drag_ear.v1,pending_model_validation,dbdc93fe3f0e922d0d53d3b6c78e213e176b5230876cf046e5da697fd2320d7b,241a5d66949edcf078e592e2d02939921c2ff68968a95640d4e5a7e2c4fe75c1
181,60,../data_h3/cat_ids/60_中华田园猫均衡奶牛.png,Ref_drag_ear.mp4,prepared/Ref_drag_ear.motion.mp4,prompts/drag_ear.v1.en.txt,60,60-chinese-domestic-balanced-black-white,中华田园猫均衡奶牛,02,02-pull-left-ear,drag_ear,左前爪轻擦左耳与脸部后恢复坐姿,10000,181_60-chinese-domestic-balanced-black-white_02-pull-left-ear_seed-10000,4,4.0,24,480,832,15:26,9:16,drag_ear.v1,pending_model_validation,dbdc93fe3f0e922d0d53d3b6c78e213e176b5230876cf046e5da697fd2320d7b,241a5d66949edcf078e592e2d02939921c2ff68968a95640d4e5a7e2c4fe75c1
182,60,../data_h3/cat_ids/60_中华田园猫均衡奶牛.png,Ref_drag_ear.mp4,prepared/Ref_drag_ear.motion.mp4,prompts/drag_ear.v1.en.txt,60,60-chinese-domestic-balanced-black-white,中华田园猫均衡奶牛,02,02-pull-left-ear,drag_ear,左前爪轻擦左耳与脸部后恢复坐姿,20000,182_60-chinese-domestic-balanced-black-white_02-pull-left-ear_seed-20000,4,4.0,24,480,832,15:26,9:16,drag_ear.v1,pending_model_validation,dbdc93fe3f0e922d0d53d3b6c78e213e176b5230876cf046e5da697fd2320d7b,241a5d66949edcf078e592e2d02939921c2ff68968a95640d4e5a7e2c4fe75c1
183,61,../data_h3/cat_ids/61_中华田园猫八字胡奶牛.png,Ref_drag_ear.mp4,prepared/Ref_drag_ear.motion.mp4,prompts/drag_ear.v1.en.txt,61,61-chinese-domestic-moustache-black-white,中华田园猫八字胡奶牛,02,02-pull-left-ear,drag_ear,左前爪轻擦左耳与脸部后恢复坐姿,0,183_61-chinese-domestic-moustache-black-white_02-pull-left-ear_seed-0,4,4.0,24,480,832,15:26,9:16,drag_ear.v1,pending_model_validation,dbdc93fe3f0e922d0d53d3b6c78e213e176b5230876cf046e5da697fd2320d7b,241a5d66949edcf078e592e2d02939921c2ff68968a95640d4e5a7e2c4fe75c1
184,61,../data_h3/cat_ids/61_中华田园猫八字胡奶牛.png,Ref_drag_ear.mp4,prepared/Ref_drag_ear.motion.mp4,prompts/drag_ear.v1.en.txt,61,61-chinese-domestic-moustache-black-white,中华田园猫八字胡奶牛,02,02-pull-left-ear,drag_ear,左前爪轻擦左耳与脸部后恢复坐姿,10000,184_61-chinese-domestic-moustache-black-white_02-pull-left-ear_seed-10000,4,4.0,24,480,832,15:26,9:16,drag_ear.v1,pending_model_validation,dbdc93fe3f0e922d0d53d3b6c78e213e176b5230876cf046e5da697fd2320d7b,241a5d66949edcf078e592e2d02939921c2ff68968a95640d4e5a7e2c4fe75c1
185,61,../data_h3/cat_ids/61_中华田园猫八字胡奶牛.png,Ref_drag_ear.mp4,prepared/Ref_drag_ear.motion.mp4,prompts/drag_ear.v1.en.txt,61,61-chinese-domestic-moustache-black-white,中华田园猫八字胡奶牛,02,02-pull-left-ear,drag_ear,左前爪轻擦左耳与脸部后恢复坐姿,20000,185_61-chinese-domestic-moustache-black-white_02-pull-left-ear_seed-20000,4,4.0,24,480,832,15:26,9:16,drag_ear.v1,pending_model_validation,dbdc93fe3f0e922d0d53d3b6c78e213e176b5230876cf046e5da697fd2320d7b,241a5d66949edcf078e592e2d02939921c2ff68968a95640d4e5a7e2c4fe75c1
186,62,../data_h3/cat_ids/62_中华田园猫高白三花.png,Ref_drag_ear.mp4,prepared/Ref_drag_ear.motion.mp4,prompts/drag_ear.v1.en.txt,62,62-chinese-domestic-high-white-calico,中华田园猫高白三花,02,02-pull-left-ear,drag_ear,左前爪轻擦左耳与脸部后恢复坐姿,0,186_62-chinese-domestic-high-white-calico_02-pull-left-ear_seed-0,4,4.0,24,480,832,15:26,9:16,drag_ear.v1,pending_model_validation,dbdc93fe3f0e922d0d53d3b6c78e213e176b5230876cf046e5da697fd2320d7b,241a5d66949edcf078e592e2d02939921c2ff68968a95640d4e5a7e2c4fe75c1
187,62,../data_h3/cat_ids/62_中华田园猫高白三花.png,Ref_drag_ear.mp4,prepared/Ref_drag_ear.motion.mp4,prompts/drag_ear.v1.en.txt,62,62-chinese-domestic-high-white-calico,中华田园猫高白三花,02,02-pull-left-ear,drag_ear,左前爪轻擦左耳与脸部后恢复坐姿,10000,187_62-chinese-domestic-high-white-calico_02-pull-left-ear_seed-10000,4,4.0,24,480,832,15:26,9:16,drag_ear.v1,pending_model_validation,dbdc93fe3f0e922d0d53d3b6c78e213e176b5230876cf046e5da697fd2320d7b,241a5d66949edcf078e592e2d02939921c2ff68968a95640d4e5a7e2c4fe75c1
188,62,../data_h3/cat_ids/62_中华田园猫高白三花.png,Ref_drag_ear.mp4,prepared/Ref_drag_ear.motion.mp4,prompts/drag_ear.v1.en.txt,62,62-chinese-domestic-high-white-calico,中华田园猫高白三花,02,02-pull-left-ear,drag_ear,左前爪轻擦左耳与脸部后恢复坐姿,20000,188_62-chinese-domestic-high-white-calico_02-pull-left-ear_seed-20000,4,4.0,24,480,832,15:26,9:16,drag_ear.v1,pending_model_validation,dbdc93fe3f0e922d0d53d3b6c78e213e176b5230876cf046e5da697fd2320d7b,241a5d66949edcf078e592e2d02939921c2ff68968a95640d4e5a7e2c4fe75c1
189,63,../data_h3/cat_ids/63_中华田园猫均衡三花.png,Ref_drag_ear.mp4,prepared/Ref_drag_ear.motion.mp4,prompts/drag_ear.v1.en.txt,63,63-chinese-domestic-balanced-calico,中华田园猫均衡三花,02,02-pull-left-ear,drag_ear,左前爪轻擦左耳与脸部后恢复坐姿,0,189_63-chinese-domestic-balanced-calico_02-pull-left-ear_seed-0,4,4.0,24,480,832,15:26,9:16,drag_ear.v1,pending_model_validation,dbdc93fe3f0e922d0d53d3b6c78e213e176b5230876cf046e5da697fd2320d7b,241a5d66949edcf078e592e2d02939921c2ff68968a95640d4e5a7e2c4fe75c1
190,63,../data_h3/cat_ids/63_中华田园猫均衡三花.png,Ref_drag_ear.mp4,prepared/Ref_drag_ear.motion.mp4,prompts/drag_ear.v1.en.txt,63,63-chinese-domestic-balanced-calico,中华田园猫均衡三花,02,02-pull-left-ear,drag_ear,左前爪轻擦左耳与脸部后恢复坐姿,10000,190_63-chinese-domestic-balanced-calico_02-pull-left-ear_seed-10000,4,4.0,24,480,832,15:26,9:16,drag_ear.v1,pending_model_validation,dbdc93fe3f0e922d0d53d3b6c78e213e176b5230876cf046e5da697fd2320d7b,241a5d66949edcf078e592e2d02939921c2ff68968a95640d4e5a7e2c4fe75c1
191,63,../data_h3/cat_ids/63_中华田园猫均衡三花.png,Ref_drag_ear.mp4,prepared/Ref_drag_ear.motion.mp4,prompts/drag_ear.v1.en.txt,63,63-chinese-domestic-balanced-calico,中华田园猫均衡三花,02,02-pull-left-ear,drag_ear,左前爪轻擦左耳与脸部后恢复坐姿,20000,191_63-chinese-domestic-balanced-calico_02-pull-left-ear_seed-20000,4,4.0,24,480,832,15:26,9:16,drag_ear.v1,pending_model_validation,dbdc93fe3f0e922d0d53d3b6c78e213e176b5230876cf046e5da697fd2320d7b,241a5d66949edcf078e592e2d02939921c2ff68968a95640d4e5a7e2c4fe75c1
192,64,../data_h3/cat_ids/64_中华田园猫低白三花.png,Ref_drag_ear.mp4,prepared/Ref_drag_ear.motion.mp4,prompts/drag_ear.v1.en.txt,64,64-chinese-domestic-low-white-calico,中华田园猫低白三花,02,02-pull-left-ear,drag_ear,左前爪轻擦左耳与脸部后恢复坐姿,0,192_64-chinese-domestic-low-white-calico_02-pull-left-ear_seed-0,4,4.0,24,480,832,15:26,9:16,drag_ear.v1,pending_model_validation,dbdc93fe3f0e922d0d53d3b6c78e213e176b5230876cf046e5da697fd2320d7b,241a5d66949edcf078e592e2d02939921c2ff68968a95640d4e5a7e2c4fe75c1
193,64,../data_h3/cat_ids/64_中华田园猫低白三花.png,Ref_drag_ear.mp4,prepared/Ref_drag_ear.motion.mp4,prompts/drag_ear.v1.en.txt,64,64-chinese-domestic-low-white-calico,中华田园猫低白三花,02,02-pull-left-ear,drag_ear,左前爪轻擦左耳与脸部后恢复坐姿,10000,193_64-chinese-domestic-low-white-calico_02-pull-left-ear_seed-10000,4,4.0,24,480,832,15:26,9:16,drag_ear.v1,pending_model_validation,dbdc93fe3f0e922d0d53d3b6c78e213e176b5230876cf046e5da697fd2320d7b,241a5d66949edcf078e592e2d02939921c2ff68968a95640d4e5a7e2c4fe75c1
194,64,../data_h3/cat_ids/64_中华田园猫低白三花.png,Ref_drag_ear.mp4,prepared/Ref_drag_ear.motion.mp4,prompts/drag_ear.v1.en.txt,64,64-chinese-domestic-low-white-calico,中华田园猫低白三花,02,02-pull-left-ear,drag_ear,左前爪轻擦左耳与脸部后恢复坐姿,20000,194_64-chinese-domestic-low-white-calico_02-pull-left-ear_seed-20000,4,4.0,24,480,832,15:26,9:16,drag_ear.v1,pending_model_validation,dbdc93fe3f0e922d0d53d3b6c78e213e176b5230876cf046e5da697fd2320d7b,241a5d66949edcf078e592e2d02939921c2ff68968a95640d4e5a7e2c4fe75c1
195,65,../data_h3/cat_ids/65_暹罗猫蓝重点色.png,Ref_drag_ear.mp4,prepared/Ref_drag_ear.motion.mp4,prompts/drag_ear.v1.en.txt,65,65-siamese-blue-point,暹罗猫蓝重点色,02,02-pull-left-ear,drag_ear,左前爪轻擦左耳与脸部后恢复坐姿,0,195_65-siamese-blue-point_02-pull-left-ear_seed-0,4,4.0,24,480,832,15:26,9:16,drag_ear.v1,pending_model_validation,dbdc93fe3f0e922d0d53d3b6c78e213e176b5230876cf046e5da697fd2320d7b,241a5d66949edcf078e592e2d02939921c2ff68968a95640d4e5a7e2c4fe75c1
196,65,../data_h3/cat_ids/65_暹罗猫蓝重点色.png,Ref_drag_ear.mp4,prepared/Ref_drag_ear.motion.mp4,prompts/drag_ear.v1.en.txt,65,65-siamese-blue-point,暹罗猫蓝重点色,02,02-pull-left-ear,drag_ear,左前爪轻擦左耳与脸部后恢复坐姿,10000,196_65-siamese-blue-point_02-pull-left-ear_seed-10000,4,4.0,24,480,832,15:26,9:16,drag_ear.v1,pending_model_validation,dbdc93fe3f0e922d0d53d3b6c78e213e176b5230876cf046e5da697fd2320d7b,241a5d66949edcf078e592e2d02939921c2ff68968a95640d4e5a7e2c4fe75c1
197,65,../data_h3/cat_ids/65_暹罗猫蓝重点色.png,Ref_drag_ear.mp4,prepared/Ref_drag_ear.motion.mp4,prompts/drag_ear.v1.en.txt,65,65-siamese-blue-point,暹罗猫蓝重点色,02,02-pull-left-ear,drag_ear,左前爪轻擦左耳与脸部后恢复坐姿,20000,197_65-siamese-blue-point_02-pull-left-ear_seed-20000,4,4.0,24,480,832,15:26,9:16,drag_ear.v1,pending_model_validation,dbdc93fe3f0e922d0d53d3b6c78e213e176b5230876cf046e5da697fd2320d7b,241a5d66949edcf078e592e2d02939921c2ff68968a95640d4e5a7e2c4fe75c1
198,66,../data_h3/cat_ids/66_暹罗猫巧克力重点色.png,Ref_drag_ear.mp4,prepared/Ref_drag_ear.motion.mp4,prompts/drag_ear.v1.en.txt,66,66-siamese-chocolate-point,暹罗猫巧克力重点色,02,02-pull-left-ear,drag_ear,左前爪轻擦左耳与脸部后恢复坐姿,0,198_66-siamese-chocolate-point_02-pull-left-ear_seed-0,4,4.0,24,480,832,15:26,9:16,drag_ear.v1,pending_model_validation,dbdc93fe3f0e922d0d53d3b6c78e213e176b5230876cf046e5da697fd2320d7b,241a5d66949edcf078e592e2d02939921c2ff68968a95640d4e5a7e2c4fe75c1
199,66,../data_h3/cat_ids/66_暹罗猫巧克力重点色.png,Ref_drag_ear.mp4,prepared/Ref_drag_ear.motion.mp4,prompts/drag_ear.v1.en.txt,66,66-siamese-chocolate-point,暹罗猫巧克力重点色,02,02-pull-left-ear,drag_ear,左前爪轻擦左耳与脸部后恢复坐姿,10000,199_66-siamese-chocolate-point_02-pull-left-ear_seed-10000,4,4.0,24,480,832,15:26,9:16,drag_ear.v1,pending_model_validation,dbdc93fe3f0e922d0d53d3b6c78e213e176b5230876cf046e5da697fd2320d7b,241a5d66949edcf078e592e2d02939921c2ff68968a95640d4e5a7e2c4fe75c1
200,66,../data_h3/cat_ids/66_暹罗猫巧克力重点色.png,Ref_drag_ear.mp4,prepared/Ref_drag_ear.motion.mp4,prompts/drag_ear.v1.en.txt,66,66-siamese-chocolate-point,暹罗猫巧克力重点色,02,02-pull-left-ear,drag_ear,左前爪轻擦左耳与脸部后恢复坐姿,20000,200_66-siamese-chocolate-point_02-pull-left-ear_seed-20000,4,4.0,24,480,832,15:26,9:16,drag_ear.v1,pending_model_validation,dbdc93fe3f0e922d0d53d3b6c78e213e176b5230876cf046e5da697fd2320d7b,241a5d66949edcf078e592e2d02939921c2ff68968a95640d4e5a7e2c4fe75c1
201,67,../data_h3/cat_ids/67_阿比西尼亚猫索雷尔色.png,Ref_drag_ear.mp4,prepared/Ref_drag_ear.motion.mp4,prompts/drag_ear.v1.en.txt,67,67-abyssinian-sorrel,阿比西尼亚猫索雷尔色,02,02-pull-left-ear,drag_ear,左前爪轻擦左耳与脸部后恢复坐姿,0,201_67-abyssinian-sorrel_02-pull-left-ear_seed-0,4,4.0,24,480,832,15:26,9:16,drag_ear.v1,pending_model_validation,dbdc93fe3f0e922d0d53d3b6c78e213e176b5230876cf046e5da697fd2320d7b,241a5d66949edcf078e592e2d02939921c2ff68968a95640d4e5a7e2c4fe75c1
202,67,../data_h3/cat_ids/67_阿比西尼亚猫索雷尔色.png,Ref_drag_ear.mp4,prepared/Ref_drag_ear.motion.mp4,prompts/drag_ear.v1.en.txt,67,67-abyssinian-sorrel,阿比西尼亚猫索雷尔色,02,02-pull-left-ear,drag_ear,左前爪轻擦左耳与脸部后恢复坐姿,10000,202_67-abyssinian-sorrel_02-pull-left-ear_seed-10000,4,4.0,24,480,832,15:26,9:16,drag_ear.v1,pending_model_validation,dbdc93fe3f0e922d0d53d3b6c78e213e176b5230876cf046e5da697fd2320d7b,241a5d66949edcf078e592e2d02939921c2ff68968a95640d4e5a7e2c4fe75c1
203,67,../data_h3/cat_ids/67_阿比西尼亚猫索雷尔色.png,Ref_drag_ear.mp4,prepared/Ref_drag_ear.motion.mp4,prompts/drag_ear.v1.en.txt,67,67-abyssinian-sorrel,阿比西尼亚猫索雷尔色,02,02-pull-left-ear,drag_ear,左前爪轻擦左耳与脸部后恢复坐姿,20000,203_67-abyssinian-sorrel_02-pull-left-ear_seed-20000,4,4.0,24,480,832,15:26,9:16,drag_ear.v1,pending_model_validation,dbdc93fe3f0e922d0d53d3b6c78e213e176b5230876cf046e5da697fd2320d7b,241a5d66949edcf078e592e2d02939921c2ff68968a95640d4e5a7e2c4fe75c1
204,68,../data_h3/cat_ids/68_俄罗斯蓝猫.png,Ref_drag_ear.mp4,prepared/Ref_drag_ear.motion.mp4,prompts/drag_ear.v1.en.txt,68,68-russian-blue,俄罗斯蓝猫,02,02-pull-left-ear,drag_ear,左前爪轻擦左耳与脸部后恢复坐姿,0,204_68-russian-blue_02-pull-left-ear_seed-0,4,4.0,24,480,832,15:26,9:16,drag_ear.v1,pending_model_validation,dbdc93fe3f0e922d0d53d3b6c78e213e176b5230876cf046e5da697fd2320d7b,241a5d66949edcf078e592e2d02939921c2ff68968a95640d4e5a7e2c4fe75c1
205,68,../data_h3/cat_ids/68_俄罗斯蓝猫.png,Ref_drag_ear.mp4,prepared/Ref_drag_ear.motion.mp4,prompts/drag_ear.v1.en.txt,68,68-russian-blue,俄罗斯蓝猫,02,02-pull-left-ear,drag_ear,左前爪轻擦左耳与脸部后恢复坐姿,10000,205_68-russian-blue_02-pull-left-ear_seed-10000,4,4.0,24,480,832,15:26,9:16,drag_ear.v1,pending_model_validation,dbdc93fe3f0e922d0d53d3b6c78e213e176b5230876cf046e5da697fd2320d7b,241a5d66949edcf078e592e2d02939921c2ff68968a95640d4e5a7e2c4fe75c1
206,68,../data_h3/cat_ids/68_俄罗斯蓝猫.png,Ref_drag_ear.mp4,prepared/Ref_drag_ear.motion.mp4,prompts/drag_ear.v1.en.txt,68,68-russian-blue,俄罗斯蓝猫,02,02-pull-left-ear,drag_ear,左前爪轻擦左耳与脸部后恢复坐姿,20000,206_68-russian-blue_02-pull-left-ear_seed-20000,4,4.0,24,480,832,15:26,9:16,drag_ear.v1,pending_model_validation,dbdc93fe3f0e922d0d53d3b6c78e213e176b5230876cf046e5da697fd2320d7b,241a5d66949edcf078e592e2d02939921c2ff68968a95640d4e5a7e2c4fe75c1
207,69,../data_h3/cat_ids/69_英国短毛猫深蓝色.png,Ref_drag_ear.mp4,prepared/Ref_drag_ear.motion.mp4,prompts/drag_ear.v1.en.txt,69,69-british-shorthair-deep-blue,英国短毛猫深蓝色,02,02-pull-left-ear,drag_ear,左前爪轻擦左耳与脸部后恢复坐姿,0,207_69-british-shorthair-deep-blue_02-pull-left-ear_seed-0,4,4.0,24,480,832,15:26,9:16,drag_ear.v1,pending_model_validation,dbdc93fe3f0e922d0d53d3b6c78e213e176b5230876cf046e5da697fd2320d7b,241a5d66949edcf078e592e2d02939921c2ff68968a95640d4e5a7e2c4fe75c1
208,69,../data_h3/cat_ids/69_英国短毛猫深蓝色.png,Ref_drag_ear.mp4,prepared/Ref_drag_ear.motion.mp4,prompts/drag_ear.v1.en.txt,69,69-british-shorthair-deep-blue,英国短毛猫深蓝色,02,02-pull-left-ear,drag_ear,左前爪轻擦左耳与脸部后恢复坐姿,10000,208_69-british-shorthair-deep-blue_02-pull-left-ear_seed-10000,4,4.0,24,480,832,15:26,9:16,drag_ear.v1,pending_model_validation,dbdc93fe3f0e922d0d53d3b6c78e213e176b5230876cf046e5da697fd2320d7b,241a5d66949edcf078e592e2d02939921c2ff68968a95640d4e5a7e2c4fe75c1
209,69,../data_h3/cat_ids/69_英国短毛猫深蓝色.png,Ref_drag_ear.mp4,prepared/Ref_drag_ear.motion.mp4,prompts/drag_ear.v1.en.txt,69,69-british-shorthair-deep-blue,英国短毛猫深蓝色,02,02-pull-left-ear,drag_ear,左前爪轻擦左耳与脸部后恢复坐姿,20000,209_69-british-shorthair-deep-blue_02-pull-left-ear_seed-20000,4,4.0,24,480,832,15:26,9:16,drag_ear.v1,pending_model_validation,dbdc93fe3f0e922d0d53d3b6c78e213e176b5230876cf046e5da697fd2320d7b,241a5d66949edcf078e592e2d02939921c2ff68968a95640d4e5a7e2c4fe75c1
210,70,../data_h3/cat_ids/70_短毛蓝眼白猫.png,Ref_drag_ear.mp4,prepared/Ref_drag_ear.motion.mp4,prompts/drag_ear.v1.en.txt,70,70-blue-eyed-white-shorthair,短毛蓝眼白猫,02,02-pull-left-ear,drag_ear,左前爪轻擦左耳与脸部后恢复坐姿,0,210_70-blue-eyed-white-shorthair_02-pull-left-ear_seed-0,4,4.0,24,480,832,15:26,9:16,drag_ear.v1,pending_model_validation,dbdc93fe3f0e922d0d53d3b6c78e213e176b5230876cf046e5da697fd2320d7b,241a5d66949edcf078e592e2d02939921c2ff68968a95640d4e5a7e2c4fe75c1
211,70,../data_h3/cat_ids/70_短毛蓝眼白猫.png,Ref_drag_ear.mp4,prepared/Ref_drag_ear.motion.mp4,prompts/drag_ear.v1.en.txt,70,70-blue-eyed-white-shorthair,短毛蓝眼白猫,02,02-pull-left-ear,drag_ear,左前爪轻擦左耳与脸部后恢复坐姿,10000,211_70-blue-eyed-white-shorthair_02-pull-left-ear_seed-10000,4,4.0,24,480,832,15:26,9:16,drag_ear.v1,pending_model_validation,dbdc93fe3f0e922d0d53d3b6c78e213e176b5230876cf046e5da697fd2320d7b,241a5d66949edcf078e592e2d02939921c2ff68968a95640d4e5a7e2c4fe75c1
212,70,../data_h3/cat_ids/70_短毛蓝眼白猫.png,Ref_drag_ear.mp4,prepared/Ref_drag_ear.motion.mp4,prompts/drag_ear.v1.en.txt,70,70-blue-eyed-white-shorthair,短毛蓝眼白猫,02,02-pull-left-ear,drag_ear,左前爪轻擦左耳与脸部后恢复坐姿,20000,212_70-blue-eyed-white-shorthair_02-pull-left-ear_seed-20000,4,4.0,24,480,832,15:26,9:16,drag_ear.v1,pending_model_validation,dbdc93fe3f0e922d0d53d3b6c78e213e176b5230876cf046e5da697fd2320d7b,241a5d66949edcf078e592e2d02939921c2ff68968a95640d4e5a7e2c4fe75c1
213,71,../data_h3/cat_ids/71_短毛琥珀眼白猫.png,Ref_drag_ear.mp4,prepared/Ref_drag_ear.motion.mp4,prompts/drag_ear.v1.en.txt,71,71-amber-eyed-white-shorthair,短毛琥珀眼白猫,02,02-pull-left-ear,drag_ear,左前爪轻擦左耳与脸部后恢复坐姿,0,213_71-amber-eyed-white-shorthair_02-pull-left-ear_seed-0,4,4.0,24,480,832,15:26,9:16,drag_ear.v1,pending_model_validation,dbdc93fe3f0e922d0d53d3b6c78e213e176b5230876cf046e5da697fd2320d7b,241a5d66949edcf078e592e2d02939921c2ff68968a95640d4e5a7e2c4fe75c1
214,71,../data_h3/cat_ids/71_短毛琥珀眼白猫.png,Ref_drag_ear.mp4,prepared/Ref_drag_ear.motion.mp4,prompts/drag_ear.v1.en.txt,71,71-amber-eyed-white-shorthair,短毛琥珀眼白猫,02,02-pull-left-ear,drag_ear,左前爪轻擦左耳与脸部后恢复坐姿,10000,214_71-amber-eyed-white-shorthair_02-pull-left-ear_seed-10000,4,4.0,24,480,832,15:26,9:16,drag_ear.v1,pending_model_validation,dbdc93fe3f0e922d0d53d3b6c78e213e176b5230876cf046e5da697fd2320d7b,241a5d66949edcf078e592e2d02939921c2ff68968a95640d4e5a7e2c4fe75c1
215,71,../data_h3/cat_ids/71_短毛琥珀眼白猫.png,Ref_drag_ear.mp4,prepared/Ref_drag_ear.motion.mp4,prompts/drag_ear.v1.en.txt,71,71-amber-eyed-white-shorthair,短毛琥珀眼白猫,02,02-pull-left-ear,drag_ear,左前爪轻擦左耳与脸部后恢复坐姿,20000,215_71-amber-eyed-white-shorthair_02-pull-left-ear_seed-20000,4,4.0,24,480,832,15:26,9:16,drag_ear.v1,pending_model_validation,dbdc93fe3f0e922d0d53d3b6c78e213e176b5230876cf046e5da697fd2320d7b,241a5d66949edcf078e592e2d02939921c2ff68968a95640d4e5a7e2c4fe75c1
216,72,../data_h3/cat_ids/72_短毛分脸玳瑁猫.png,Ref_drag_ear.mp4,prepared/Ref_drag_ear.motion.mp4,prompts/drag_ear.v1.en.txt,72,72-split-face-tortoiseshell-shorthair,短毛分脸玳瑁猫,02,02-pull-left-ear,drag_ear,左前爪轻擦左耳与脸部后恢复坐姿,0,216_72-split-face-tortoiseshell-shorthair_02-pull-left-ear_seed-0,4,4.0,24,480,832,15:26,9:16,drag_ear.v1,pending_model_validation,dbdc93fe3f0e922d0d53d3b6c78e213e176b5230876cf046e5da697fd2320d7b,241a5d66949edcf078e592e2d02939921c2ff68968a95640d4e5a7e2c4fe75c1
217,72,../data_h3/cat_ids/72_短毛分脸玳瑁猫.png,Ref_drag_ear.mp4,prepared/Ref_drag_ear.motion.mp4,prompts/drag_ear.v1.en.txt,72,72-split-face-tortoiseshell-shorthair,短毛分脸玳瑁猫,02,02-pull-left-ear,drag_ear,左前爪轻擦左耳与脸部后恢复坐姿,10000,217_72-split-face-tortoiseshell-shorthair_02-pull-left-ear_seed-10000,4,4.0,24,480,832,15:26,9:16,drag_ear.v1,pending_model_validation,dbdc93fe3f0e922d0d53d3b6c78e213e176b5230876cf046e5da697fd2320d7b,241a5d66949edcf078e592e2d02939921c2ff68968a95640d4e5a7e2c4fe75c1
218,72,../data_h3/cat_ids/72_短毛分脸玳瑁猫.png,Ref_drag_ear.mp4,prepared/Ref_drag_ear.motion.mp4,prompts/drag_ear.v1.en.txt,72,72-split-face-tortoiseshell-shorthair,短毛分脸玳瑁猫,02,02-pull-left-ear,drag_ear,左前爪轻擦左耳与脸部后恢复坐姿,20000,218_72-split-face-tortoiseshell-shorthair_02-pull-left-ear_seed-20000,4,4.0,24,480,832,15:26,9:16,drag_ear.v1,pending_model_validation,dbdc93fe3f0e922d0d53d3b6c78e213e176b5230876cf046e5da697fd2320d7b,241a5d66949edcf078e592e2d02939921c2ff68968a95640d4e5a7e2c4fe75c1
219,73,../data_h3/cat_ids/73_美国短毛猫银虎斑加白.png,Ref_drag_ear.mp4,prepared/Ref_drag_ear.motion.mp4,prompts/drag_ear.v1.en.txt,73,73-american-shorthair-silver-tabby-white,美国短毛猫银虎斑加白,02,02-pull-left-ear,drag_ear,左前爪轻擦左耳与脸部后恢复坐姿,0,219_73-american-shorthair-silver-tabby-white_02-pull-left-ear_seed-0,4,4.0,24,480,832,15:26,9:16,drag_ear.v1,pending_model_validation,dbdc93fe3f0e922d0d53d3b6c78e213e176b5230876cf046e5da697fd2320d7b,241a5d66949edcf078e592e2d02939921c2ff68968a95640d4e5a7e2c4fe75c1
220,73,../data_h3/cat_ids/73_美国短毛猫银虎斑加白.png,Ref_drag_ear.mp4,prepared/Ref_drag_ear.motion.mp4,prompts/drag_ear.v1.en.txt,73,73-american-shorthair-silver-tabby-white,美国短毛猫银虎斑加白,02,02-pull-left-ear,drag_ear,左前爪轻擦左耳与脸部后恢复坐姿,10000,220_73-american-shorthair-silver-tabby-white_02-pull-left-ear_seed-10000,4,4.0,24,480,832,15:26,9:16,drag_ear.v1,pending_model_validation,dbdc93fe3f0e922d0d53d3b6c78e213e176b5230876cf046e5da697fd2320d7b,241a5d66949edcf078e592e2d02939921c2ff68968a95640d4e5a7e2c4fe75c1
221,73,../data_h3/cat_ids/73_美国短毛猫银虎斑加白.png,Ref_drag_ear.mp4,prepared/Ref_drag_ear.motion.mp4,prompts/drag_ear.v1.en.txt,73,73-american-shorthair-silver-tabby-white,美国短毛猫银虎斑加白,02,02-pull-left-ear,drag_ear,左前爪轻擦左耳与脸部后恢复坐姿,20000,221_73-american-shorthair-silver-tabby-white_02-pull-left-ear_seed-20000,4,4.0,24,480,832,15:26,9:16,drag_ear.v1,pending_model_validation,dbdc93fe3f0e922d0d53d3b6c78e213e176b5230876cf046e5da697fd2320d7b,241a5d66949edcf078e592e2d02939921c2ff68968a95640d4e5a7e2c4fe75c1
222,74,../data_h3/cat_ids/74_美国短毛猫棕经典虎斑.png,Ref_drag_ear.mp4,prepared/Ref_drag_ear.motion.mp4,prompts/drag_ear.v1.en.txt,74,74-american-shorthair-brown-classic-tabby,美国短毛猫棕经典虎斑,02,02-pull-left-ear,drag_ear,左前爪轻擦左耳与脸部后恢复坐姿,0,222_74-american-shorthair-brown-classic-tabby_02-pull-left-ear_seed-0,4,4.0,24,480,832,15:26,9:16,drag_ear.v1,pending_model_validation,dbdc93fe3f0e922d0d53d3b6c78e213e176b5230876cf046e5da697fd2320d7b,241a5d66949edcf078e592e2d02939921c2ff68968a95640d4e5a7e2c4fe75c1
223,74,../data_h3/cat_ids/74_美国短毛猫棕经典虎斑.png,Ref_drag_ear.mp4,prepared/Ref_drag_ear.motion.mp4,prompts/drag_ear.v1.en.txt,74,74-american-shorthair-brown-classic-tabby,美国短毛猫棕经典虎斑,02,02-pull-left-ear,drag_ear,左前爪轻擦左耳与脸部后恢复坐姿,10000,223_74-american-shorthair-brown-classic-tabby_02-pull-left-ear_seed-10000,4,4.0,24,480,832,15:26,9:16,drag_ear.v1,pending_model_validation,dbdc93fe3f0e922d0d53d3b6c78e213e176b5230876cf046e5da697fd2320d7b,241a5d66949edcf078e592e2d02939921c2ff68968a95640d4e5a7e2c4fe75c1
224,74,../data_h3/cat_ids/74_美国短毛猫棕经典虎斑.png,Ref_drag_ear.mp4,prepared/Ref_drag_ear.motion.mp4,prompts/drag_ear.v1.en.txt,74,74-american-shorthair-brown-classic-tabby,美国短毛猫棕经典虎斑,02,02-pull-left-ear,drag_ear,左前爪轻擦左耳与脸部后恢复坐姿,20000,224_74-american-shorthair-brown-classic-tabby_02-pull-left-ear_seed-20000,4,4.0,24,480,832,15:26,9:16,drag_ear.v1,pending_model_validation,dbdc93fe3f0e922d0d53d3b6c78e213e176b5230876cf046e5da697fd2320d7b,241a5d66949edcf078e592e2d02939921c2ff68968a95640d4e5a7e2c4fe75c1
225,75,../data_h3/cat_ids/75_英国短毛猫深金渐层.png,Ref_drag_ear.mp4,prepared/Ref_drag_ear.motion.mp4,prompts/drag_ear.v1.en.txt,75,75-british-shorthair-deep-golden-shaded,英国短毛猫深金渐层,02,02-pull-left-ear,drag_ear,左前爪轻擦左耳与脸部后恢复坐姿,0,225_75-british-shorthair-deep-golden-shaded_02-pull-left-ear_seed-0,4,4.0,24,480,832,15:26,9:16,drag_ear.v1,pending_model_validation,dbdc93fe3f0e922d0d53d3b6c78e213e176b5230876cf046e5da697fd2320d7b,241a5d66949edcf078e592e2d02939921c2ff68968a95640d4e5a7e2c4fe75c1
226,75,../data_h3/cat_ids/75_英国短毛猫深金渐层.png,Ref_drag_ear.mp4,prepared/Ref_drag_ear.motion.mp4,prompts/drag_ear.v1.en.txt,75,75-british-shorthair-deep-golden-shaded,英国短毛猫深金渐层,02,02-pull-left-ear,drag_ear,左前爪轻擦左耳与脸部后恢复坐姿,10000,226_75-british-shorthair-deep-golden-shaded_02-pull-left-ear_seed-10000,4,4.0,24,480,832,15:26,9:16,drag_ear.v1,pending_model_validation,dbdc93fe3f0e922d0d53d3b6c78e213e176b5230876cf046e5da697fd2320d7b,241a5d66949edcf078e592e2d02939921c2ff68968a95640d4e5a7e2c4fe75c1
227,75,../data_h3/cat_ids/75_英国短毛猫深金渐层.png,Ref_drag_ear.mp4,prepared/Ref_drag_ear.motion.mp4,prompts/drag_ear.v1.en.txt,75,75-british-shorthair-deep-golden-shaded,英国短毛猫深金渐层,02,02-pull-left-ear,drag_ear,左前爪轻擦左耳与脸部后恢复坐姿,20000,227_75-british-shorthair-deep-golden-shaded_02-pull-left-ear_seed-20000,4,4.0,24,480,832,15:26,9:16,drag_ear.v1,pending_model_validation,dbdc93fe3f0e922d0d53d3b6c78e213e176b5230876cf046e5da697fd2320d7b,241a5d66949edcf078e592e2d02939921c2ff68968a95640d4e5a7e2c4fe75c1
228,76,../data_h3/cat_ids/76_英国短毛猫浅金渐层.png,Ref_drag_ear.mp4,prepared/Ref_drag_ear.motion.mp4,prompts/drag_ear.v1.en.txt,76,76-british-shorthair-light-golden-shaded,英国短毛猫浅金渐层,02,02-pull-left-ear,drag_ear,左前爪轻擦左耳与脸部后恢复坐姿,0,228_76-british-shorthair-light-golden-shaded_02-pull-left-ear_seed-0,4,4.0,24,480,832,15:26,9:16,drag_ear.v1,pending_model_validation,dbdc93fe3f0e922d0d53d3b6c78e213e176b5230876cf046e5da697fd2320d7b,241a5d66949edcf078e592e2d02939921c2ff68968a95640d4e5a7e2c4fe75c1
229,76,../data_h3/cat_ids/76_英国短毛猫浅金渐层.png,Ref_drag_ear.mp4,prepared/Ref_drag_ear.motion.mp4,prompts/drag_ear.v1.en.txt,76,76-british-shorthair-light-golden-shaded,英国短毛猫浅金渐层,02,02-pull-left-ear,drag_ear,左前爪轻擦左耳与脸部后恢复坐姿,10000,229_76-british-shorthair-light-golden-shaded_02-pull-left-ear_seed-10000,4,4.0,24,480,832,15:26,9:16,drag_ear.v1,pending_model_validation,dbdc93fe3f0e922d0d53d3b6c78e213e176b5230876cf046e5da697fd2320d7b,241a5d66949edcf078e592e2d02939921c2ff68968a95640d4e5a7e2c4fe75c1
230,76,../data_h3/cat_ids/76_英国短毛猫浅金渐层.png,Ref_drag_ear.mp4,prepared/Ref_drag_ear.motion.mp4,prompts/drag_ear.v1.en.txt,76,76-british-shorthair-light-golden-shaded,英国短毛猫浅金渐层,02,02-pull-left-ear,drag_ear,左前爪轻擦左耳与脸部后恢复坐姿,20000,230_76-british-shorthair-light-golden-shaded_02-pull-left-ear_seed-20000,4,4.0,24,480,832,15:26,9:16,drag_ear.v1,pending_model_validation,dbdc93fe3f0e922d0d53d3b6c78e213e176b5230876cf046e5da697fd2320d7b,241a5d66949edcf078e592e2d02939921c2ff68968a95640d4e5a7e2c4fe75c1
231,77,../data_h3/cat_ids/77_英国短毛猫银渐层.png,Ref_drag_ear.mp4,prepared/Ref_drag_ear.motion.mp4,prompts/drag_ear.v1.en.txt,77,77-british-shorthair-silver-shaded,英国短毛猫银渐层,02,02-pull-left-ear,drag_ear,左前爪轻擦左耳与脸部后恢复坐姿,0,231_77-british-shorthair-silver-shaded_02-pull-left-ear_seed-0,4,4.0,24,480,832,15:26,9:16,drag_ear.v1,pending_model_validation,dbdc93fe3f0e922d0d53d3b6c78e213e176b5230876cf046e5da697fd2320d7b,241a5d66949edcf078e592e2d02939921c2ff68968a95640d4e5a7e2c4fe75c1
232,77,../data_h3/cat_ids/77_英国短毛猫银渐层.png,Ref_drag_ear.mp4,prepared/Ref_drag_ear.motion.mp4,prompts/drag_ear.v1.en.txt,77,77-british-shorthair-silver-shaded,英国短毛猫银渐层,02,02-pull-left-ear,drag_ear,左前爪轻擦左耳与脸部后恢复坐姿,10000,232_77-british-shorthair-silver-shaded_02-pull-left-ear_seed-10000,4,4.0,24,480,832,15:26,9:16,drag_ear.v1,pending_model_validation,dbdc93fe3f0e922d0d53d3b6c78e213e176b5230876cf046e5da697fd2320d7b,241a5d66949edcf078e592e2d02939921c2ff68968a95640d4e5a7e2c4fe75c1
233,77,../data_h3/cat_ids/77_英国短毛猫银渐层.png,Ref_drag_ear.mp4,prepared/Ref_drag_ear.motion.mp4,prompts/drag_ear.v1.en.txt,77,77-british-shorthair-silver-shaded,英国短毛猫银渐层,02,02-pull-left-ear,drag_ear,左前爪轻擦左耳与脸部后恢复坐姿,20000,233_77-british-shorthair-silver-shaded_02-pull-left-ear_seed-20000,4,4.0,24,480,832,15:26,9:16,drag_ear.v1,pending_model_validation,dbdc93fe3f0e922d0d53d3b6c78e213e176b5230876cf046e5da697fd2320d7b,241a5d66949edcf078e592e2d02939921c2ff68968a95640d4e5a7e2c4fe75c1
234,78,../data_h3/cat_ids/78_德文卷毛猫奶油虎斑.png,Ref_drag_ear.mp4,prepared/Ref_drag_ear.motion.mp4,prompts/drag_ear.v1.en.txt,78,78-devon-rex-cream-tabby,德文卷毛猫奶油虎斑,02,02-pull-left-ear,drag_ear,左前爪轻擦左耳与脸部后恢复坐姿,0,234_78-devon-rex-cream-tabby_02-pull-left-ear_seed-0,4,4.0,24,480,832,15:26,9:16,drag_ear.v1,pending_model_validation,dbdc93fe3f0e922d0d53d3b6c78e213e176b5230876cf046e5da697fd2320d7b,241a5d66949edcf078e592e2d02939921c2ff68968a95640d4e5a7e2c4fe75c1
235,78,../data_h3/cat_ids/78_德文卷毛猫奶油虎斑.png,Ref_drag_ear.mp4,prepared/Ref_drag_ear.motion.mp4,prompts/drag_ear.v1.en.txt,78,78-devon-rex-cream-tabby,德文卷毛猫奶油虎斑,02,02-pull-left-ear,drag_ear,左前爪轻擦左耳与脸部后恢复坐姿,10000,235_78-devon-rex-cream-tabby_02-pull-left-ear_seed-10000,4,4.0,24,480,832,15:26,9:16,drag_ear.v1,pending_model_validation,dbdc93fe3f0e922d0d53d3b6c78e213e176b5230876cf046e5da697fd2320d7b,241a5d66949edcf078e592e2d02939921c2ff68968a95640d4e5a7e2c4fe75c1
236,78,../data_h3/cat_ids/78_德文卷毛猫奶油虎斑.png,Ref_drag_ear.mp4,prepared/Ref_drag_ear.motion.mp4,prompts/drag_ear.v1.en.txt,78,78-devon-rex-cream-tabby,德文卷毛猫奶油虎斑,02,02-pull-left-ear,drag_ear,左前爪轻擦左耳与脸部后恢复坐姿,20000,236_78-devon-rex-cream-tabby_02-pull-left-ear_seed-20000,4,4.0,24,480,832,15:26,9:16,drag_ear.v1,pending_model_validation,dbdc93fe3f0e922d0d53d3b6c78e213e176b5230876cf046e5da697fd2320d7b,241a5d66949edcf078e592e2d02939921c2ff68968a95640d4e5a7e2c4fe75c1
237,79,../data_h3/cat_ids/79_缅因猫银虎斑.png,Ref_drag_ear.mp4,prepared/Ref_drag_ear.motion.mp4,prompts/drag_ear.v1.en.txt,79,79-maine-coon-silver-tabby,缅因猫银虎斑,02,02-pull-left-ear,drag_ear,左前爪轻擦左耳与脸部后恢复坐姿,0,237_79-maine-coon-silver-tabby_02-pull-left-ear_seed-0,4,4.0,24,480,832,15:26,9:16,drag_ear.v1,pending_model_validation,dbdc93fe3f0e922d0d53d3b6c78e213e176b5230876cf046e5da697fd2320d7b,241a5d66949edcf078e592e2d02939921c2ff68968a95640d4e5a7e2c4fe75c1
238,79,../data_h3/cat_ids/79_缅因猫银虎斑.png,Ref_drag_ear.mp4,prepared/Ref_drag_ear.motion.mp4,prompts/drag_ear.v1.en.txt,79,79-maine-coon-silver-tabby,缅因猫银虎斑,02,02-pull-left-ear,drag_ear,左前爪轻擦左耳与脸部后恢复坐姿,10000,238_79-maine-coon-silver-tabby_02-pull-left-ear_seed-10000,4,4.0,24,480,832,15:26,9:16,drag_ear.v1,pending_model_validation,dbdc93fe3f0e922d0d53d3b6c78e213e176b5230876cf046e5da697fd2320d7b,241a5d66949edcf078e592e2d02939921c2ff68968a95640d4e5a7e2c4fe75c1
239,79,../data_h3/cat_ids/79_缅因猫银虎斑.png,Ref_drag_ear.mp4,prepared/Ref_drag_ear.motion.mp4,prompts/drag_ear.v1.en.txt,79,79-maine-coon-silver-tabby,缅因猫银虎斑,02,02-pull-left-ear,drag_ear,左前爪轻擦左耳与脸部后恢复坐姿,20000,239_79-maine-coon-silver-tabby_02-pull-left-ear_seed-20000,4,4.0,24,480,832,15:26,9:16,drag_ear.v1,pending_model_validation,dbdc93fe3f0e922d0d53d3b6c78e213e176b5230876cf046e5da697fd2320d7b,241a5d66949edcf078e592e2d02939921c2ff68968a95640d4e5a7e2c4fe75c1
