input_image,prompt,id,cat_id,motion_id,seed,output_name
cat_ids/00.png,"For the target video, at 0.00 seconds into the target video, <Picture 1> (from [Shot 1]) is fully referenced.

integrated_multimodal_description: [Shot 1] Live-action, photorealistic studio pet footage. This is one continuous four-second shot. A locked camera matching the reference perspective frames a medium full-body, front-facing portrait. At 0.00 seconds, the cat starts from <Picture 1>. Throughout the shot, preserve the same cat's facial proportions; each anatomical eye's reference color; exact ear morphology; coat or skin-surface texture; intrinsic marking topology; body proportions; paw appearance; and reference tail state, including a long tail, short tail, visible stump, or no visible tail. These identity features remain consistent as their screen projection changes with the cat's pose. The camera holds a perfectly Static Shot; perspective, focal length, subject scale, crop, focus, exposure, white balance, lighting, background, and floor appearance established by <Picture 1> remain fixed. Physical shadows stay grounded and respond coherently to contact and weight transfer. The cat remains fully inside the frame with clear margins, and the clean frame contains only the cat. During 0.00–0.40 seconds, the cat holds its initial seated pose. From 0.40 to 0.90 seconds, a barely perceptible inhale creates one minute local change in the lower-chest contour while the body does not translate and the overall seated pose, paws, hindquarters, head direction, ears, and reference tail state remain stable. At 0.95 seconds, both upper eyelids lower together and reopen by 1.20 seconds in one complete natural blink; the eyes keep the same color, shape, spacing, and forward gaze when open. From 1.20 to 2.70 seconds, the chest completes one gentle exhale and returns to its starting contour. By 2.70 seconds, the blink and gentle exhale are complete, with the eyes open and the cat comfortably seated. From 2.70 to 3.00 seconds, this quiet seated posture continues. From 3.00 to 4.00 seconds, the cat remains comfortably seated with only faint breathing and minute surface settling.

overall_soundscape: Steady quiet studio room tone with one very soft inhale and exhale from the cat, completed by 2.70 seconds. The cat does not vocalize; quiet room tone and faint breathing continue afterward.

non_diegetic_music: N/A
",000,00,01,0,00_01_0
cat_ids/00.png,"For the target video, at 0.00 seconds into the target video, <Picture 1> (from [Shot 1]) is fully referenced.

integrated_multimodal_description: [Shot 1] Live-action, photorealistic studio pet footage. A static medium full-body shot begins with the seated cat and scene in <Picture 1>. This is one continuous four-second shot. The main action is a brief outward tug and soft release of the cat's anatomical left ear, on the viewer's right in the opening pose. From 0.15 to 0.60 seconds, the ear tip is drawn a short distance diagonally outward and slightly upward toward the viewer's right, away from the crown. The tip leads, the upper ear follows in a small soft bend and the base stays attached. The ear keeps its normal length and characteristic reference shape. At the peak, the head follows by a tiny amount and the eyelids narrow briefly in a mild, relaxed reaction. At 0.65 seconds, the pull releases. The ear springs most of the way back by 1.10 seconds, then makes one much smaller settling movement, reaching its natural resting angle by 1.50 seconds. From 1.10 to 2.30 seconds, the head gently follows back, the eyes reopen comfortably and the shoulders soften with an exhale. By 2.70 seconds, the cat is seated and calmly attentive; through 3.00 seconds, it holds this relaxed posture with faint breathing. The tug is conveyed entirely by the ear movement and the cat's response; no person, hand or pulling device appears. From 3.00 to 4.00 seconds, the cat maintains the posture reached by 2.70 seconds, with only faint breathing and tiny settling movements. Preserve the individual cat's facial proportions, each eye's reference color, coat or bare-skin appearance, markings, ear type and existing tail anatomy as the pose changes. Keep the reference framing, background, floor and lighting consistent, with grounded shadows following the cat's movement. The cat is alone and the surrounding floor stays clear. 

overall_soundscape: Quiet studio ambience and faint breathing, with a soft incidental body movement as the head settles. Only breathing and room tone remain after 2.70 seconds.

non_diegetic_music: N/A
",001,00,02,1,00_02_1
cat_ids/00.png,"For the target video, at 0.00 seconds into the target video, <Picture 1> (from [Shot 1]) is fully referenced.

integrated_multimodal_description: [Shot 1] Live-action, photorealistic studio pet footage. A static medium full-body shot begins with the seated cat and scene in <Picture 1>. This is one continuous four-second shot. The main action is a brief outward tug and soft release of the cat's anatomical right ear, on the viewer's left in the opening pose. From 0.15 to 0.60 seconds, the ear tip is drawn a short distance diagonally outward and slightly upward toward the viewer's left, away from the crown. The tip leads, the upper ear follows in a small soft bend and the base stays attached. The ear keeps its normal length and characteristic reference shape. At the peak, the head follows by a tiny amount and the eyelids narrow briefly in a mild, relaxed reaction. At 0.65 seconds, the pull releases. The ear springs most of the way back by 1.10 seconds, then makes one much smaller settling movement, reaching its natural resting angle by 1.50 seconds. From 1.10 to 2.30 seconds, the head gently follows back, the eyes reopen comfortably and the shoulders soften with an exhale. By 2.70 seconds, the cat is seated and calmly attentive; through 3.00 seconds, it holds this relaxed posture with faint breathing. The tug is conveyed entirely by the ear movement and the cat's response; no person, hand or pulling device appears. From 3.00 to 4.00 seconds, the cat maintains the posture reached by 2.70 seconds, with only faint breathing and tiny settling movements. Preserve the individual cat's facial proportions, each eye's reference color, coat or bare-skin appearance, markings, ear type and existing tail anatomy as the pose changes. Keep the reference framing, background, floor and lighting consistent, with grounded shadows following the cat's movement. The cat is alone and the surrounding floor stays clear. 

overall_soundscape: Quiet studio ambience and faint breathing, with a soft incidental body movement as the head settles. Only breathing and room tone remain after 2.70 seconds.

non_diegetic_music: N/A
",002,00,03,2,00_03_2
cat_ids/00.png,"For the target video, at 0.00 seconds into the target video, <Picture 1> (from [Shot 1]) is fully referenced.

integrated_multimodal_description: [Shot 1] Live-action, photorealistic studio pet footage. This is one continuous four-second shot. A locked camera matching the reference perspective frames a medium full-body, front-facing portrait. At 0.00 seconds, the cat starts from <Picture 1>. Throughout the shot, preserve the same cat's facial proportions; each anatomical eye's reference color; exact ear morphology; coat or skin-surface texture; intrinsic marking topology; body proportions; paw appearance; and reference tail state, including a long tail, short tail, visible stump, or no visible tail. These identity features remain consistent as their screen projection changes with the cat's pose. The camera holds a perfectly Static Shot; perspective, focal length, subject scale, crop, focus, exposure, white balance, lighting, background, and floor appearance established by <Picture 1> remain fixed. Physical shadows stay grounded and respond coherently to contact and weight transfer. The cat remains fully inside the frame with clear margins. The clean frame contains only the cat and one transient wool ball defined in the motion path; only this prop unit and its associated contact shadow may cross a frame boundary along the specified entry or exit path. During 0.00–0.20 seconds, the cat holds its initial seated pose. At 0.20 seconds, one small, tightly wound matte wool ball enters from the viewer's left and rolls left-to-right along a straight path on the foreground floor, with visible rotation and one attached contact shadow. From 0.35 to 0.85 seconds, the cat's eyes track first and the head follows with one small turn; the body transfers a little weight onto the anatomical left front paw on the viewer's right while the anatomical right front paw on the viewer's left lifts. From 0.85 to 1.40 seconds, that lifted paw reaches in one compact arc and its pads meet the top of the ball, causing the ball to decelerate to a brief stop while retaining its size, round boundary and visibility. From 1.50 to 1.85 seconds, the same paw gives one short controlled nudge toward the viewer's right while beginning to retract. The ball resumes rolling at lower speed and, together with its contact shadow, exits completely beyond the viewer's right edge by 2.60 seconds. The cat keeps its eyes on the moving ball and lets its head follow the resumed roll, with the active paw landing comfortably by 2.60 seconds. The ball remains one distinct object during floor contact and brief paw contact, preserving a clear boundary from the paw and any visible tail. By 2.70 seconds, the cat is balanced on both front paws and still looks toward the departing ball; this attentive posture continues through 3.00 seconds. From 3.00 to 4.00 seconds, the ball stays outside the frame and the cat maintains this comfortable posture with faint breathing. No person or hand enters.

overall_soundscape: A soft wool ball rolls across the floor from left to right, slows under one muted paw contact, then resumes with a quieter roll before leaving the frame by 2.60 seconds. One light paw-pad landing accompanies the release of the ball; after 2.70 seconds, only steady studio room tone and faint breathing remain.

non_diegetic_music: N/A
",003,00,04,3,00_04_3
cat_ids/00.png,"For the target video, at 0.00 seconds into the target video, <Picture 1> (from [Shot 1]) is fully referenced.

integrated_multimodal_description: [Shot 1] Live-action, photorealistic studio pet footage. This is one continuous four-second shot. A locked camera matching the reference perspective frames a medium full-body, front-facing portrait. At 0.00 seconds, the cat starts from <Picture 1>. Throughout the shot, preserve the same cat's facial proportions; each anatomical eye's reference color; exact ear morphology; coat or skin-surface texture; intrinsic marking topology; body proportions; paw appearance; and reference tail state, including a long tail, short tail, visible stump, or no visible tail. These identity features remain consistent as their screen projection changes with the cat's pose. The camera holds a perfectly Static Shot; perspective, focal length, subject scale, crop, focus, exposure, white balance, lighting, background, and floor appearance established by <Picture 1> remain fixed. Physical shadows stay grounded and respond coherently to contact and weight transfer. The cat remains fully inside the frame with clear margins. The clean frame contains only the cat and one transient wool ball defined in the motion path; only this prop unit and its associated contact shadow may cross a frame boundary along the specified entry or exit path. During 0.00–0.20 seconds, the cat holds its initial seated pose. At 0.20 seconds, one small, tightly wound matte wool ball enters from the viewer's right and rolls right-to-left along a straight path on the foreground floor, with visible rotation and one attached contact shadow. From 0.35 to 0.85 seconds, the cat's eyes track first and the head follows with one small turn; the body transfers a little weight onto the anatomical right front paw on the viewer's left while the anatomical left front paw on the viewer's right lifts. From 0.85 to 1.40 seconds, that lifted paw reaches in one compact arc and its pads meet the top of the ball, causing the ball to decelerate to a brief stop while retaining its size, round boundary and visibility. From 1.50 to 1.85 seconds, the same paw gives one short controlled nudge toward the viewer's left while beginning to retract. The ball resumes rolling at lower speed and, together with its contact shadow, exits completely beyond the viewer's left edge by 2.60 seconds. The cat keeps its eyes on the moving ball and lets its head follow the resumed roll, with the active paw landing comfortably by 2.60 seconds. The ball remains one distinct object during floor contact and brief paw contact, preserving a clear boundary from the paw and any visible tail. By 2.70 seconds, the cat is balanced on both front paws and still looks toward the departing ball; this attentive posture continues through 3.00 seconds. From 3.00 to 4.00 seconds, the ball stays outside the frame and the cat maintains this comfortable posture with faint breathing. No person or hand enters.

overall_soundscape: A soft wool ball rolls across the floor from right to left, slows under one muted paw contact, then resumes with a quieter roll before leaving the frame by 2.60 seconds. One light paw-pad landing accompanies the release of the ball; after 2.70 seconds, only steady studio room tone and faint breathing remain.

non_diegetic_music: N/A
",004,00,05,4,00_05_4
cat_ids/00.png,"For the target video, at 0.00 seconds into the target video, <Picture 1> (from [Shot 1]) is fully referenced.

integrated_multimodal_description: [Shot 1] Live-action, photorealistic studio pet footage. A static medium full-body shot begins with the seated cat and scene in <Picture 1>. This is one continuous four-second shot. The cat lowers onto its anatomical left side, on the viewer's right from the opening pose, rolls belly-up and then makes one clearly visible air swat with its anatomical right front paw. From 0.00 to 0.40 seconds, it shifts weight toward the viewer's right, bends the left elbow and lowers the left shoulder. The head and chest travel down toward that same side of the image while the left hip settles nearby. From 0.40 to 1.20 seconds, the left shoulder and flank make gentle floor contact first, then the shoulders and pelvis roll together from that side onto the back. The head settles toward the viewer's right of the hips, so the sideways descent stays clear and continuous. The cat remains fully inside the original frame. By 1.30 seconds, the back is supported by the floor, the belly faces upward and is clearly visible to the camera, both front paws are bent above the chest and the hind legs rest loosely folded. The anatomical right front paw is now the active waving paw. From 1.35 to 1.80 seconds, its elbow extends and the paw travels roughly two paw-lengths out of its initial curled position, visibly away from the chest, leaving a clear gap between the paw and the body. From 1.80 to 2.15 seconds, this raised paw sweeps through a short, clearly visible arc in the air above the belly. From 2.15 to 2.55 seconds, the elbow bends and the paw curls back toward the chest, completing one distinct lift, sweep and return. The other forepaw stays loosely bent, and the body remains belly-up throughout this air swat. The eyes soften and make a small gaze adjustment as the paw returns; the head rests comfortably against the floor. By 2.70 seconds, the swat is complete and the cat is relaxed belly-up with loosely curled paws and gentle breathing; this pose continues through 3.00 seconds. The cat initiates the movement itself, and no person or hand appears. From 3.00 to 4.00 seconds, the cat maintains the posture reached by 2.70 seconds, with only faint breathing and tiny settling movements. Preserve the individual cat's facial proportions, each eye's reference color, coat or bare-skin appearance, markings, ear type and existing tail anatomy as the pose changes. Keep the reference framing, background, floor and lighting consistent, with grounded shadows following the cat's movement. The cat is alone and the surrounding floor stays clear. 

overall_soundscape: Soft paw shifts and a gentle shoulder-and-flank contact accompany the early sideways descent and roll. A light surface movement accompanies the small body adjustment during the air swat, with no impact sound from the raised paw. Movement sounds finish by 2.70 seconds; faint breathing continues over quiet studio room tone.

non_diegetic_music: N/A
",005,00,06,5,00_06_5
cat_ids/00.png,"For the target video, at 0.00 seconds into the target video, <Picture 1> (from [Shot 1]) is fully referenced.

integrated_multimodal_description: [Shot 1] Live-action, photorealistic studio pet footage. A static medium full-body shot begins with the seated cat and scene in <Picture 1>. This is one continuous four-second shot. The cat lowers onto its anatomical right side, on the viewer's left from the opening pose, rolls belly-up and then makes one clearly visible air swat with its anatomical left front paw. From 0.00 to 0.40 seconds, it shifts weight toward the viewer's left, bends the right elbow and lowers the right shoulder. The head and chest travel down toward that same side of the image while the right hip settles nearby. From 0.40 to 1.20 seconds, the right shoulder and flank make gentle floor contact first, then the shoulders and pelvis roll together from that side onto the back. The head settles toward the viewer's left of the hips, so the sideways descent stays clear and continuous. The cat remains fully inside the original frame. By 1.30 seconds, the back is supported by the floor, the belly faces upward and is clearly visible to the camera, both front paws are bent above the chest and the hind legs rest loosely folded. The anatomical left front paw is now the active waving paw. From 1.35 to 1.80 seconds, its elbow extends and the paw travels roughly two paw-lengths out of its initial curled position, visibly away from the chest, leaving a clear gap between the paw and the body. From 1.80 to 2.15 seconds, this raised paw sweeps through a short, clearly visible arc in the air above the belly. From 2.15 to 2.55 seconds, the elbow bends and the paw curls back toward the chest, completing one distinct lift, sweep and return. The other forepaw stays loosely bent, and the body remains belly-up throughout this air swat. The eyes soften and make a small gaze adjustment as the paw returns; the head rests comfortably against the floor. By 2.70 seconds, the swat is complete and the cat is relaxed belly-up with loosely curled paws and gentle breathing; this pose continues through 3.00 seconds. The cat initiates the movement itself, and no person or hand appears. From 3.00 to 4.00 seconds, the cat maintains the posture reached by 2.70 seconds, with only faint breathing and tiny settling movements. Preserve the individual cat's facial proportions, each eye's reference color, coat or bare-skin appearance, markings, ear type and existing tail anatomy as the pose changes. Keep the reference framing, background, floor and lighting consistent, with grounded shadows following the cat's movement. The cat is alone and the surrounding floor stays clear. 

overall_soundscape: Soft paw shifts and a gentle shoulder-and-flank contact accompany the early sideways descent and roll. A light surface movement accompanies the small body adjustment during the air swat, with no impact sound from the raised paw. Movement sounds finish by 2.70 seconds; faint breathing continues over quiet studio room tone.

non_diegetic_music: N/A
",006,00,07,6,00_07_6
cat_ids/00.png,"For the target video, at 0.00 seconds into the target video, <Picture 1> (from [Shot 1]) is fully referenced.

integrated_multimodal_description: [Shot 1] Live-action, photorealistic studio pet footage. A static medium full-body shot begins with the seated cat and scene in <Picture 1>. This is one continuous four-second shot. The cat calmly grooms its anatomical left front paw, on the viewer's right in the opening pose. From 0.00 to 0.60 seconds, it shifts weight onto its anatomical right front paw and the seated hindquarters, lifts the active paw toward the mouth and lowers the head slightly to meet it. The eyes soften as the paw rises in a small comfortable arc. From 0.70 to 1.00 seconds, the tongue extends, makes one clear lick across the raised paw and retracts fully. After a brief pause, from 1.20 to 1.50 seconds, it makes a second visible lick and retracts again. The paw stays distinct from the muzzle, with a small natural wrist adjustment between the contacts. From 1.60 to 2.40 seconds, the mouth closes, the head rises slightly and the paw lowers comfortably onto the floor. By 2.70 seconds, the shoulders have resettled and the eyes glance gently toward the freshly groomed paw. Through 3.00 seconds, the cat remains seated with this relaxed head angle and soft breathing. From 3.00 to 4.00 seconds, the cat maintains the posture reached by 2.70 seconds, with only faint breathing and tiny settling movements. Preserve the individual cat's facial proportions, each eye's reference color, coat or bare-skin appearance, markings, ear type and existing tail anatomy as the pose changes. Keep the reference framing, background, floor and lighting consistent, with grounded shadows following the cat's movement. The cat is alone and the surrounding floor stays clear. 

overall_soundscape: Two quiet wet licking sounds accompany the two tongue contacts before 1.50 seconds. A faint body movement and soft paw-pad landing finish by 2.70 seconds, followed by quiet room tone and breathing.

non_diegetic_music: N/A
",007,00,08,7,00_08_7
cat_ids/00.png,"For the target video, at 0.00 seconds into the target video, <Picture 1> (from [Shot 1]) is fully referenced.

integrated_multimodal_description: [Shot 1] Live-action, photorealistic studio pet footage. A static medium full-body shot begins with the seated cat and scene in <Picture 1>. This is one continuous four-second shot. The cat calmly grooms its anatomical right front paw, on the viewer's left in the opening pose. From 0.00 to 0.60 seconds, it shifts weight onto its anatomical left front paw and the seated hindquarters, lifts the active paw toward the mouth and lowers the head slightly to meet it. The eyes soften as the paw rises in a small comfortable arc. From 0.70 to 1.00 seconds, the tongue extends, makes one clear lick across the raised paw and retracts fully. After a brief pause, from 1.20 to 1.50 seconds, it makes a second visible lick and retracts again. The paw stays distinct from the muzzle, with a small natural wrist adjustment between the contacts. From 1.60 to 2.40 seconds, the mouth closes, the head rises slightly and the paw lowers comfortably onto the floor. By 2.70 seconds, the shoulders have resettled and the eyes glance gently toward the freshly groomed paw. Through 3.00 seconds, the cat remains seated with this relaxed head angle and soft breathing. From 3.00 to 4.00 seconds, the cat maintains the posture reached by 2.70 seconds, with only faint breathing and tiny settling movements. Preserve the individual cat's facial proportions, each eye's reference color, coat or bare-skin appearance, markings, ear type and existing tail anatomy as the pose changes. Keep the reference framing, background, floor and lighting consistent, with grounded shadows following the cat's movement. The cat is alone and the surrounding floor stays clear. 

overall_soundscape: Two quiet wet licking sounds accompany the two tongue contacts before 1.50 seconds. A faint body movement and soft paw-pad landing finish by 2.70 seconds, followed by quiet room tone and breathing.

non_diegetic_music: N/A
",008,00,09,8,00_09_8
cat_ids/00.png,"For the target video, at 0.00 seconds into the target video, <Picture 1> (from [Shot 1]) is fully referenced.

integrated_multimodal_description: [Shot 1] Live-action, photorealistic studio pet footage. A static medium full-body shot begins with the seated cat and scene in <Picture 1>. This is one continuous four-second shot. The cat eats one small mouthful of dry cat food at a comfortable pace. From 0.00 to 0.45 seconds, one shallow plain dish containing a small portion of food slides gently into view from the bottom edge along the floor and slows to a complete stop just ahead of the front paws, within comfortable reach. As it arrives, the cat looks down and begins lowering its head. From 0.45 to 1.05 seconds, the head lowers smoothly to the dish and the cat briefly sniffs just above the food; the ears make a small attentive adjustment. From 1.05 to 1.35 seconds, it takes one small mouthful and lifts its muzzle slightly clear of the food. From 1.35 to 2.50 seconds, it chews in a few small jaw movements with comfortable pauses, soft eyelids and subtle neck adjustments. By 2.70 seconds, the small mouthful is finished and the cat rests with its mouth closed and its head still comfortably lowered near the dish. This relaxed meal-side posture continues through 3.00 seconds, with the dish and remaining food staying in place. The dish keeps its shape and grounded contact shadow throughout. From 3.00 to 4.00 seconds, the cat maintains the posture reached by 2.70 seconds, with only faint breathing and tiny settling movements. Preserve the individual cat's facial proportions, each eye's reference color, coat or bare-skin appearance, markings, ear type and existing tail anatomy as the pose changes. Keep the reference framing, background, floor and lighting consistent, with grounded shadows following the cat's movement. Only the cat and this single dish of food occupy the scene. No person or hand enters.

overall_soundscape: A soft dish slide is heard at the start, followed by a faint sniff. A few small dry crunches accompany chewing between 1.35 and 2.50 seconds; after 2.70 seconds, only quiet studio ambience and faint breathing remain.

non_diegetic_music: N/A
",009,00,10,9,00_10_9
cat_ids/00.png,"For the target video, at 0.00 seconds into the target video, <Picture 1> (from [Shot 1]) is fully referenced.

integrated_multimodal_description: [Shot 1] Live-action, photorealistic studio pet footage. A static medium full-body shot begins with the seated cat and scene in <Picture 1>. This is one continuous four-second shot. The cat folds down into a compact curled sleeping pose, turning its head and shoulders toward its anatomical left, the viewer's right from the opening pose. From 0.00 to 0.40 seconds, the eyelids grow heavy, the chin dips and the front paws make small inward adjustments directly beneath the chest. From 0.40 to 1.50 seconds, both elbows fold and the chest descends toward the gathered paws. At the same time, the hindquarters lower beside the chest, the hind legs tuck inward and the spine curves into a small C shape. The shoulders and hips draw together into one compact oval footprint, with the belly facing the floor and the flank resting gently against it. The forepaws remain gathered under the face, and the existing tail settles beside the hindquarters. From 1.50 to 2.30 seconds, the cat rests its chin on the gathered front paws near the viewer's right side of the curled shape and closes its eyes completely. By 2.70 seconds, the head is resting, the shoulders are relaxed and the cat is comfortably curled up. From 2.70 to 3.00 seconds, it remains in this sleeping pose with closed eyes and a small, steady rise and fall of the flank. From 3.00 to 4.00 seconds, the cat maintains the posture reached by 2.70 seconds, with only faint breathing and tiny settling movements. Preserve the individual cat's facial proportions, each eye's reference color, coat or bare-skin appearance, markings, ear type and existing tail anatomy as the pose changes. Keep the reference framing, background, floor and lighting consistent, with grounded shadows following the cat's movement. The cat is alone and the surrounding floor stays clear. 

overall_soundscape: Small paw adjustments and a soft body contact accompany the descent. The movement sounds finish by 2.70 seconds, leaving calm, faint breathing over quiet studio room tone during the sleeping hold.

non_diegetic_music: N/A
",010,00,11,10,00_11_10
cat_ids/00.png,"For the target video, at 0.00 seconds into the target video, <Picture 1> (from [Shot 1]) is fully referenced.

integrated_multimodal_description: [Shot 1] Live-action, photorealistic studio pet footage. A static medium full-body shot begins with the seated cat and scene in <Picture 1>. This is one continuous four-second shot. The cat folds down into a compact curled sleeping pose, turning its head and shoulders toward its anatomical right, the viewer's left from the opening pose. From 0.00 to 0.40 seconds, the eyelids grow heavy, the chin dips and the front paws make small inward adjustments directly beneath the chest. From 0.40 to 1.50 seconds, both elbows fold and the chest descends toward the gathered paws. At the same time, the hindquarters lower beside the chest, the hind legs tuck inward and the spine curves into a small C shape. The shoulders and hips draw together into one compact oval footprint, with the belly facing the floor and the flank resting gently against it. The forepaws remain gathered under the face, and the existing tail settles beside the hindquarters. From 1.50 to 2.30 seconds, the cat rests its chin on the gathered front paws near the viewer's left side of the curled shape and closes its eyes completely. By 2.70 seconds, the head is resting, the shoulders are relaxed and the cat is comfortably curled up. From 2.70 to 3.00 seconds, it remains in this sleeping pose with closed eyes and a small, steady rise and fall of the flank. From 3.00 to 4.00 seconds, the cat maintains the posture reached by 2.70 seconds, with only faint breathing and tiny settling movements. Preserve the individual cat's facial proportions, each eye's reference color, coat or bare-skin appearance, markings, ear type and existing tail anatomy as the pose changes. Keep the reference framing, background, floor and lighting consistent, with grounded shadows following the cat's movement. The cat is alone and the surrounding floor stays clear. 

overall_soundscape: Small paw adjustments and a soft body contact accompany the descent. The movement sounds finish by 2.70 seconds, leaving calm, faint breathing over quiet studio room tone during the sleeping hold.

non_diegetic_music: N/A
",011,00,12,11,00_12_11
cat_ids/02.png,"For the target video, at 0.00 seconds into the target video, <Picture 1> (from [Shot 1]) is fully referenced.

integrated_multimodal_description: [Shot 1] Live-action, photorealistic studio pet footage. This is one continuous four-second shot. A locked camera matching the reference perspective frames a medium full-body, front-facing portrait. At 0.00 seconds, the cat starts from <Picture 1>. Throughout the shot, preserve the same cat's facial proportions; each anatomical eye's reference color; exact ear morphology; coat or skin-surface texture; intrinsic marking topology; body proportions; paw appearance; and reference tail state, including a long tail, short tail, visible stump, or no visible tail. These identity features remain consistent as their screen projection changes with the cat's pose. The camera holds a perfectly Static Shot; perspective, focal length, subject scale, crop, focus, exposure, white balance, lighting, background, and floor appearance established by <Picture 1> remain fixed. Physical shadows stay grounded and respond coherently to contact and weight transfer. The cat remains fully inside the frame with clear margins, and the clean frame contains only the cat. During 0.00–0.40 seconds, the cat holds its initial seated pose. From 0.40 to 0.90 seconds, a barely perceptible inhale creates one minute local change in the lower-chest contour while the body does not translate and the overall seated pose, paws, hindquarters, head direction, ears, and reference tail state remain stable. At 0.95 seconds, both upper eyelids lower together and reopen by 1.20 seconds in one complete natural blink; the eyes keep the same color, shape, spacing, and forward gaze when open. From 1.20 to 2.70 seconds, the chest completes one gentle exhale and returns to its starting contour. By 2.70 seconds, the blink and gentle exhale are complete, with the eyes open and the cat comfortably seated. From 2.70 to 3.00 seconds, this quiet seated posture continues. From 3.00 to 4.00 seconds, the cat remains comfortably seated with only faint breathing and minute surface settling.

overall_soundscape: Steady quiet studio room tone with one very soft inhale and exhale from the cat, completed by 2.70 seconds. The cat does not vocalize; quiet room tone and faint breathing continue afterward.

non_diegetic_music: N/A
",012,02,01,12,02_01_12
cat_ids/02.png,"For the target video, at 0.00 seconds into the target video, <Picture 1> (from [Shot 1]) is fully referenced.

integrated_multimodal_description: [Shot 1] Live-action, photorealistic studio pet footage. A static medium full-body shot begins with the seated cat and scene in <Picture 1>. This is one continuous four-second shot. The main action is a brief outward tug and soft release of the cat's anatomical left ear, on the viewer's right in the opening pose. From 0.15 to 0.60 seconds, the ear tip is drawn a short distance diagonally outward and slightly upward toward the viewer's right, away from the crown. The tip leads, the upper ear follows in a small soft bend and the base stays attached. The ear keeps its normal length and characteristic reference shape. At the peak, the head follows by a tiny amount and the eyelids narrow briefly in a mild, relaxed reaction. At 0.65 seconds, the pull releases. The ear springs most of the way back by 1.10 seconds, then makes one much smaller settling movement, reaching its natural resting angle by 1.50 seconds. From 1.10 to 2.30 seconds, the head gently follows back, the eyes reopen comfortably and the shoulders soften with an exhale. By 2.70 seconds, the cat is seated and calmly attentive; through 3.00 seconds, it holds this relaxed posture with faint breathing. The tug is conveyed entirely by the ear movement and the cat's response; no person, hand or pulling device appears. From 3.00 to 4.00 seconds, the cat maintains the posture reached by 2.70 seconds, with only faint breathing and tiny settling movements. Preserve the individual cat's facial proportions, each eye's reference color, coat or bare-skin appearance, markings, ear type and existing tail anatomy as the pose changes. Keep the reference framing, background, floor and lighting consistent, with grounded shadows following the cat's movement. The cat is alone and the surrounding floor stays clear. 

overall_soundscape: Quiet studio ambience and faint breathing, with a soft incidental body movement as the head settles. Only breathing and room tone remain after 2.70 seconds.

non_diegetic_music: N/A
",013,02,02,13,02_02_13
cat_ids/02.png,"For the target video, at 0.00 seconds into the target video, <Picture 1> (from [Shot 1]) is fully referenced.

integrated_multimodal_description: [Shot 1] Live-action, photorealistic studio pet footage. A static medium full-body shot begins with the seated cat and scene in <Picture 1>. This is one continuous four-second shot. The main action is a brief outward tug and soft release of the cat's anatomical right ear, on the viewer's left in the opening pose. From 0.15 to 0.60 seconds, the ear tip is drawn a short distance diagonally outward and slightly upward toward the viewer's left, away from the crown. The tip leads, the upper ear follows in a small soft bend and the base stays attached. The ear keeps its normal length and characteristic reference shape. At the peak, the head follows by a tiny amount and the eyelids narrow briefly in a mild, relaxed reaction. At 0.65 seconds, the pull releases. The ear springs most of the way back by 1.10 seconds, then makes one much smaller settling movement, reaching its natural resting angle by 1.50 seconds. From 1.10 to 2.30 seconds, the head gently follows back, the eyes reopen comfortably and the shoulders soften with an exhale. By 2.70 seconds, the cat is seated and calmly attentive; through 3.00 seconds, it holds this relaxed posture with faint breathing. The tug is conveyed entirely by the ear movement and the cat's response; no person, hand or pulling device appears. From 3.00 to 4.00 seconds, the cat maintains the posture reached by 2.70 seconds, with only faint breathing and tiny settling movements. Preserve the individual cat's facial proportions, each eye's reference color, coat or bare-skin appearance, markings, ear type and existing tail anatomy as the pose changes. Keep the reference framing, background, floor and lighting consistent, with grounded shadows following the cat's movement. The cat is alone and the surrounding floor stays clear. 

overall_soundscape: Quiet studio ambience and faint breathing, with a soft incidental body movement as the head settles. Only breathing and room tone remain after 2.70 seconds.

non_diegetic_music: N/A
",014,02,03,14,02_03_14
cat_ids/02.png,"For the target video, at 0.00 seconds into the target video, <Picture 1> (from [Shot 1]) is fully referenced.

integrated_multimodal_description: [Shot 1] Live-action, photorealistic studio pet footage. This is one continuous four-second shot. A locked camera matching the reference perspective frames a medium full-body, front-facing portrait. At 0.00 seconds, the cat starts from <Picture 1>. Throughout the shot, preserve the same cat's facial proportions; each anatomical eye's reference color; exact ear morphology; coat or skin-surface texture; intrinsic marking topology; body proportions; paw appearance; and reference tail state, including a long tail, short tail, visible stump, or no visible tail. These identity features remain consistent as their screen projection changes with the cat's pose. The camera holds a perfectly Static Shot; perspective, focal length, subject scale, crop, focus, exposure, white balance, lighting, background, and floor appearance established by <Picture 1> remain fixed. Physical shadows stay grounded and respond coherently to contact and weight transfer. The cat remains fully inside the frame with clear margins. The clean frame contains only the cat and one transient wool ball defined in the motion path; only this prop unit and its associated contact shadow may cross a frame boundary along the specified entry or exit path. During 0.00–0.20 seconds, the cat holds its initial seated pose. At 0.20 seconds, one small, tightly wound matte wool ball enters from the viewer's left and rolls left-to-right along a straight path on the foreground floor, with visible rotation and one attached contact shadow. From 0.35 to 0.85 seconds, the cat's eyes track first and the head follows with one small turn; the body transfers a little weight onto the anatomical left front paw on the viewer's right while the anatomical right front paw on the viewer's left lifts. From 0.85 to 1.40 seconds, that lifted paw reaches in one compact arc and its pads meet the top of the ball, causing the ball to decelerate to a brief stop while retaining its size, round boundary and visibility. From 1.50 to 1.85 seconds, the same paw gives one short controlled nudge toward the viewer's right while beginning to retract. The ball resumes rolling at lower speed and, together with its contact shadow, exits completely beyond the viewer's right edge by 2.60 seconds. The cat keeps its eyes on the moving ball and lets its head follow the resumed roll, with the active paw landing comfortably by 2.60 seconds. The ball remains one distinct object during floor contact and brief paw contact, preserving a clear boundary from the paw and any visible tail. By 2.70 seconds, the cat is balanced on both front paws and still looks toward the departing ball; this attentive posture continues through 3.00 seconds. From 3.00 to 4.00 seconds, the ball stays outside the frame and the cat maintains this comfortable posture with faint breathing. No person or hand enters.

overall_soundscape: A soft wool ball rolls across the floor from left to right, slows under one muted paw contact, then resumes with a quieter roll before leaving the frame by 2.60 seconds. One light paw-pad landing accompanies the release of the ball; after 2.70 seconds, only steady studio room tone and faint breathing remain.

non_diegetic_music: N/A
",015,02,04,15,02_04_15
cat_ids/02.png,"For the target video, at 0.00 seconds into the target video, <Picture 1> (from [Shot 1]) is fully referenced.

integrated_multimodal_description: [Shot 1] Live-action, photorealistic studio pet footage. This is one continuous four-second shot. A locked camera matching the reference perspective frames a medium full-body, front-facing portrait. At 0.00 seconds, the cat starts from <Picture 1>. Throughout the shot, preserve the same cat's facial proportions; each anatomical eye's reference color; exact ear morphology; coat or skin-surface texture; intrinsic marking topology; body proportions; paw appearance; and reference tail state, including a long tail, short tail, visible stump, or no visible tail. These identity features remain consistent as their screen projection changes with the cat's pose. The camera holds a perfectly Static Shot; perspective, focal length, subject scale, crop, focus, exposure, white balance, lighting, background, and floor appearance established by <Picture 1> remain fixed. Physical shadows stay grounded and respond coherently to contact and weight transfer. The cat remains fully inside the frame with clear margins. The clean frame contains only the cat and one transient wool ball defined in the motion path; only this prop unit and its associated contact shadow may cross a frame boundary along the specified entry or exit path. During 0.00–0.20 seconds, the cat holds its initial seated pose. At 0.20 seconds, one small, tightly wound matte wool ball enters from the viewer's right and rolls right-to-left along a straight path on the foreground floor, with visible rotation and one attached contact shadow. From 0.35 to 0.85 seconds, the cat's eyes track first and the head follows with one small turn; the body transfers a little weight onto the anatomical right front paw on the viewer's left while the anatomical left front paw on the viewer's right lifts. From 0.85 to 1.40 seconds, that lifted paw reaches in one compact arc and its pads meet the top of the ball, causing the ball to decelerate to a brief stop while retaining its size, round boundary and visibility. From 1.50 to 1.85 seconds, the same paw gives one short controlled nudge toward the viewer's left while beginning to retract. The ball resumes rolling at lower speed and, together with its contact shadow, exits completely beyond the viewer's left edge by 2.60 seconds. The cat keeps its eyes on the moving ball and lets its head follow the resumed roll, with the active paw landing comfortably by 2.60 seconds. The ball remains one distinct object during floor contact and brief paw contact, preserving a clear boundary from the paw and any visible tail. By 2.70 seconds, the cat is balanced on both front paws and still looks toward the departing ball; this attentive posture continues through 3.00 seconds. From 3.00 to 4.00 seconds, the ball stays outside the frame and the cat maintains this comfortable posture with faint breathing. No person or hand enters.

overall_soundscape: A soft wool ball rolls across the floor from right to left, slows under one muted paw contact, then resumes with a quieter roll before leaving the frame by 2.60 seconds. One light paw-pad landing accompanies the release of the ball; after 2.70 seconds, only steady studio room tone and faint breathing remain.

non_diegetic_music: N/A
",016,02,05,16,02_05_16
cat_ids/02.png,"For the target video, at 0.00 seconds into the target video, <Picture 1> (from [Shot 1]) is fully referenced.

integrated_multimodal_description: [Shot 1] Live-action, photorealistic studio pet footage. A static medium full-body shot begins with the seated cat and scene in <Picture 1>. This is one continuous four-second shot. The cat lowers onto its anatomical left side, on the viewer's right from the opening pose, rolls belly-up and then makes one clearly visible air swat with its anatomical right front paw. From 0.00 to 0.40 seconds, it shifts weight toward the viewer's right, bends the left elbow and lowers the left shoulder. The head and chest travel down toward that same side of the image while the left hip settles nearby. From 0.40 to 1.20 seconds, the left shoulder and flank make gentle floor contact first, then the shoulders and pelvis roll together from that side onto the back. The head settles toward the viewer's right of the hips, so the sideways descent stays clear and continuous. The cat remains fully inside the original frame. By 1.30 seconds, the back is supported by the floor, the belly faces upward and is clearly visible to the camera, both front paws are bent above the chest and the hind legs rest loosely folded. The anatomical right front paw is now the active waving paw. From 1.35 to 1.80 seconds, its elbow extends and the paw travels roughly two paw-lengths out of its initial curled position, visibly away from the chest, leaving a clear gap between the paw and the body. From 1.80 to 2.15 seconds, this raised paw sweeps through a short, clearly visible arc in the air above the belly. From 2.15 to 2.55 seconds, the elbow bends and the paw curls back toward the chest, completing one distinct lift, sweep and return. The other forepaw stays loosely bent, and the body remains belly-up throughout this air swat. The eyes soften and make a small gaze adjustment as the paw returns; the head rests comfortably against the floor. By 2.70 seconds, the swat is complete and the cat is relaxed belly-up with loosely curled paws and gentle breathing; this pose continues through 3.00 seconds. The cat initiates the movement itself, and no person or hand appears. From 3.00 to 4.00 seconds, the cat maintains the posture reached by 2.70 seconds, with only faint breathing and tiny settling movements. Preserve the individual cat's facial proportions, each eye's reference color, coat or bare-skin appearance, markings, ear type and existing tail anatomy as the pose changes. Keep the reference framing, background, floor and lighting consistent, with grounded shadows following the cat's movement. The cat is alone and the surrounding floor stays clear. 

overall_soundscape: Soft paw shifts and a gentle shoulder-and-flank contact accompany the early sideways descent and roll. A light surface movement accompanies the small body adjustment during the air swat, with no impact sound from the raised paw. Movement sounds finish by 2.70 seconds; faint breathing continues over quiet studio room tone.

non_diegetic_music: N/A
",017,02,06,17,02_06_17
cat_ids/02.png,"For the target video, at 0.00 seconds into the target video, <Picture 1> (from [Shot 1]) is fully referenced.

integrated_multimodal_description: [Shot 1] Live-action, photorealistic studio pet footage. A static medium full-body shot begins with the seated cat and scene in <Picture 1>. This is one continuous four-second shot. The cat lowers onto its anatomical right side, on the viewer's left from the opening pose, rolls belly-up and then makes one clearly visible air swat with its anatomical left front paw. From 0.00 to 0.40 seconds, it shifts weight toward the viewer's left, bends the right elbow and lowers the right shoulder. The head and chest travel down toward that same side of the image while the right hip settles nearby. From 0.40 to 1.20 seconds, the right shoulder and flank make gentle floor contact first, then the shoulders and pelvis roll together from that side onto the back. The head settles toward the viewer's left of the hips, so the sideways descent stays clear and continuous. The cat remains fully inside the original frame. By 1.30 seconds, the back is supported by the floor, the belly faces upward and is clearly visible to the camera, both front paws are bent above the chest and the hind legs rest loosely folded. The anatomical left front paw is now the active waving paw. From 1.35 to 1.80 seconds, its elbow extends and the paw travels roughly two paw-lengths out of its initial curled position, visibly away from the chest, leaving a clear gap between the paw and the body. From 1.80 to 2.15 seconds, this raised paw sweeps through a short, clearly visible arc in the air above the belly. From 2.15 to 2.55 seconds, the elbow bends and the paw curls back toward the chest, completing one distinct lift, sweep and return. The other forepaw stays loosely bent, and the body remains belly-up throughout this air swat. The eyes soften and make a small gaze adjustment as the paw returns; the head rests comfortably against the floor. By 2.70 seconds, the swat is complete and the cat is relaxed belly-up with loosely curled paws and gentle breathing; this pose continues through 3.00 seconds. The cat initiates the movement itself, and no person or hand appears. From 3.00 to 4.00 seconds, the cat maintains the posture reached by 2.70 seconds, with only faint breathing and tiny settling movements. Preserve the individual cat's facial proportions, each eye's reference color, coat or bare-skin appearance, markings, ear type and existing tail anatomy as the pose changes. Keep the reference framing, background, floor and lighting consistent, with grounded shadows following the cat's movement. The cat is alone and the surrounding floor stays clear. 

overall_soundscape: Soft paw shifts and a gentle shoulder-and-flank contact accompany the early sideways descent and roll. A light surface movement accompanies the small body adjustment during the air swat, with no impact sound from the raised paw. Movement sounds finish by 2.70 seconds; faint breathing continues over quiet studio room tone.

non_diegetic_music: N/A
",018,02,07,18,02_07_18
cat_ids/02.png,"For the target video, at 0.00 seconds into the target video, <Picture 1> (from [Shot 1]) is fully referenced.

integrated_multimodal_description: [Shot 1] Live-action, photorealistic studio pet footage. A static medium full-body shot begins with the seated cat and scene in <Picture 1>. This is one continuous four-second shot. The cat calmly grooms its anatomical left front paw, on the viewer's right in the opening pose. From 0.00 to 0.60 seconds, it shifts weight onto its anatomical right front paw and the seated hindquarters, lifts the active paw toward the mouth and lowers the head slightly to meet it. The eyes soften as the paw rises in a small comfortable arc. From 0.70 to 1.00 seconds, the tongue extends, makes one clear lick across the raised paw and retracts fully. After a brief pause, from 1.20 to 1.50 seconds, it makes a second visible lick and retracts again. The paw stays distinct from the muzzle, with a small natural wrist adjustment between the contacts. From 1.60 to 2.40 seconds, the mouth closes, the head rises slightly and the paw lowers comfortably onto the floor. By 2.70 seconds, the shoulders have resettled and the eyes glance gently toward the freshly groomed paw. Through 3.00 seconds, the cat remains seated with this relaxed head angle and soft breathing. From 3.00 to 4.00 seconds, the cat maintains the posture reached by 2.70 seconds, with only faint breathing and tiny settling movements. Preserve the individual cat's facial proportions, each eye's reference color, coat or bare-skin appearance, markings, ear type and existing tail anatomy as the pose changes. Keep the reference framing, background, floor and lighting consistent, with grounded shadows following the cat's movement. The cat is alone and the surrounding floor stays clear. 

overall_soundscape: Two quiet wet licking sounds accompany the two tongue contacts before 1.50 seconds. A faint body movement and soft paw-pad landing finish by 2.70 seconds, followed by quiet room tone and breathing.

non_diegetic_music: N/A
",019,02,08,19,02_08_19
cat_ids/02.png,"For the target video, at 0.00 seconds into the target video, <Picture 1> (from [Shot 1]) is fully referenced.

integrated_multimodal_description: [Shot 1] Live-action, photorealistic studio pet footage. A static medium full-body shot begins with the seated cat and scene in <Picture 1>. This is one continuous four-second shot. The cat calmly grooms its anatomical right front paw, on the viewer's left in the opening pose. From 0.00 to 0.60 seconds, it shifts weight onto its anatomical left front paw and the seated hindquarters, lifts the active paw toward the mouth and lowers the head slightly to meet it. The eyes soften as the paw rises in a small comfortable arc. From 0.70 to 1.00 seconds, the tongue extends, makes one clear lick across the raised paw and retracts fully. After a brief pause, from 1.20 to 1.50 seconds, it makes a second visible lick and retracts again. The paw stays distinct from the muzzle, with a small natural wrist adjustment between the contacts. From 1.60 to 2.40 seconds, the mouth closes, the head rises slightly and the paw lowers comfortably onto the floor. By 2.70 seconds, the shoulders have resettled and the eyes glance gently toward the freshly groomed paw. Through 3.00 seconds, the cat remains seated with this relaxed head angle and soft breathing. From 3.00 to 4.00 seconds, the cat maintains the posture reached by 2.70 seconds, with only faint breathing and tiny settling movements. Preserve the individual cat's facial proportions, each eye's reference color, coat or bare-skin appearance, markings, ear type and existing tail anatomy as the pose changes. Keep the reference framing, background, floor and lighting consistent, with grounded shadows following the cat's movement. The cat is alone and the surrounding floor stays clear. 

overall_soundscape: Two quiet wet licking sounds accompany the two tongue contacts before 1.50 seconds. A faint body movement and soft paw-pad landing finish by 2.70 seconds, followed by quiet room tone and breathing.

non_diegetic_music: N/A
",020,02,09,20,02_09_20
cat_ids/02.png,"For the target video, at 0.00 seconds into the target video, <Picture 1> (from [Shot 1]) is fully referenced.

integrated_multimodal_description: [Shot 1] Live-action, photorealistic studio pet footage. A static medium full-body shot begins with the seated cat and scene in <Picture 1>. This is one continuous four-second shot. The cat eats one small mouthful of dry cat food at a comfortable pace. From 0.00 to 0.45 seconds, one shallow plain dish containing a small portion of food slides gently into view from the bottom edge along the floor and slows to a complete stop just ahead of the front paws, within comfortable reach. As it arrives, the cat looks down and begins lowering its head. From 0.45 to 1.05 seconds, the head lowers smoothly to the dish and the cat briefly sniffs just above the food; the ears make a small attentive adjustment. From 1.05 to 1.35 seconds, it takes one small mouthful and lifts its muzzle slightly clear of the food. From 1.35 to 2.50 seconds, it chews in a few small jaw movements with comfortable pauses, soft eyelids and subtle neck adjustments. By 2.70 seconds, the small mouthful is finished and the cat rests with its mouth closed and its head still comfortably lowered near the dish. This relaxed meal-side posture continues through 3.00 seconds, with the dish and remaining food staying in place. The dish keeps its shape and grounded contact shadow throughout. From 3.00 to 4.00 seconds, the cat maintains the posture reached by 2.70 seconds, with only faint breathing and tiny settling movements. Preserve the individual cat's facial proportions, each eye's reference color, coat or bare-skin appearance, markings, ear type and existing tail anatomy as the pose changes. Keep the reference framing, background, floor and lighting consistent, with grounded shadows following the cat's movement. Only the cat and this single dish of food occupy the scene. No person or hand enters.

overall_soundscape: A soft dish slide is heard at the start, followed by a faint sniff. A few small dry crunches accompany chewing between 1.35 and 2.50 seconds; after 2.70 seconds, only quiet studio ambience and faint breathing remain.

non_diegetic_music: N/A
",021,02,10,21,02_10_21
cat_ids/02.png,"For the target video, at 0.00 seconds into the target video, <Picture 1> (from [Shot 1]) is fully referenced.

integrated_multimodal_description: [Shot 1] Live-action, photorealistic studio pet footage. A static medium full-body shot begins with the seated cat and scene in <Picture 1>. This is one continuous four-second shot. The cat folds down into a compact curled sleeping pose, turning its head and shoulders toward its anatomical left, the viewer's right from the opening pose. From 0.00 to 0.40 seconds, the eyelids grow heavy, the chin dips and the front paws make small inward adjustments directly beneath the chest. From 0.40 to 1.50 seconds, both elbows fold and the chest descends toward the gathered paws. At the same time, the hindquarters lower beside the chest, the hind legs tuck inward and the spine curves into a small C shape. The shoulders and hips draw together into one compact oval footprint, with the belly facing the floor and the flank resting gently against it. The forepaws remain gathered under the face, and the existing tail settles beside the hindquarters. From 1.50 to 2.30 seconds, the cat rests its chin on the gathered front paws near the viewer's right side of the curled shape and closes its eyes completely. By 2.70 seconds, the head is resting, the shoulders are relaxed and the cat is comfortably curled up. From 2.70 to 3.00 seconds, it remains in this sleeping pose with closed eyes and a small, steady rise and fall of the flank. From 3.00 to 4.00 seconds, the cat maintains the posture reached by 2.70 seconds, with only faint breathing and tiny settling movements. Preserve the individual cat's facial proportions, each eye's reference color, coat or bare-skin appearance, markings, ear type and existing tail anatomy as the pose changes. Keep the reference framing, background, floor and lighting consistent, with grounded shadows following the cat's movement. The cat is alone and the surrounding floor stays clear. 

overall_soundscape: Small paw adjustments and a soft body contact accompany the descent. The movement sounds finish by 2.70 seconds, leaving calm, faint breathing over quiet studio room tone during the sleeping hold.

non_diegetic_music: N/A
",022,02,11,22,02_11_22
cat_ids/02.png,"For the target video, at 0.00 seconds into the target video, <Picture 1> (from [Shot 1]) is fully referenced.

integrated_multimodal_description: [Shot 1] Live-action, photorealistic studio pet footage. A static medium full-body shot begins with the seated cat and scene in <Picture 1>. This is one continuous four-second shot. The cat folds down into a compact curled sleeping pose, turning its head and shoulders toward its anatomical right, the viewer's left from the opening pose. From 0.00 to 0.40 seconds, the eyelids grow heavy, the chin dips and the front paws make small inward adjustments directly beneath the chest. From 0.40 to 1.50 seconds, both elbows fold and the chest descends toward the gathered paws. At the same time, the hindquarters lower beside the chest, the hind legs tuck inward and the spine curves into a small C shape. The shoulders and hips draw together into one compact oval footprint, with the belly facing the floor and the flank resting gently against it. The forepaws remain gathered under the face, and the existing tail settles beside the hindquarters. From 1.50 to 2.30 seconds, the cat rests its chin on the gathered front paws near the viewer's left side of the curled shape and closes its eyes completely. By 2.70 seconds, the head is resting, the shoulders are relaxed and the cat is comfortably curled up. From 2.70 to 3.00 seconds, it remains in this sleeping pose with closed eyes and a small, steady rise and fall of the flank. From 3.00 to 4.00 seconds, the cat maintains the posture reached by 2.70 seconds, with only faint breathing and tiny settling movements. Preserve the individual cat's facial proportions, each eye's reference color, coat or bare-skin appearance, markings, ear type and existing tail anatomy as the pose changes. Keep the reference framing, background, floor and lighting consistent, with grounded shadows following the cat's movement. The cat is alone and the surrounding floor stays clear. 

overall_soundscape: Small paw adjustments and a soft body contact accompany the descent. The movement sounds finish by 2.70 seconds, leaving calm, faint breathing over quiet studio room tone during the sleeping hold.

non_diegetic_music: N/A
",023,02,12,23,02_12_23
cat_ids/38.png,"For the target video, at 0.00 seconds into the target video, <Picture 1> (from [Shot 1]) is fully referenced.

integrated_multimodal_description: [Shot 1] Live-action, photorealistic studio pet footage. This is one continuous four-second shot. A locked camera matching the reference perspective frames a medium full-body, front-facing portrait. At 0.00 seconds, the cat starts from <Picture 1>. Throughout the shot, preserve the same cat's facial proportions; each anatomical eye's reference color; exact ear morphology; coat or skin-surface texture; intrinsic marking topology; body proportions; paw appearance; and reference tail state, including a long tail, short tail, visible stump, or no visible tail. These identity features remain consistent as their screen projection changes with the cat's pose. The camera holds a perfectly Static Shot; perspective, focal length, subject scale, crop, focus, exposure, white balance, lighting, background, and floor appearance established by <Picture 1> remain fixed. Physical shadows stay grounded and respond coherently to contact and weight transfer. The cat remains fully inside the frame with clear margins, and the clean frame contains only the cat. During 0.00–0.40 seconds, the cat holds its initial seated pose. From 0.40 to 0.90 seconds, a barely perceptible inhale creates one minute local change in the lower-chest contour while the body does not translate and the overall seated pose, paws, hindquarters, head direction, ears, and reference tail state remain stable. At 0.95 seconds, both upper eyelids lower together and reopen by 1.20 seconds in one complete natural blink; the eyes keep the same color, shape, spacing, and forward gaze when open. From 1.20 to 2.70 seconds, the chest completes one gentle exhale and returns to its starting contour. By 2.70 seconds, the blink and gentle exhale are complete, with the eyes open and the cat comfortably seated. From 2.70 to 3.00 seconds, this quiet seated posture continues. From 3.00 to 4.00 seconds, the cat remains comfortably seated with only faint breathing and minute surface settling.

overall_soundscape: Steady quiet studio room tone with one very soft inhale and exhale from the cat, completed by 2.70 seconds. The cat does not vocalize; quiet room tone and faint breathing continue afterward.

non_diegetic_music: N/A
",024,38,01,24,38_01_24
cat_ids/38.png,"For the target video, at 0.00 seconds into the target video, <Picture 1> (from [Shot 1]) is fully referenced.

integrated_multimodal_description: [Shot 1] Live-action, photorealistic studio pet footage. A static medium full-body shot begins with the seated cat and scene in <Picture 1>. This is one continuous four-second shot. The main action is a brief outward tug and soft release of the cat's anatomical left ear, on the viewer's right in the opening pose. From 0.15 to 0.60 seconds, the ear tip is drawn a short distance diagonally outward and slightly upward toward the viewer's right, away from the crown. The tip leads, the upper ear follows in a small soft bend and the base stays attached. The ear keeps its normal length and characteristic reference shape. At the peak, the head follows by a tiny amount and the eyelids narrow briefly in a mild, relaxed reaction. At 0.65 seconds, the pull releases. The ear springs most of the way back by 1.10 seconds, then makes one much smaller settling movement, reaching its natural resting angle by 1.50 seconds. From 1.10 to 2.30 seconds, the head gently follows back, the eyes reopen comfortably and the shoulders soften with an exhale. By 2.70 seconds, the cat is seated and calmly attentive; through 3.00 seconds, it holds this relaxed posture with faint breathing. The tug is conveyed entirely by the ear movement and the cat's response; no person, hand or pulling device appears. From 3.00 to 4.00 seconds, the cat maintains the posture reached by 2.70 seconds, with only faint breathing and tiny settling movements. Preserve the individual cat's facial proportions, each eye's reference color, coat or bare-skin appearance, markings, ear type and existing tail anatomy as the pose changes. Keep the reference framing, background, floor and lighting consistent, with grounded shadows following the cat's movement. The cat is alone and the surrounding floor stays clear. 

overall_soundscape: Quiet studio ambience and faint breathing, with a soft incidental body movement as the head settles. Only breathing and room tone remain after 2.70 seconds.

non_diegetic_music: N/A
",025,38,02,25,38_02_25
cat_ids/38.png,"For the target video, at 0.00 seconds into the target video, <Picture 1> (from [Shot 1]) is fully referenced.

integrated_multimodal_description: [Shot 1] Live-action, photorealistic studio pet footage. A static medium full-body shot begins with the seated cat and scene in <Picture 1>. This is one continuous four-second shot. The main action is a brief outward tug and soft release of the cat's anatomical right ear, on the viewer's left in the opening pose. From 0.15 to 0.60 seconds, the ear tip is drawn a short distance diagonally outward and slightly upward toward the viewer's left, away from the crown. The tip leads, the upper ear follows in a small soft bend and the base stays attached. The ear keeps its normal length and characteristic reference shape. At the peak, the head follows by a tiny amount and the eyelids narrow briefly in a mild, relaxed reaction. At 0.65 seconds, the pull releases. The ear springs most of the way back by 1.10 seconds, then makes one much smaller settling movement, reaching its natural resting angle by 1.50 seconds. From 1.10 to 2.30 seconds, the head gently follows back, the eyes reopen comfortably and the shoulders soften with an exhale. By 2.70 seconds, the cat is seated and calmly attentive; through 3.00 seconds, it holds this relaxed posture with faint breathing. The tug is conveyed entirely by the ear movement and the cat's response; no person, hand or pulling device appears. From 3.00 to 4.00 seconds, the cat maintains the posture reached by 2.70 seconds, with only faint breathing and tiny settling movements. Preserve the individual cat's facial proportions, each eye's reference color, coat or bare-skin appearance, markings, ear type and existing tail anatomy as the pose changes. Keep the reference framing, background, floor and lighting consistent, with grounded shadows following the cat's movement. The cat is alone and the surrounding floor stays clear. 

overall_soundscape: Quiet studio ambience and faint breathing, with a soft incidental body movement as the head settles. Only breathing and room tone remain after 2.70 seconds.

non_diegetic_music: N/A
",026,38,03,26,38_03_26
cat_ids/38.png,"For the target video, at 0.00 seconds into the target video, <Picture 1> (from [Shot 1]) is fully referenced.

integrated_multimodal_description: [Shot 1] Live-action, photorealistic studio pet footage. This is one continuous four-second shot. A locked camera matching the reference perspective frames a medium full-body, front-facing portrait. At 0.00 seconds, the cat starts from <Picture 1>. Throughout the shot, preserve the same cat's facial proportions; each anatomical eye's reference color; exact ear morphology; coat or skin-surface texture; intrinsic marking topology; body proportions; paw appearance; and reference tail state, including a long tail, short tail, visible stump, or no visible tail. These identity features remain consistent as their screen projection changes with the cat's pose. The camera holds a perfectly Static Shot; perspective, focal length, subject scale, crop, focus, exposure, white balance, lighting, background, and floor appearance established by <Picture 1> remain fixed. Physical shadows stay grounded and respond coherently to contact and weight transfer. The cat remains fully inside the frame with clear margins. The clean frame contains only the cat and one transient wool ball defined in the motion path; only this prop unit and its associated contact shadow may cross a frame boundary along the specified entry or exit path. During 0.00–0.20 seconds, the cat holds its initial seated pose. At 0.20 seconds, one small, tightly wound matte wool ball enters from the viewer's left and rolls left-to-right along a straight path on the foreground floor, with visible rotation and one attached contact shadow. From 0.35 to 0.85 seconds, the cat's eyes track first and the head follows with one small turn; the body transfers a little weight onto the anatomical left front paw on the viewer's right while the anatomical right front paw on the viewer's left lifts. From 0.85 to 1.40 seconds, that lifted paw reaches in one compact arc and its pads meet the top of the ball, causing the ball to decelerate to a brief stop while retaining its size, round boundary and visibility. From 1.50 to 1.85 seconds, the same paw gives one short controlled nudge toward the viewer's right while beginning to retract. The ball resumes rolling at lower speed and, together with its contact shadow, exits completely beyond the viewer's right edge by 2.60 seconds. The cat keeps its eyes on the moving ball and lets its head follow the resumed roll, with the active paw landing comfortably by 2.60 seconds. The ball remains one distinct object during floor contact and brief paw contact, preserving a clear boundary from the paw and any visible tail. By 2.70 seconds, the cat is balanced on both front paws and still looks toward the departing ball; this attentive posture continues through 3.00 seconds. From 3.00 to 4.00 seconds, the ball stays outside the frame and the cat maintains this comfortable posture with faint breathing. No person or hand enters.

overall_soundscape: A soft wool ball rolls across the floor from left to right, slows under one muted paw contact, then resumes with a quieter roll before leaving the frame by 2.60 seconds. One light paw-pad landing accompanies the release of the ball; after 2.70 seconds, only steady studio room tone and faint breathing remain.

non_diegetic_music: N/A
",027,38,04,27,38_04_27
cat_ids/38.png,"For the target video, at 0.00 seconds into the target video, <Picture 1> (from [Shot 1]) is fully referenced.

integrated_multimodal_description: [Shot 1] Live-action, photorealistic studio pet footage. This is one continuous four-second shot. A locked camera matching the reference perspective frames a medium full-body, front-facing portrait. At 0.00 seconds, the cat starts from <Picture 1>. Throughout the shot, preserve the same cat's facial proportions; each anatomical eye's reference color; exact ear morphology; coat or skin-surface texture; intrinsic marking topology; body proportions; paw appearance; and reference tail state, including a long tail, short tail, visible stump, or no visible tail. These identity features remain consistent as their screen projection changes with the cat's pose. The camera holds a perfectly Static Shot; perspective, focal length, subject scale, crop, focus, exposure, white balance, lighting, background, and floor appearance established by <Picture 1> remain fixed. Physical shadows stay grounded and respond coherently to contact and weight transfer. The cat remains fully inside the frame with clear margins. The clean frame contains only the cat and one transient wool ball defined in the motion path; only this prop unit and its associated contact shadow may cross a frame boundary along the specified entry or exit path. During 0.00–0.20 seconds, the cat holds its initial seated pose. At 0.20 seconds, one small, tightly wound matte wool ball enters from the viewer's right and rolls right-to-left along a straight path on the foreground floor, with visible rotation and one attached contact shadow. From 0.35 to 0.85 seconds, the cat's eyes track first and the head follows with one small turn; the body transfers a little weight onto the anatomical right front paw on the viewer's left while the anatomical left front paw on the viewer's right lifts. From 0.85 to 1.40 seconds, that lifted paw reaches in one compact arc and its pads meet the top of the ball, causing the ball to decelerate to a brief stop while retaining its size, round boundary and visibility. From 1.50 to 1.85 seconds, the same paw gives one short controlled nudge toward the viewer's left while beginning to retract. The ball resumes rolling at lower speed and, together with its contact shadow, exits completely beyond the viewer's left edge by 2.60 seconds. The cat keeps its eyes on the moving ball and lets its head follow the resumed roll, with the active paw landing comfortably by 2.60 seconds. The ball remains one distinct object during floor contact and brief paw contact, preserving a clear boundary from the paw and any visible tail. By 2.70 seconds, the cat is balanced on both front paws and still looks toward the departing ball; this attentive posture continues through 3.00 seconds. From 3.00 to 4.00 seconds, the ball stays outside the frame and the cat maintains this comfortable posture with faint breathing. No person or hand enters.

overall_soundscape: A soft wool ball rolls across the floor from right to left, slows under one muted paw contact, then resumes with a quieter roll before leaving the frame by 2.60 seconds. One light paw-pad landing accompanies the release of the ball; after 2.70 seconds, only steady studio room tone and faint breathing remain.

non_diegetic_music: N/A
",028,38,05,28,38_05_28
cat_ids/38.png,"For the target video, at 0.00 seconds into the target video, <Picture 1> (from [Shot 1]) is fully referenced.

integrated_multimodal_description: [Shot 1] Live-action, photorealistic studio pet footage. A static medium full-body shot begins with the seated cat and scene in <Picture 1>. This is one continuous four-second shot. The cat lowers onto its anatomical left side, on the viewer's right from the opening pose, rolls belly-up and then makes one clearly visible air swat with its anatomical right front paw. From 0.00 to 0.40 seconds, it shifts weight toward the viewer's right, bends the left elbow and lowers the left shoulder. The head and chest travel down toward that same side of the image while the left hip settles nearby. From 0.40 to 1.20 seconds, the left shoulder and flank make gentle floor contact first, then the shoulders and pelvis roll together from that side onto the back. The head settles toward the viewer's right of the hips, so the sideways descent stays clear and continuous. The cat remains fully inside the original frame. By 1.30 seconds, the back is supported by the floor, the belly faces upward and is clearly visible to the camera, both front paws are bent above the chest and the hind legs rest loosely folded. The anatomical right front paw is now the active waving paw. From 1.35 to 1.80 seconds, its elbow extends and the paw travels roughly two paw-lengths out of its initial curled position, visibly away from the chest, leaving a clear gap between the paw and the body. From 1.80 to 2.15 seconds, this raised paw sweeps through a short, clearly visible arc in the air above the belly. From 2.15 to 2.55 seconds, the elbow bends and the paw curls back toward the chest, completing one distinct lift, sweep and return. The other forepaw stays loosely bent, and the body remains belly-up throughout this air swat. The eyes soften and make a small gaze adjustment as the paw returns; the head rests comfortably against the floor. By 2.70 seconds, the swat is complete and the cat is relaxed belly-up with loosely curled paws and gentle breathing; this pose continues through 3.00 seconds. The cat initiates the movement itself, and no person or hand appears. From 3.00 to 4.00 seconds, the cat maintains the posture reached by 2.70 seconds, with only faint breathing and tiny settling movements. Preserve the individual cat's facial proportions, each eye's reference color, coat or bare-skin appearance, markings, ear type and existing tail anatomy as the pose changes. Keep the reference framing, background, floor and lighting consistent, with grounded shadows following the cat's movement. The cat is alone and the surrounding floor stays clear. 

overall_soundscape: Soft paw shifts and a gentle shoulder-and-flank contact accompany the early sideways descent and roll. A light surface movement accompanies the small body adjustment during the air swat, with no impact sound from the raised paw. Movement sounds finish by 2.70 seconds; faint breathing continues over quiet studio room tone.

non_diegetic_music: N/A
",029,38,06,29,38_06_29
cat_ids/38.png,"For the target video, at 0.00 seconds into the target video, <Picture 1> (from [Shot 1]) is fully referenced.

integrated_multimodal_description: [Shot 1] Live-action, photorealistic studio pet footage. A static medium full-body shot begins with the seated cat and scene in <Picture 1>. This is one continuous four-second shot. The cat lowers onto its anatomical right side, on the viewer's left from the opening pose, rolls belly-up and then makes one clearly visible air swat with its anatomical left front paw. From 0.00 to 0.40 seconds, it shifts weight toward the viewer's left, bends the right elbow and lowers the right shoulder. The head and chest travel down toward that same side of the image while the right hip settles nearby. From 0.40 to 1.20 seconds, the right shoulder and flank make gentle floor contact first, then the shoulders and pelvis roll together from that side onto the back. The head settles toward the viewer's left of the hips, so the sideways descent stays clear and continuous. The cat remains fully inside the original frame. By 1.30 seconds, the back is supported by the floor, the belly faces upward and is clearly visible to the camera, both front paws are bent above the chest and the hind legs rest loosely folded. The anatomical left front paw is now the active waving paw. From 1.35 to 1.80 seconds, its elbow extends and the paw travels roughly two paw-lengths out of its initial curled position, visibly away from the chest, leaving a clear gap between the paw and the body. From 1.80 to 2.15 seconds, this raised paw sweeps through a short, clearly visible arc in the air above the belly. From 2.15 to 2.55 seconds, the elbow bends and the paw curls back toward the chest, completing one distinct lift, sweep and return. The other forepaw stays loosely bent, and the body remains belly-up throughout this air swat. The eyes soften and make a small gaze adjustment as the paw returns; the head rests comfortably against the floor. By 2.70 seconds, the swat is complete and the cat is relaxed belly-up with loosely curled paws and gentle breathing; this pose continues through 3.00 seconds. The cat initiates the movement itself, and no person or hand appears. From 3.00 to 4.00 seconds, the cat maintains the posture reached by 2.70 seconds, with only faint breathing and tiny settling movements. Preserve the individual cat's facial proportions, each eye's reference color, coat or bare-skin appearance, markings, ear type and existing tail anatomy as the pose changes. Keep the reference framing, background, floor and lighting consistent, with grounded shadows following the cat's movement. The cat is alone and the surrounding floor stays clear. 

overall_soundscape: Soft paw shifts and a gentle shoulder-and-flank contact accompany the early sideways descent and roll. A light surface movement accompanies the small body adjustment during the air swat, with no impact sound from the raised paw. Movement sounds finish by 2.70 seconds; faint breathing continues over quiet studio room tone.

non_diegetic_music: N/A
",030,38,07,30,38_07_30
cat_ids/38.png,"For the target video, at 0.00 seconds into the target video, <Picture 1> (from [Shot 1]) is fully referenced.

integrated_multimodal_description: [Shot 1] Live-action, photorealistic studio pet footage. A static medium full-body shot begins with the seated cat and scene in <Picture 1>. This is one continuous four-second shot. The cat calmly grooms its anatomical left front paw, on the viewer's right in the opening pose. From 0.00 to 0.60 seconds, it shifts weight onto its anatomical right front paw and the seated hindquarters, lifts the active paw toward the mouth and lowers the head slightly to meet it. The eyes soften as the paw rises in a small comfortable arc. From 0.70 to 1.00 seconds, the tongue extends, makes one clear lick across the raised paw and retracts fully. After a brief pause, from 1.20 to 1.50 seconds, it makes a second visible lick and retracts again. The paw stays distinct from the muzzle, with a small natural wrist adjustment between the contacts. From 1.60 to 2.40 seconds, the mouth closes, the head rises slightly and the paw lowers comfortably onto the floor. By 2.70 seconds, the shoulders have resettled and the eyes glance gently toward the freshly groomed paw. Through 3.00 seconds, the cat remains seated with this relaxed head angle and soft breathing. From 3.00 to 4.00 seconds, the cat maintains the posture reached by 2.70 seconds, with only faint breathing and tiny settling movements. Preserve the individual cat's facial proportions, each eye's reference color, coat or bare-skin appearance, markings, ear type and existing tail anatomy as the pose changes. Keep the reference framing, background, floor and lighting consistent, with grounded shadows following the cat's movement. The cat is alone and the surrounding floor stays clear. 

overall_soundscape: Two quiet wet licking sounds accompany the two tongue contacts before 1.50 seconds. A faint body movement and soft paw-pad landing finish by 2.70 seconds, followed by quiet room tone and breathing.

non_diegetic_music: N/A
",031,38,08,31,38_08_31
cat_ids/38.png,"For the target video, at 0.00 seconds into the target video, <Picture 1> (from [Shot 1]) is fully referenced.

integrated_multimodal_description: [Shot 1] Live-action, photorealistic studio pet footage. A static medium full-body shot begins with the seated cat and scene in <Picture 1>. This is one continuous four-second shot. The cat calmly grooms its anatomical right front paw, on the viewer's left in the opening pose. From 0.00 to 0.60 seconds, it shifts weight onto its anatomical left front paw and the seated hindquarters, lifts the active paw toward the mouth and lowers the head slightly to meet it. The eyes soften as the paw rises in a small comfortable arc. From 0.70 to 1.00 seconds, the tongue extends, makes one clear lick across the raised paw and retracts fully. After a brief pause, from 1.20 to 1.50 seconds, it makes a second visible lick and retracts again. The paw stays distinct from the muzzle, with a small natural wrist adjustment between the contacts. From 1.60 to 2.40 seconds, the mouth closes, the head rises slightly and the paw lowers comfortably onto the floor. By 2.70 seconds, the shoulders have resettled and the eyes glance gently toward the freshly groomed paw. Through 3.00 seconds, the cat remains seated with this relaxed head angle and soft breathing. From 3.00 to 4.00 seconds, the cat maintains the posture reached by 2.70 seconds, with only faint breathing and tiny settling movements. Preserve the individual cat's facial proportions, each eye's reference color, coat or bare-skin appearance, markings, ear type and existing tail anatomy as the pose changes. Keep the reference framing, background, floor and lighting consistent, with grounded shadows following the cat's movement. The cat is alone and the surrounding floor stays clear. 

overall_soundscape: Two quiet wet licking sounds accompany the two tongue contacts before 1.50 seconds. A faint body movement and soft paw-pad landing finish by 2.70 seconds, followed by quiet room tone and breathing.

non_diegetic_music: N/A
",032,38,09,32,38_09_32
cat_ids/38.png,"For the target video, at 0.00 seconds into the target video, <Picture 1> (from [Shot 1]) is fully referenced.

integrated_multimodal_description: [Shot 1] Live-action, photorealistic studio pet footage. A static medium full-body shot begins with the seated cat and scene in <Picture 1>. This is one continuous four-second shot. The cat eats one small mouthful of dry cat food at a comfortable pace. From 0.00 to 0.45 seconds, one shallow plain dish containing a small portion of food slides gently into view from the bottom edge along the floor and slows to a complete stop just ahead of the front paws, within comfortable reach. As it arrives, the cat looks down and begins lowering its head. From 0.45 to 1.05 seconds, the head lowers smoothly to the dish and the cat briefly sniffs just above the food; the ears make a small attentive adjustment. From 1.05 to 1.35 seconds, it takes one small mouthful and lifts its muzzle slightly clear of the food. From 1.35 to 2.50 seconds, it chews in a few small jaw movements with comfortable pauses, soft eyelids and subtle neck adjustments. By 2.70 seconds, the small mouthful is finished and the cat rests with its mouth closed and its head still comfortably lowered near the dish. This relaxed meal-side posture continues through 3.00 seconds, with the dish and remaining food staying in place. The dish keeps its shape and grounded contact shadow throughout. From 3.00 to 4.00 seconds, the cat maintains the posture reached by 2.70 seconds, with only faint breathing and tiny settling movements. Preserve the individual cat's facial proportions, each eye's reference color, coat or bare-skin appearance, markings, ear type and existing tail anatomy as the pose changes. Keep the reference framing, background, floor and lighting consistent, with grounded shadows following the cat's movement. Only the cat and this single dish of food occupy the scene. No person or hand enters.

overall_soundscape: A soft dish slide is heard at the start, followed by a faint sniff. A few small dry crunches accompany chewing between 1.35 and 2.50 seconds; after 2.70 seconds, only quiet studio ambience and faint breathing remain.

non_diegetic_music: N/A
",033,38,10,33,38_10_33
cat_ids/38.png,"For the target video, at 0.00 seconds into the target video, <Picture 1> (from [Shot 1]) is fully referenced.

integrated_multimodal_description: [Shot 1] Live-action, photorealistic studio pet footage. A static medium full-body shot begins with the seated cat and scene in <Picture 1>. This is one continuous four-second shot. The cat folds down into a compact curled sleeping pose, turning its head and shoulders toward its anatomical left, the viewer's right from the opening pose. From 0.00 to 0.40 seconds, the eyelids grow heavy, the chin dips and the front paws make small inward adjustments directly beneath the chest. From 0.40 to 1.50 seconds, both elbows fold and the chest descends toward the gathered paws. At the same time, the hindquarters lower beside the chest, the hind legs tuck inward and the spine curves into a small C shape. The shoulders and hips draw together into one compact oval footprint, with the belly facing the floor and the flank resting gently against it. The forepaws remain gathered under the face, and the existing tail settles beside the hindquarters. From 1.50 to 2.30 seconds, the cat rests its chin on the gathered front paws near the viewer's right side of the curled shape and closes its eyes completely. By 2.70 seconds, the head is resting, the shoulders are relaxed and the cat is comfortably curled up. From 2.70 to 3.00 seconds, it remains in this sleeping pose with closed eyes and a small, steady rise and fall of the flank. From 3.00 to 4.00 seconds, the cat maintains the posture reached by 2.70 seconds, with only faint breathing and tiny settling movements. Preserve the individual cat's facial proportions, each eye's reference color, coat or bare-skin appearance, markings, ear type and existing tail anatomy as the pose changes. Keep the reference framing, background, floor and lighting consistent, with grounded shadows following the cat's movement. The cat is alone and the surrounding floor stays clear. 

overall_soundscape: Small paw adjustments and a soft body contact accompany the descent. The movement sounds finish by 2.70 seconds, leaving calm, faint breathing over quiet studio room tone during the sleeping hold.

non_diegetic_music: N/A
",034,38,11,34,38_11_34
cat_ids/38.png,"For the target video, at 0.00 seconds into the target video, <Picture 1> (from [Shot 1]) is fully referenced.

integrated_multimodal_description: [Shot 1] Live-action, photorealistic studio pet footage. A static medium full-body shot begins with the seated cat and scene in <Picture 1>. This is one continuous four-second shot. The cat folds down into a compact curled sleeping pose, turning its head and shoulders toward its anatomical right, the viewer's left from the opening pose. From 0.00 to 0.40 seconds, the eyelids grow heavy, the chin dips and the front paws make small inward adjustments directly beneath the chest. From 0.40 to 1.50 seconds, both elbows fold and the chest descends toward the gathered paws. At the same time, the hindquarters lower beside the chest, the hind legs tuck inward and the spine curves into a small C shape. The shoulders and hips draw together into one compact oval footprint, with the belly facing the floor and the flank resting gently against it. The forepaws remain gathered under the face, and the existing tail settles beside the hindquarters. From 1.50 to 2.30 seconds, the cat rests its chin on the gathered front paws near the viewer's left side of the curled shape and closes its eyes completely. By 2.70 seconds, the head is resting, the shoulders are relaxed and the cat is comfortably curled up. From 2.70 to 3.00 seconds, it remains in this sleeping pose with closed eyes and a small, steady rise and fall of the flank. From 3.00 to 4.00 seconds, the cat maintains the posture reached by 2.70 seconds, with only faint breathing and tiny settling movements. Preserve the individual cat's facial proportions, each eye's reference color, coat or bare-skin appearance, markings, ear type and existing tail anatomy as the pose changes. Keep the reference framing, background, floor and lighting consistent, with grounded shadows following the cat's movement. The cat is alone and the surrounding floor stays clear. 

overall_soundscape: Small paw adjustments and a soft body contact accompany the descent. The movement sounds finish by 2.70 seconds, leaving calm, faint breathing over quiet studio room tone during the sleeping hold.

non_diegetic_music: N/A
",035,38,12,35,38_12_35
cat_ids/00.png,"For the target video, at 0.00 seconds into the target video, <Picture 1> (from [Shot 1]) is fully referenced.

integrated_multimodal_description: [Shot 1] Live-action, photorealistic studio pet footage. This is one continuous four-second shot. A locked camera matching the reference perspective frames a medium full-body, front-facing portrait. At 0.00 seconds, the cat starts from <Picture 1>. Throughout the shot, preserve the same cat's facial proportions; each anatomical eye's reference color; exact ear morphology; coat or skin-surface texture; intrinsic marking topology; body proportions; paw appearance; and reference tail state, including a long tail, short tail, visible stump, or no visible tail. These identity features remain consistent as their screen projection changes with the cat's pose. The camera holds a perfectly Static Shot; perspective, focal length, subject scale, crop, focus, exposure, white balance, lighting, background, and floor appearance established by <Picture 1> remain fixed. Physical shadows stay grounded and respond coherently to contact and weight transfer. The cat remains fully inside the frame with clear margins, and the clean frame contains only the cat. During 0.00–0.40 seconds, the cat holds its initial seated pose. From 0.40 to 0.90 seconds, a barely perceptible inhale creates one minute local change in the lower-chest contour while the body does not translate and the overall seated pose, paws, hindquarters, head direction, ears, and reference tail state remain stable. At 0.95 seconds, both upper eyelids lower together and reopen by 1.20 seconds in one complete natural blink; the eyes keep the same color, shape, spacing, and forward gaze when open. From 1.20 to 2.70 seconds, the chest completes one gentle exhale and returns to its starting contour. By 2.70 seconds, the blink and gentle exhale are complete, with the eyes open and the cat comfortably seated. From 2.70 to 3.00 seconds, this quiet seated posture continues. From 3.00 to 4.00 seconds, the cat remains comfortably seated with only faint breathing and minute surface settling.

overall_soundscape: Steady quiet studio room tone with one very soft inhale and exhale from the cat, completed by 2.70 seconds. The cat does not vocalize; quiet room tone and faint breathing continue afterward.

non_diegetic_music: N/A
",036,00,01,10000,00_01_10000
cat_ids/00.png,"For the target video, at 0.00 seconds into the target video, <Picture 1> (from [Shot 1]) is fully referenced.

integrated_multimodal_description: [Shot 1] Live-action, photorealistic studio pet footage. A static medium full-body shot begins with the seated cat and scene in <Picture 1>. This is one continuous four-second shot. The main action is a brief outward tug and soft release of the cat's anatomical left ear, on the viewer's right in the opening pose. From 0.15 to 0.60 seconds, the ear tip is drawn a short distance diagonally outward and slightly upward toward the viewer's right, away from the crown. The tip leads, the upper ear follows in a small soft bend and the base stays attached. The ear keeps its normal length and characteristic reference shape. At the peak, the head follows by a tiny amount and the eyelids narrow briefly in a mild, relaxed reaction. At 0.65 seconds, the pull releases. The ear springs most of the way back by 1.10 seconds, then makes one much smaller settling movement, reaching its natural resting angle by 1.50 seconds. From 1.10 to 2.30 seconds, the head gently follows back, the eyes reopen comfortably and the shoulders soften with an exhale. By 2.70 seconds, the cat is seated and calmly attentive; through 3.00 seconds, it holds this relaxed posture with faint breathing. The tug is conveyed entirely by the ear movement and the cat's response; no person, hand or pulling device appears. From 3.00 to 4.00 seconds, the cat maintains the posture reached by 2.70 seconds, with only faint breathing and tiny settling movements. Preserve the individual cat's facial proportions, each eye's reference color, coat or bare-skin appearance, markings, ear type and existing tail anatomy as the pose changes. Keep the reference framing, background, floor and lighting consistent, with grounded shadows following the cat's movement. The cat is alone and the surrounding floor stays clear. 

overall_soundscape: Quiet studio ambience and faint breathing, with a soft incidental body movement as the head settles. Only breathing and room tone remain after 2.70 seconds.

non_diegetic_music: N/A
",037,00,02,10001,00_02_10001
cat_ids/00.png,"For the target video, at 0.00 seconds into the target video, <Picture 1> (from [Shot 1]) is fully referenced.

integrated_multimodal_description: [Shot 1] Live-action, photorealistic studio pet footage. A static medium full-body shot begins with the seated cat and scene in <Picture 1>. This is one continuous four-second shot. The main action is a brief outward tug and soft release of the cat's anatomical right ear, on the viewer's left in the opening pose. From 0.15 to 0.60 seconds, the ear tip is drawn a short distance diagonally outward and slightly upward toward the viewer's left, away from the crown. The tip leads, the upper ear follows in a small soft bend and the base stays attached. The ear keeps its normal length and characteristic reference shape. At the peak, the head follows by a tiny amount and the eyelids narrow briefly in a mild, relaxed reaction. At 0.65 seconds, the pull releases. The ear springs most of the way back by 1.10 seconds, then makes one much smaller settling movement, reaching its natural resting angle by 1.50 seconds. From 1.10 to 2.30 seconds, the head gently follows back, the eyes reopen comfortably and the shoulders soften with an exhale. By 2.70 seconds, the cat is seated and calmly attentive; through 3.00 seconds, it holds this relaxed posture with faint breathing. The tug is conveyed entirely by the ear movement and the cat's response; no person, hand or pulling device appears. From 3.00 to 4.00 seconds, the cat maintains the posture reached by 2.70 seconds, with only faint breathing and tiny settling movements. Preserve the individual cat's facial proportions, each eye's reference color, coat or bare-skin appearance, markings, ear type and existing tail anatomy as the pose changes. Keep the reference framing, background, floor and lighting consistent, with grounded shadows following the cat's movement. The cat is alone and the surrounding floor stays clear. 

overall_soundscape: Quiet studio ambience and faint breathing, with a soft incidental body movement as the head settles. Only breathing and room tone remain after 2.70 seconds.

non_diegetic_music: N/A
",038,00,03,10002,00_03_10002
cat_ids/00.png,"For the target video, at 0.00 seconds into the target video, <Picture 1> (from [Shot 1]) is fully referenced.

integrated_multimodal_description: [Shot 1] Live-action, photorealistic studio pet footage. This is one continuous four-second shot. A locked camera matching the reference perspective frames a medium full-body, front-facing portrait. At 0.00 seconds, the cat starts from <Picture 1>. Throughout the shot, preserve the same cat's facial proportions; each anatomical eye's reference color; exact ear morphology; coat or skin-surface texture; intrinsic marking topology; body proportions; paw appearance; and reference tail state, including a long tail, short tail, visible stump, or no visible tail. These identity features remain consistent as their screen projection changes with the cat's pose. The camera holds a perfectly Static Shot; perspective, focal length, subject scale, crop, focus, exposure, white balance, lighting, background, and floor appearance established by <Picture 1> remain fixed. Physical shadows stay grounded and respond coherently to contact and weight transfer. The cat remains fully inside the frame with clear margins. The clean frame contains only the cat and one transient wool ball defined in the motion path; only this prop unit and its associated contact shadow may cross a frame boundary along the specified entry or exit path. During 0.00–0.20 seconds, the cat holds its initial seated pose. At 0.20 seconds, one small, tightly wound matte wool ball enters from the viewer's left and rolls left-to-right along a straight path on the foreground floor, with visible rotation and one attached contact shadow. From 0.35 to 0.85 seconds, the cat's eyes track first and the head follows with one small turn; the body transfers a little weight onto the anatomical left front paw on the viewer's right while the anatomical right front paw on the viewer's left lifts. From 0.85 to 1.40 seconds, that lifted paw reaches in one compact arc and its pads meet the top of the ball, causing the ball to decelerate to a brief stop while retaining its size, round boundary and visibility. From 1.50 to 1.85 seconds, the same paw gives one short controlled nudge toward the viewer's right while beginning to retract. The ball resumes rolling at lower speed and, together with its contact shadow, exits completely beyond the viewer's right edge by 2.60 seconds. The cat keeps its eyes on the moving ball and lets its head follow the resumed roll, with the active paw landing comfortably by 2.60 seconds. The ball remains one distinct object during floor contact and brief paw contact, preserving a clear boundary from the paw and any visible tail. By 2.70 seconds, the cat is balanced on both front paws and still looks toward the departing ball; this attentive posture continues through 3.00 seconds. From 3.00 to 4.00 seconds, the ball stays outside the frame and the cat maintains this comfortable posture with faint breathing. No person or hand enters.

overall_soundscape: A soft wool ball rolls across the floor from left to right, slows under one muted paw contact, then resumes with a quieter roll before leaving the frame by 2.60 seconds. One light paw-pad landing accompanies the release of the ball; after 2.70 seconds, only steady studio room tone and faint breathing remain.

non_diegetic_music: N/A
",039,00,04,10003,00_04_10003
cat_ids/00.png,"For the target video, at 0.00 seconds into the target video, <Picture 1> (from [Shot 1]) is fully referenced.

integrated_multimodal_description: [Shot 1] Live-action, photorealistic studio pet footage. This is one continuous four-second shot. A locked camera matching the reference perspective frames a medium full-body, front-facing portrait. At 0.00 seconds, the cat starts from <Picture 1>. Throughout the shot, preserve the same cat's facial proportions; each anatomical eye's reference color; exact ear morphology; coat or skin-surface texture; intrinsic marking topology; body proportions; paw appearance; and reference tail state, including a long tail, short tail, visible stump, or no visible tail. These identity features remain consistent as their screen projection changes with the cat's pose. The camera holds a perfectly Static Shot; perspective, focal length, subject scale, crop, focus, exposure, white balance, lighting, background, and floor appearance established by <Picture 1> remain fixed. Physical shadows stay grounded and respond coherently to contact and weight transfer. The cat remains fully inside the frame with clear margins. The clean frame contains only the cat and one transient wool ball defined in the motion path; only this prop unit and its associated contact shadow may cross a frame boundary along the specified entry or exit path. During 0.00–0.20 seconds, the cat holds its initial seated pose. At 0.20 seconds, one small, tightly wound matte wool ball enters from the viewer's right and rolls right-to-left along a straight path on the foreground floor, with visible rotation and one attached contact shadow. From 0.35 to 0.85 seconds, the cat's eyes track first and the head follows with one small turn; the body transfers a little weight onto the anatomical right front paw on the viewer's left while the anatomical left front paw on the viewer's right lifts. From 0.85 to 1.40 seconds, that lifted paw reaches in one compact arc and its pads meet the top of the ball, causing the ball to decelerate to a brief stop while retaining its size, round boundary and visibility. From 1.50 to 1.85 seconds, the same paw gives one short controlled nudge toward the viewer's left while beginning to retract. The ball resumes rolling at lower speed and, together with its contact shadow, exits completely beyond the viewer's left edge by 2.60 seconds. The cat keeps its eyes on the moving ball and lets its head follow the resumed roll, with the active paw landing comfortably by 2.60 seconds. The ball remains one distinct object during floor contact and brief paw contact, preserving a clear boundary from the paw and any visible tail. By 2.70 seconds, the cat is balanced on both front paws and still looks toward the departing ball; this attentive posture continues through 3.00 seconds. From 3.00 to 4.00 seconds, the ball stays outside the frame and the cat maintains this comfortable posture with faint breathing. No person or hand enters.

overall_soundscape: A soft wool ball rolls across the floor from right to left, slows under one muted paw contact, then resumes with a quieter roll before leaving the frame by 2.60 seconds. One light paw-pad landing accompanies the release of the ball; after 2.70 seconds, only steady studio room tone and faint breathing remain.

non_diegetic_music: N/A
",040,00,05,10004,00_05_10004
cat_ids/00.png,"For the target video, at 0.00 seconds into the target video, <Picture 1> (from [Shot 1]) is fully referenced.

integrated_multimodal_description: [Shot 1] Live-action, photorealistic studio pet footage. A static medium full-body shot begins with the seated cat and scene in <Picture 1>. This is one continuous four-second shot. The cat lowers onto its anatomical left side, on the viewer's right from the opening pose, rolls belly-up and then makes one clearly visible air swat with its anatomical right front paw. From 0.00 to 0.40 seconds, it shifts weight toward the viewer's right, bends the left elbow and lowers the left shoulder. The head and chest travel down toward that same side of the image while the left hip settles nearby. From 0.40 to 1.20 seconds, the left shoulder and flank make gentle floor contact first, then the shoulders and pelvis roll together from that side onto the back. The head settles toward the viewer's right of the hips, so the sideways descent stays clear and continuous. The cat remains fully inside the original frame. By 1.30 seconds, the back is supported by the floor, the belly faces upward and is clearly visible to the camera, both front paws are bent above the chest and the hind legs rest loosely folded. The anatomical right front paw is now the active waving paw. From 1.35 to 1.80 seconds, its elbow extends and the paw travels roughly two paw-lengths out of its initial curled position, visibly away from the chest, leaving a clear gap between the paw and the body. From 1.80 to 2.15 seconds, this raised paw sweeps through a short, clearly visible arc in the air above the belly. From 2.15 to 2.55 seconds, the elbow bends and the paw curls back toward the chest, completing one distinct lift, sweep and return. The other forepaw stays loosely bent, and the body remains belly-up throughout this air swat. The eyes soften and make a small gaze adjustment as the paw returns; the head rests comfortably against the floor. By 2.70 seconds, the swat is complete and the cat is relaxed belly-up with loosely curled paws and gentle breathing; this pose continues through 3.00 seconds. The cat initiates the movement itself, and no person or hand appears. From 3.00 to 4.00 seconds, the cat maintains the posture reached by 2.70 seconds, with only faint breathing and tiny settling movements. Preserve the individual cat's facial proportions, each eye's reference color, coat or bare-skin appearance, markings, ear type and existing tail anatomy as the pose changes. Keep the reference framing, background, floor and lighting consistent, with grounded shadows following the cat's movement. The cat is alone and the surrounding floor stays clear. 

overall_soundscape: Soft paw shifts and a gentle shoulder-and-flank contact accompany the early sideways descent and roll. A light surface movement accompanies the small body adjustment during the air swat, with no impact sound from the raised paw. Movement sounds finish by 2.70 seconds; faint breathing continues over quiet studio room tone.

non_diegetic_music: N/A
",041,00,06,10005,00_06_10005
cat_ids/00.png,"For the target video, at 0.00 seconds into the target video, <Picture 1> (from [Shot 1]) is fully referenced.

integrated_multimodal_description: [Shot 1] Live-action, photorealistic studio pet footage. A static medium full-body shot begins with the seated cat and scene in <Picture 1>. This is one continuous four-second shot. The cat lowers onto its anatomical right side, on the viewer's left from the opening pose, rolls belly-up and then makes one clearly visible air swat with its anatomical left front paw. From 0.00 to 0.40 seconds, it shifts weight toward the viewer's left, bends the right elbow and lowers the right shoulder. The head and chest travel down toward that same side of the image while the right hip settles nearby. From 0.40 to 1.20 seconds, the right shoulder and flank make gentle floor contact first, then the shoulders and pelvis roll together from that side onto the back. The head settles toward the viewer's left of the hips, so the sideways descent stays clear and continuous. The cat remains fully inside the original frame. By 1.30 seconds, the back is supported by the floor, the belly faces upward and is clearly visible to the camera, both front paws are bent above the chest and the hind legs rest loosely folded. The anatomical left front paw is now the active waving paw. From 1.35 to 1.80 seconds, its elbow extends and the paw travels roughly two paw-lengths out of its initial curled position, visibly away from the chest, leaving a clear gap between the paw and the body. From 1.80 to 2.15 seconds, this raised paw sweeps through a short, clearly visible arc in the air above the belly. From 2.15 to 2.55 seconds, the elbow bends and the paw curls back toward the chest, completing one distinct lift, sweep and return. The other forepaw stays loosely bent, and the body remains belly-up throughout this air swat. The eyes soften and make a small gaze adjustment as the paw returns; the head rests comfortably against the floor. By 2.70 seconds, the swat is complete and the cat is relaxed belly-up with loosely curled paws and gentle breathing; this pose continues through 3.00 seconds. The cat initiates the movement itself, and no person or hand appears. From 3.00 to 4.00 seconds, the cat maintains the posture reached by 2.70 seconds, with only faint breathing and tiny settling movements. Preserve the individual cat's facial proportions, each eye's reference color, coat or bare-skin appearance, markings, ear type and existing tail anatomy as the pose changes. Keep the reference framing, background, floor and lighting consistent, with grounded shadows following the cat's movement. The cat is alone and the surrounding floor stays clear. 

overall_soundscape: Soft paw shifts and a gentle shoulder-and-flank contact accompany the early sideways descent and roll. A light surface movement accompanies the small body adjustment during the air swat, with no impact sound from the raised paw. Movement sounds finish by 2.70 seconds; faint breathing continues over quiet studio room tone.

non_diegetic_music: N/A
",042,00,07,10006,00_07_10006
cat_ids/00.png,"For the target video, at 0.00 seconds into the target video, <Picture 1> (from [Shot 1]) is fully referenced.

integrated_multimodal_description: [Shot 1] Live-action, photorealistic studio pet footage. A static medium full-body shot begins with the seated cat and scene in <Picture 1>. This is one continuous four-second shot. The cat calmly grooms its anatomical left front paw, on the viewer's right in the opening pose. From 0.00 to 0.60 seconds, it shifts weight onto its anatomical right front paw and the seated hindquarters, lifts the active paw toward the mouth and lowers the head slightly to meet it. The eyes soften as the paw rises in a small comfortable arc. From 0.70 to 1.00 seconds, the tongue extends, makes one clear lick across the raised paw and retracts fully. After a brief pause, from 1.20 to 1.50 seconds, it makes a second visible lick and retracts again. The paw stays distinct from the muzzle, with a small natural wrist adjustment between the contacts. From 1.60 to 2.40 seconds, the mouth closes, the head rises slightly and the paw lowers comfortably onto the floor. By 2.70 seconds, the shoulders have resettled and the eyes glance gently toward the freshly groomed paw. Through 3.00 seconds, the cat remains seated with this relaxed head angle and soft breathing. From 3.00 to 4.00 seconds, the cat maintains the posture reached by 2.70 seconds, with only faint breathing and tiny settling movements. Preserve the individual cat's facial proportions, each eye's reference color, coat or bare-skin appearance, markings, ear type and existing tail anatomy as the pose changes. Keep the reference framing, background, floor and lighting consistent, with grounded shadows following the cat's movement. The cat is alone and the surrounding floor stays clear. 

overall_soundscape: Two quiet wet licking sounds accompany the two tongue contacts before 1.50 seconds. A faint body movement and soft paw-pad landing finish by 2.70 seconds, followed by quiet room tone and breathing.

non_diegetic_music: N/A
",043,00,08,10007,00_08_10007
cat_ids/00.png,"For the target video, at 0.00 seconds into the target video, <Picture 1> (from [Shot 1]) is fully referenced.

integrated_multimodal_description: [Shot 1] Live-action, photorealistic studio pet footage. A static medium full-body shot begins with the seated cat and scene in <Picture 1>. This is one continuous four-second shot. The cat calmly grooms its anatomical right front paw, on the viewer's left in the opening pose. From 0.00 to 0.60 seconds, it shifts weight onto its anatomical left front paw and the seated hindquarters, lifts the active paw toward the mouth and lowers the head slightly to meet it. The eyes soften as the paw rises in a small comfortable arc. From 0.70 to 1.00 seconds, the tongue extends, makes one clear lick across the raised paw and retracts fully. After a brief pause, from 1.20 to 1.50 seconds, it makes a second visible lick and retracts again. The paw stays distinct from the muzzle, with a small natural wrist adjustment between the contacts. From 1.60 to 2.40 seconds, the mouth closes, the head rises slightly and the paw lowers comfortably onto the floor. By 2.70 seconds, the shoulders have resettled and the eyes glance gently toward the freshly groomed paw. Through 3.00 seconds, the cat remains seated with this relaxed head angle and soft breathing. From 3.00 to 4.00 seconds, the cat maintains the posture reached by 2.70 seconds, with only faint breathing and tiny settling movements. Preserve the individual cat's facial proportions, each eye's reference color, coat or bare-skin appearance, markings, ear type and existing tail anatomy as the pose changes. Keep the reference framing, background, floor and lighting consistent, with grounded shadows following the cat's movement. The cat is alone and the surrounding floor stays clear. 

overall_soundscape: Two quiet wet licking sounds accompany the two tongue contacts before 1.50 seconds. A faint body movement and soft paw-pad landing finish by 2.70 seconds, followed by quiet room tone and breathing.

non_diegetic_music: N/A
",044,00,09,10008,00_09_10008
cat_ids/00.png,"For the target video, at 0.00 seconds into the target video, <Picture 1> (from [Shot 1]) is fully referenced.

integrated_multimodal_description: [Shot 1] Live-action, photorealistic studio pet footage. A static medium full-body shot begins with the seated cat and scene in <Picture 1>. This is one continuous four-second shot. The cat eats one small mouthful of dry cat food at a comfortable pace. From 0.00 to 0.45 seconds, one shallow plain dish containing a small portion of food slides gently into view from the bottom edge along the floor and slows to a complete stop just ahead of the front paws, within comfortable reach. As it arrives, the cat looks down and begins lowering its head. From 0.45 to 1.05 seconds, the head lowers smoothly to the dish and the cat briefly sniffs just above the food; the ears make a small attentive adjustment. From 1.05 to 1.35 seconds, it takes one small mouthful and lifts its muzzle slightly clear of the food. From 1.35 to 2.50 seconds, it chews in a few small jaw movements with comfortable pauses, soft eyelids and subtle neck adjustments. By 2.70 seconds, the small mouthful is finished and the cat rests with its mouth closed and its head still comfortably lowered near the dish. This relaxed meal-side posture continues through 3.00 seconds, with the dish and remaining food staying in place. The dish keeps its shape and grounded contact shadow throughout. From 3.00 to 4.00 seconds, the cat maintains the posture reached by 2.70 seconds, with only faint breathing and tiny settling movements. Preserve the individual cat's facial proportions, each eye's reference color, coat or bare-skin appearance, markings, ear type and existing tail anatomy as the pose changes. Keep the reference framing, background, floor and lighting consistent, with grounded shadows following the cat's movement. Only the cat and this single dish of food occupy the scene. No person or hand enters.

overall_soundscape: A soft dish slide is heard at the start, followed by a faint sniff. A few small dry crunches accompany chewing between 1.35 and 2.50 seconds; after 2.70 seconds, only quiet studio ambience and faint breathing remain.

non_diegetic_music: N/A
",045,00,10,10009,00_10_10009
cat_ids/00.png,"For the target video, at 0.00 seconds into the target video, <Picture 1> (from [Shot 1]) is fully referenced.

integrated_multimodal_description: [Shot 1] Live-action, photorealistic studio pet footage. A static medium full-body shot begins with the seated cat and scene in <Picture 1>. This is one continuous four-second shot. The cat folds down into a compact curled sleeping pose, turning its head and shoulders toward its anatomical left, the viewer's right from the opening pose. From 0.00 to 0.40 seconds, the eyelids grow heavy, the chin dips and the front paws make small inward adjustments directly beneath the chest. From 0.40 to 1.50 seconds, both elbows fold and the chest descends toward the gathered paws. At the same time, the hindquarters lower beside the chest, the hind legs tuck inward and the spine curves into a small C shape. The shoulders and hips draw together into one compact oval footprint, with the belly facing the floor and the flank resting gently against it. The forepaws remain gathered under the face, and the existing tail settles beside the hindquarters. From 1.50 to 2.30 seconds, the cat rests its chin on the gathered front paws near the viewer's right side of the curled shape and closes its eyes completely. By 2.70 seconds, the head is resting, the shoulders are relaxed and the cat is comfortably curled up. From 2.70 to 3.00 seconds, it remains in this sleeping pose with closed eyes and a small, steady rise and fall of the flank. From 3.00 to 4.00 seconds, the cat maintains the posture reached by 2.70 seconds, with only faint breathing and tiny settling movements. Preserve the individual cat's facial proportions, each eye's reference color, coat or bare-skin appearance, markings, ear type and existing tail anatomy as the pose changes. Keep the reference framing, background, floor and lighting consistent, with grounded shadows following the cat's movement. The cat is alone and the surrounding floor stays clear. 

overall_soundscape: Small paw adjustments and a soft body contact accompany the descent. The movement sounds finish by 2.70 seconds, leaving calm, faint breathing over quiet studio room tone during the sleeping hold.

non_diegetic_music: N/A
",046,00,11,10010,00_11_10010
cat_ids/00.png,"For the target video, at 0.00 seconds into the target video, <Picture 1> (from [Shot 1]) is fully referenced.

integrated_multimodal_description: [Shot 1] Live-action, photorealistic studio pet footage. A static medium full-body shot begins with the seated cat and scene in <Picture 1>. This is one continuous four-second shot. The cat folds down into a compact curled sleeping pose, turning its head and shoulders toward its anatomical right, the viewer's left from the opening pose. From 0.00 to 0.40 seconds, the eyelids grow heavy, the chin dips and the front paws make small inward adjustments directly beneath the chest. From 0.40 to 1.50 seconds, both elbows fold and the chest descends toward the gathered paws. At the same time, the hindquarters lower beside the chest, the hind legs tuck inward and the spine curves into a small C shape. The shoulders and hips draw together into one compact oval footprint, with the belly facing the floor and the flank resting gently against it. The forepaws remain gathered under the face, and the existing tail settles beside the hindquarters. From 1.50 to 2.30 seconds, the cat rests its chin on the gathered front paws near the viewer's left side of the curled shape and closes its eyes completely. By 2.70 seconds, the head is resting, the shoulders are relaxed and the cat is comfortably curled up. From 2.70 to 3.00 seconds, it remains in this sleeping pose with closed eyes and a small, steady rise and fall of the flank. From 3.00 to 4.00 seconds, the cat maintains the posture reached by 2.70 seconds, with only faint breathing and tiny settling movements. Preserve the individual cat's facial proportions, each eye's reference color, coat or bare-skin appearance, markings, ear type and existing tail anatomy as the pose changes. Keep the reference framing, background, floor and lighting consistent, with grounded shadows following the cat's movement. The cat is alone and the surrounding floor stays clear. 

overall_soundscape: Small paw adjustments and a soft body contact accompany the descent. The movement sounds finish by 2.70 seconds, leaving calm, faint breathing over quiet studio room tone during the sleeping hold.

non_diegetic_music: N/A
",047,00,12,10011,00_12_10011
cat_ids/02.png,"For the target video, at 0.00 seconds into the target video, <Picture 1> (from [Shot 1]) is fully referenced.

integrated_multimodal_description: [Shot 1] Live-action, photorealistic studio pet footage. This is one continuous four-second shot. A locked camera matching the reference perspective frames a medium full-body, front-facing portrait. At 0.00 seconds, the cat starts from <Picture 1>. Throughout the shot, preserve the same cat's facial proportions; each anatomical eye's reference color; exact ear morphology; coat or skin-surface texture; intrinsic marking topology; body proportions; paw appearance; and reference tail state, including a long tail, short tail, visible stump, or no visible tail. These identity features remain consistent as their screen projection changes with the cat's pose. The camera holds a perfectly Static Shot; perspective, focal length, subject scale, crop, focus, exposure, white balance, lighting, background, and floor appearance established by <Picture 1> remain fixed. Physical shadows stay grounded and respond coherently to contact and weight transfer. The cat remains fully inside the frame with clear margins, and the clean frame contains only the cat. During 0.00–0.40 seconds, the cat holds its initial seated pose. From 0.40 to 0.90 seconds, a barely perceptible inhale creates one minute local change in the lower-chest contour while the body does not translate and the overall seated pose, paws, hindquarters, head direction, ears, and reference tail state remain stable. At 0.95 seconds, both upper eyelids lower together and reopen by 1.20 seconds in one complete natural blink; the eyes keep the same color, shape, spacing, and forward gaze when open. From 1.20 to 2.70 seconds, the chest completes one gentle exhale and returns to its starting contour. By 2.70 seconds, the blink and gentle exhale are complete, with the eyes open and the cat comfortably seated. From 2.70 to 3.00 seconds, this quiet seated posture continues. From 3.00 to 4.00 seconds, the cat remains comfortably seated with only faint breathing and minute surface settling.

overall_soundscape: Steady quiet studio room tone with one very soft inhale and exhale from the cat, completed by 2.70 seconds. The cat does not vocalize; quiet room tone and faint breathing continue afterward.

non_diegetic_music: N/A
",048,02,01,10012,02_01_10012
cat_ids/02.png,"For the target video, at 0.00 seconds into the target video, <Picture 1> (from [Shot 1]) is fully referenced.

integrated_multimodal_description: [Shot 1] Live-action, photorealistic studio pet footage. A static medium full-body shot begins with the seated cat and scene in <Picture 1>. This is one continuous four-second shot. The main action is a brief outward tug and soft release of the cat's anatomical left ear, on the viewer's right in the opening pose. From 0.15 to 0.60 seconds, the ear tip is drawn a short distance diagonally outward and slightly upward toward the viewer's right, away from the crown. The tip leads, the upper ear follows in a small soft bend and the base stays attached. The ear keeps its normal length and characteristic reference shape. At the peak, the head follows by a tiny amount and the eyelids narrow briefly in a mild, relaxed reaction. At 0.65 seconds, the pull releases. The ear springs most of the way back by 1.10 seconds, then makes one much smaller settling movement, reaching its natural resting angle by 1.50 seconds. From 1.10 to 2.30 seconds, the head gently follows back, the eyes reopen comfortably and the shoulders soften with an exhale. By 2.70 seconds, the cat is seated and calmly attentive; through 3.00 seconds, it holds this relaxed posture with faint breathing. The tug is conveyed entirely by the ear movement and the cat's response; no person, hand or pulling device appears. From 3.00 to 4.00 seconds, the cat maintains the posture reached by 2.70 seconds, with only faint breathing and tiny settling movements. Preserve the individual cat's facial proportions, each eye's reference color, coat or bare-skin appearance, markings, ear type and existing tail anatomy as the pose changes. Keep the reference framing, background, floor and lighting consistent, with grounded shadows following the cat's movement. The cat is alone and the surrounding floor stays clear. 

overall_soundscape: Quiet studio ambience and faint breathing, with a soft incidental body movement as the head settles. Only breathing and room tone remain after 2.70 seconds.

non_diegetic_music: N/A
",049,02,02,10013,02_02_10013
cat_ids/02.png,"For the target video, at 0.00 seconds into the target video, <Picture 1> (from [Shot 1]) is fully referenced.

integrated_multimodal_description: [Shot 1] Live-action, photorealistic studio pet footage. A static medium full-body shot begins with the seated cat and scene in <Picture 1>. This is one continuous four-second shot. The main action is a brief outward tug and soft release of the cat's anatomical right ear, on the viewer's left in the opening pose. From 0.15 to 0.60 seconds, the ear tip is drawn a short distance diagonally outward and slightly upward toward the viewer's left, away from the crown. The tip leads, the upper ear follows in a small soft bend and the base stays attached. The ear keeps its normal length and characteristic reference shape. At the peak, the head follows by a tiny amount and the eyelids narrow briefly in a mild, relaxed reaction. At 0.65 seconds, the pull releases. The ear springs most of the way back by 1.10 seconds, then makes one much smaller settling movement, reaching its natural resting angle by 1.50 seconds. From 1.10 to 2.30 seconds, the head gently follows back, the eyes reopen comfortably and the shoulders soften with an exhale. By 2.70 seconds, the cat is seated and calmly attentive; through 3.00 seconds, it holds this relaxed posture with faint breathing. The tug is conveyed entirely by the ear movement and the cat's response; no person, hand or pulling device appears. From 3.00 to 4.00 seconds, the cat maintains the posture reached by 2.70 seconds, with only faint breathing and tiny settling movements. Preserve the individual cat's facial proportions, each eye's reference color, coat or bare-skin appearance, markings, ear type and existing tail anatomy as the pose changes. Keep the reference framing, background, floor and lighting consistent, with grounded shadows following the cat's movement. The cat is alone and the surrounding floor stays clear. 

overall_soundscape: Quiet studio ambience and faint breathing, with a soft incidental body movement as the head settles. Only breathing and room tone remain after 2.70 seconds.

non_diegetic_music: N/A
",050,02,03,10014,02_03_10014
cat_ids/02.png,"For the target video, at 0.00 seconds into the target video, <Picture 1> (from [Shot 1]) is fully referenced.

integrated_multimodal_description: [Shot 1] Live-action, photorealistic studio pet footage. This is one continuous four-second shot. A locked camera matching the reference perspective frames a medium full-body, front-facing portrait. At 0.00 seconds, the cat starts from <Picture 1>. Throughout the shot, preserve the same cat's facial proportions; each anatomical eye's reference color; exact ear morphology; coat or skin-surface texture; intrinsic marking topology; body proportions; paw appearance; and reference tail state, including a long tail, short tail, visible stump, or no visible tail. These identity features remain consistent as their screen projection changes with the cat's pose. The camera holds a perfectly Static Shot; perspective, focal length, subject scale, crop, focus, exposure, white balance, lighting, background, and floor appearance established by <Picture 1> remain fixed. Physical shadows stay grounded and respond coherently to contact and weight transfer. The cat remains fully inside the frame with clear margins. The clean frame contains only the cat and one transient wool ball defined in the motion path; only this prop unit and its associated contact shadow may cross a frame boundary along the specified entry or exit path. During 0.00–0.20 seconds, the cat holds its initial seated pose. At 0.20 seconds, one small, tightly wound matte wool ball enters from the viewer's left and rolls left-to-right along a straight path on the foreground floor, with visible rotation and one attached contact shadow. From 0.35 to 0.85 seconds, the cat's eyes track first and the head follows with one small turn; the body transfers a little weight onto the anatomical left front paw on the viewer's right while the anatomical right front paw on the viewer's left lifts. From 0.85 to 1.40 seconds, that lifted paw reaches in one compact arc and its pads meet the top of the ball, causing the ball to decelerate to a brief stop while retaining its size, round boundary and visibility. From 1.50 to 1.85 seconds, the same paw gives one short controlled nudge toward the viewer's right while beginning to retract. The ball resumes rolling at lower speed and, together with its contact shadow, exits completely beyond the viewer's right edge by 2.60 seconds. The cat keeps its eyes on the moving ball and lets its head follow the resumed roll, with the active paw landing comfortably by 2.60 seconds. The ball remains one distinct object during floor contact and brief paw contact, preserving a clear boundary from the paw and any visible tail. By 2.70 seconds, the cat is balanced on both front paws and still looks toward the departing ball; this attentive posture continues through 3.00 seconds. From 3.00 to 4.00 seconds, the ball stays outside the frame and the cat maintains this comfortable posture with faint breathing. No person or hand enters.

overall_soundscape: A soft wool ball rolls across the floor from left to right, slows under one muted paw contact, then resumes with a quieter roll before leaving the frame by 2.60 seconds. One light paw-pad landing accompanies the release of the ball; after 2.70 seconds, only steady studio room tone and faint breathing remain.

non_diegetic_music: N/A
",051,02,04,10015,02_04_10015
cat_ids/02.png,"For the target video, at 0.00 seconds into the target video, <Picture 1> (from [Shot 1]) is fully referenced.

integrated_multimodal_description: [Shot 1] Live-action, photorealistic studio pet footage. This is one continuous four-second shot. A locked camera matching the reference perspective frames a medium full-body, front-facing portrait. At 0.00 seconds, the cat starts from <Picture 1>. Throughout the shot, preserve the same cat's facial proportions; each anatomical eye's reference color; exact ear morphology; coat or skin-surface texture; intrinsic marking topology; body proportions; paw appearance; and reference tail state, including a long tail, short tail, visible stump, or no visible tail. These identity features remain consistent as their screen projection changes with the cat's pose. The camera holds a perfectly Static Shot; perspective, focal length, subject scale, crop, focus, exposure, white balance, lighting, background, and floor appearance established by <Picture 1> remain fixed. Physical shadows stay grounded and respond coherently to contact and weight transfer. The cat remains fully inside the frame with clear margins. The clean frame contains only the cat and one transient wool ball defined in the motion path; only this prop unit and its associated contact shadow may cross a frame boundary along the specified entry or exit path. During 0.00–0.20 seconds, the cat holds its initial seated pose. At 0.20 seconds, one small, tightly wound matte wool ball enters from the viewer's right and rolls right-to-left along a straight path on the foreground floor, with visible rotation and one attached contact shadow. From 0.35 to 0.85 seconds, the cat's eyes track first and the head follows with one small turn; the body transfers a little weight onto the anatomical right front paw on the viewer's left while the anatomical left front paw on the viewer's right lifts. From 0.85 to 1.40 seconds, that lifted paw reaches in one compact arc and its pads meet the top of the ball, causing the ball to decelerate to a brief stop while retaining its size, round boundary and visibility. From 1.50 to 1.85 seconds, the same paw gives one short controlled nudge toward the viewer's left while beginning to retract. The ball resumes rolling at lower speed and, together with its contact shadow, exits completely beyond the viewer's left edge by 2.60 seconds. The cat keeps its eyes on the moving ball and lets its head follow the resumed roll, with the active paw landing comfortably by 2.60 seconds. The ball remains one distinct object during floor contact and brief paw contact, preserving a clear boundary from the paw and any visible tail. By 2.70 seconds, the cat is balanced on both front paws and still looks toward the departing ball; this attentive posture continues through 3.00 seconds. From 3.00 to 4.00 seconds, the ball stays outside the frame and the cat maintains this comfortable posture with faint breathing. No person or hand enters.

overall_soundscape: A soft wool ball rolls across the floor from right to left, slows under one muted paw contact, then resumes with a quieter roll before leaving the frame by 2.60 seconds. One light paw-pad landing accompanies the release of the ball; after 2.70 seconds, only steady studio room tone and faint breathing remain.

non_diegetic_music: N/A
",052,02,05,10016,02_05_10016
cat_ids/02.png,"For the target video, at 0.00 seconds into the target video, <Picture 1> (from [Shot 1]) is fully referenced.

integrated_multimodal_description: [Shot 1] Live-action, photorealistic studio pet footage. A static medium full-body shot begins with the seated cat and scene in <Picture 1>. This is one continuous four-second shot. The cat lowers onto its anatomical left side, on the viewer's right from the opening pose, rolls belly-up and then makes one clearly visible air swat with its anatomical right front paw. From 0.00 to 0.40 seconds, it shifts weight toward the viewer's right, bends the left elbow and lowers the left shoulder. The head and chest travel down toward that same side of the image while the left hip settles nearby. From 0.40 to 1.20 seconds, the left shoulder and flank make gentle floor contact first, then the shoulders and pelvis roll together from that side onto the back. The head settles toward the viewer's right of the hips, so the sideways descent stays clear and continuous. The cat remains fully inside the original frame. By 1.30 seconds, the back is supported by the floor, the belly faces upward and is clearly visible to the camera, both front paws are bent above the chest and the hind legs rest loosely folded. The anatomical right front paw is now the active waving paw. From 1.35 to 1.80 seconds, its elbow extends and the paw travels roughly two paw-lengths out of its initial curled position, visibly away from the chest, leaving a clear gap between the paw and the body. From 1.80 to 2.15 seconds, this raised paw sweeps through a short, clearly visible arc in the air above the belly. From 2.15 to 2.55 seconds, the elbow bends and the paw curls back toward the chest, completing one distinct lift, sweep and return. The other forepaw stays loosely bent, and the body remains belly-up throughout this air swat. The eyes soften and make a small gaze adjustment as the paw returns; the head rests comfortably against the floor. By 2.70 seconds, the swat is complete and the cat is relaxed belly-up with loosely curled paws and gentle breathing; this pose continues through 3.00 seconds. The cat initiates the movement itself, and no person or hand appears. From 3.00 to 4.00 seconds, the cat maintains the posture reached by 2.70 seconds, with only faint breathing and tiny settling movements. Preserve the individual cat's facial proportions, each eye's reference color, coat or bare-skin appearance, markings, ear type and existing tail anatomy as the pose changes. Keep the reference framing, background, floor and lighting consistent, with grounded shadows following the cat's movement. The cat is alone and the surrounding floor stays clear. 

overall_soundscape: Soft paw shifts and a gentle shoulder-and-flank contact accompany the early sideways descent and roll. A light surface movement accompanies the small body adjustment during the air swat, with no impact sound from the raised paw. Movement sounds finish by 2.70 seconds; faint breathing continues over quiet studio room tone.

non_diegetic_music: N/A
",053,02,06,10017,02_06_10017
cat_ids/02.png,"For the target video, at 0.00 seconds into the target video, <Picture 1> (from [Shot 1]) is fully referenced.

integrated_multimodal_description: [Shot 1] Live-action, photorealistic studio pet footage. A static medium full-body shot begins with the seated cat and scene in <Picture 1>. This is one continuous four-second shot. The cat lowers onto its anatomical right side, on the viewer's left from the opening pose, rolls belly-up and then makes one clearly visible air swat with its anatomical left front paw. From 0.00 to 0.40 seconds, it shifts weight toward the viewer's left, bends the right elbow and lowers the right shoulder. The head and chest travel down toward that same side of the image while the right hip settles nearby. From 0.40 to 1.20 seconds, the right shoulder and flank make gentle floor contact first, then the shoulders and pelvis roll together from that side onto the back. The head settles toward the viewer's left of the hips, so the sideways descent stays clear and continuous. The cat remains fully inside the original frame. By 1.30 seconds, the back is supported by the floor, the belly faces upward and is clearly visible to the camera, both front paws are bent above the chest and the hind legs rest loosely folded. The anatomical left front paw is now the active waving paw. From 1.35 to 1.80 seconds, its elbow extends and the paw travels roughly two paw-lengths out of its initial curled position, visibly away from the chest, leaving a clear gap between the paw and the body. From 1.80 to 2.15 seconds, this raised paw sweeps through a short, clearly visible arc in the air above the belly. From 2.15 to 2.55 seconds, the elbow bends and the paw curls back toward the chest, completing one distinct lift, sweep and return. The other forepaw stays loosely bent, and the body remains belly-up throughout this air swat. The eyes soften and make a small gaze adjustment as the paw returns; the head rests comfortably against the floor. By 2.70 seconds, the swat is complete and the cat is relaxed belly-up with loosely curled paws and gentle breathing; this pose continues through 3.00 seconds. The cat initiates the movement itself, and no person or hand appears. From 3.00 to 4.00 seconds, the cat maintains the posture reached by 2.70 seconds, with only faint breathing and tiny settling movements. Preserve the individual cat's facial proportions, each eye's reference color, coat or bare-skin appearance, markings, ear type and existing tail anatomy as the pose changes. Keep the reference framing, background, floor and lighting consistent, with grounded shadows following the cat's movement. The cat is alone and the surrounding floor stays clear. 

overall_soundscape: Soft paw shifts and a gentle shoulder-and-flank contact accompany the early sideways descent and roll. A light surface movement accompanies the small body adjustment during the air swat, with no impact sound from the raised paw. Movement sounds finish by 2.70 seconds; faint breathing continues over quiet studio room tone.

non_diegetic_music: N/A
",054,02,07,10018,02_07_10018
cat_ids/02.png,"For the target video, at 0.00 seconds into the target video, <Picture 1> (from [Shot 1]) is fully referenced.

integrated_multimodal_description: [Shot 1] Live-action, photorealistic studio pet footage. A static medium full-body shot begins with the seated cat and scene in <Picture 1>. This is one continuous four-second shot. The cat calmly grooms its anatomical left front paw, on the viewer's right in the opening pose. From 0.00 to 0.60 seconds, it shifts weight onto its anatomical right front paw and the seated hindquarters, lifts the active paw toward the mouth and lowers the head slightly to meet it. The eyes soften as the paw rises in a small comfortable arc. From 0.70 to 1.00 seconds, the tongue extends, makes one clear lick across the raised paw and retracts fully. After a brief pause, from 1.20 to 1.50 seconds, it makes a second visible lick and retracts again. The paw stays distinct from the muzzle, with a small natural wrist adjustment between the contacts. From 1.60 to 2.40 seconds, the mouth closes, the head rises slightly and the paw lowers comfortably onto the floor. By 2.70 seconds, the shoulders have resettled and the eyes glance gently toward the freshly groomed paw. Through 3.00 seconds, the cat remains seated with this relaxed head angle and soft breathing. From 3.00 to 4.00 seconds, the cat maintains the posture reached by 2.70 seconds, with only faint breathing and tiny settling movements. Preserve the individual cat's facial proportions, each eye's reference color, coat or bare-skin appearance, markings, ear type and existing tail anatomy as the pose changes. Keep the reference framing, background, floor and lighting consistent, with grounded shadows following the cat's movement. The cat is alone and the surrounding floor stays clear. 

overall_soundscape: Two quiet wet licking sounds accompany the two tongue contacts before 1.50 seconds. A faint body movement and soft paw-pad landing finish by 2.70 seconds, followed by quiet room tone and breathing.

non_diegetic_music: N/A
",055,02,08,10019,02_08_10019
cat_ids/02.png,"For the target video, at 0.00 seconds into the target video, <Picture 1> (from [Shot 1]) is fully referenced.

integrated_multimodal_description: [Shot 1] Live-action, photorealistic studio pet footage. A static medium full-body shot begins with the seated cat and scene in <Picture 1>. This is one continuous four-second shot. The cat calmly grooms its anatomical right front paw, on the viewer's left in the opening pose. From 0.00 to 0.60 seconds, it shifts weight onto its anatomical left front paw and the seated hindquarters, lifts the active paw toward the mouth and lowers the head slightly to meet it. The eyes soften as the paw rises in a small comfortable arc. From 0.70 to 1.00 seconds, the tongue extends, makes one clear lick across the raised paw and retracts fully. After a brief pause, from 1.20 to 1.50 seconds, it makes a second visible lick and retracts again. The paw stays distinct from the muzzle, with a small natural wrist adjustment between the contacts. From 1.60 to 2.40 seconds, the mouth closes, the head rises slightly and the paw lowers comfortably onto the floor. By 2.70 seconds, the shoulders have resettled and the eyes glance gently toward the freshly groomed paw. Through 3.00 seconds, the cat remains seated with this relaxed head angle and soft breathing. From 3.00 to 4.00 seconds, the cat maintains the posture reached by 2.70 seconds, with only faint breathing and tiny settling movements. Preserve the individual cat's facial proportions, each eye's reference color, coat or bare-skin appearance, markings, ear type and existing tail anatomy as the pose changes. Keep the reference framing, background, floor and lighting consistent, with grounded shadows following the cat's movement. The cat is alone and the surrounding floor stays clear. 

overall_soundscape: Two quiet wet licking sounds accompany the two tongue contacts before 1.50 seconds. A faint body movement and soft paw-pad landing finish by 2.70 seconds, followed by quiet room tone and breathing.

non_diegetic_music: N/A
",056,02,09,10020,02_09_10020
cat_ids/02.png,"For the target video, at 0.00 seconds into the target video, <Picture 1> (from [Shot 1]) is fully referenced.

integrated_multimodal_description: [Shot 1] Live-action, photorealistic studio pet footage. A static medium full-body shot begins with the seated cat and scene in <Picture 1>. This is one continuous four-second shot. The cat eats one small mouthful of dry cat food at a comfortable pace. From 0.00 to 0.45 seconds, one shallow plain dish containing a small portion of food slides gently into view from the bottom edge along the floor and slows to a complete stop just ahead of the front paws, within comfortable reach. As it arrives, the cat looks down and begins lowering its head. From 0.45 to 1.05 seconds, the head lowers smoothly to the dish and the cat briefly sniffs just above the food; the ears make a small attentive adjustment. From 1.05 to 1.35 seconds, it takes one small mouthful and lifts its muzzle slightly clear of the food. From 1.35 to 2.50 seconds, it chews in a few small jaw movements with comfortable pauses, soft eyelids and subtle neck adjustments. By 2.70 seconds, the small mouthful is finished and the cat rests with its mouth closed and its head still comfortably lowered near the dish. This relaxed meal-side posture continues through 3.00 seconds, with the dish and remaining food staying in place. The dish keeps its shape and grounded contact shadow throughout. From 3.00 to 4.00 seconds, the cat maintains the posture reached by 2.70 seconds, with only faint breathing and tiny settling movements. Preserve the individual cat's facial proportions, each eye's reference color, coat or bare-skin appearance, markings, ear type and existing tail anatomy as the pose changes. Keep the reference framing, background, floor and lighting consistent, with grounded shadows following the cat's movement. Only the cat and this single dish of food occupy the scene. No person or hand enters.

overall_soundscape: A soft dish slide is heard at the start, followed by a faint sniff. A few small dry crunches accompany chewing between 1.35 and 2.50 seconds; after 2.70 seconds, only quiet studio ambience and faint breathing remain.

non_diegetic_music: N/A
",057,02,10,10021,02_10_10021
cat_ids/02.png,"For the target video, at 0.00 seconds into the target video, <Picture 1> (from [Shot 1]) is fully referenced.

integrated_multimodal_description: [Shot 1] Live-action, photorealistic studio pet footage. A static medium full-body shot begins with the seated cat and scene in <Picture 1>. This is one continuous four-second shot. The cat folds down into a compact curled sleeping pose, turning its head and shoulders toward its anatomical left, the viewer's right from the opening pose. From 0.00 to 0.40 seconds, the eyelids grow heavy, the chin dips and the front paws make small inward adjustments directly beneath the chest. From 0.40 to 1.50 seconds, both elbows fold and the chest descends toward the gathered paws. At the same time, the hindquarters lower beside the chest, the hind legs tuck inward and the spine curves into a small C shape. The shoulders and hips draw together into one compact oval footprint, with the belly facing the floor and the flank resting gently against it. The forepaws remain gathered under the face, and the existing tail settles beside the hindquarters. From 1.50 to 2.30 seconds, the cat rests its chin on the gathered front paws near the viewer's right side of the curled shape and closes its eyes completely. By 2.70 seconds, the head is resting, the shoulders are relaxed and the cat is comfortably curled up. From 2.70 to 3.00 seconds, it remains in this sleeping pose with closed eyes and a small, steady rise and fall of the flank. From 3.00 to 4.00 seconds, the cat maintains the posture reached by 2.70 seconds, with only faint breathing and tiny settling movements. Preserve the individual cat's facial proportions, each eye's reference color, coat or bare-skin appearance, markings, ear type and existing tail anatomy as the pose changes. Keep the reference framing, background, floor and lighting consistent, with grounded shadows following the cat's movement. The cat is alone and the surrounding floor stays clear. 

overall_soundscape: Small paw adjustments and a soft body contact accompany the descent. The movement sounds finish by 2.70 seconds, leaving calm, faint breathing over quiet studio room tone during the sleeping hold.

non_diegetic_music: N/A
",058,02,11,10022,02_11_10022
cat_ids/02.png,"For the target video, at 0.00 seconds into the target video, <Picture 1> (from [Shot 1]) is fully referenced.

integrated_multimodal_description: [Shot 1] Live-action, photorealistic studio pet footage. A static medium full-body shot begins with the seated cat and scene in <Picture 1>. This is one continuous four-second shot. The cat folds down into a compact curled sleeping pose, turning its head and shoulders toward its anatomical right, the viewer's left from the opening pose. From 0.00 to 0.40 seconds, the eyelids grow heavy, the chin dips and the front paws make small inward adjustments directly beneath the chest. From 0.40 to 1.50 seconds, both elbows fold and the chest descends toward the gathered paws. At the same time, the hindquarters lower beside the chest, the hind legs tuck inward and the spine curves into a small C shape. The shoulders and hips draw together into one compact oval footprint, with the belly facing the floor and the flank resting gently against it. The forepaws remain gathered under the face, and the existing tail settles beside the hindquarters. From 1.50 to 2.30 seconds, the cat rests its chin on the gathered front paws near the viewer's left side of the curled shape and closes its eyes completely. By 2.70 seconds, the head is resting, the shoulders are relaxed and the cat is comfortably curled up. From 2.70 to 3.00 seconds, it remains in this sleeping pose with closed eyes and a small, steady rise and fall of the flank. From 3.00 to 4.00 seconds, the cat maintains the posture reached by 2.70 seconds, with only faint breathing and tiny settling movements. Preserve the individual cat's facial proportions, each eye's reference color, coat or bare-skin appearance, markings, ear type and existing tail anatomy as the pose changes. Keep the reference framing, background, floor and lighting consistent, with grounded shadows following the cat's movement. The cat is alone and the surrounding floor stays clear. 

overall_soundscape: Small paw adjustments and a soft body contact accompany the descent. The movement sounds finish by 2.70 seconds, leaving calm, faint breathing over quiet studio room tone during the sleeping hold.

non_diegetic_music: N/A
",059,02,12,10023,02_12_10023
cat_ids/38.png,"For the target video, at 0.00 seconds into the target video, <Picture 1> (from [Shot 1]) is fully referenced.

integrated_multimodal_description: [Shot 1] Live-action, photorealistic studio pet footage. This is one continuous four-second shot. A locked camera matching the reference perspective frames a medium full-body, front-facing portrait. At 0.00 seconds, the cat starts from <Picture 1>. Throughout the shot, preserve the same cat's facial proportions; each anatomical eye's reference color; exact ear morphology; coat or skin-surface texture; intrinsic marking topology; body proportions; paw appearance; and reference tail state, including a long tail, short tail, visible stump, or no visible tail. These identity features remain consistent as their screen projection changes with the cat's pose. The camera holds a perfectly Static Shot; perspective, focal length, subject scale, crop, focus, exposure, white balance, lighting, background, and floor appearance established by <Picture 1> remain fixed. Physical shadows stay grounded and respond coherently to contact and weight transfer. The cat remains fully inside the frame with clear margins, and the clean frame contains only the cat. During 0.00–0.40 seconds, the cat holds its initial seated pose. From 0.40 to 0.90 seconds, a barely perceptible inhale creates one minute local change in the lower-chest contour while the body does not translate and the overall seated pose, paws, hindquarters, head direction, ears, and reference tail state remain stable. At 0.95 seconds, both upper eyelids lower together and reopen by 1.20 seconds in one complete natural blink; the eyes keep the same color, shape, spacing, and forward gaze when open. From 1.20 to 2.70 seconds, the chest completes one gentle exhale and returns to its starting contour. By 2.70 seconds, the blink and gentle exhale are complete, with the eyes open and the cat comfortably seated. From 2.70 to 3.00 seconds, this quiet seated posture continues. From 3.00 to 4.00 seconds, the cat remains comfortably seated with only faint breathing and minute surface settling.

overall_soundscape: Steady quiet studio room tone with one very soft inhale and exhale from the cat, completed by 2.70 seconds. The cat does not vocalize; quiet room tone and faint breathing continue afterward.

non_diegetic_music: N/A
",060,38,01,10024,38_01_10024
cat_ids/38.png,"For the target video, at 0.00 seconds into the target video, <Picture 1> (from [Shot 1]) is fully referenced.

integrated_multimodal_description: [Shot 1] Live-action, photorealistic studio pet footage. A static medium full-body shot begins with the seated cat and scene in <Picture 1>. This is one continuous four-second shot. The main action is a brief outward tug and soft release of the cat's anatomical left ear, on the viewer's right in the opening pose. From 0.15 to 0.60 seconds, the ear tip is drawn a short distance diagonally outward and slightly upward toward the viewer's right, away from the crown. The tip leads, the upper ear follows in a small soft bend and the base stays attached. The ear keeps its normal length and characteristic reference shape. At the peak, the head follows by a tiny amount and the eyelids narrow briefly in a mild, relaxed reaction. At 0.65 seconds, the pull releases. The ear springs most of the way back by 1.10 seconds, then makes one much smaller settling movement, reaching its natural resting angle by 1.50 seconds. From 1.10 to 2.30 seconds, the head gently follows back, the eyes reopen comfortably and the shoulders soften with an exhale. By 2.70 seconds, the cat is seated and calmly attentive; through 3.00 seconds, it holds this relaxed posture with faint breathing. The tug is conveyed entirely by the ear movement and the cat's response; no person, hand or pulling device appears. From 3.00 to 4.00 seconds, the cat maintains the posture reached by 2.70 seconds, with only faint breathing and tiny settling movements. Preserve the individual cat's facial proportions, each eye's reference color, coat or bare-skin appearance, markings, ear type and existing tail anatomy as the pose changes. Keep the reference framing, background, floor and lighting consistent, with grounded shadows following the cat's movement. The cat is alone and the surrounding floor stays clear. 

overall_soundscape: Quiet studio ambience and faint breathing, with a soft incidental body movement as the head settles. Only breathing and room tone remain after 2.70 seconds.

non_diegetic_music: N/A
",061,38,02,10025,38_02_10025
cat_ids/38.png,"For the target video, at 0.00 seconds into the target video, <Picture 1> (from [Shot 1]) is fully referenced.

integrated_multimodal_description: [Shot 1] Live-action, photorealistic studio pet footage. A static medium full-body shot begins with the seated cat and scene in <Picture 1>. This is one continuous four-second shot. The main action is a brief outward tug and soft release of the cat's anatomical right ear, on the viewer's left in the opening pose. From 0.15 to 0.60 seconds, the ear tip is drawn a short distance diagonally outward and slightly upward toward the viewer's left, away from the crown. The tip leads, the upper ear follows in a small soft bend and the base stays attached. The ear keeps its normal length and characteristic reference shape. At the peak, the head follows by a tiny amount and the eyelids narrow briefly in a mild, relaxed reaction. At 0.65 seconds, the pull releases. The ear springs most of the way back by 1.10 seconds, then makes one much smaller settling movement, reaching its natural resting angle by 1.50 seconds. From 1.10 to 2.30 seconds, the head gently follows back, the eyes reopen comfortably and the shoulders soften with an exhale. By 2.70 seconds, the cat is seated and calmly attentive; through 3.00 seconds, it holds this relaxed posture with faint breathing. The tug is conveyed entirely by the ear movement and the cat's response; no person, hand or pulling device appears. From 3.00 to 4.00 seconds, the cat maintains the posture reached by 2.70 seconds, with only faint breathing and tiny settling movements. Preserve the individual cat's facial proportions, each eye's reference color, coat or bare-skin appearance, markings, ear type and existing tail anatomy as the pose changes. Keep the reference framing, background, floor and lighting consistent, with grounded shadows following the cat's movement. The cat is alone and the surrounding floor stays clear. 

overall_soundscape: Quiet studio ambience and faint breathing, with a soft incidental body movement as the head settles. Only breathing and room tone remain after 2.70 seconds.

non_diegetic_music: N/A
",062,38,03,10026,38_03_10026
cat_ids/38.png,"For the target video, at 0.00 seconds into the target video, <Picture 1> (from [Shot 1]) is fully referenced.

integrated_multimodal_description: [Shot 1] Live-action, photorealistic studio pet footage. This is one continuous four-second shot. A locked camera matching the reference perspective frames a medium full-body, front-facing portrait. At 0.00 seconds, the cat starts from <Picture 1>. Throughout the shot, preserve the same cat's facial proportions; each anatomical eye's reference color; exact ear morphology; coat or skin-surface texture; intrinsic marking topology; body proportions; paw appearance; and reference tail state, including a long tail, short tail, visible stump, or no visible tail. These identity features remain consistent as their screen projection changes with the cat's pose. The camera holds a perfectly Static Shot; perspective, focal length, subject scale, crop, focus, exposure, white balance, lighting, background, and floor appearance established by <Picture 1> remain fixed. Physical shadows stay grounded and respond coherently to contact and weight transfer. The cat remains fully inside the frame with clear margins. The clean frame contains only the cat and one transient wool ball defined in the motion path; only this prop unit and its associated contact shadow may cross a frame boundary along the specified entry or exit path. During 0.00–0.20 seconds, the cat holds its initial seated pose. At 0.20 seconds, one small, tightly wound matte wool ball enters from the viewer's left and rolls left-to-right along a straight path on the foreground floor, with visible rotation and one attached contact shadow. From 0.35 to 0.85 seconds, the cat's eyes track first and the head follows with one small turn; the body transfers a little weight onto the anatomical left front paw on the viewer's right while the anatomical right front paw on the viewer's left lifts. From 0.85 to 1.40 seconds, that lifted paw reaches in one compact arc and its pads meet the top of the ball, causing the ball to decelerate to a brief stop while retaining its size, round boundary and visibility. From 1.50 to 1.85 seconds, the same paw gives one short controlled nudge toward the viewer's right while beginning to retract. The ball resumes rolling at lower speed and, together with its contact shadow, exits completely beyond the viewer's right edge by 2.60 seconds. The cat keeps its eyes on the moving ball and lets its head follow the resumed roll, with the active paw landing comfortably by 2.60 seconds. The ball remains one distinct object during floor contact and brief paw contact, preserving a clear boundary from the paw and any visible tail. By 2.70 seconds, the cat is balanced on both front paws and still looks toward the departing ball; this attentive posture continues through 3.00 seconds. From 3.00 to 4.00 seconds, the ball stays outside the frame and the cat maintains this comfortable posture with faint breathing. No person or hand enters.

overall_soundscape: A soft wool ball rolls across the floor from left to right, slows under one muted paw contact, then resumes with a quieter roll before leaving the frame by 2.60 seconds. One light paw-pad landing accompanies the release of the ball; after 2.70 seconds, only steady studio room tone and faint breathing remain.

non_diegetic_music: N/A
",063,38,04,10027,38_04_10027
cat_ids/38.png,"For the target video, at 0.00 seconds into the target video, <Picture 1> (from [Shot 1]) is fully referenced.

integrated_multimodal_description: [Shot 1] Live-action, photorealistic studio pet footage. This is one continuous four-second shot. A locked camera matching the reference perspective frames a medium full-body, front-facing portrait. At 0.00 seconds, the cat starts from <Picture 1>. Throughout the shot, preserve the same cat's facial proportions; each anatomical eye's reference color; exact ear morphology; coat or skin-surface texture; intrinsic marking topology; body proportions; paw appearance; and reference tail state, including a long tail, short tail, visible stump, or no visible tail. These identity features remain consistent as their screen projection changes with the cat's pose. The camera holds a perfectly Static Shot; perspective, focal length, subject scale, crop, focus, exposure, white balance, lighting, background, and floor appearance established by <Picture 1> remain fixed. Physical shadows stay grounded and respond coherently to contact and weight transfer. The cat remains fully inside the frame with clear margins. The clean frame contains only the cat and one transient wool ball defined in the motion path; only this prop unit and its associated contact shadow may cross a frame boundary along the specified entry or exit path. During 0.00–0.20 seconds, the cat holds its initial seated pose. At 0.20 seconds, one small, tightly wound matte wool ball enters from the viewer's right and rolls right-to-left along a straight path on the foreground floor, with visible rotation and one attached contact shadow. From 0.35 to 0.85 seconds, the cat's eyes track first and the head follows with one small turn; the body transfers a little weight onto the anatomical right front paw on the viewer's left while the anatomical left front paw on the viewer's right lifts. From 0.85 to 1.40 seconds, that lifted paw reaches in one compact arc and its pads meet the top of the ball, causing the ball to decelerate to a brief stop while retaining its size, round boundary and visibility. From 1.50 to 1.85 seconds, the same paw gives one short controlled nudge toward the viewer's left while beginning to retract. The ball resumes rolling at lower speed and, together with its contact shadow, exits completely beyond the viewer's left edge by 2.60 seconds. The cat keeps its eyes on the moving ball and lets its head follow the resumed roll, with the active paw landing comfortably by 2.60 seconds. The ball remains one distinct object during floor contact and brief paw contact, preserving a clear boundary from the paw and any visible tail. By 2.70 seconds, the cat is balanced on both front paws and still looks toward the departing ball; this attentive posture continues through 3.00 seconds. From 3.00 to 4.00 seconds, the ball stays outside the frame and the cat maintains this comfortable posture with faint breathing. No person or hand enters.

overall_soundscape: A soft wool ball rolls across the floor from right to left, slows under one muted paw contact, then resumes with a quieter roll before leaving the frame by 2.60 seconds. One light paw-pad landing accompanies the release of the ball; after 2.70 seconds, only steady studio room tone and faint breathing remain.

non_diegetic_music: N/A
",064,38,05,10028,38_05_10028
cat_ids/38.png,"For the target video, at 0.00 seconds into the target video, <Picture 1> (from [Shot 1]) is fully referenced.

integrated_multimodal_description: [Shot 1] Live-action, photorealistic studio pet footage. A static medium full-body shot begins with the seated cat and scene in <Picture 1>. This is one continuous four-second shot. The cat lowers onto its anatomical left side, on the viewer's right from the opening pose, rolls belly-up and then makes one clearly visible air swat with its anatomical right front paw. From 0.00 to 0.40 seconds, it shifts weight toward the viewer's right, bends the left elbow and lowers the left shoulder. The head and chest travel down toward that same side of the image while the left hip settles nearby. From 0.40 to 1.20 seconds, the left shoulder and flank make gentle floor contact first, then the shoulders and pelvis roll together from that side onto the back. The head settles toward the viewer's right of the hips, so the sideways descent stays clear and continuous. The cat remains fully inside the original frame. By 1.30 seconds, the back is supported by the floor, the belly faces upward and is clearly visible to the camera, both front paws are bent above the chest and the hind legs rest loosely folded. The anatomical right front paw is now the active waving paw. From 1.35 to 1.80 seconds, its elbow extends and the paw travels roughly two paw-lengths out of its initial curled position, visibly away from the chest, leaving a clear gap between the paw and the body. From 1.80 to 2.15 seconds, this raised paw sweeps through a short, clearly visible arc in the air above the belly. From 2.15 to 2.55 seconds, the elbow bends and the paw curls back toward the chest, completing one distinct lift, sweep and return. The other forepaw stays loosely bent, and the body remains belly-up throughout this air swat. The eyes soften and make a small gaze adjustment as the paw returns; the head rests comfortably against the floor. By 2.70 seconds, the swat is complete and the cat is relaxed belly-up with loosely curled paws and gentle breathing; this pose continues through 3.00 seconds. The cat initiates the movement itself, and no person or hand appears. From 3.00 to 4.00 seconds, the cat maintains the posture reached by 2.70 seconds, with only faint breathing and tiny settling movements. Preserve the individual cat's facial proportions, each eye's reference color, coat or bare-skin appearance, markings, ear type and existing tail anatomy as the pose changes. Keep the reference framing, background, floor and lighting consistent, with grounded shadows following the cat's movement. The cat is alone and the surrounding floor stays clear. 

overall_soundscape: Soft paw shifts and a gentle shoulder-and-flank contact accompany the early sideways descent and roll. A light surface movement accompanies the small body adjustment during the air swat, with no impact sound from the raised paw. Movement sounds finish by 2.70 seconds; faint breathing continues over quiet studio room tone.

non_diegetic_music: N/A
",065,38,06,10029,38_06_10029
cat_ids/38.png,"For the target video, at 0.00 seconds into the target video, <Picture 1> (from [Shot 1]) is fully referenced.

integrated_multimodal_description: [Shot 1] Live-action, photorealistic studio pet footage. A static medium full-body shot begins with the seated cat and scene in <Picture 1>. This is one continuous four-second shot. The cat lowers onto its anatomical right side, on the viewer's left from the opening pose, rolls belly-up and then makes one clearly visible air swat with its anatomical left front paw. From 0.00 to 0.40 seconds, it shifts weight toward the viewer's left, bends the right elbow and lowers the right shoulder. The head and chest travel down toward that same side of the image while the right hip settles nearby. From 0.40 to 1.20 seconds, the right shoulder and flank make gentle floor contact first, then the shoulders and pelvis roll together from that side onto the back. The head settles toward the viewer's left of the hips, so the sideways descent stays clear and continuous. The cat remains fully inside the original frame. By 1.30 seconds, the back is supported by the floor, the belly faces upward and is clearly visible to the camera, both front paws are bent above the chest and the hind legs rest loosely folded. The anatomical left front paw is now the active waving paw. From 1.35 to 1.80 seconds, its elbow extends and the paw travels roughly two paw-lengths out of its initial curled position, visibly away from the chest, leaving a clear gap between the paw and the body. From 1.80 to 2.15 seconds, this raised paw sweeps through a short, clearly visible arc in the air above the belly. From 2.15 to 2.55 seconds, the elbow bends and the paw curls back toward the chest, completing one distinct lift, sweep and return. The other forepaw stays loosely bent, and the body remains belly-up throughout this air swat. The eyes soften and make a small gaze adjustment as the paw returns; the head rests comfortably against the floor. By 2.70 seconds, the swat is complete and the cat is relaxed belly-up with loosely curled paws and gentle breathing; this pose continues through 3.00 seconds. The cat initiates the movement itself, and no person or hand appears. From 3.00 to 4.00 seconds, the cat maintains the posture reached by 2.70 seconds, with only faint breathing and tiny settling movements. Preserve the individual cat's facial proportions, each eye's reference color, coat or bare-skin appearance, markings, ear type and existing tail anatomy as the pose changes. Keep the reference framing, background, floor and lighting consistent, with grounded shadows following the cat's movement. The cat is alone and the surrounding floor stays clear. 

overall_soundscape: Soft paw shifts and a gentle shoulder-and-flank contact accompany the early sideways descent and roll. A light surface movement accompanies the small body adjustment during the air swat, with no impact sound from the raised paw. Movement sounds finish by 2.70 seconds; faint breathing continues over quiet studio room tone.

non_diegetic_music: N/A
",066,38,07,10030,38_07_10030
cat_ids/38.png,"For the target video, at 0.00 seconds into the target video, <Picture 1> (from [Shot 1]) is fully referenced.

integrated_multimodal_description: [Shot 1] Live-action, photorealistic studio pet footage. A static medium full-body shot begins with the seated cat and scene in <Picture 1>. This is one continuous four-second shot. The cat calmly grooms its anatomical left front paw, on the viewer's right in the opening pose. From 0.00 to 0.60 seconds, it shifts weight onto its anatomical right front paw and the seated hindquarters, lifts the active paw toward the mouth and lowers the head slightly to meet it. The eyes soften as the paw rises in a small comfortable arc. From 0.70 to 1.00 seconds, the tongue extends, makes one clear lick across the raised paw and retracts fully. After a brief pause, from 1.20 to 1.50 seconds, it makes a second visible lick and retracts again. The paw stays distinct from the muzzle, with a small natural wrist adjustment between the contacts. From 1.60 to 2.40 seconds, the mouth closes, the head rises slightly and the paw lowers comfortably onto the floor. By 2.70 seconds, the shoulders have resettled and the eyes glance gently toward the freshly groomed paw. Through 3.00 seconds, the cat remains seated with this relaxed head angle and soft breathing. From 3.00 to 4.00 seconds, the cat maintains the posture reached by 2.70 seconds, with only faint breathing and tiny settling movements. Preserve the individual cat's facial proportions, each eye's reference color, coat or bare-skin appearance, markings, ear type and existing tail anatomy as the pose changes. Keep the reference framing, background, floor and lighting consistent, with grounded shadows following the cat's movement. The cat is alone and the surrounding floor stays clear. 

overall_soundscape: Two quiet wet licking sounds accompany the two tongue contacts before 1.50 seconds. A faint body movement and soft paw-pad landing finish by 2.70 seconds, followed by quiet room tone and breathing.

non_diegetic_music: N/A
",067,38,08,10031,38_08_10031
cat_ids/38.png,"For the target video, at 0.00 seconds into the target video, <Picture 1> (from [Shot 1]) is fully referenced.

integrated_multimodal_description: [Shot 1] Live-action, photorealistic studio pet footage. A static medium full-body shot begins with the seated cat and scene in <Picture 1>. This is one continuous four-second shot. The cat calmly grooms its anatomical right front paw, on the viewer's left in the opening pose. From 0.00 to 0.60 seconds, it shifts weight onto its anatomical left front paw and the seated hindquarters, lifts the active paw toward the mouth and lowers the head slightly to meet it. The eyes soften as the paw rises in a small comfortable arc. From 0.70 to 1.00 seconds, the tongue extends, makes one clear lick across the raised paw and retracts fully. After a brief pause, from 1.20 to 1.50 seconds, it makes a second visible lick and retracts again. The paw stays distinct from the muzzle, with a small natural wrist adjustment between the contacts. From 1.60 to 2.40 seconds, the mouth closes, the head rises slightly and the paw lowers comfortably onto the floor. By 2.70 seconds, the shoulders have resettled and the eyes glance gently toward the freshly groomed paw. Through 3.00 seconds, the cat remains seated with this relaxed head angle and soft breathing. From 3.00 to 4.00 seconds, the cat maintains the posture reached by 2.70 seconds, with only faint breathing and tiny settling movements. Preserve the individual cat's facial proportions, each eye's reference color, coat or bare-skin appearance, markings, ear type and existing tail anatomy as the pose changes. Keep the reference framing, background, floor and lighting consistent, with grounded shadows following the cat's movement. The cat is alone and the surrounding floor stays clear. 

overall_soundscape: Two quiet wet licking sounds accompany the two tongue contacts before 1.50 seconds. A faint body movement and soft paw-pad landing finish by 2.70 seconds, followed by quiet room tone and breathing.

non_diegetic_music: N/A
",068,38,09,10032,38_09_10032
cat_ids/38.png,"For the target video, at 0.00 seconds into the target video, <Picture 1> (from [Shot 1]) is fully referenced.

integrated_multimodal_description: [Shot 1] Live-action, photorealistic studio pet footage. A static medium full-body shot begins with the seated cat and scene in <Picture 1>. This is one continuous four-second shot. The cat eats one small mouthful of dry cat food at a comfortable pace. From 0.00 to 0.45 seconds, one shallow plain dish containing a small portion of food slides gently into view from the bottom edge along the floor and slows to a complete stop just ahead of the front paws, within comfortable reach. As it arrives, the cat looks down and begins lowering its head. From 0.45 to 1.05 seconds, the head lowers smoothly to the dish and the cat briefly sniffs just above the food; the ears make a small attentive adjustment. From 1.05 to 1.35 seconds, it takes one small mouthful and lifts its muzzle slightly clear of the food. From 1.35 to 2.50 seconds, it chews in a few small jaw movements with comfortable pauses, soft eyelids and subtle neck adjustments. By 2.70 seconds, the small mouthful is finished and the cat rests with its mouth closed and its head still comfortably lowered near the dish. This relaxed meal-side posture continues through 3.00 seconds, with the dish and remaining food staying in place. The dish keeps its shape and grounded contact shadow throughout. From 3.00 to 4.00 seconds, the cat maintains the posture reached by 2.70 seconds, with only faint breathing and tiny settling movements. Preserve the individual cat's facial proportions, each eye's reference color, coat or bare-skin appearance, markings, ear type and existing tail anatomy as the pose changes. Keep the reference framing, background, floor and lighting consistent, with grounded shadows following the cat's movement. Only the cat and this single dish of food occupy the scene. No person or hand enters.

overall_soundscape: A soft dish slide is heard at the start, followed by a faint sniff. A few small dry crunches accompany chewing between 1.35 and 2.50 seconds; after 2.70 seconds, only quiet studio ambience and faint breathing remain.

non_diegetic_music: N/A
",069,38,10,10033,38_10_10033
cat_ids/38.png,"For the target video, at 0.00 seconds into the target video, <Picture 1> (from [Shot 1]) is fully referenced.

integrated_multimodal_description: [Shot 1] Live-action, photorealistic studio pet footage. A static medium full-body shot begins with the seated cat and scene in <Picture 1>. This is one continuous four-second shot. The cat folds down into a compact curled sleeping pose, turning its head and shoulders toward its anatomical left, the viewer's right from the opening pose. From 0.00 to 0.40 seconds, the eyelids grow heavy, the chin dips and the front paws make small inward adjustments directly beneath the chest. From 0.40 to 1.50 seconds, both elbows fold and the chest descends toward the gathered paws. At the same time, the hindquarters lower beside the chest, the hind legs tuck inward and the spine curves into a small C shape. The shoulders and hips draw together into one compact oval footprint, with the belly facing the floor and the flank resting gently against it. The forepaws remain gathered under the face, and the existing tail settles beside the hindquarters. From 1.50 to 2.30 seconds, the cat rests its chin on the gathered front paws near the viewer's right side of the curled shape and closes its eyes completely. By 2.70 seconds, the head is resting, the shoulders are relaxed and the cat is comfortably curled up. From 2.70 to 3.00 seconds, it remains in this sleeping pose with closed eyes and a small, steady rise and fall of the flank. From 3.00 to 4.00 seconds, the cat maintains the posture reached by 2.70 seconds, with only faint breathing and tiny settling movements. Preserve the individual cat's facial proportions, each eye's reference color, coat or bare-skin appearance, markings, ear type and existing tail anatomy as the pose changes. Keep the reference framing, background, floor and lighting consistent, with grounded shadows following the cat's movement. The cat is alone and the surrounding floor stays clear. 

overall_soundscape: Small paw adjustments and a soft body contact accompany the descent. The movement sounds finish by 2.70 seconds, leaving calm, faint breathing over quiet studio room tone during the sleeping hold.

non_diegetic_music: N/A
",070,38,11,10034,38_11_10034
cat_ids/38.png,"For the target video, at 0.00 seconds into the target video, <Picture 1> (from [Shot 1]) is fully referenced.

integrated_multimodal_description: [Shot 1] Live-action, photorealistic studio pet footage. A static medium full-body shot begins with the seated cat and scene in <Picture 1>. This is one continuous four-second shot. The cat folds down into a compact curled sleeping pose, turning its head and shoulders toward its anatomical right, the viewer's left from the opening pose. From 0.00 to 0.40 seconds, the eyelids grow heavy, the chin dips and the front paws make small inward adjustments directly beneath the chest. From 0.40 to 1.50 seconds, both elbows fold and the chest descends toward the gathered paws. At the same time, the hindquarters lower beside the chest, the hind legs tuck inward and the spine curves into a small C shape. The shoulders and hips draw together into one compact oval footprint, with the belly facing the floor and the flank resting gently against it. The forepaws remain gathered under the face, and the existing tail settles beside the hindquarters. From 1.50 to 2.30 seconds, the cat rests its chin on the gathered front paws near the viewer's left side of the curled shape and closes its eyes completely. By 2.70 seconds, the head is resting, the shoulders are relaxed and the cat is comfortably curled up. From 2.70 to 3.00 seconds, it remains in this sleeping pose with closed eyes and a small, steady rise and fall of the flank. From 3.00 to 4.00 seconds, the cat maintains the posture reached by 2.70 seconds, with only faint breathing and tiny settling movements. Preserve the individual cat's facial proportions, each eye's reference color, coat or bare-skin appearance, markings, ear type and existing tail anatomy as the pose changes. Keep the reference framing, background, floor and lighting consistent, with grounded shadows following the cat's movement. The cat is alone and the surrounding floor stays clear. 

overall_soundscape: Small paw adjustments and a soft body contact accompany the descent. The movement sounds finish by 2.70 seconds, leaving calm, faint breathing over quiet studio room tone during the sleeping hold.

non_diegetic_music: N/A
",071,38,12,10035,38_12_10035
cat_ids/00.png,"For the target video, at 0.00 seconds into the target video, <Picture 1> (from [Shot 1]) is fully referenced.

integrated_multimodal_description: [Shot 1] Live-action, photorealistic studio pet footage. This is one continuous four-second shot. A locked camera matching the reference perspective frames a medium full-body, front-facing portrait. At 0.00 seconds, the cat starts from <Picture 1>. Throughout the shot, preserve the same cat's facial proportions; each anatomical eye's reference color; exact ear morphology; coat or skin-surface texture; intrinsic marking topology; body proportions; paw appearance; and reference tail state, including a long tail, short tail, visible stump, or no visible tail. These identity features remain consistent as their screen projection changes with the cat's pose. The camera holds a perfectly Static Shot; perspective, focal length, subject scale, crop, focus, exposure, white balance, lighting, background, and floor appearance established by <Picture 1> remain fixed. Physical shadows stay grounded and respond coherently to contact and weight transfer. The cat remains fully inside the frame with clear margins, and the clean frame contains only the cat. During 0.00–0.40 seconds, the cat holds its initial seated pose. From 0.40 to 0.90 seconds, a barely perceptible inhale creates one minute local change in the lower-chest contour while the body does not translate and the overall seated pose, paws, hindquarters, head direction, ears, and reference tail state remain stable. At 0.95 seconds, both upper eyelids lower together and reopen by 1.20 seconds in one complete natural blink; the eyes keep the same color, shape, spacing, and forward gaze when open. From 1.20 to 2.70 seconds, the chest completes one gentle exhale and returns to its starting contour. By 2.70 seconds, the blink and gentle exhale are complete, with the eyes open and the cat comfortably seated. From 2.70 to 3.00 seconds, this quiet seated posture continues. From 3.00 to 4.00 seconds, the cat remains comfortably seated with only faint breathing and minute surface settling.

overall_soundscape: Steady quiet studio room tone with one very soft inhale and exhale from the cat, completed by 2.70 seconds. The cat does not vocalize; quiet room tone and faint breathing continue afterward.

non_diegetic_music: N/A
",072,00,01,20000,00_01_20000
cat_ids/00.png,"For the target video, at 0.00 seconds into the target video, <Picture 1> (from [Shot 1]) is fully referenced.

integrated_multimodal_description: [Shot 1] Live-action, photorealistic studio pet footage. A static medium full-body shot begins with the seated cat and scene in <Picture 1>. This is one continuous four-second shot. The main action is a brief outward tug and soft release of the cat's anatomical left ear, on the viewer's right in the opening pose. From 0.15 to 0.60 seconds, the ear tip is drawn a short distance diagonally outward and slightly upward toward the viewer's right, away from the crown. The tip leads, the upper ear follows in a small soft bend and the base stays attached. The ear keeps its normal length and characteristic reference shape. At the peak, the head follows by a tiny amount and the eyelids narrow briefly in a mild, relaxed reaction. At 0.65 seconds, the pull releases. The ear springs most of the way back by 1.10 seconds, then makes one much smaller settling movement, reaching its natural resting angle by 1.50 seconds. From 1.10 to 2.30 seconds, the head gently follows back, the eyes reopen comfortably and the shoulders soften with an exhale. By 2.70 seconds, the cat is seated and calmly attentive; through 3.00 seconds, it holds this relaxed posture with faint breathing. The tug is conveyed entirely by the ear movement and the cat's response; no person, hand or pulling device appears. From 3.00 to 4.00 seconds, the cat maintains the posture reached by 2.70 seconds, with only faint breathing and tiny settling movements. Preserve the individual cat's facial proportions, each eye's reference color, coat or bare-skin appearance, markings, ear type and existing tail anatomy as the pose changes. Keep the reference framing, background, floor and lighting consistent, with grounded shadows following the cat's movement. The cat is alone and the surrounding floor stays clear. 

overall_soundscape: Quiet studio ambience and faint breathing, with a soft incidental body movement as the head settles. Only breathing and room tone remain after 2.70 seconds.

non_diegetic_music: N/A
",073,00,02,20001,00_02_20001
cat_ids/00.png,"For the target video, at 0.00 seconds into the target video, <Picture 1> (from [Shot 1]) is fully referenced.

integrated_multimodal_description: [Shot 1] Live-action, photorealistic studio pet footage. A static medium full-body shot begins with the seated cat and scene in <Picture 1>. This is one continuous four-second shot. The main action is a brief outward tug and soft release of the cat's anatomical right ear, on the viewer's left in the opening pose. From 0.15 to 0.60 seconds, the ear tip is drawn a short distance diagonally outward and slightly upward toward the viewer's left, away from the crown. The tip leads, the upper ear follows in a small soft bend and the base stays attached. The ear keeps its normal length and characteristic reference shape. At the peak, the head follows by a tiny amount and the eyelids narrow briefly in a mild, relaxed reaction. At 0.65 seconds, the pull releases. The ear springs most of the way back by 1.10 seconds, then makes one much smaller settling movement, reaching its natural resting angle by 1.50 seconds. From 1.10 to 2.30 seconds, the head gently follows back, the eyes reopen comfortably and the shoulders soften with an exhale. By 2.70 seconds, the cat is seated and calmly attentive; through 3.00 seconds, it holds this relaxed posture with faint breathing. The tug is conveyed entirely by the ear movement and the cat's response; no person, hand or pulling device appears. From 3.00 to 4.00 seconds, the cat maintains the posture reached by 2.70 seconds, with only faint breathing and tiny settling movements. Preserve the individual cat's facial proportions, each eye's reference color, coat or bare-skin appearance, markings, ear type and existing tail anatomy as the pose changes. Keep the reference framing, background, floor and lighting consistent, with grounded shadows following the cat's movement. The cat is alone and the surrounding floor stays clear. 

overall_soundscape: Quiet studio ambience and faint breathing, with a soft incidental body movement as the head settles. Only breathing and room tone remain after 2.70 seconds.

non_diegetic_music: N/A
",074,00,03,20002,00_03_20002
cat_ids/00.png,"For the target video, at 0.00 seconds into the target video, <Picture 1> (from [Shot 1]) is fully referenced.

integrated_multimodal_description: [Shot 1] Live-action, photorealistic studio pet footage. This is one continuous four-second shot. A locked camera matching the reference perspective frames a medium full-body, front-facing portrait. At 0.00 seconds, the cat starts from <Picture 1>. Throughout the shot, preserve the same cat's facial proportions; each anatomical eye's reference color; exact ear morphology; coat or skin-surface texture; intrinsic marking topology; body proportions; paw appearance; and reference tail state, including a long tail, short tail, visible stump, or no visible tail. These identity features remain consistent as their screen projection changes with the cat's pose. The camera holds a perfectly Static Shot; perspective, focal length, subject scale, crop, focus, exposure, white balance, lighting, background, and floor appearance established by <Picture 1> remain fixed. Physical shadows stay grounded and respond coherently to contact and weight transfer. The cat remains fully inside the frame with clear margins. The clean frame contains only the cat and one transient wool ball defined in the motion path; only this prop unit and its associated contact shadow may cross a frame boundary along the specified entry or exit path. During 0.00–0.20 seconds, the cat holds its initial seated pose. At 0.20 seconds, one small, tightly wound matte wool ball enters from the viewer's left and rolls left-to-right along a straight path on the foreground floor, with visible rotation and one attached contact shadow. From 0.35 to 0.85 seconds, the cat's eyes track first and the head follows with one small turn; the body transfers a little weight onto the anatomical left front paw on the viewer's right while the anatomical right front paw on the viewer's left lifts. From 0.85 to 1.40 seconds, that lifted paw reaches in one compact arc and its pads meet the top of the ball, causing the ball to decelerate to a brief stop while retaining its size, round boundary and visibility. From 1.50 to 1.85 seconds, the same paw gives one short controlled nudge toward the viewer's right while beginning to retract. The ball resumes rolling at lower speed and, together with its contact shadow, exits completely beyond the viewer's right edge by 2.60 seconds. The cat keeps its eyes on the moving ball and lets its head follow the resumed roll, with the active paw landing comfortably by 2.60 seconds. The ball remains one distinct object during floor contact and brief paw contact, preserving a clear boundary from the paw and any visible tail. By 2.70 seconds, the cat is balanced on both front paws and still looks toward the departing ball; this attentive posture continues through 3.00 seconds. From 3.00 to 4.00 seconds, the ball stays outside the frame and the cat maintains this comfortable posture with faint breathing. No person or hand enters.

overall_soundscape: A soft wool ball rolls across the floor from left to right, slows under one muted paw contact, then resumes with a quieter roll before leaving the frame by 2.60 seconds. One light paw-pad landing accompanies the release of the ball; after 2.70 seconds, only steady studio room tone and faint breathing remain.

non_diegetic_music: N/A
",075,00,04,20003,00_04_20003
cat_ids/00.png,"For the target video, at 0.00 seconds into the target video, <Picture 1> (from [Shot 1]) is fully referenced.

integrated_multimodal_description: [Shot 1] Live-action, photorealistic studio pet footage. This is one continuous four-second shot. A locked camera matching the reference perspective frames a medium full-body, front-facing portrait. At 0.00 seconds, the cat starts from <Picture 1>. Throughout the shot, preserve the same cat's facial proportions; each anatomical eye's reference color; exact ear morphology; coat or skin-surface texture; intrinsic marking topology; body proportions; paw appearance; and reference tail state, including a long tail, short tail, visible stump, or no visible tail. These identity features remain consistent as their screen projection changes with the cat's pose. The camera holds a perfectly Static Shot; perspective, focal length, subject scale, crop, focus, exposure, white balance, lighting, background, and floor appearance established by <Picture 1> remain fixed. Physical shadows stay grounded and respond coherently to contact and weight transfer. The cat remains fully inside the frame with clear margins. The clean frame contains only the cat and one transient wool ball defined in the motion path; only this prop unit and its associated contact shadow may cross a frame boundary along the specified entry or exit path. During 0.00–0.20 seconds, the cat holds its initial seated pose. At 0.20 seconds, one small, tightly wound matte wool ball enters from the viewer's right and rolls right-to-left along a straight path on the foreground floor, with visible rotation and one attached contact shadow. From 0.35 to 0.85 seconds, the cat's eyes track first and the head follows with one small turn; the body transfers a little weight onto the anatomical right front paw on the viewer's left while the anatomical left front paw on the viewer's right lifts. From 0.85 to 1.40 seconds, that lifted paw reaches in one compact arc and its pads meet the top of the ball, causing the ball to decelerate to a brief stop while retaining its size, round boundary and visibility. From 1.50 to 1.85 seconds, the same paw gives one short controlled nudge toward the viewer's left while beginning to retract. The ball resumes rolling at lower speed and, together with its contact shadow, exits completely beyond the viewer's left edge by 2.60 seconds. The cat keeps its eyes on the moving ball and lets its head follow the resumed roll, with the active paw landing comfortably by 2.60 seconds. The ball remains one distinct object during floor contact and brief paw contact, preserving a clear boundary from the paw and any visible tail. By 2.70 seconds, the cat is balanced on both front paws and still looks toward the departing ball; this attentive posture continues through 3.00 seconds. From 3.00 to 4.00 seconds, the ball stays outside the frame and the cat maintains this comfortable posture with faint breathing. No person or hand enters.

overall_soundscape: A soft wool ball rolls across the floor from right to left, slows under one muted paw contact, then resumes with a quieter roll before leaving the frame by 2.60 seconds. One light paw-pad landing accompanies the release of the ball; after 2.70 seconds, only steady studio room tone and faint breathing remain.

non_diegetic_music: N/A
",076,00,05,20004,00_05_20004
cat_ids/00.png,"For the target video, at 0.00 seconds into the target video, <Picture 1> (from [Shot 1]) is fully referenced.

integrated_multimodal_description: [Shot 1] Live-action, photorealistic studio pet footage. A static medium full-body shot begins with the seated cat and scene in <Picture 1>. This is one continuous four-second shot. The cat lowers onto its anatomical left side, on the viewer's right from the opening pose, rolls belly-up and then makes one clearly visible air swat with its anatomical right front paw. From 0.00 to 0.40 seconds, it shifts weight toward the viewer's right, bends the left elbow and lowers the left shoulder. The head and chest travel down toward that same side of the image while the left hip settles nearby. From 0.40 to 1.20 seconds, the left shoulder and flank make gentle floor contact first, then the shoulders and pelvis roll together from that side onto the back. The head settles toward the viewer's right of the hips, so the sideways descent stays clear and continuous. The cat remains fully inside the original frame. By 1.30 seconds, the back is supported by the floor, the belly faces upward and is clearly visible to the camera, both front paws are bent above the chest and the hind legs rest loosely folded. The anatomical right front paw is now the active waving paw. From 1.35 to 1.80 seconds, its elbow extends and the paw travels roughly two paw-lengths out of its initial curled position, visibly away from the chest, leaving a clear gap between the paw and the body. From 1.80 to 2.15 seconds, this raised paw sweeps through a short, clearly visible arc in the air above the belly. From 2.15 to 2.55 seconds, the elbow bends and the paw curls back toward the chest, completing one distinct lift, sweep and return. The other forepaw stays loosely bent, and the body remains belly-up throughout this air swat. The eyes soften and make a small gaze adjustment as the paw returns; the head rests comfortably against the floor. By 2.70 seconds, the swat is complete and the cat is relaxed belly-up with loosely curled paws and gentle breathing; this pose continues through 3.00 seconds. The cat initiates the movement itself, and no person or hand appears. From 3.00 to 4.00 seconds, the cat maintains the posture reached by 2.70 seconds, with only faint breathing and tiny settling movements. Preserve the individual cat's facial proportions, each eye's reference color, coat or bare-skin appearance, markings, ear type and existing tail anatomy as the pose changes. Keep the reference framing, background, floor and lighting consistent, with grounded shadows following the cat's movement. The cat is alone and the surrounding floor stays clear. 

overall_soundscape: Soft paw shifts and a gentle shoulder-and-flank contact accompany the early sideways descent and roll. A light surface movement accompanies the small body adjustment during the air swat, with no impact sound from the raised paw. Movement sounds finish by 2.70 seconds; faint breathing continues over quiet studio room tone.

non_diegetic_music: N/A
",077,00,06,20005,00_06_20005
cat_ids/00.png,"For the target video, at 0.00 seconds into the target video, <Picture 1> (from [Shot 1]) is fully referenced.

integrated_multimodal_description: [Shot 1] Live-action, photorealistic studio pet footage. A static medium full-body shot begins with the seated cat and scene in <Picture 1>. This is one continuous four-second shot. The cat lowers onto its anatomical right side, on the viewer's left from the opening pose, rolls belly-up and then makes one clearly visible air swat with its anatomical left front paw. From 0.00 to 0.40 seconds, it shifts weight toward the viewer's left, bends the right elbow and lowers the right shoulder. The head and chest travel down toward that same side of the image while the right hip settles nearby. From 0.40 to 1.20 seconds, the right shoulder and flank make gentle floor contact first, then the shoulders and pelvis roll together from that side onto the back. The head settles toward the viewer's left of the hips, so the sideways descent stays clear and continuous. The cat remains fully inside the original frame. By 1.30 seconds, the back is supported by the floor, the belly faces upward and is clearly visible to the camera, both front paws are bent above the chest and the hind legs rest loosely folded. The anatomical left front paw is now the active waving paw. From 1.35 to 1.80 seconds, its elbow extends and the paw travels roughly two paw-lengths out of its initial curled position, visibly away from the chest, leaving a clear gap between the paw and the body. From 1.80 to 2.15 seconds, this raised paw sweeps through a short, clearly visible arc in the air above the belly. From 2.15 to 2.55 seconds, the elbow bends and the paw curls back toward the chest, completing one distinct lift, sweep and return. The other forepaw stays loosely bent, and the body remains belly-up throughout this air swat. The eyes soften and make a small gaze adjustment as the paw returns; the head rests comfortably against the floor. By 2.70 seconds, the swat is complete and the cat is relaxed belly-up with loosely curled paws and gentle breathing; this pose continues through 3.00 seconds. The cat initiates the movement itself, and no person or hand appears. From 3.00 to 4.00 seconds, the cat maintains the posture reached by 2.70 seconds, with only faint breathing and tiny settling movements. Preserve the individual cat's facial proportions, each eye's reference color, coat or bare-skin appearance, markings, ear type and existing tail anatomy as the pose changes. Keep the reference framing, background, floor and lighting consistent, with grounded shadows following the cat's movement. The cat is alone and the surrounding floor stays clear. 

overall_soundscape: Soft paw shifts and a gentle shoulder-and-flank contact accompany the early sideways descent and roll. A light surface movement accompanies the small body adjustment during the air swat, with no impact sound from the raised paw. Movement sounds finish by 2.70 seconds; faint breathing continues over quiet studio room tone.

non_diegetic_music: N/A
",078,00,07,20006,00_07_20006
cat_ids/00.png,"For the target video, at 0.00 seconds into the target video, <Picture 1> (from [Shot 1]) is fully referenced.

integrated_multimodal_description: [Shot 1] Live-action, photorealistic studio pet footage. A static medium full-body shot begins with the seated cat and scene in <Picture 1>. This is one continuous four-second shot. The cat calmly grooms its anatomical left front paw, on the viewer's right in the opening pose. From 0.00 to 0.60 seconds, it shifts weight onto its anatomical right front paw and the seated hindquarters, lifts the active paw toward the mouth and lowers the head slightly to meet it. The eyes soften as the paw rises in a small comfortable arc. From 0.70 to 1.00 seconds, the tongue extends, makes one clear lick across the raised paw and retracts fully. After a brief pause, from 1.20 to 1.50 seconds, it makes a second visible lick and retracts again. The paw stays distinct from the muzzle, with a small natural wrist adjustment between the contacts. From 1.60 to 2.40 seconds, the mouth closes, the head rises slightly and the paw lowers comfortably onto the floor. By 2.70 seconds, the shoulders have resettled and the eyes glance gently toward the freshly groomed paw. Through 3.00 seconds, the cat remains seated with this relaxed head angle and soft breathing. From 3.00 to 4.00 seconds, the cat maintains the posture reached by 2.70 seconds, with only faint breathing and tiny settling movements. Preserve the individual cat's facial proportions, each eye's reference color, coat or bare-skin appearance, markings, ear type and existing tail anatomy as the pose changes. Keep the reference framing, background, floor and lighting consistent, with grounded shadows following the cat's movement. The cat is alone and the surrounding floor stays clear. 

overall_soundscape: Two quiet wet licking sounds accompany the two tongue contacts before 1.50 seconds. A faint body movement and soft paw-pad landing finish by 2.70 seconds, followed by quiet room tone and breathing.

non_diegetic_music: N/A
",079,00,08,20007,00_08_20007
cat_ids/00.png,"For the target video, at 0.00 seconds into the target video, <Picture 1> (from [Shot 1]) is fully referenced.

integrated_multimodal_description: [Shot 1] Live-action, photorealistic studio pet footage. A static medium full-body shot begins with the seated cat and scene in <Picture 1>. This is one continuous four-second shot. The cat calmly grooms its anatomical right front paw, on the viewer's left in the opening pose. From 0.00 to 0.60 seconds, it shifts weight onto its anatomical left front paw and the seated hindquarters, lifts the active paw toward the mouth and lowers the head slightly to meet it. The eyes soften as the paw rises in a small comfortable arc. From 0.70 to 1.00 seconds, the tongue extends, makes one clear lick across the raised paw and retracts fully. After a brief pause, from 1.20 to 1.50 seconds, it makes a second visible lick and retracts again. The paw stays distinct from the muzzle, with a small natural wrist adjustment between the contacts. From 1.60 to 2.40 seconds, the mouth closes, the head rises slightly and the paw lowers comfortably onto the floor. By 2.70 seconds, the shoulders have resettled and the eyes glance gently toward the freshly groomed paw. Through 3.00 seconds, the cat remains seated with this relaxed head angle and soft breathing. From 3.00 to 4.00 seconds, the cat maintains the posture reached by 2.70 seconds, with only faint breathing and tiny settling movements. Preserve the individual cat's facial proportions, each eye's reference color, coat or bare-skin appearance, markings, ear type and existing tail anatomy as the pose changes. Keep the reference framing, background, floor and lighting consistent, with grounded shadows following the cat's movement. The cat is alone and the surrounding floor stays clear. 

overall_soundscape: Two quiet wet licking sounds accompany the two tongue contacts before 1.50 seconds. A faint body movement and soft paw-pad landing finish by 2.70 seconds, followed by quiet room tone and breathing.

non_diegetic_music: N/A
",080,00,09,20008,00_09_20008
cat_ids/00.png,"For the target video, at 0.00 seconds into the target video, <Picture 1> (from [Shot 1]) is fully referenced.

integrated_multimodal_description: [Shot 1] Live-action, photorealistic studio pet footage. A static medium full-body shot begins with the seated cat and scene in <Picture 1>. This is one continuous four-second shot. The cat eats one small mouthful of dry cat food at a comfortable pace. From 0.00 to 0.45 seconds, one shallow plain dish containing a small portion of food slides gently into view from the bottom edge along the floor and slows to a complete stop just ahead of the front paws, within comfortable reach. As it arrives, the cat looks down and begins lowering its head. From 0.45 to 1.05 seconds, the head lowers smoothly to the dish and the cat briefly sniffs just above the food; the ears make a small attentive adjustment. From 1.05 to 1.35 seconds, it takes one small mouthful and lifts its muzzle slightly clear of the food. From 1.35 to 2.50 seconds, it chews in a few small jaw movements with comfortable pauses, soft eyelids and subtle neck adjustments. By 2.70 seconds, the small mouthful is finished and the cat rests with its mouth closed and its head still comfortably lowered near the dish. This relaxed meal-side posture continues through 3.00 seconds, with the dish and remaining food staying in place. The dish keeps its shape and grounded contact shadow throughout. From 3.00 to 4.00 seconds, the cat maintains the posture reached by 2.70 seconds, with only faint breathing and tiny settling movements. Preserve the individual cat's facial proportions, each eye's reference color, coat or bare-skin appearance, markings, ear type and existing tail anatomy as the pose changes. Keep the reference framing, background, floor and lighting consistent, with grounded shadows following the cat's movement. Only the cat and this single dish of food occupy the scene. No person or hand enters.

overall_soundscape: A soft dish slide is heard at the start, followed by a faint sniff. A few small dry crunches accompany chewing between 1.35 and 2.50 seconds; after 2.70 seconds, only quiet studio ambience and faint breathing remain.

non_diegetic_music: N/A
",081,00,10,20009,00_10_20009
cat_ids/00.png,"For the target video, at 0.00 seconds into the target video, <Picture 1> (from [Shot 1]) is fully referenced.

integrated_multimodal_description: [Shot 1] Live-action, photorealistic studio pet footage. A static medium full-body shot begins with the seated cat and scene in <Picture 1>. This is one continuous four-second shot. The cat folds down into a compact curled sleeping pose, turning its head and shoulders toward its anatomical left, the viewer's right from the opening pose. From 0.00 to 0.40 seconds, the eyelids grow heavy, the chin dips and the front paws make small inward adjustments directly beneath the chest. From 0.40 to 1.50 seconds, both elbows fold and the chest descends toward the gathered paws. At the same time, the hindquarters lower beside the chest, the hind legs tuck inward and the spine curves into a small C shape. The shoulders and hips draw together into one compact oval footprint, with the belly facing the floor and the flank resting gently against it. The forepaws remain gathered under the face, and the existing tail settles beside the hindquarters. From 1.50 to 2.30 seconds, the cat rests its chin on the gathered front paws near the viewer's right side of the curled shape and closes its eyes completely. By 2.70 seconds, the head is resting, the shoulders are relaxed and the cat is comfortably curled up. From 2.70 to 3.00 seconds, it remains in this sleeping pose with closed eyes and a small, steady rise and fall of the flank. From 3.00 to 4.00 seconds, the cat maintains the posture reached by 2.70 seconds, with only faint breathing and tiny settling movements. Preserve the individual cat's facial proportions, each eye's reference color, coat or bare-skin appearance, markings, ear type and existing tail anatomy as the pose changes. Keep the reference framing, background, floor and lighting consistent, with grounded shadows following the cat's movement. The cat is alone and the surrounding floor stays clear. 

overall_soundscape: Small paw adjustments and a soft body contact accompany the descent. The movement sounds finish by 2.70 seconds, leaving calm, faint breathing over quiet studio room tone during the sleeping hold.

non_diegetic_music: N/A
",082,00,11,20010,00_11_20010
cat_ids/00.png,"For the target video, at 0.00 seconds into the target video, <Picture 1> (from [Shot 1]) is fully referenced.

integrated_multimodal_description: [Shot 1] Live-action, photorealistic studio pet footage. A static medium full-body shot begins with the seated cat and scene in <Picture 1>. This is one continuous four-second shot. The cat folds down into a compact curled sleeping pose, turning its head and shoulders toward its anatomical right, the viewer's left from the opening pose. From 0.00 to 0.40 seconds, the eyelids grow heavy, the chin dips and the front paws make small inward adjustments directly beneath the chest. From 0.40 to 1.50 seconds, both elbows fold and the chest descends toward the gathered paws. At the same time, the hindquarters lower beside the chest, the hind legs tuck inward and the spine curves into a small C shape. The shoulders and hips draw together into one compact oval footprint, with the belly facing the floor and the flank resting gently against it. The forepaws remain gathered under the face, and the existing tail settles beside the hindquarters. From 1.50 to 2.30 seconds, the cat rests its chin on the gathered front paws near the viewer's left side of the curled shape and closes its eyes completely. By 2.70 seconds, the head is resting, the shoulders are relaxed and the cat is comfortably curled up. From 2.70 to 3.00 seconds, it remains in this sleeping pose with closed eyes and a small, steady rise and fall of the flank. From 3.00 to 4.00 seconds, the cat maintains the posture reached by 2.70 seconds, with only faint breathing and tiny settling movements. Preserve the individual cat's facial proportions, each eye's reference color, coat or bare-skin appearance, markings, ear type and existing tail anatomy as the pose changes. Keep the reference framing, background, floor and lighting consistent, with grounded shadows following the cat's movement. The cat is alone and the surrounding floor stays clear. 

overall_soundscape: Small paw adjustments and a soft body contact accompany the descent. The movement sounds finish by 2.70 seconds, leaving calm, faint breathing over quiet studio room tone during the sleeping hold.

non_diegetic_music: N/A
",083,00,12,20011,00_12_20011
cat_ids/02.png,"For the target video, at 0.00 seconds into the target video, <Picture 1> (from [Shot 1]) is fully referenced.

integrated_multimodal_description: [Shot 1] Live-action, photorealistic studio pet footage. This is one continuous four-second shot. A locked camera matching the reference perspective frames a medium full-body, front-facing portrait. At 0.00 seconds, the cat starts from <Picture 1>. Throughout the shot, preserve the same cat's facial proportions; each anatomical eye's reference color; exact ear morphology; coat or skin-surface texture; intrinsic marking topology; body proportions; paw appearance; and reference tail state, including a long tail, short tail, visible stump, or no visible tail. These identity features remain consistent as their screen projection changes with the cat's pose. The camera holds a perfectly Static Shot; perspective, focal length, subject scale, crop, focus, exposure, white balance, lighting, background, and floor appearance established by <Picture 1> remain fixed. Physical shadows stay grounded and respond coherently to contact and weight transfer. The cat remains fully inside the frame with clear margins, and the clean frame contains only the cat. During 0.00–0.40 seconds, the cat holds its initial seated pose. From 0.40 to 0.90 seconds, a barely perceptible inhale creates one minute local change in the lower-chest contour while the body does not translate and the overall seated pose, paws, hindquarters, head direction, ears, and reference tail state remain stable. At 0.95 seconds, both upper eyelids lower together and reopen by 1.20 seconds in one complete natural blink; the eyes keep the same color, shape, spacing, and forward gaze when open. From 1.20 to 2.70 seconds, the chest completes one gentle exhale and returns to its starting contour. By 2.70 seconds, the blink and gentle exhale are complete, with the eyes open and the cat comfortably seated. From 2.70 to 3.00 seconds, this quiet seated posture continues. From 3.00 to 4.00 seconds, the cat remains comfortably seated with only faint breathing and minute surface settling.

overall_soundscape: Steady quiet studio room tone with one very soft inhale and exhale from the cat, completed by 2.70 seconds. The cat does not vocalize; quiet room tone and faint breathing continue afterward.

non_diegetic_music: N/A
",084,02,01,20012,02_01_20012
cat_ids/02.png,"For the target video, at 0.00 seconds into the target video, <Picture 1> (from [Shot 1]) is fully referenced.

integrated_multimodal_description: [Shot 1] Live-action, photorealistic studio pet footage. A static medium full-body shot begins with the seated cat and scene in <Picture 1>. This is one continuous four-second shot. The main action is a brief outward tug and soft release of the cat's anatomical left ear, on the viewer's right in the opening pose. From 0.15 to 0.60 seconds, the ear tip is drawn a short distance diagonally outward and slightly upward toward the viewer's right, away from the crown. The tip leads, the upper ear follows in a small soft bend and the base stays attached. The ear keeps its normal length and characteristic reference shape. At the peak, the head follows by a tiny amount and the eyelids narrow briefly in a mild, relaxed reaction. At 0.65 seconds, the pull releases. The ear springs most of the way back by 1.10 seconds, then makes one much smaller settling movement, reaching its natural resting angle by 1.50 seconds. From 1.10 to 2.30 seconds, the head gently follows back, the eyes reopen comfortably and the shoulders soften with an exhale. By 2.70 seconds, the cat is seated and calmly attentive; through 3.00 seconds, it holds this relaxed posture with faint breathing. The tug is conveyed entirely by the ear movement and the cat's response; no person, hand or pulling device appears. From 3.00 to 4.00 seconds, the cat maintains the posture reached by 2.70 seconds, with only faint breathing and tiny settling movements. Preserve the individual cat's facial proportions, each eye's reference color, coat or bare-skin appearance, markings, ear type and existing tail anatomy as the pose changes. Keep the reference framing, background, floor and lighting consistent, with grounded shadows following the cat's movement. The cat is alone and the surrounding floor stays clear. 

overall_soundscape: Quiet studio ambience and faint breathing, with a soft incidental body movement as the head settles. Only breathing and room tone remain after 2.70 seconds.

non_diegetic_music: N/A
",085,02,02,20013,02_02_20013
cat_ids/02.png,"For the target video, at 0.00 seconds into the target video, <Picture 1> (from [Shot 1]) is fully referenced.

integrated_multimodal_description: [Shot 1] Live-action, photorealistic studio pet footage. A static medium full-body shot begins with the seated cat and scene in <Picture 1>. This is one continuous four-second shot. The main action is a brief outward tug and soft release of the cat's anatomical right ear, on the viewer's left in the opening pose. From 0.15 to 0.60 seconds, the ear tip is drawn a short distance diagonally outward and slightly upward toward the viewer's left, away from the crown. The tip leads, the upper ear follows in a small soft bend and the base stays attached. The ear keeps its normal length and characteristic reference shape. At the peak, the head follows by a tiny amount and the eyelids narrow briefly in a mild, relaxed reaction. At 0.65 seconds, the pull releases. The ear springs most of the way back by 1.10 seconds, then makes one much smaller settling movement, reaching its natural resting angle by 1.50 seconds. From 1.10 to 2.30 seconds, the head gently follows back, the eyes reopen comfortably and the shoulders soften with an exhale. By 2.70 seconds, the cat is seated and calmly attentive; through 3.00 seconds, it holds this relaxed posture with faint breathing. The tug is conveyed entirely by the ear movement and the cat's response; no person, hand or pulling device appears. From 3.00 to 4.00 seconds, the cat maintains the posture reached by 2.70 seconds, with only faint breathing and tiny settling movements. Preserve the individual cat's facial proportions, each eye's reference color, coat or bare-skin appearance, markings, ear type and existing tail anatomy as the pose changes. Keep the reference framing, background, floor and lighting consistent, with grounded shadows following the cat's movement. The cat is alone and the surrounding floor stays clear. 

overall_soundscape: Quiet studio ambience and faint breathing, with a soft incidental body movement as the head settles. Only breathing and room tone remain after 2.70 seconds.

non_diegetic_music: N/A
",086,02,03,20014,02_03_20014
cat_ids/02.png,"For the target video, at 0.00 seconds into the target video, <Picture 1> (from [Shot 1]) is fully referenced.

integrated_multimodal_description: [Shot 1] Live-action, photorealistic studio pet footage. This is one continuous four-second shot. A locked camera matching the reference perspective frames a medium full-body, front-facing portrait. At 0.00 seconds, the cat starts from <Picture 1>. Throughout the shot, preserve the same cat's facial proportions; each anatomical eye's reference color; exact ear morphology; coat or skin-surface texture; intrinsic marking topology; body proportions; paw appearance; and reference tail state, including a long tail, short tail, visible stump, or no visible tail. These identity features remain consistent as their screen projection changes with the cat's pose. The camera holds a perfectly Static Shot; perspective, focal length, subject scale, crop, focus, exposure, white balance, lighting, background, and floor appearance established by <Picture 1> remain fixed. Physical shadows stay grounded and respond coherently to contact and weight transfer. The cat remains fully inside the frame with clear margins. The clean frame contains only the cat and one transient wool ball defined in the motion path; only this prop unit and its associated contact shadow may cross a frame boundary along the specified entry or exit path. During 0.00–0.20 seconds, the cat holds its initial seated pose. At 0.20 seconds, one small, tightly wound matte wool ball enters from the viewer's left and rolls left-to-right along a straight path on the foreground floor, with visible rotation and one attached contact shadow. From 0.35 to 0.85 seconds, the cat's eyes track first and the head follows with one small turn; the body transfers a little weight onto the anatomical left front paw on the viewer's right while the anatomical right front paw on the viewer's left lifts. From 0.85 to 1.40 seconds, that lifted paw reaches in one compact arc and its pads meet the top of the ball, causing the ball to decelerate to a brief stop while retaining its size, round boundary and visibility. From 1.50 to 1.85 seconds, the same paw gives one short controlled nudge toward the viewer's right while beginning to retract. The ball resumes rolling at lower speed and, together with its contact shadow, exits completely beyond the viewer's right edge by 2.60 seconds. The cat keeps its eyes on the moving ball and lets its head follow the resumed roll, with the active paw landing comfortably by 2.60 seconds. The ball remains one distinct object during floor contact and brief paw contact, preserving a clear boundary from the paw and any visible tail. By 2.70 seconds, the cat is balanced on both front paws and still looks toward the departing ball; this attentive posture continues through 3.00 seconds. From 3.00 to 4.00 seconds, the ball stays outside the frame and the cat maintains this comfortable posture with faint breathing. No person or hand enters.

overall_soundscape: A soft wool ball rolls across the floor from left to right, slows under one muted paw contact, then resumes with a quieter roll before leaving the frame by 2.60 seconds. One light paw-pad landing accompanies the release of the ball; after 2.70 seconds, only steady studio room tone and faint breathing remain.

non_diegetic_music: N/A
",087,02,04,20015,02_04_20015
cat_ids/02.png,"For the target video, at 0.00 seconds into the target video, <Picture 1> (from [Shot 1]) is fully referenced.

integrated_multimodal_description: [Shot 1] Live-action, photorealistic studio pet footage. This is one continuous four-second shot. A locked camera matching the reference perspective frames a medium full-body, front-facing portrait. At 0.00 seconds, the cat starts from <Picture 1>. Throughout the shot, preserve the same cat's facial proportions; each anatomical eye's reference color; exact ear morphology; coat or skin-surface texture; intrinsic marking topology; body proportions; paw appearance; and reference tail state, including a long tail, short tail, visible stump, or no visible tail. These identity features remain consistent as their screen projection changes with the cat's pose. The camera holds a perfectly Static Shot; perspective, focal length, subject scale, crop, focus, exposure, white balance, lighting, background, and floor appearance established by <Picture 1> remain fixed. Physical shadows stay grounded and respond coherently to contact and weight transfer. The cat remains fully inside the frame with clear margins. The clean frame contains only the cat and one transient wool ball defined in the motion path; only this prop unit and its associated contact shadow may cross a frame boundary along the specified entry or exit path. During 0.00–0.20 seconds, the cat holds its initial seated pose. At 0.20 seconds, one small, tightly wound matte wool ball enters from the viewer's right and rolls right-to-left along a straight path on the foreground floor, with visible rotation and one attached contact shadow. From 0.35 to 0.85 seconds, the cat's eyes track first and the head follows with one small turn; the body transfers a little weight onto the anatomical right front paw on the viewer's left while the anatomical left front paw on the viewer's right lifts. From 0.85 to 1.40 seconds, that lifted paw reaches in one compact arc and its pads meet the top of the ball, causing the ball to decelerate to a brief stop while retaining its size, round boundary and visibility. From 1.50 to 1.85 seconds, the same paw gives one short controlled nudge toward the viewer's left while beginning to retract. The ball resumes rolling at lower speed and, together with its contact shadow, exits completely beyond the viewer's left edge by 2.60 seconds. The cat keeps its eyes on the moving ball and lets its head follow the resumed roll, with the active paw landing comfortably by 2.60 seconds. The ball remains one distinct object during floor contact and brief paw contact, preserving a clear boundary from the paw and any visible tail. By 2.70 seconds, the cat is balanced on both front paws and still looks toward the departing ball; this attentive posture continues through 3.00 seconds. From 3.00 to 4.00 seconds, the ball stays outside the frame and the cat maintains this comfortable posture with faint breathing. No person or hand enters.

overall_soundscape: A soft wool ball rolls across the floor from right to left, slows under one muted paw contact, then resumes with a quieter roll before leaving the frame by 2.60 seconds. One light paw-pad landing accompanies the release of the ball; after 2.70 seconds, only steady studio room tone and faint breathing remain.

non_diegetic_music: N/A
",088,02,05,20016,02_05_20016
cat_ids/02.png,"For the target video, at 0.00 seconds into the target video, <Picture 1> (from [Shot 1]) is fully referenced.

integrated_multimodal_description: [Shot 1] Live-action, photorealistic studio pet footage. A static medium full-body shot begins with the seated cat and scene in <Picture 1>. This is one continuous four-second shot. The cat lowers onto its anatomical left side, on the viewer's right from the opening pose, rolls belly-up and then makes one clearly visible air swat with its anatomical right front paw. From 0.00 to 0.40 seconds, it shifts weight toward the viewer's right, bends the left elbow and lowers the left shoulder. The head and chest travel down toward that same side of the image while the left hip settles nearby. From 0.40 to 1.20 seconds, the left shoulder and flank make gentle floor contact first, then the shoulders and pelvis roll together from that side onto the back. The head settles toward the viewer's right of the hips, so the sideways descent stays clear and continuous. The cat remains fully inside the original frame. By 1.30 seconds, the back is supported by the floor, the belly faces upward and is clearly visible to the camera, both front paws are bent above the chest and the hind legs rest loosely folded. The anatomical right front paw is now the active waving paw. From 1.35 to 1.80 seconds, its elbow extends and the paw travels roughly two paw-lengths out of its initial curled position, visibly away from the chest, leaving a clear gap between the paw and the body. From 1.80 to 2.15 seconds, this raised paw sweeps through a short, clearly visible arc in the air above the belly. From 2.15 to 2.55 seconds, the elbow bends and the paw curls back toward the chest, completing one distinct lift, sweep and return. The other forepaw stays loosely bent, and the body remains belly-up throughout this air swat. The eyes soften and make a small gaze adjustment as the paw returns; the head rests comfortably against the floor. By 2.70 seconds, the swat is complete and the cat is relaxed belly-up with loosely curled paws and gentle breathing; this pose continues through 3.00 seconds. The cat initiates the movement itself, and no person or hand appears. From 3.00 to 4.00 seconds, the cat maintains the posture reached by 2.70 seconds, with only faint breathing and tiny settling movements. Preserve the individual cat's facial proportions, each eye's reference color, coat or bare-skin appearance, markings, ear type and existing tail anatomy as the pose changes. Keep the reference framing, background, floor and lighting consistent, with grounded shadows following the cat's movement. The cat is alone and the surrounding floor stays clear. 

overall_soundscape: Soft paw shifts and a gentle shoulder-and-flank contact accompany the early sideways descent and roll. A light surface movement accompanies the small body adjustment during the air swat, with no impact sound from the raised paw. Movement sounds finish by 2.70 seconds; faint breathing continues over quiet studio room tone.

non_diegetic_music: N/A
",089,02,06,20017,02_06_20017
cat_ids/02.png,"For the target video, at 0.00 seconds into the target video, <Picture 1> (from [Shot 1]) is fully referenced.

integrated_multimodal_description: [Shot 1] Live-action, photorealistic studio pet footage. A static medium full-body shot begins with the seated cat and scene in <Picture 1>. This is one continuous four-second shot. The cat lowers onto its anatomical right side, on the viewer's left from the opening pose, rolls belly-up and then makes one clearly visible air swat with its anatomical left front paw. From 0.00 to 0.40 seconds, it shifts weight toward the viewer's left, bends the right elbow and lowers the right shoulder. The head and chest travel down toward that same side of the image while the right hip settles nearby. From 0.40 to 1.20 seconds, the right shoulder and flank make gentle floor contact first, then the shoulders and pelvis roll together from that side onto the back. The head settles toward the viewer's left of the hips, so the sideways descent stays clear and continuous. The cat remains fully inside the original frame. By 1.30 seconds, the back is supported by the floor, the belly faces upward and is clearly visible to the camera, both front paws are bent above the chest and the hind legs rest loosely folded. The anatomical left front paw is now the active waving paw. From 1.35 to 1.80 seconds, its elbow extends and the paw travels roughly two paw-lengths out of its initial curled position, visibly away from the chest, leaving a clear gap between the paw and the body. From 1.80 to 2.15 seconds, this raised paw sweeps through a short, clearly visible arc in the air above the belly. From 2.15 to 2.55 seconds, the elbow bends and the paw curls back toward the chest, completing one distinct lift, sweep and return. The other forepaw stays loosely bent, and the body remains belly-up throughout this air swat. The eyes soften and make a small gaze adjustment as the paw returns; the head rests comfortably against the floor. By 2.70 seconds, the swat is complete and the cat is relaxed belly-up with loosely curled paws and gentle breathing; this pose continues through 3.00 seconds. The cat initiates the movement itself, and no person or hand appears. From 3.00 to 4.00 seconds, the cat maintains the posture reached by 2.70 seconds, with only faint breathing and tiny settling movements. Preserve the individual cat's facial proportions, each eye's reference color, coat or bare-skin appearance, markings, ear type and existing tail anatomy as the pose changes. Keep the reference framing, background, floor and lighting consistent, with grounded shadows following the cat's movement. The cat is alone and the surrounding floor stays clear. 

overall_soundscape: Soft paw shifts and a gentle shoulder-and-flank contact accompany the early sideways descent and roll. A light surface movement accompanies the small body adjustment during the air swat, with no impact sound from the raised paw. Movement sounds finish by 2.70 seconds; faint breathing continues over quiet studio room tone.

non_diegetic_music: N/A
",090,02,07,20018,02_07_20018
cat_ids/02.png,"For the target video, at 0.00 seconds into the target video, <Picture 1> (from [Shot 1]) is fully referenced.

integrated_multimodal_description: [Shot 1] Live-action, photorealistic studio pet footage. A static medium full-body shot begins with the seated cat and scene in <Picture 1>. This is one continuous four-second shot. The cat calmly grooms its anatomical left front paw, on the viewer's right in the opening pose. From 0.00 to 0.60 seconds, it shifts weight onto its anatomical right front paw and the seated hindquarters, lifts the active paw toward the mouth and lowers the head slightly to meet it. The eyes soften as the paw rises in a small comfortable arc. From 0.70 to 1.00 seconds, the tongue extends, makes one clear lick across the raised paw and retracts fully. After a brief pause, from 1.20 to 1.50 seconds, it makes a second visible lick and retracts again. The paw stays distinct from the muzzle, with a small natural wrist adjustment between the contacts. From 1.60 to 2.40 seconds, the mouth closes, the head rises slightly and the paw lowers comfortably onto the floor. By 2.70 seconds, the shoulders have resettled and the eyes glance gently toward the freshly groomed paw. Through 3.00 seconds, the cat remains seated with this relaxed head angle and soft breathing. From 3.00 to 4.00 seconds, the cat maintains the posture reached by 2.70 seconds, with only faint breathing and tiny settling movements. Preserve the individual cat's facial proportions, each eye's reference color, coat or bare-skin appearance, markings, ear type and existing tail anatomy as the pose changes. Keep the reference framing, background, floor and lighting consistent, with grounded shadows following the cat's movement. The cat is alone and the surrounding floor stays clear. 

overall_soundscape: Two quiet wet licking sounds accompany the two tongue contacts before 1.50 seconds. A faint body movement and soft paw-pad landing finish by 2.70 seconds, followed by quiet room tone and breathing.

non_diegetic_music: N/A
",091,02,08,20019,02_08_20019
cat_ids/02.png,"For the target video, at 0.00 seconds into the target video, <Picture 1> (from [Shot 1]) is fully referenced.

integrated_multimodal_description: [Shot 1] Live-action, photorealistic studio pet footage. A static medium full-body shot begins with the seated cat and scene in <Picture 1>. This is one continuous four-second shot. The cat calmly grooms its anatomical right front paw, on the viewer's left in the opening pose. From 0.00 to 0.60 seconds, it shifts weight onto its anatomical left front paw and the seated hindquarters, lifts the active paw toward the mouth and lowers the head slightly to meet it. The eyes soften as the paw rises in a small comfortable arc. From 0.70 to 1.00 seconds, the tongue extends, makes one clear lick across the raised paw and retracts fully. After a brief pause, from 1.20 to 1.50 seconds, it makes a second visible lick and retracts again. The paw stays distinct from the muzzle, with a small natural wrist adjustment between the contacts. From 1.60 to 2.40 seconds, the mouth closes, the head rises slightly and the paw lowers comfortably onto the floor. By 2.70 seconds, the shoulders have resettled and the eyes glance gently toward the freshly groomed paw. Through 3.00 seconds, the cat remains seated with this relaxed head angle and soft breathing. From 3.00 to 4.00 seconds, the cat maintains the posture reached by 2.70 seconds, with only faint breathing and tiny settling movements. Preserve the individual cat's facial proportions, each eye's reference color, coat or bare-skin appearance, markings, ear type and existing tail anatomy as the pose changes. Keep the reference framing, background, floor and lighting consistent, with grounded shadows following the cat's movement. The cat is alone and the surrounding floor stays clear. 

overall_soundscape: Two quiet wet licking sounds accompany the two tongue contacts before 1.50 seconds. A faint body movement and soft paw-pad landing finish by 2.70 seconds, followed by quiet room tone and breathing.

non_diegetic_music: N/A
",092,02,09,20020,02_09_20020
cat_ids/02.png,"For the target video, at 0.00 seconds into the target video, <Picture 1> (from [Shot 1]) is fully referenced.

integrated_multimodal_description: [Shot 1] Live-action, photorealistic studio pet footage. A static medium full-body shot begins with the seated cat and scene in <Picture 1>. This is one continuous four-second shot. The cat eats one small mouthful of dry cat food at a comfortable pace. From 0.00 to 0.45 seconds, one shallow plain dish containing a small portion of food slides gently into view from the bottom edge along the floor and slows to a complete stop just ahead of the front paws, within comfortable reach. As it arrives, the cat looks down and begins lowering its head. From 0.45 to 1.05 seconds, the head lowers smoothly to the dish and the cat briefly sniffs just above the food; the ears make a small attentive adjustment. From 1.05 to 1.35 seconds, it takes one small mouthful and lifts its muzzle slightly clear of the food. From 1.35 to 2.50 seconds, it chews in a few small jaw movements with comfortable pauses, soft eyelids and subtle neck adjustments. By 2.70 seconds, the small mouthful is finished and the cat rests with its mouth closed and its head still comfortably lowered near the dish. This relaxed meal-side posture continues through 3.00 seconds, with the dish and remaining food staying in place. The dish keeps its shape and grounded contact shadow throughout. From 3.00 to 4.00 seconds, the cat maintains the posture reached by 2.70 seconds, with only faint breathing and tiny settling movements. Preserve the individual cat's facial proportions, each eye's reference color, coat or bare-skin appearance, markings, ear type and existing tail anatomy as the pose changes. Keep the reference framing, background, floor and lighting consistent, with grounded shadows following the cat's movement. Only the cat and this single dish of food occupy the scene. No person or hand enters.

overall_soundscape: A soft dish slide is heard at the start, followed by a faint sniff. A few small dry crunches accompany chewing between 1.35 and 2.50 seconds; after 2.70 seconds, only quiet studio ambience and faint breathing remain.

non_diegetic_music: N/A
",093,02,10,20021,02_10_20021
cat_ids/02.png,"For the target video, at 0.00 seconds into the target video, <Picture 1> (from [Shot 1]) is fully referenced.

integrated_multimodal_description: [Shot 1] Live-action, photorealistic studio pet footage. A static medium full-body shot begins with the seated cat and scene in <Picture 1>. This is one continuous four-second shot. The cat folds down into a compact curled sleeping pose, turning its head and shoulders toward its anatomical left, the viewer's right from the opening pose. From 0.00 to 0.40 seconds, the eyelids grow heavy, the chin dips and the front paws make small inward adjustments directly beneath the chest. From 0.40 to 1.50 seconds, both elbows fold and the chest descends toward the gathered paws. At the same time, the hindquarters lower beside the chest, the hind legs tuck inward and the spine curves into a small C shape. The shoulders and hips draw together into one compact oval footprint, with the belly facing the floor and the flank resting gently against it. The forepaws remain gathered under the face, and the existing tail settles beside the hindquarters. From 1.50 to 2.30 seconds, the cat rests its chin on the gathered front paws near the viewer's right side of the curled shape and closes its eyes completely. By 2.70 seconds, the head is resting, the shoulders are relaxed and the cat is comfortably curled up. From 2.70 to 3.00 seconds, it remains in this sleeping pose with closed eyes and a small, steady rise and fall of the flank. From 3.00 to 4.00 seconds, the cat maintains the posture reached by 2.70 seconds, with only faint breathing and tiny settling movements. Preserve the individual cat's facial proportions, each eye's reference color, coat or bare-skin appearance, markings, ear type and existing tail anatomy as the pose changes. Keep the reference framing, background, floor and lighting consistent, with grounded shadows following the cat's movement. The cat is alone and the surrounding floor stays clear. 

overall_soundscape: Small paw adjustments and a soft body contact accompany the descent. The movement sounds finish by 2.70 seconds, leaving calm, faint breathing over quiet studio room tone during the sleeping hold.

non_diegetic_music: N/A
",094,02,11,20022,02_11_20022
cat_ids/02.png,"For the target video, at 0.00 seconds into the target video, <Picture 1> (from [Shot 1]) is fully referenced.

integrated_multimodal_description: [Shot 1] Live-action, photorealistic studio pet footage. A static medium full-body shot begins with the seated cat and scene in <Picture 1>. This is one continuous four-second shot. The cat folds down into a compact curled sleeping pose, turning its head and shoulders toward its anatomical right, the viewer's left from the opening pose. From 0.00 to 0.40 seconds, the eyelids grow heavy, the chin dips and the front paws make small inward adjustments directly beneath the chest. From 0.40 to 1.50 seconds, both elbows fold and the chest descends toward the gathered paws. At the same time, the hindquarters lower beside the chest, the hind legs tuck inward and the spine curves into a small C shape. The shoulders and hips draw together into one compact oval footprint, with the belly facing the floor and the flank resting gently against it. The forepaws remain gathered under the face, and the existing tail settles beside the hindquarters. From 1.50 to 2.30 seconds, the cat rests its chin on the gathered front paws near the viewer's left side of the curled shape and closes its eyes completely. By 2.70 seconds, the head is resting, the shoulders are relaxed and the cat is comfortably curled up. From 2.70 to 3.00 seconds, it remains in this sleeping pose with closed eyes and a small, steady rise and fall of the flank. From 3.00 to 4.00 seconds, the cat maintains the posture reached by 2.70 seconds, with only faint breathing and tiny settling movements. Preserve the individual cat's facial proportions, each eye's reference color, coat or bare-skin appearance, markings, ear type and existing tail anatomy as the pose changes. Keep the reference framing, background, floor and lighting consistent, with grounded shadows following the cat's movement. The cat is alone and the surrounding floor stays clear. 

overall_soundscape: Small paw adjustments and a soft body contact accompany the descent. The movement sounds finish by 2.70 seconds, leaving calm, faint breathing over quiet studio room tone during the sleeping hold.

non_diegetic_music: N/A
",095,02,12,20023,02_12_20023
cat_ids/38.png,"For the target video, at 0.00 seconds into the target video, <Picture 1> (from [Shot 1]) is fully referenced.

integrated_multimodal_description: [Shot 1] Live-action, photorealistic studio pet footage. This is one continuous four-second shot. A locked camera matching the reference perspective frames a medium full-body, front-facing portrait. At 0.00 seconds, the cat starts from <Picture 1>. Throughout the shot, preserve the same cat's facial proportions; each anatomical eye's reference color; exact ear morphology; coat or skin-surface texture; intrinsic marking topology; body proportions; paw appearance; and reference tail state, including a long tail, short tail, visible stump, or no visible tail. These identity features remain consistent as their screen projection changes with the cat's pose. The camera holds a perfectly Static Shot; perspective, focal length, subject scale, crop, focus, exposure, white balance, lighting, background, and floor appearance established by <Picture 1> remain fixed. Physical shadows stay grounded and respond coherently to contact and weight transfer. The cat remains fully inside the frame with clear margins, and the clean frame contains only the cat. During 0.00–0.40 seconds, the cat holds its initial seated pose. From 0.40 to 0.90 seconds, a barely perceptible inhale creates one minute local change in the lower-chest contour while the body does not translate and the overall seated pose, paws, hindquarters, head direction, ears, and reference tail state remain stable. At 0.95 seconds, both upper eyelids lower together and reopen by 1.20 seconds in one complete natural blink; the eyes keep the same color, shape, spacing, and forward gaze when open. From 1.20 to 2.70 seconds, the chest completes one gentle exhale and returns to its starting contour. By 2.70 seconds, the blink and gentle exhale are complete, with the eyes open and the cat comfortably seated. From 2.70 to 3.00 seconds, this quiet seated posture continues. From 3.00 to 4.00 seconds, the cat remains comfortably seated with only faint breathing and minute surface settling.

overall_soundscape: Steady quiet studio room tone with one very soft inhale and exhale from the cat, completed by 2.70 seconds. The cat does not vocalize; quiet room tone and faint breathing continue afterward.

non_diegetic_music: N/A
",096,38,01,20024,38_01_20024
cat_ids/38.png,"For the target video, at 0.00 seconds into the target video, <Picture 1> (from [Shot 1]) is fully referenced.

integrated_multimodal_description: [Shot 1] Live-action, photorealistic studio pet footage. A static medium full-body shot begins with the seated cat and scene in <Picture 1>. This is one continuous four-second shot. The main action is a brief outward tug and soft release of the cat's anatomical left ear, on the viewer's right in the opening pose. From 0.15 to 0.60 seconds, the ear tip is drawn a short distance diagonally outward and slightly upward toward the viewer's right, away from the crown. The tip leads, the upper ear follows in a small soft bend and the base stays attached. The ear keeps its normal length and characteristic reference shape. At the peak, the head follows by a tiny amount and the eyelids narrow briefly in a mild, relaxed reaction. At 0.65 seconds, the pull releases. The ear springs most of the way back by 1.10 seconds, then makes one much smaller settling movement, reaching its natural resting angle by 1.50 seconds. From 1.10 to 2.30 seconds, the head gently follows back, the eyes reopen comfortably and the shoulders soften with an exhale. By 2.70 seconds, the cat is seated and calmly attentive; through 3.00 seconds, it holds this relaxed posture with faint breathing. The tug is conveyed entirely by the ear movement and the cat's response; no person, hand or pulling device appears. From 3.00 to 4.00 seconds, the cat maintains the posture reached by 2.70 seconds, with only faint breathing and tiny settling movements. Preserve the individual cat's facial proportions, each eye's reference color, coat or bare-skin appearance, markings, ear type and existing tail anatomy as the pose changes. Keep the reference framing, background, floor and lighting consistent, with grounded shadows following the cat's movement. The cat is alone and the surrounding floor stays clear. 

overall_soundscape: Quiet studio ambience and faint breathing, with a soft incidental body movement as the head settles. Only breathing and room tone remain after 2.70 seconds.

non_diegetic_music: N/A
",097,38,02,20025,38_02_20025
cat_ids/38.png,"For the target video, at 0.00 seconds into the target video, <Picture 1> (from [Shot 1]) is fully referenced.

integrated_multimodal_description: [Shot 1] Live-action, photorealistic studio pet footage. A static medium full-body shot begins with the seated cat and scene in <Picture 1>. This is one continuous four-second shot. The main action is a brief outward tug and soft release of the cat's anatomical right ear, on the viewer's left in the opening pose. From 0.15 to 0.60 seconds, the ear tip is drawn a short distance diagonally outward and slightly upward toward the viewer's left, away from the crown. The tip leads, the upper ear follows in a small soft bend and the base stays attached. The ear keeps its normal length and characteristic reference shape. At the peak, the head follows by a tiny amount and the eyelids narrow briefly in a mild, relaxed reaction. At 0.65 seconds, the pull releases. The ear springs most of the way back by 1.10 seconds, then makes one much smaller settling movement, reaching its natural resting angle by 1.50 seconds. From 1.10 to 2.30 seconds, the head gently follows back, the eyes reopen comfortably and the shoulders soften with an exhale. By 2.70 seconds, the cat is seated and calmly attentive; through 3.00 seconds, it holds this relaxed posture with faint breathing. The tug is conveyed entirely by the ear movement and the cat's response; no person, hand or pulling device appears. From 3.00 to 4.00 seconds, the cat maintains the posture reached by 2.70 seconds, with only faint breathing and tiny settling movements. Preserve the individual cat's facial proportions, each eye's reference color, coat or bare-skin appearance, markings, ear type and existing tail anatomy as the pose changes. Keep the reference framing, background, floor and lighting consistent, with grounded shadows following the cat's movement. The cat is alone and the surrounding floor stays clear. 

overall_soundscape: Quiet studio ambience and faint breathing, with a soft incidental body movement as the head settles. Only breathing and room tone remain after 2.70 seconds.

non_diegetic_music: N/A
",098,38,03,20026,38_03_20026
cat_ids/38.png,"For the target video, at 0.00 seconds into the target video, <Picture 1> (from [Shot 1]) is fully referenced.

integrated_multimodal_description: [Shot 1] Live-action, photorealistic studio pet footage. This is one continuous four-second shot. A locked camera matching the reference perspective frames a medium full-body, front-facing portrait. At 0.00 seconds, the cat starts from <Picture 1>. Throughout the shot, preserve the same cat's facial proportions; each anatomical eye's reference color; exact ear morphology; coat or skin-surface texture; intrinsic marking topology; body proportions; paw appearance; and reference tail state, including a long tail, short tail, visible stump, or no visible tail. These identity features remain consistent as their screen projection changes with the cat's pose. The camera holds a perfectly Static Shot; perspective, focal length, subject scale, crop, focus, exposure, white balance, lighting, background, and floor appearance established by <Picture 1> remain fixed. Physical shadows stay grounded and respond coherently to contact and weight transfer. The cat remains fully inside the frame with clear margins. The clean frame contains only the cat and one transient wool ball defined in the motion path; only this prop unit and its associated contact shadow may cross a frame boundary along the specified entry or exit path. During 0.00–0.20 seconds, the cat holds its initial seated pose. At 0.20 seconds, one small, tightly wound matte wool ball enters from the viewer's left and rolls left-to-right along a straight path on the foreground floor, with visible rotation and one attached contact shadow. From 0.35 to 0.85 seconds, the cat's eyes track first and the head follows with one small turn; the body transfers a little weight onto the anatomical left front paw on the viewer's right while the anatomical right front paw on the viewer's left lifts. From 0.85 to 1.40 seconds, that lifted paw reaches in one compact arc and its pads meet the top of the ball, causing the ball to decelerate to a brief stop while retaining its size, round boundary and visibility. From 1.50 to 1.85 seconds, the same paw gives one short controlled nudge toward the viewer's right while beginning to retract. The ball resumes rolling at lower speed and, together with its contact shadow, exits completely beyond the viewer's right edge by 2.60 seconds. The cat keeps its eyes on the moving ball and lets its head follow the resumed roll, with the active paw landing comfortably by 2.60 seconds. The ball remains one distinct object during floor contact and brief paw contact, preserving a clear boundary from the paw and any visible tail. By 2.70 seconds, the cat is balanced on both front paws and still looks toward the departing ball; this attentive posture continues through 3.00 seconds. From 3.00 to 4.00 seconds, the ball stays outside the frame and the cat maintains this comfortable posture with faint breathing. No person or hand enters.

overall_soundscape: A soft wool ball rolls across the floor from left to right, slows under one muted paw contact, then resumes with a quieter roll before leaving the frame by 2.60 seconds. One light paw-pad landing accompanies the release of the ball; after 2.70 seconds, only steady studio room tone and faint breathing remain.

non_diegetic_music: N/A
",099,38,04,20027,38_04_20027
cat_ids/38.png,"For the target video, at 0.00 seconds into the target video, <Picture 1> (from [Shot 1]) is fully referenced.

integrated_multimodal_description: [Shot 1] Live-action, photorealistic studio pet footage. This is one continuous four-second shot. A locked camera matching the reference perspective frames a medium full-body, front-facing portrait. At 0.00 seconds, the cat starts from <Picture 1>. Throughout the shot, preserve the same cat's facial proportions; each anatomical eye's reference color; exact ear morphology; coat or skin-surface texture; intrinsic marking topology; body proportions; paw appearance; and reference tail state, including a long tail, short tail, visible stump, or no visible tail. These identity features remain consistent as their screen projection changes with the cat's pose. The camera holds a perfectly Static Shot; perspective, focal length, subject scale, crop, focus, exposure, white balance, lighting, background, and floor appearance established by <Picture 1> remain fixed. Physical shadows stay grounded and respond coherently to contact and weight transfer. The cat remains fully inside the frame with clear margins. The clean frame contains only the cat and one transient wool ball defined in the motion path; only this prop unit and its associated contact shadow may cross a frame boundary along the specified entry or exit path. During 0.00–0.20 seconds, the cat holds its initial seated pose. At 0.20 seconds, one small, tightly wound matte wool ball enters from the viewer's right and rolls right-to-left along a straight path on the foreground floor, with visible rotation and one attached contact shadow. From 0.35 to 0.85 seconds, the cat's eyes track first and the head follows with one small turn; the body transfers a little weight onto the anatomical right front paw on the viewer's left while the anatomical left front paw on the viewer's right lifts. From 0.85 to 1.40 seconds, that lifted paw reaches in one compact arc and its pads meet the top of the ball, causing the ball to decelerate to a brief stop while retaining its size, round boundary and visibility. From 1.50 to 1.85 seconds, the same paw gives one short controlled nudge toward the viewer's left while beginning to retract. The ball resumes rolling at lower speed and, together with its contact shadow, exits completely beyond the viewer's left edge by 2.60 seconds. The cat keeps its eyes on the moving ball and lets its head follow the resumed roll, with the active paw landing comfortably by 2.60 seconds. The ball remains one distinct object during floor contact and brief paw contact, preserving a clear boundary from the paw and any visible tail. By 2.70 seconds, the cat is balanced on both front paws and still looks toward the departing ball; this attentive posture continues through 3.00 seconds. From 3.00 to 4.00 seconds, the ball stays outside the frame and the cat maintains this comfortable posture with faint breathing. No person or hand enters.

overall_soundscape: A soft wool ball rolls across the floor from right to left, slows under one muted paw contact, then resumes with a quieter roll before leaving the frame by 2.60 seconds. One light paw-pad landing accompanies the release of the ball; after 2.70 seconds, only steady studio room tone and faint breathing remain.

non_diegetic_music: N/A
",100,38,05,20028,38_05_20028
cat_ids/38.png,"For the target video, at 0.00 seconds into the target video, <Picture 1> (from [Shot 1]) is fully referenced.

integrated_multimodal_description: [Shot 1] Live-action, photorealistic studio pet footage. A static medium full-body shot begins with the seated cat and scene in <Picture 1>. This is one continuous four-second shot. The cat lowers onto its anatomical left side, on the viewer's right from the opening pose, rolls belly-up and then makes one clearly visible air swat with its anatomical right front paw. From 0.00 to 0.40 seconds, it shifts weight toward the viewer's right, bends the left elbow and lowers the left shoulder. The head and chest travel down toward that same side of the image while the left hip settles nearby. From 0.40 to 1.20 seconds, the left shoulder and flank make gentle floor contact first, then the shoulders and pelvis roll together from that side onto the back. The head settles toward the viewer's right of the hips, so the sideways descent stays clear and continuous. The cat remains fully inside the original frame. By 1.30 seconds, the back is supported by the floor, the belly faces upward and is clearly visible to the camera, both front paws are bent above the chest and the hind legs rest loosely folded. The anatomical right front paw is now the active waving paw. From 1.35 to 1.80 seconds, its elbow extends and the paw travels roughly two paw-lengths out of its initial curled position, visibly away from the chest, leaving a clear gap between the paw and the body. From 1.80 to 2.15 seconds, this raised paw sweeps through a short, clearly visible arc in the air above the belly. From 2.15 to 2.55 seconds, the elbow bends and the paw curls back toward the chest, completing one distinct lift, sweep and return. The other forepaw stays loosely bent, and the body remains belly-up throughout this air swat. The eyes soften and make a small gaze adjustment as the paw returns; the head rests comfortably against the floor. By 2.70 seconds, the swat is complete and the cat is relaxed belly-up with loosely curled paws and gentle breathing; this pose continues through 3.00 seconds. The cat initiates the movement itself, and no person or hand appears. From 3.00 to 4.00 seconds, the cat maintains the posture reached by 2.70 seconds, with only faint breathing and tiny settling movements. Preserve the individual cat's facial proportions, each eye's reference color, coat or bare-skin appearance, markings, ear type and existing tail anatomy as the pose changes. Keep the reference framing, background, floor and lighting consistent, with grounded shadows following the cat's movement. The cat is alone and the surrounding floor stays clear. 

overall_soundscape: Soft paw shifts and a gentle shoulder-and-flank contact accompany the early sideways descent and roll. A light surface movement accompanies the small body adjustment during the air swat, with no impact sound from the raised paw. Movement sounds finish by 2.70 seconds; faint breathing continues over quiet studio room tone.

non_diegetic_music: N/A
",101,38,06,20029,38_06_20029
cat_ids/38.png,"For the target video, at 0.00 seconds into the target video, <Picture 1> (from [Shot 1]) is fully referenced.

integrated_multimodal_description: [Shot 1] Live-action, photorealistic studio pet footage. A static medium full-body shot begins with the seated cat and scene in <Picture 1>. This is one continuous four-second shot. The cat lowers onto its anatomical right side, on the viewer's left from the opening pose, rolls belly-up and then makes one clearly visible air swat with its anatomical left front paw. From 0.00 to 0.40 seconds, it shifts weight toward the viewer's left, bends the right elbow and lowers the right shoulder. The head and chest travel down toward that same side of the image while the right hip settles nearby. From 0.40 to 1.20 seconds, the right shoulder and flank make gentle floor contact first, then the shoulders and pelvis roll together from that side onto the back. The head settles toward the viewer's left of the hips, so the sideways descent stays clear and continuous. The cat remains fully inside the original frame. By 1.30 seconds, the back is supported by the floor, the belly faces upward and is clearly visible to the camera, both front paws are bent above the chest and the hind legs rest loosely folded. The anatomical left front paw is now the active waving paw. From 1.35 to 1.80 seconds, its elbow extends and the paw travels roughly two paw-lengths out of its initial curled position, visibly away from the chest, leaving a clear gap between the paw and the body. From 1.80 to 2.15 seconds, this raised paw sweeps through a short, clearly visible arc in the air above the belly. From 2.15 to 2.55 seconds, the elbow bends and the paw curls back toward the chest, completing one distinct lift, sweep and return. The other forepaw stays loosely bent, and the body remains belly-up throughout this air swat. The eyes soften and make a small gaze adjustment as the paw returns; the head rests comfortably against the floor. By 2.70 seconds, the swat is complete and the cat is relaxed belly-up with loosely curled paws and gentle breathing; this pose continues through 3.00 seconds. The cat initiates the movement itself, and no person or hand appears. From 3.00 to 4.00 seconds, the cat maintains the posture reached by 2.70 seconds, with only faint breathing and tiny settling movements. Preserve the individual cat's facial proportions, each eye's reference color, coat or bare-skin appearance, markings, ear type and existing tail anatomy as the pose changes. Keep the reference framing, background, floor and lighting consistent, with grounded shadows following the cat's movement. The cat is alone and the surrounding floor stays clear. 

overall_soundscape: Soft paw shifts and a gentle shoulder-and-flank contact accompany the early sideways descent and roll. A light surface movement accompanies the small body adjustment during the air swat, with no impact sound from the raised paw. Movement sounds finish by 2.70 seconds; faint breathing continues over quiet studio room tone.

non_diegetic_music: N/A
",102,38,07,20030,38_07_20030
cat_ids/38.png,"For the target video, at 0.00 seconds into the target video, <Picture 1> (from [Shot 1]) is fully referenced.

integrated_multimodal_description: [Shot 1] Live-action, photorealistic studio pet footage. A static medium full-body shot begins with the seated cat and scene in <Picture 1>. This is one continuous four-second shot. The cat calmly grooms its anatomical left front paw, on the viewer's right in the opening pose. From 0.00 to 0.60 seconds, it shifts weight onto its anatomical right front paw and the seated hindquarters, lifts the active paw toward the mouth and lowers the head slightly to meet it. The eyes soften as the paw rises in a small comfortable arc. From 0.70 to 1.00 seconds, the tongue extends, makes one clear lick across the raised paw and retracts fully. After a brief pause, from 1.20 to 1.50 seconds, it makes a second visible lick and retracts again. The paw stays distinct from the muzzle, with a small natural wrist adjustment between the contacts. From 1.60 to 2.40 seconds, the mouth closes, the head rises slightly and the paw lowers comfortably onto the floor. By 2.70 seconds, the shoulders have resettled and the eyes glance gently toward the freshly groomed paw. Through 3.00 seconds, the cat remains seated with this relaxed head angle and soft breathing. From 3.00 to 4.00 seconds, the cat maintains the posture reached by 2.70 seconds, with only faint breathing and tiny settling movements. Preserve the individual cat's facial proportions, each eye's reference color, coat or bare-skin appearance, markings, ear type and existing tail anatomy as the pose changes. Keep the reference framing, background, floor and lighting consistent, with grounded shadows following the cat's movement. The cat is alone and the surrounding floor stays clear. 

overall_soundscape: Two quiet wet licking sounds accompany the two tongue contacts before 1.50 seconds. A faint body movement and soft paw-pad landing finish by 2.70 seconds, followed by quiet room tone and breathing.

non_diegetic_music: N/A
",103,38,08,20031,38_08_20031
cat_ids/38.png,"For the target video, at 0.00 seconds into the target video, <Picture 1> (from [Shot 1]) is fully referenced.

integrated_multimodal_description: [Shot 1] Live-action, photorealistic studio pet footage. A static medium full-body shot begins with the seated cat and scene in <Picture 1>. This is one continuous four-second shot. The cat calmly grooms its anatomical right front paw, on the viewer's left in the opening pose. From 0.00 to 0.60 seconds, it shifts weight onto its anatomical left front paw and the seated hindquarters, lifts the active paw toward the mouth and lowers the head slightly to meet it. The eyes soften as the paw rises in a small comfortable arc. From 0.70 to 1.00 seconds, the tongue extends, makes one clear lick across the raised paw and retracts fully. After a brief pause, from 1.20 to 1.50 seconds, it makes a second visible lick and retracts again. The paw stays distinct from the muzzle, with a small natural wrist adjustment between the contacts. From 1.60 to 2.40 seconds, the mouth closes, the head rises slightly and the paw lowers comfortably onto the floor. By 2.70 seconds, the shoulders have resettled and the eyes glance gently toward the freshly groomed paw. Through 3.00 seconds, the cat remains seated with this relaxed head angle and soft breathing. From 3.00 to 4.00 seconds, the cat maintains the posture reached by 2.70 seconds, with only faint breathing and tiny settling movements. Preserve the individual cat's facial proportions, each eye's reference color, coat or bare-skin appearance, markings, ear type and existing tail anatomy as the pose changes. Keep the reference framing, background, floor and lighting consistent, with grounded shadows following the cat's movement. The cat is alone and the surrounding floor stays clear. 

overall_soundscape: Two quiet wet licking sounds accompany the two tongue contacts before 1.50 seconds. A faint body movement and soft paw-pad landing finish by 2.70 seconds, followed by quiet room tone and breathing.

non_diegetic_music: N/A
",104,38,09,20032,38_09_20032
cat_ids/38.png,"For the target video, at 0.00 seconds into the target video, <Picture 1> (from [Shot 1]) is fully referenced.

integrated_multimodal_description: [Shot 1] Live-action, photorealistic studio pet footage. A static medium full-body shot begins with the seated cat and scene in <Picture 1>. This is one continuous four-second shot. The cat eats one small mouthful of dry cat food at a comfortable pace. From 0.00 to 0.45 seconds, one shallow plain dish containing a small portion of food slides gently into view from the bottom edge along the floor and slows to a complete stop just ahead of the front paws, within comfortable reach. As it arrives, the cat looks down and begins lowering its head. From 0.45 to 1.05 seconds, the head lowers smoothly to the dish and the cat briefly sniffs just above the food; the ears make a small attentive adjustment. From 1.05 to 1.35 seconds, it takes one small mouthful and lifts its muzzle slightly clear of the food. From 1.35 to 2.50 seconds, it chews in a few small jaw movements with comfortable pauses, soft eyelids and subtle neck adjustments. By 2.70 seconds, the small mouthful is finished and the cat rests with its mouth closed and its head still comfortably lowered near the dish. This relaxed meal-side posture continues through 3.00 seconds, with the dish and remaining food staying in place. The dish keeps its shape and grounded contact shadow throughout. From 3.00 to 4.00 seconds, the cat maintains the posture reached by 2.70 seconds, with only faint breathing and tiny settling movements. Preserve the individual cat's facial proportions, each eye's reference color, coat or bare-skin appearance, markings, ear type and existing tail anatomy as the pose changes. Keep the reference framing, background, floor and lighting consistent, with grounded shadows following the cat's movement. Only the cat and this single dish of food occupy the scene. No person or hand enters.

overall_soundscape: A soft dish slide is heard at the start, followed by a faint sniff. A few small dry crunches accompany chewing between 1.35 and 2.50 seconds; after 2.70 seconds, only quiet studio ambience and faint breathing remain.

non_diegetic_music: N/A
",105,38,10,20033,38_10_20033
cat_ids/38.png,"For the target video, at 0.00 seconds into the target video, <Picture 1> (from [Shot 1]) is fully referenced.

integrated_multimodal_description: [Shot 1] Live-action, photorealistic studio pet footage. A static medium full-body shot begins with the seated cat and scene in <Picture 1>. This is one continuous four-second shot. The cat folds down into a compact curled sleeping pose, turning its head and shoulders toward its anatomical left, the viewer's right from the opening pose. From 0.00 to 0.40 seconds, the eyelids grow heavy, the chin dips and the front paws make small inward adjustments directly beneath the chest. From 0.40 to 1.50 seconds, both elbows fold and the chest descends toward the gathered paws. At the same time, the hindquarters lower beside the chest, the hind legs tuck inward and the spine curves into a small C shape. The shoulders and hips draw together into one compact oval footprint, with the belly facing the floor and the flank resting gently against it. The forepaws remain gathered under the face, and the existing tail settles beside the hindquarters. From 1.50 to 2.30 seconds, the cat rests its chin on the gathered front paws near the viewer's right side of the curled shape and closes its eyes completely. By 2.70 seconds, the head is resting, the shoulders are relaxed and the cat is comfortably curled up. From 2.70 to 3.00 seconds, it remains in this sleeping pose with closed eyes and a small, steady rise and fall of the flank. From 3.00 to 4.00 seconds, the cat maintains the posture reached by 2.70 seconds, with only faint breathing and tiny settling movements. Preserve the individual cat's facial proportions, each eye's reference color, coat or bare-skin appearance, markings, ear type and existing tail anatomy as the pose changes. Keep the reference framing, background, floor and lighting consistent, with grounded shadows following the cat's movement. The cat is alone and the surrounding floor stays clear. 

overall_soundscape: Small paw adjustments and a soft body contact accompany the descent. The movement sounds finish by 2.70 seconds, leaving calm, faint breathing over quiet studio room tone during the sleeping hold.

non_diegetic_music: N/A
",106,38,11,20034,38_11_20034
cat_ids/38.png,"For the target video, at 0.00 seconds into the target video, <Picture 1> (from [Shot 1]) is fully referenced.

integrated_multimodal_description: [Shot 1] Live-action, photorealistic studio pet footage. A static medium full-body shot begins with the seated cat and scene in <Picture 1>. This is one continuous four-second shot. The cat folds down into a compact curled sleeping pose, turning its head and shoulders toward its anatomical right, the viewer's left from the opening pose. From 0.00 to 0.40 seconds, the eyelids grow heavy, the chin dips and the front paws make small inward adjustments directly beneath the chest. From 0.40 to 1.50 seconds, both elbows fold and the chest descends toward the gathered paws. At the same time, the hindquarters lower beside the chest, the hind legs tuck inward and the spine curves into a small C shape. The shoulders and hips draw together into one compact oval footprint, with the belly facing the floor and the flank resting gently against it. The forepaws remain gathered under the face, and the existing tail settles beside the hindquarters. From 1.50 to 2.30 seconds, the cat rests its chin on the gathered front paws near the viewer's left side of the curled shape and closes its eyes completely. By 2.70 seconds, the head is resting, the shoulders are relaxed and the cat is comfortably curled up. From 2.70 to 3.00 seconds, it remains in this sleeping pose with closed eyes and a small, steady rise and fall of the flank. From 3.00 to 4.00 seconds, the cat maintains the posture reached by 2.70 seconds, with only faint breathing and tiny settling movements. Preserve the individual cat's facial proportions, each eye's reference color, coat or bare-skin appearance, markings, ear type and existing tail anatomy as the pose changes. Keep the reference framing, background, floor and lighting consistent, with grounded shadows following the cat's movement. The cat is alone and the surrounding floor stays clear. 

overall_soundscape: Small paw adjustments and a soft body contact accompany the descent. The movement sounds finish by 2.70 seconds, leaving calm, faint breathing over quiet studio room tone during the sleeping hold.

non_diegetic_music: N/A
",107,38,12,20035,38_12_20035
